BgName,NumOut,EtrMin,EtrMax,Desc,Status,Cause,x,y
FALMOUTH,12,5/10/2021 7:15:00 PM,5/10/2021 7:15:00 PM,,Investigating,Investigating,-7826965.95963963,5423439.560400559
WESTBROOK,11,5/10/2021 7:15:00 PM,5/10/2021 7:15:00 PM,,Investigating,Investigating,-7827812.239722827,5423234.101622352
FALMOUTH,19,5/10/2021 7:15:00 PM,5/10/2021 7:15:00 PM,,Investigating,Investigating,-7827815.438904206,5423994.744702732
LISBON,12,5/10/2021 6:15:00 PM,5/10/2021 6:15:00 PM,,Assessing,Investigating,-7808756.005785009,5467083.911533336
PORTLAND,1758,5/10/2021 5:15:00 PM,5/10/2021 5:15:00 PM,,Assessing,Equipment Interruption,-7825670.08965508,5417114.102156608
PORTLAND,2133,5/10/2021 5:15:00 PM,5/10/2021 5:15:00 PM,,Assessing,Investigating,-7825670.735277835,5417115.3644855255
