BgName,NumOut,EtrMin,EtrMax,Desc,Status,Cause,x,y
HALLOWELL,91,5/20/2024 12:00:00 AM,5/20/2024 12:00:00 AM,,Repairs in Progress,Investigating,-7768754.137186346,5511077.823020794
LOVELL,31,5/19/2024 11:30:00 PM,5/19/2024 11:30:00 PM,,Repairs in Progress,Investigating,-7893020.78608232,5496977.402525896
YORK,15,5/20/2024 12:30:00 AM,5/20/2024 12:30:00 AM,,Crew Assigned,Investigating,-7861311.473632174,5343495.798607286
