BgName,NumOut,EtrMin,EtrMax,Desc,Status,Cause,x,y
BOOTHBAY,3,7/29/2023 12:00:00 PM,7/29/2023 12:00:00 PM,,Assessing,Equipment Interruption,-7755534.769531634,5450545.028852714
WAYNE,48,7/29/2023 12:00:00 PM,7/29/2023 12:00:00 PM,,Assessing,Tree,-7798883.2582633365,5518144.397722568
MERCER,30,7/29/2023 12:00:00 PM,7/29/2023 12:00:00 PM,,Assessing,Investigating,-7779933.541768354,5567540.86627889
