BgName,NumOut,EtrMin,EtrMax,Desc,Status,Cause,x,y
DURHAM,2,4/28/2023 1:45:00 PM,4/28/2023 1:45:00 PM,,Assessing,Investigating,-7803563.730801025,5458922.910631959
NEW PORTLAND,2,4/28/2023 2:45:00 PM,4/28/2023 2:45:00 PM,,Assessing,Investigating,-7804759.881052565,5605958.786448124
