BgName,NumOut,EtrMin,EtrMax,Desc,Status,Cause,x,y
"AUBURN,DURHAM",2515,5/30/2022 4:45:00 PM,5/30/2022 4:45:00 PM,,Assessing,Investigating,-7817373.191946328,5481051.528629159
YORK,22,5/30/2022 5:00:00 PM,5/30/2022 5:00:00 PM,,Crew Assigned,Investigating,-7859566.974822158,5341025.827712263
