BgName,NumOut,EtrMin,EtrMax,Desc,Status,Cause,x,y
LEVANT,12,6/1/2022 1:00:00 PM,6/1/2022 1:00:00 PM,,Assessing,Investigating,-7675530.442273759,5601541.012726199
LIVERMR FL,2,6/1/2022 1:00:00 PM,6/1/2022 1:00:00 PM,,Assessing,Investigating,-7813212.080516611,5538796.6183028845
