BgName,NumOut,EtrMin,EtrMax,Desc,Status,Cause,x,y
BRUNSWICK,14,6/14/2021 7:45:00 AM,6/14/2021 7:45:00 AM,,Crew Assigned,Investigating,-7787303.214879148,5449826.686040342
YORK,167,6/14/2021 7:45:00 AM,6/14/2021 7:45:00 AM,,Assessing,Investigating,-7860156.355815123,5337716.120664341
ELIOT,16,6/14/2021 7:30:00 AM,6/14/2021 7:30:00 AM,,Assessing,Investigating,-7878292.694259676,5327002.521822289
BENTON,17,6/14/2021 7:30:00 AM,6/14/2021 7:30:00 AM,,Assessing,Investigating,-7741455.826209745,5558693.652039184
