BgName,NumOut,EtrMin,EtrMax,Desc,Status,Cause,x,y
CASCO,1,6/10/2021 5:00:00 PM,6/10/2021 5:00:00 PM,,Assessing,Investigating,-7854142.721045416,5462070.068892712
"GR DIAMOND,GR DIAMOND ISL",26,6/10/2021 5:30:00 PM,6/10/2021 5:30:00 PM,,Assessing,Tree,-7814298.748005733,5416454.606517839
AUBURN,3,6/10/2021 4:30:00 PM,6/10/2021 4:30:00 PM,,Assessing,Investigating,-7823377.587172663,5472064.735929073
