BgName,NumOut,EtrMin,EtrMax,Desc,Status,Cause,x,y
ROME,6,1/24/2022 11:15:00 AM,1/24/2022 11:15:00 AM,,Investigating,Investigating,-7783310.313455086,5547100.99208571
"CAMDEN,HOPE,LINCOLNVILLE",553,1/24/2022 11:30:00 AM,1/24/2022 11:30:00 AM,,Assessing,Investigating,-7694254.258180334,5500517.530063667
"BRIDGTON,DENMARK,BRIDGETON",1100,1/24/2022 10:15:00 AM,1/24/2022 10:15:00 AM,,Assessing,Investigating,-7869028.26322865,5473074.690672745
AUBURN,2,1/24/2022 11:30:00 AM,1/24/2022 11:30:00 AM,,Assessing,Investigating,-7819381.807426422,5478509.698620859
