BgName,NumOut,EtrMin,EtrMax,Desc,Status,Cause,x,y
"DAMARISCOTTA,NOBLEBORO",65,6/17/2021 8:30:00 AM,6/17/2021 8:30:00 AM,,Assessing,Investigating,-7735108.121659724,5472399.201867383
OWLS HEAD,17,6/17/2021 8:15:00 AM,6/17/2021 8:15:00 AM,,Assessing,Investigating,-7692780.020719163,5478307.321755902
SO BERWICK,44,6/17/2021 8:45:00 AM,6/17/2021 8:45:00 AM,,Assessing,Investigating,-7881179.509155624,5345959.336269719
YORK,8,6/17/2021 8:30:00 AM,6/17/2021 8:30:00 AM,,Assessing,Investigating,-7871719.378445134,5336093.052573031
DEXTER,50,6/17/2021 8:00:00 AM,6/17/2021 8:00:00 AM,,Assessing,Investigating,-7712994.849866858,5625845.269794817
DOVER-FOXCROFT,15,6/17/2021 8:00:00 AM,6/17/2021 8:00:00 AM,,Assessing,Investigating,-7711135.836661676,5653314.602445856
