BgName,NumOut,EtrMin,EtrMax,Desc,Status,Cause,x,y
LOVELL,12,5/11/2022 11:00:00 AM,5/11/2022 11:00:00 AM,,Crew Assigned,Investigating,-7891122.977947468,5496818.903787847
NEWPORT,5,5/11/2022 12:15:00 PM,5/11/2022 12:15:00 PM,,Assessing,Investigating,-7707287.599784904,5594195.563558775
FREEDOM,3,5/11/2022 11:30:00 AM,5/11/2022 11:30:00 AM,,Assessing,Investigating,-7715571.628987778,5546248.881540597
