BgName,NumOut,EtrMin,EtrMax,Desc,Status,Cause,x,y
SANFORD,11,7/19/2021 8:45:00 PM,7/19/2021 8:45:00 PM,,Investigating,Investigating,-7873947.205925975,5368462.987547795
HARRISON,50,7/19/2021 9:15:00 PM,7/19/2021 9:15:00 PM,,Assessing,Investigating,-7867552.166786407,5482209.833741229
ISLESBORO,10,7/19/2021 9:00:00 PM,7/19/2021 9:00:00 PM,,Assessing,Investigating,-7671941.546420878,5509788.950354045
SKOWHEGAN,166,7/19/2021 7:45:00 PM,7/19/2021 7:45:00 PM,,Assessing,Investigating,-7755852.163644079,5585856.169016349
