BgName,NumOut,EtrMin,EtrMax,Desc,Status,Cause,x,y
NOBLEBORO,13,9/30/2021 3:15:00 AM,9/30/2021 3:15:00 AM,,Assessing,Investigating,-7731369.612419491,5478123.607339558
BERWICK,12,9/29/2021 10:00:00 PM,9/29/2021 10:00:00 PM,,Repairs in Progress,Animal,-7890156.246122448,5360635.321108748
