BgName,NumOut,EtrMin,EtrMax,Desc,Status,Cause,x,y
BRUNSWICK,30,7/23/2021 5:30:00 PM,7/23/2021 5:30:00 PM,,Repairs in Progress,Investigating,-7791984.232827401,5449817.540312613
WASHINGTON,275,7/23/2021 6:15:00 PM,7/23/2021 6:15:00 PM,,Assessing,Investigating,-7722439.295718656,5507716.199597718
FAYETTE,5,7/23/2021 6:30:00 PM,7/23/2021 6:30:00 PM,,Assessing,Investigating,-7796916.654814358,5538715.031262116
HARTLAND,140,7/23/2021 5:45:00 PM,7/23/2021 5:45:00 PM,,Assessing,Investigating,-7732808.572688992,5603993.844465706
FRYE ISLND,5,7/23/2021 5:30:00 PM,7/23/2021 5:30:00 PM,,Assessing,Investigating,-7849987.164534252,5440636.675100079
