BgName,NumOut,EtrMin,EtrMax,Desc,Status,Cause,x,y
WEST BATH,3,3/29/2024 2:30:00 PM,3/29/2024 2:30:00 PM,,Assessing,Investigating,-7777324.4801081745,5442301.440745886
LOVELL,10,3/29/2024 2:30:00 PM,3/29/2024 2:30:00 PM,,Assessing,Investigating,-7894191.065572378,5489395.443269301
SOUTH PORTLAND,60,3/29/2024 1:45:00 PM,3/29/2024 1:45:00 PM,,Assessing,Investigating,-7821090.539396618,5408452.265787459
