BgName,NumOut,EtrMin,EtrMax,Desc,Status,Cause,x,y
WINTHROP,32,10/8/2024 11:00:00 AM,10/8/2024 11:00:00 AM,,Crew Assigned,Investigating,-7788469.041684566,5512215.562451926
PARIS,17,10/8/2024 11:15:00 AM,10/8/2024 11:15:00 AM,,Crew Assigned,Investigating,-7848054.602493523,5504272.776673424
NEW GLOUCESTER,42,10/8/2024 11:45:00 AM,10/8/2024 11:45:00 AM,,Crew Assigned,Investigating,-7827823.153340268,5456533.360700501
"SUMNER,WOODSTOCK",88,10/8/2024 11:30:00 AM,10/8/2024 11:30:00 AM,,Repairs in Progress,Investigating,-7845625.755878262,5527589.845660686
WATERBORO,7,10/8/2024 12:15:00 PM,10/8/2024 12:15:00 PM,,Crew Assigned,Investigating,-7875701.532738125,5393608.180157333
