BgName,NumOut,EtrMin,EtrMax,Desc,Status,Cause,x,y
ROCKPORT,6,5/7/2021 9:00:00 AM,5/7/2021 9:00:00 AM,,Assessing,Investigating,-7690663.570021027,5488686.557954843
BROWNFIELD,15,5/7/2021 8:15:00 AM,5/7/2021 8:15:00 AM,,Assessing,Investigating,-7894490.615208512,5460469.898951484
POLAND,1,5/7/2021 9:00:00 AM,5/7/2021 9:00:00 AM,,Assessing,Investigating,-7834455.69105181,5466428.147739291
ST GEORGE,1,5/7/2021 10:00:00 AM,5/7/2021 10:00:00 AM,,Assessing,Investigating,-7698181.7099356055,5465423.458331096
GORHAM,1,5/7/2021 8:30:00 AM,5/7/2021 8:30:00 AM,,Assessing,Investigating,-7839592.1504520485,5420549.299203247
