BgName,NumOut,EtrMin,EtrMax,Desc,Status,Cause,x,y
WISCASSET,2,8/22/2024 5:15:00 PM,8/22/2024 5:15:00 PM,,Crew Assigned,Investigating,-7760220.563126074,5469500.887000296
BATH,25,8/22/2024 5:45:00 PM,8/22/2024 5:45:00 PM,,Assessing,Investigating,-7774342.832049566,5453756.998962203
MECHANIC FALLS,11,8/22/2024 6:30:00 PM,8/22/2024 6:30:00 PM,,Assessing,Investigating,-7839187.448401188,5482636.29962178
NORWAY,7,8/22/2024 5:45:00 PM,8/22/2024 5:45:00 PM,,Assessing,Investigating,-7857623.425481505,5502843.601484555
NORWAY,25,8/22/2024 5:45:00 PM,8/22/2024 5:45:00 PM,,Assessing,Investigating,-7857961.001887376,5502354.445926325
SACO,4,8/22/2024 7:00:00 PM,8/22/2024 7:00:00 PM,,Repairs in Progress,Investigating,-7847935.368114489,5392525.307159588
WATERBORO,1,8/22/2024 5:45:00 PM,8/22/2024 5:45:00 PM,,Crew Assigned,Investigating,-7872433.259211569,5407756.340974875
