BgName,NumOut,EtrMin,EtrMax,Desc,Status,Cause,x,y
TOPSHAM,25,6/15/2024 6:45:00 AM,6/15/2024 6:45:00 AM,,Assessing,Investigating,-7791655.617753454,5455282.295725489
"AUBURN,MINOT",1981,Assessing,Assessing,,Assessing,Fire/Emergency,-7822233.178243866,5476086.847342246
KITTERY,1,6/15/2024 5:45:00 AM,6/15/2024 5:45:00 AM,,Crew Assigned,Investigating,-7866760.2843996715,5324230.854769767
