BgName,NumOut,EtrMin,EtrMax,Desc,Status,Cause,x,y
"BOOTHBAY HBR,BOOTHBAY HARBOR",184,7/21/2022 11:30:00 AM,7/21/2022 11:30:00 AM,,Assessing,Investigating,-7752225.675207515,5445720.142017337
"ACTON,SHAPLEIGH,YORK",2433,7/21/2022 10:30:00 AM,7/21/2022 10:30:00 AM,,Assessing,Vehicle Accident,-7888247.584437395,5389452.707283146
PENOBSCOT,2,7/21/2022 11:30:00 AM,7/21/2022 11:30:00 AM,,Assessing,Investigating,-7656620.466767526,5536429.018593563
PITTSFIELD,9,7/21/2022 10:45:00 AM,7/21/2022 10:45:00 AM,,Assessing,Investigating,-7723852.084690232,5586378.030414419
