BgName,NumOut,EtrMin,EtrMax,Desc,Status,Cause,x,y
HARPSWELL,165,3/29/2021 3:30:00 AM,3/29/2021 3:30:00 AM,,Assessing,Investigating,-7785360.110937101,5433802.323280607
YORK,11,3/29/2021 3:15:00 AM,3/29/2021 3:15:00 AM,,Crew Assigned,Investigating,-7873246.047401675,5339097.650663552
HARPSWELL,1,3/29/2021 8:00:00 AM,3/29/2021 8:00:00 AM,,Assessing,Investigating,-7793394.071996772,5428859.063642738
