BgName,NumOut,EtrMin,EtrMax,Desc,Status,Cause,x,y
BRISTOL,1,8/19/2021 3:15:00 PM,8/19/2021 3:15:00 PM,,Assessing,Investigating,-7736775.887970189,5457610.228829902
BRIDGTON,37,8/19/2021 4:15:00 PM,8/19/2021 4:15:00 PM,,Assessing,Investigating,-7871285.922705444,5473974.361379552
BIDDEFORD,1,8/19/2021 3:45:00 PM,8/19/2021 3:45:00 PM,,Assessing,Investigating,-7843059.952944825,5386875.987127958
SHAPLEIGH,11,8/19/2021 4:30:00 PM,8/19/2021 4:30:00 PM,,Crew Assigned,Investigating,-7889796.071919072,5398107.130603939
