BgName,NumOut,EtrMin,EtrMax,Desc,Status,Cause,x,y
TOPSHAM,39,3/28/2021 4:00:00 AM,3/28/2021 4:00:00 AM,,Assessing,Investigating,-7790820.176103535,5462318.946492634
SO PORTLAND,1,3/28/2021 2:30:00 AM,3/28/2021 2:30:00 AM,,Assessing,Investigating,-7828112.4949488435,5408937.92621633
