BgName,NumOut,EtrMin,EtrMax,Desc,Status,Cause,x,y
AUGUSTA,114,7/31/2023 4:30:00 PM,7/31/2023 4:30:00 PM,,Assessing,Investigating,-7765110.149359786,5513190.227238292
WEST BATH,3,7/31/2023 2:45:00 PM,7/31/2023 2:45:00 PM,,Assessing,Investigating,-7776649.850582231,5453916.702720108
"BRIDGTON,DENMARK",252,7/31/2023 4:15:00 PM,7/31/2023 4:15:00 PM,,Crew Assigned,Investigating,-7881885.152300314,5472741.51660892
