BgName,NumOut,EtrMin,EtrMax,Desc,Status,Cause,x,y
AUBURN,852,8/18/2024 5:30:00 AM,8/18/2024 5:30:00 AM,,Assessing,Investigating,-7817369.785532961,5481047.74618022
AUBURN,1363,8/18/2024 5:30:00 AM,8/18/2024 5:30:00 AM,,Assessing,Investigating,-7817370.6426925175,5481048.691792307
AUBURN,951,8/18/2024 5:30:00 AM,8/18/2024 5:30:00 AM,,Assessing,Investigating,-7817371.488739643,5481049.637404488
"DURHAM,AUBURN",2526,8/18/2024 5:30:00 AM,8/18/2024 5:30:00 AM,,Assessing,Investigating,-7817373.191946328,5481051.528629159
AUBURN,1167,8/18/2024 5:30:00 AM,8/18/2024 5:30:00 AM,,Assessing,Investigating,-7817399.051495259,5481054.721936277
