BgName,NumOut,EtrMin,EtrMax,Desc,Status,Cause,x,y
WALDOBORO,8,11/4/2022 1:15:00 PM,11/4/2022 1:15:00 PM,,Assessing,Investigating,-7722080.279211282,5468633.0803018985
BRUNSWICK,1193,11/4/2022 12:15:00 PM,11/4/2022 12:15:00 PM,,Assessing,Investigating,-7788736.753879712,5453061.045951057
FALMOUTH,21,11/4/2022 12:45:00 PM,11/4/2022 12:45:00 PM,,Assessing,Investigating,-7828960.871879389,5435016.353264572
AUBURN,77,11/4/2022 12:45:00 PM,11/4/2022 12:45:00 PM,,Assessing,Investigating,-7823027.142260918,5472130.057803364
HARTFORD,46,11/4/2022 12:45:00 PM,11/4/2022 12:45:00 PM,,Assessing,Investigating,-7823422.871967531,5518695.4784761835
KITTERY,11,11/4/2022 11:30:00 AM,11/4/2022 11:30:00 AM,,Assessing,Investigating,-7867786.494308493,5325424.148821604
NEW SHARON,8,11/4/2022 12:00:00 PM,11/4/2022 12:00:00 PM,,Assessing,Investigating,-7797050.449693397,5558523.492520981
RUMFORD,9,11/4/2022 12:45:00 PM,11/4/2022 12:45:00 PM,,Assessing,Investigating,-7854459.770071553,5550862.659304609
WELLS,2,11/4/2022 1:00:00 PM,11/4/2022 1:00:00 PM,,Assessing,Investigating,-7866754.395607364,5361825.085172471
