BgName,NumOut,EtrMin,EtrMax,Desc,Status,Cause,x,y
"SUMNER,WOODSTOCK",88,10/8/2024 8:45:00 AM,10/8/2024 8:45:00 AM,,Assessing,Investigating,-7845625.755878262,5527589.845660686
SEBAGO,57,10/8/2024 8:30:00 AM,10/8/2024 8:30:00 AM,,Repairs in Progress,Investigating,-7873441.502106896,5448096.797153378
