BgName,NumOut,EtrMin,EtrMax,Desc,Status,Cause,x,y
WAYNE,3,9/6/2023 6:30:00 PM,9/6/2023 6:30:00 PM,,Assessing,Investigating,-7796513.466758362,5514008.236798384
SUMNER,3,9/6/2023 6:45:00 PM,9/6/2023 6:45:00 PM,,Assessing,Investigating,-7843137.141855315,5521543.744945259
"LOWER CUPSUPTIC,DAVIS,STETSONTOWN",79,9/6/2023 6:15:00 PM,9/6/2023 6:15:00 PM,,Assessing,Investigating,-7885232.496043415,5623615.38460457
