BgName,NumOut,EtrMin,EtrMax,Desc,Status,Cause,x,y
SABATTUS,2,4/11/2024 6:30:00 PM,4/11/2024 6:30:00 PM,,Investigating,Investigating,-7796624.700380805,5474744.291957919
HEBRON,25,4/11/2024 5:00:00 PM,4/11/2024 5:00:00 PM,,Assessing,Investigating,-7833547.991911968,5500569.244871722
"SABATTUS,BOWDOIN",110,4/11/2024 5:00:00 PM,4/11/2024 5:00:00 PM,,Assessing,Investigating,-7796638.300405595,5474648.014432443
SABATTUS,67,4/11/2024 5:00:00 PM,4/11/2024 5:00:00 PM,,Assessing,Investigating,-7796845.577245313,5477771.143069329
GORHAM,23,4/11/2024 5:15:00 PM,4/11/2024 5:15:00 PM,,Crew Assigned,Investigating,-7843950.3752438035,5416073.4344992
ISLESBORO,19,4/11/2024 4:45:00 PM,4/11/2024 4:45:00 PM,,Assessing,Tree,-7666562.399339623,5522731.515814233
