BgName,NumOut,EtrMin,EtrMax,Desc,Status,Cause,x,y
AUGUSTA,93,6/14/2024 8:00:00 AM,6/14/2024 8:00:00 AM,,Assessing,Investigating,-7764187.232784515,5519805.741603513
WOOLWICH,243,6/14/2024 7:15:00 AM,6/14/2024 7:15:00 AM,,Repairs in Progress,Investigating,-7768977.677832877,5457693.677746657
PARIS,52,6/14/2024 7:45:00 AM,6/14/2024 7:45:00 AM,,Crew Assigned,Investigating,-7849749.341499049,5499852.146000849
BIDDEFORD,31,6/14/2024 7:30:00 AM,6/14/2024 7:30:00 AM,,Crew Assigned,Investigating,-7846394.1053206185,5385343.940430529
PORTLAND,22,6/14/2024 8:15:00 AM,6/14/2024 8:15:00 AM,,Crew Assigned,Investigating,-7827820.526199271,5413175.853703355
"BLANCHARD,MONSON",19,6/14/2024 7:45:00 AM,6/14/2024 7:45:00 AM,,Crew Assigned,Investigating,-7745755.296627883,5663186.446921189
