BgName,NumOut,EtrMin,EtrMax,Desc,Status,Cause,x,y
BOOTHBAY HBR,22,7/4/2021 8:15:00 PM,7/4/2021 8:15:00 PM,,Assessing,Investigating,-7750127.569946509,5443790.441455681
SIDNEY,8,7/4/2021 8:00:00 PM,7/4/2021 8:00:00 PM,,Assessing,Investigating,-7770169.275087478,5527565.975975676
"LOVELL,STONEHAM",129,7/4/2021 6:30:00 PM,7/4/2021 6:30:00 PM,,Assessing,Investigating,-7890108.70159789,5503148.053047426
PORTLAND,121,7/4/2021 8:15:00 PM,7/4/2021 8:15:00 PM,,Assessing,Investigating,-7822255.898578548,5417538.053217159
WELLS,8,7/4/2021 8:00:00 PM,7/4/2021 8:00:00 PM,,Crew Assigned,Investigating,-7855743.050062015,5357294.883084947
KITTERY,30,7/4/2021 9:45:00 PM,7/4/2021 9:45:00 PM,,Crew Assigned,Investigating,-7870290.492653687,5327443.097345437
BOOTHBAY HBR,13,7/4/2021 7:30:00 PM,7/4/2021 7:30:00 PM,,Assessing,Investigating,-7751638.988130299,5442302.675709292
