BgName,NumOut,EtrMin,EtrMax,Desc,Status,Cause,x,y
CASCO,20,7/6/2021 12:00:00 PM,7/6/2021 12:00:00 PM,,Assessing,Investigating,-7844993.2941578105,5463425.920288291
CUMBERLAND,11,7/5/2021 11:45:00 PM,7/5/2021 11:45:00 PM,,Assessing,Investigating,-7817894.2784858635,5434500.816248784
