BgName,NumOut,EtrMin,EtrMax,Desc,Status,Cause,x,y
RAYMOND,14,5/4/2022 9:15:00 AM,5/4/2022 9:15:00 AM,,Assessing,Investigating,-7844072.003002149,5446747.2354495935
"FARMINGTON,TEMPLE",141,5/4/2022 7:15:00 AM,5/4/2022 7:15:00 AM,,Assessing,Tree,-7812651.319763072,5569568.240750036
