BgName,NumOut,EtrMin,EtrMax,Desc,Status,Cause,x,y
BRIDGTON,4,6/14/2023 8:15:00 AM,6/14/2023 8:15:00 AM,,Investigating,Investigating,-7870261.043586406,5474014.479773623
PITTSTON,6,6/14/2023 7:30:00 AM,6/14/2023 7:30:00 AM,,Assessing,Investigating,-7764109.954774284,5490580.796269887
"WATERFORD,HARRISON,BRIDGTON,OTISFIELD",2528,6/14/2023 8:00:00 AM,6/14/2023 8:00:00 AM,,Assessing,Investigating,-7862928.533978956,5488986.116936365
VASSALBORO,2,6/14/2023 7:30:00 AM,6/14/2023 7:30:00 AM,,Assessing,Equipment Interruption,-7758739.134514636,5531361.84407279
