BgName,NumOut,EtrMin,EtrMax,Desc,Status,Cause,x,y
"NO BERWICK,NORTH BERWICK",155,5/11/2023 11:45:00 AM,5/11/2023 11:45:00 AM,,Assessing,Investigating,-7877702.678656282,5362064.5436657965
NEWPORT,46,5/11/2023 11:45:00 AM,5/11/2023 11:45:00 AM,,Assessing,Investigating,-7712034.752669087,5596218.032681855
RANGELEY PLT,102,5/11/2023 12:00:00 PM,5/11/2023 12:00:00 PM,,Assessing,Investigating,-7874673.563960311,5602672.699324334
