BgName,NumOut,EtrMin,EtrMax,Desc,Status,Cause,x,y
STONEHAM,11,9/1/2021 10:15:00 AM,9/1/2021 10:15:00 AM,,Assessing,Investigating,-7883112.0044216,5498370.809650655
PARSONSFIELD,35,9/1/2021 10:30:00 AM,9/1/2021 10:30:00 AM,,Crew Assigned,Investigating,-7891863.720184455,5435034.507427159
O O BEACH,3,9/1/2021 10:00:00 AM,9/1/2021 10:00:00 AM,,Assessing,Investigating,-7834367.225417393,5391140.032680992
