BgName,NumOut,EtrMin,EtrMax,Desc,Status,Cause,x,y
"BREMEN,BRISTOL",211,9/12/2021 3:30:00 PM,9/12/2021 3:30:00 PM,,Assessing,Investigating,-7728242.236022724,5466913.469393828
SIDNEY,32,9/12/2021 3:30:00 PM,9/12/2021 3:30:00 PM,,Assessing,Investigating,-7767608.514899234,5538082.171331727
AUBURN,32,9/12/2021 3:45:00 PM,9/12/2021 3:45:00 PM,,Assessing,Equipment Interruption,-7822061.278707893,5472061.855493305
SEARSPORT,1,9/12/2021 4:15:00 PM,9/12/2021 4:15:00 PM,,Assessing,Investigating,-7675605.271242367,5532882.639059219
STANDISH,3,9/12/2021 4:00:00 PM,9/12/2021 4:00:00 PM,,Assessing,Tree,-7854747.697997559,5422228.292671483
