BgName,NumOut,EtrMin,EtrMax,Desc,Status,Cause,x,y
BOOTHBAY,12,9/27/2024 3:00:00 PM,9/27/2024 3:00:00 PM,,Crew Assigned,Investigating,-7747951.730364444,5437212.794516208
OXFORD,8,9/27/2024 3:30:00 PM,9/27/2024 3:30:00 PM,,Assessing,Investigating,-7837977.082735952,5486791.765065233
PITTSFIELD,64,9/27/2024 1:15:00 PM,9/27/2024 1:15:00 PM,,Assessing,Investigating,-7725063.474602078,5587788.864392597
