BgName,NumOut,EtrMin,EtrMax,Desc,Status,Cause,x,y
CHELSEA,24,8/26/2023 1:00:00 AM,8/26/2023 1:00:00 AM,,Assessing,Investigating,-7765647.41060638,5509282.038541632
MECHANIC FALLS,26,8/26/2023 12:30:00 AM,8/26/2023 12:30:00 AM,,Assessing,Tree,-7836552.093106134,5483085.577786855
