BgName,NumOut,EtrMin,EtrMax,Desc,Status,Cause,x,y
WINDSOR,3,8/8/2021 8:00:00 PM,8/8/2021 8:00:00 PM,,Assessing,Investigating,-7749296.024558332,5508677.727711588
SEBAGO,78,8/8/2021 8:00:00 PM,8/8/2021 8:00:00 PM,,Assessing,Investigating,-7872025.217622205,5444941.184565965
NOBLEBORO,3,8/8/2021 7:00:00 PM,8/8/2021 7:00:00 PM,,Assessing,Investigating,-7732072.839859875,5477125.662872896
