BgName,NumOut,EtrMin,EtrMax,Desc,Status,Cause,x,y
"CAMDEN,ROCKPORT",138,3/2/2021 12:30:00 AM,3/2/2021 12:30:00 AM,,Assessing,Investigating,-7691446.858487139,5498037.987619607
LIVERMORE,10,3/2/2021 12:30:00 AM,3/2/2021 12:30:00 AM,,Assessing,Investigating,-7821870.510549107,5528145.096796028
ORLAND,1,3/2/2021 12:45:00 AM,3/2/2021 12:45:00 AM,,Assessing,Investigating,-7646409.3191178525,5556593.990204964
"STETSON,EXETER",18,3/1/2021 11:30:00 PM,3/1/2021 11:30:00 PM,,Assessing,Tree,-7694923.5443245405,5607219.127437839
CARMEL,14,3/2/2021 12:15:00 AM,3/2/2021 12:15:00 AM,,Assessing,Investigating,-7681848.469000421,5594119.959066511
NEW PORTLAND,2,3/2/2021 12:30:00 AM,3/2/2021 12:30:00 AM,,Assessing,Investigating,-7795256.313415841,5605469.062715098
"PHILLIPS,MADRID",240,3/2/2021 12:15:00 AM,3/2/2021 12:15:00 AM,,Assessing,Investigating,-7832687.6369724255,5594562.529553096
OGUNQUIT,1,3/1/2021 11:30:00 PM,3/1/2021 11:30:00 PM,,Crew Assigned,Equipment Interruption,-7858357.900402435,5348751.300290451
