BgName,NumOut,EtrMin,EtrMax,Desc,Status,Cause,x,y
WINDHAM,8,6/8/2024 2:45:00 AM,6/8/2024 2:45:00 AM,,Crew Assigned,Investigating,-7836536.074173458,5430515.597536157
LEBANON,154,6/8/2024 2:45:00 AM,6/8/2024 2:45:00 AM,,Repairs in Progress,Investigating,-7897264.26281734,5363331.704604139
