BgName,NumOut,EtrMin,EtrMax,Desc,Status,Cause,x,y
DIXFIELD,7,2/22/2022 1:00:00 PM,2/22/2022 1:00:00 PM,,Assessing,Investigating,-7833935.695433525,5553936.937046691
WESTBROOK,16,2/22/2022 1:00:00 PM,2/22/2022 1:00:00 PM,,Assessing,Investigating,-7832696.152905743,5416673.945727526
