BgName,NumOut,EtrMin,EtrMax,Desc,Status,Cause,x,y
UPTON,192,9/27/2024 6:15:00 AM,9/27/2024 6:15:00 AM,,Assessing,Equipment Interruption,-7907386.32143472,5574086.293924706
LOVELL,17,9/27/2024 6:15:00 AM,9/27/2024 6:15:00 AM,,Crew Assigned,Investigating,-7891271.222202121,5496446.977411769
