BgName,NumOut,EtrMin,EtrMax,Desc,Status,Cause,x,y
GREENWOOD,91,5/4/2022 9:00:00 PM,5/4/2022 9:00:00 PM,,Assessing,Investigating,-7871067.947989801,5524674.132132342
PORTLAND,49,5/4/2022 9:30:00 PM,5/4/2022 9:30:00 PM,,Assessing,Investigating,-7823955.825091317,5417800.756072886
