BgName,NumOut,EtrMin,EtrMax,Desc,Status,Cause,x,y
ROCKPORT,16,8/24/2021 5:30:00 PM,8/24/2021 5:30:00 PM,,Assessing,Investigating,-7688839.622470714,5493866.207881531
CARMEL,4,8/24/2021 5:15:00 PM,8/24/2021 5:15:00 PM,,Assessing,Investigating,-7680532.873033269,5591177.291257825
