BgName,NumOut,EtrMin,EtrMax,Desc,Status,Cause,x,y
SKOWHEGAN,1,8/19/2022 4:45:00 PM,8/19/2022 4:45:00 PM,,Assessing,Investigating,-7751944.916307008,5576317.420645598
HARPSWELL,1,8/19/2022 5:00:00 PM,8/19/2022 5:00:00 PM,,Crew Assigned,Investigating,-7788549.102610183,5440200.039675169
