BgName,NumOut,EtrMin,EtrMax,Desc,Status,Cause,x,y
BOOTHBAY,18,6/21/2023 4:30:00 PM,6/21/2023 4:30:00 PM,,Assessing,Investigating,-7747292.941571685,5437044.309051946
GORHAM,203,6/21/2023 5:15:00 PM,6/21/2023 5:15:00 PM,,Crew Assigned,Investigating,-7840356.915381665,5423724.467727213
