BgName,NumOut,EtrMin,EtrMax,Desc,Status,Cause,x,y
MONMOUTH,6,8/13/2021 2:00:00 PM,8/13/2021 2:00:00 PM,,Assessing,Investigating,-7798425.868830655,5503297.943871336
BUXTON,20,8/13/2021 1:45:00 PM,8/13/2021 1:45:00 PM,,Assessing,Animal,-7848246.060824936,5412924.099582802
LEVANT,3,8/13/2021 4:00:00 PM,8/13/2021 4:00:00 PM,,Assessing,Investigating,-7679970.052774183,5599630.1288380725
PORTER,1,8/13/2021 12:45:00 PM,8/13/2021 12:45:00 PM,,Crew Assigned,Investigating,-7896040.705784798,5433903.785781754
