BgName,NumOut,EtrMin,EtrMax,Desc,Status,Cause,x,y
ALNA,2,8/18/2024 4:15:00 PM,8/18/2024 4:15:00 PM,,Crew Assigned,Investigating,-7753698.2873492045,5474253.457793375
NEW GLOUCESTER,5,8/18/2024 3:00:00 PM,8/18/2024 3:00:00 PM,,Assessing,Investigating,-7825579.609165096,5456787.282945808
BIDDEFORD,4,8/18/2024 4:30:00 PM,8/18/2024 4:30:00 PM,,Crew Assigned,Investigating,-7844302.156051047,5387994.400709418
CUMBERLAND,10,8/18/2024 3:45:00 PM,8/18/2024 3:45:00 PM,,Repairs in Progress,Investigating,-7815416.58488798,5430009.130064297
