BgName,NumOut,EtrMin,EtrMax,Desc,Status,Cause,x,y
WOOLWICH,12,4/8/2022 7:30:00 AM,4/8/2022 7:30:00 AM,,Assessing,Investigating,-7763088.977022694,5458537.023944455
"WATERFORD,LOVELL,STONEHAM,ALBANY",471,4/8/2022 7:45:00 AM,4/8/2022 7:45:00 AM,,Assessing,Investigating,-7878695.993640294,5502192.078285878
WINDHAM,137,4/8/2022 8:00:00 AM,4/8/2022 8:00:00 AM,,Assessing,Investigating,-7844094.723236717,5446283.007028678
