BgName,NumOut,EtrMin,EtrMax,Desc,Status,Cause,x,y
WARREN,1,4/21/2021 11:00:00 AM,4/21/2021 11:00:00 AM,,Assessing,Investigating,-7705184.017592644,5487013.73451957
LOVELL,11,4/21/2021 12:00:00 PM,4/21/2021 12:00:00 PM,,Assessing,Tree,-7893294.58749415,5492586.091599087
SWANVILLE,1,4/21/2021 10:30:00 AM,4/21/2021 10:30:00 AM,,Crew Assigned,Investigating,-7680313.01701156,5547211.406904114
NORTHPORT,1,4/21/2021 12:30:00 PM,4/21/2021 12:30:00 PM,,Assessing,Investigating,-7678433.008903266,5513514.562865872
WATERBORO,3,4/21/2021 11:00:00 AM,4/21/2021 11:00:00 AM,,Assessing,Investigating,-7872404.416423005,5411125.060470193
