BgName,NumOut,EtrMin,EtrMax,Desc,Status,Cause,x,y
BRISTOL,4,7/30/2023 11:00:00 AM,7/30/2023 11:00:00 AM,,Investigating,Investigating,-7738715.142102492,5443618.541015741
BOOTHBAY,5,Assessing,Assessing,,Assessing,Investigating,-7753383.8989015,5445910.127618344
ALNA,19,Assessing,Assessing,,Assessing,Investigating,-7750004.651042772,5474425.833126397
GEORGETOWN,12,7/30/2023 9:15:00 AM,7/30/2023 9:15:00 AM,,Assessing,Investigating,-7764557.425803633,5429418.910820264
LEWISTON,1,7/30/2023 12:15:00 PM,7/30/2023 12:15:00 PM,,Assessing,Equipment Interruption,-7807705.95138305,5474066.896980199
GORHAM,12,7/30/2023 9:45:00 AM,7/30/2023 9:45:00 AM,,Assessing,Investigating,-7842275.517895147,5423439.767792713
FARMINGTON,16,7/30/2023 10:30:00 AM,7/30/2023 10:30:00 AM,,Assessing,Investigating,-7814087.140818329,5573481.172957551
