BgName,NumOut,EtrMin,EtrMax,Desc,Status,Cause,x,y
FRYEBURG,2,3/11/2023 9:30:00 AM,3/11/2023 9:30:00 AM,,Crew Assigned,Investigating,-7889348.856976401,5471738.66010459
BIDDEFORD,5,3/11/2023 10:00:00 AM,3/11/2023 10:00:00 AM,,Assessing,Investigating,-7847792.62321619,5384199.04830542
