BgName,NumOut,EtrMin,EtrMax,Desc,Status,Cause,x,y
SANFORD,40,8/19/2022 2:30:00 AM,8/19/2022 2:30:00 AM,,Crew Assigned,Investigating,-7877755.878211466,5376658.6910514785
HARPSWELL,1,8/19/2022 9:00:00 AM,8/19/2022 9:00:00 AM,,Crew Assigned,Investigating,-7788549.102610183,5440200.039675169
