BgName,NumOut,EtrMin,EtrMax,Desc,Status,Cause,x,y
FREEPORT,1,8/4/2022 5:15:00 PM,8/4/2022 5:15:00 PM,,Assessing,Investigating,-7801903.64548919,5438532.861052689
LEWISTON,11,8/4/2022 4:00:00 PM,8/4/2022 4:00:00 PM,,Assessing,Investigating,-7814029.09884221,5479074.99508166
LEWISTON,1,8/4/2022 4:15:00 PM,8/4/2022 4:15:00 PM,,Assessing,Investigating,-7813003.890855014,5473036.34227368
