BgName,NumOut,EtrMin,EtrMax,Desc,Status,Cause,x,y
LEVANT,32,8/6/2024 1:45:00 PM,8/6/2024 1:45:00 PM,,Crew Assigned,Investigating,-7672285.779678884,5600385.107544161
YARMOUTH,6,8/6/2024 1:30:00 PM,8/6/2024 1:30:00 PM,,Crew Assigned,Investigating,-7807970.446476757,5429854.187771192
WELLS,168,8/6/2024 12:45:00 PM,8/6/2024 12:45:00 PM,,Repairs in Progress,Investigating,-7867381.090972562,5368783.864973594
SCARBOROUGH,5,8/6/2024 1:45:00 PM,8/6/2024 1:45:00 PM,,Crew Assigned,Investigating,-7835949.531758187,5409456.1902224
EMBDEN,15,8/6/2024 1:15:00 PM,8/6/2024 1:15:00 PM,,Repairs in Progress,Investigating,-7785300.399091623,5610039.539550809
