BgName,NumOut,EtrMin,EtrMax,Desc,Status,Cause,x,y
"AUGUSTA,WINDSOR",21,3/4/2022 12:30:00 AM,3/4/2022 12:30:00 AM,,Assessing,Investigating,-7752172.987725586,5517017.4045008365
WINDHAM,1,3/3/2022 11:30:00 PM,3/3/2022 11:30:00 PM,,Assessing,Investigating,-7837248.819468773,5435903.221390492
