BgName,NumOut,EtrMin,EtrMax,Desc,Status,Cause,x,y
"BROWNFIELD,HIRAM,BALDWIN,SEBAGO",706,5/17/2021 12:00:00 PM,5/17/2021 12:00:00 PM,,Assessing,Vehicle Accident,-7880868.092935232,5442730.148474966
NORRIDGEWOCK,2,5/17/2021 1:15:00 PM,5/17/2021 1:15:00 PM,,Assessing,Investigating,-7766457.860979372,5580242.560277039
BIDDEFORD,21,5/17/2021 1:30:00 PM,5/17/2021 1:30:00 PM,,Assessing,Investigating,-7843521.049427437,5387733.893513828
