BgName,NumOut,EtrMin,EtrMax,Desc,Status,Cause,x,y
WILTON,10,8/9/2021 7:15:00 AM,8/9/2021 7:15:00 AM,,Assessing,Investigating,-7826009.9591279635,5554729.125434194
TURNER,76,8/9/2021 8:15:00 AM,8/9/2021 8:15:00 AM,,Assessing,Investigating,-7821518.518305174,5504297.3469580505
