BgName,NumOut,EtrMin,EtrMax,Desc,Status,Cause,x,y
DAMARISCOTTA,8,6/13/2021 12:30:00 PM,6/13/2021 12:30:00 PM,,Assessing,Investigating,-7732367.7474994445,5471790.274656892
WEST BATH,7,6/13/2021 12:00:00 PM,6/13/2021 12:00:00 PM,,Assessing,Investigating,-7777179.363955335,5448004.692804742
WATERFORD,38,6/13/2021 12:45:00 PM,6/13/2021 12:45:00 PM,,Assessing,Investigating,-7867332.332989575,5496078.761677895
SO PORTLAND,5,6/13/2021 1:00:00 PM,6/13/2021 1:00:00 PM,,Assessing,Investigating,-7822610.740612729,5407339.297126814
WINDHAM,5,6/13/2021 1:00:00 PM,6/13/2021 1:00:00 PM,,Assessing,Investigating,-7836069.467422285,5425608.32135373
EMBDEN,2,6/13/2021 12:45:00 PM,6/13/2021 12:45:00 PM,,Assessing,Investigating,-7787702.618098138,5605574.683793459
