BgName,NumOut,EtrMin,EtrMax,Desc,Status,Cause,x,y
AUBURN,2,2/5/2024 11:30:00 AM,2/5/2024 11:30:00 AM,,Crew Assigned,Investigating,-7818244.478523483,5479239.401889457
SANFORD,2,2/5/2024 11:30:00 AM,2/5/2024 11:30:00 AM,,Crew Assigned,Investigating,-7883124.995364536,5381057.979072394
