BgName,NumOut,EtrMin,EtrMax,Desc,Status,Cause,x,y
YORK,26,5/9/2022 2:30:00 PM,5/9/2022 2:30:00 PM,,Crew Assigned,Investigating,-7864075.959584825,5329533.195098545
LONG POND TWP,9,5/9/2022 3:00:00 PM,5/9/2022 3:00:00 PM,,Assessing,Investigating,-7800949.4037464075,5719457.914229296
INDUSTRY,5,5/9/2022 1:00:00 PM,5/9/2022 1:00:00 PM,,Assessing,Investigating,-7802522.659855759,5577541.915214367
 ,3,5/9/2022 3:15:00 PM,5/9/2022 3:15:00 PM,,Assessing,Investigating,-7872997.370816278,5412821.575047648
