BgName,NumOut,EtrMin,EtrMax,Desc,Status,Cause,x,y
ROCKPORT,69,2/9/2024 4:00:00 PM,2/9/2024 4:00:00 PM,,Assessing,Investigating,-7690041.984275878,5495065.383096953
PHILLIPS,24,2/9/2024 3:45:00 PM,2/9/2024 3:45:00 PM,,Assessing,Investigating,-7831149.524405136,5595483.7457910525
