BgName,NumOut,EtrMin,EtrMax,Desc,Status,Cause,x,y
MERCER,19,7/11/2024 3:30:00 PM,7/11/2024 3:30:00 PM,,Investigating,Investigating,-7781685.118802219,5569633.27587267
MERCER,8,7/11/2024 3:30:00 PM,7/11/2024 3:30:00 PM,,Investigating,Investigating,-7779860.439232427,5571367.8771987995
NORRIDGEWOCK; SMITHFIELD,49,7/11/2024 3:30:00 PM,7/11/2024 3:30:00 PM,,Investigating,Investigating,-7777322.911251895,5572614.002320454
MERCER,28,7/11/2024 3:30:00 PM,7/11/2024 3:30:00 PM,,Investigating,Investigating,-7780164.029692133,5566580.832997194
MERCER,23,7/11/2024 3:30:00 PM,7/11/2024 3:30:00 PM,,Investigating,Investigating,-7787248.006775456,5571176.248730945
NORRIDGEWOCK,14,7/11/2024 3:30:00 PM,7/11/2024 3:30:00 PM,,Investigating,Investigating,-7770357.647664488,5576172.491892281
OAKLAND,35,7/11/2024 3:00:00 PM,7/11/2024 3:00:00 PM,,Repairs in Progress,Equipment Interruption,-7766754.54971282,5557519.656794201
