BgName,NumOut,EtrMin,EtrMax,Desc,Status,Cause,x,y
FRIENDSHIP,21,7/11/2023 2:45:00 PM,7/11/2023 2:45:00 PM,,Assessing,Investigating,-7715279.693575522,5464569.62291561
MT VERNON,5,7/11/2023 3:15:00 PM,7/11/2023 3:15:00 PM,,Assessing,Investigating,-7794143.363404282,5538672.022745195
"BELFAST,WALDO,MORRILL",482,7/11/2023 2:15:00 PM,7/11/2023 2:15:00 PM,,Assessing,Investigating,-7687919.366473876,5534519.290391815
SACO,7,7/11/2023 2:00:00 PM,7/11/2023 2:00:00 PM,,Assessing,Equipment Interruption,-7836355.948128169,5385716.560950414
