BgName,NumOut,EtrMin,EtrMax,Desc,Status,Cause,x,y
SEARSMONT,2,6/11/2024 7:00:00 PM,6/11/2024 7:00:00 PM,,Repairs in Progress,Tree,-7696667.943022481,5519788.22830483
RANGELEY,11,6/11/2024 8:15:00 PM,6/11/2024 8:15:00 PM,,Crew Assigned,Investigating,-7870151.076081337,5614991.106965319
