BgName,NumOut,EtrMin,EtrMax,Desc,Status,Cause,x,y
LOVELL,41,9/30/2024 10:30:00 AM,9/30/2024 10:30:00 AM,,Repairs in Progress,Investigating,-7892886.044943974,5488519.204334384
NAPLES,26,9/30/2024 10:00:00 AM,9/30/2024 10:00:00 AM,,Repairs in Progress,Investigating,-7862461.0922930995,5467456.520915782
ACTON,8,9/30/2024 10:00:00 AM,9/30/2024 10:00:00 AM,,Repairs in Progress,Investigating,-7898585.435927923,5389825.170746529
SACO,23,Assessing,Assessing,,Crew Assigned,Equipment Interruption,-7837034.084179561,5397373.564685357
"SIDNEY,OAKLAND,WATERVILLE",2423,9/30/2024 10:45:00 AM,9/30/2024 10:45:00 AM,,Crew Assigned,Investigating,-7760134.57997071,5550779.479979215
"OAKLAND,WATERVILLE",454,9/30/2024 10:45:00 AM,9/30/2024 10:45:00 AM,,Crew Assigned,Investigating,-7760135.336918087,5550780.510948489
SOLON,4,9/30/2024 11:00:00 AM,9/30/2024 11:00:00 AM,,Assessing,Investigating,-7776939.403727614,5613698.58409801
