BgName,NumOut,EtrMin,EtrMax,Desc,Status,Cause,x,y
CAMDEN,54,12/8/2022 9:45:00 AM,12/8/2022 9:45:00 AM,,Assessing,Investigating,-7688348.959589479,5498028.063790968
WISCASSET,22,12/8/2022 8:30:00 AM,12/8/2022 8:30:00 AM,,Assessing,Investigating,-7757713.2140298225,5468495.505125268
GRAY,13,12/8/2022 12:00:00 PM,12/8/2022 12:00:00 PM,,Assessing,Investigating,-7830826.497486944,5453605.721227336
WINDHAM,18,12/8/2022 3:30:00 PM,12/8/2022 3:30:00 PM,,Assessing,Equipment Interruption,-7841084.25461442,5432152.199033329
ORLAND,45,12/8/2022 10:15:00 AM,12/8/2022 10:15:00 AM,,Assessing,Investigating,-7646084.7337550325,5553478.360372557
COPLIN PLT,80,12/8/2022 10:15:00 AM,12/8/2022 10:15:00 AM,,Assessing,Investigating,-7839248.91901555,5641775.905341876
ALBANY,7,12/8/2022 9:30:00 AM,12/8/2022 9:30:00 AM,,Assessing,Investigating,-7880542.739412482,5522341.310628928
