BgName,NumOut,EtrMin,EtrMax,Desc,Status,Cause,x,y
PORTLAND,8,8/3/2023 5:00:00 PM,8/3/2023 5:00:00 PM,,Assessing,Investigating,-7828853.626721901,5417364.446345238
SACO,10,8/3/2023 3:30:00 PM,8/3/2023 3:30:00 PM,,Crew Assigned,Investigating,-7845383.970006794,5394002.523894071
STANDISH,16,8/3/2023 6:00:00 PM,8/3/2023 6:00:00 PM,,Assessing,Investigating,-7864060.196738827,5420168.450986354
NEWPORT,11,8/3/2023 5:30:00 PM,8/3/2023 5:30:00 PM,,Assessing,Investigating,-7710634.676328887,5599898.292867537
