BgName,NumOut,EtrMin,EtrMax,Desc,Status,Cause,x,y
JEFFERSON,20,8/9/2023 7:15:00 AM,8/9/2023 7:15:00 AM,,Assessing,Investigating,-7742259.742167676,5497467.109064133
"WALES,MONMOUTH",72,8/9/2023 7:45:00 AM,8/9/2023 7:45:00 AM,,Assessing,Investigating,-7796638.912691028,5491275.131938997
WATERBORO,47,8/9/2023 8:45:00 AM,8/9/2023 8:45:00 AM,,Assessing,Investigating,-7873553.010837319,5410436.395112364
PENOBSCOT,9,8/9/2023 8:30:00 AM,8/9/2023 8:30:00 AM,,Assessing,Investigating,-7650658.62898287,5539049.371206334
