BgName,NumOut,EtrMin,EtrMax,Desc,Status,Cause,x,y
BOOTHBAY,2,4/16/2022 1:45:00 AM,4/16/2022 1:45:00 AM,,Assessing,Investigating,-7754190.586662367,5452627.529512059
ANDOVER,29,4/16/2022 2:45:00 AM,4/16/2022 2:45:00 AM,,Assessing,Investigating,-7869203.502303127,5559216.688908848
NAPLES,5,4/16/2022 2:00:00 AM,4/16/2022 2:00:00 AM,,Assessing,Tree,-7861747.656825159,5465571.619120128
