BgName,NumOut,EtrMin,EtrMax,Desc,Status,Cause,x,y
FREEPORT,22,7/27/2022 8:00:00 PM,7/27/2022 8:00:00 PM,,Assessing,Equipment Interruption,-7804420.056029433,5439040.692172898
NAPLES,15,7/27/2022 8:15:00 PM,7/27/2022 8:15:00 PM,,Crew Assigned,Investigating,-7860489.74653526,5461165.578038389
SACO,57,7/27/2022 7:15:00 PM,7/27/2022 7:15:00 PM,,Crew Assigned,Investigating,-7841404.053218618,5389017.579392452
"SO PORTLAND,SOUTH PORTLAND",328,7/27/2022 7:00:00 PM,7/27/2022 7:00:00 PM,,Assessing,Investigating,-7823212.144164569,5407988.376708972
