BgName,NumOut,EtrMin,EtrMax,Desc,Status,Cause,x,y
BOOTHBAY,3,7/29/2023 9:00:00 AM,7/29/2023 9:00:00 AM,,Assessing,Investigating,-7755534.769531634,5450545.028852714
SCARBOROUGH,3,7/29/2023 9:15:00 AM,7/29/2023 9:15:00 AM,,Assessing,Investigating,-7827414.900214088,5403265.16320754
SCARBOROUGH,7,7/29/2023 9:30:00 AM,7/29/2023 9:30:00 AM,,Assessing,Investigating,-7827212.142933873,5403469.033312686
SCARBOROUGH,44,7/29/2023 9:15:00 AM,7/29/2023 9:15:00 AM,,Assessing,Investigating,-7827091.194235713,5403550.041511793
