BgName,NumOut,EtrMin,EtrMax,Desc,Status,Cause,x,y
SACO,12,6/6/2022 2:00:00 PM,6/6/2022 2:00:00 PM,,Crew Assigned,Investigating,-7848482.436640022,5393066.08290887
SANDBAR TRACT,22,6/6/2022 2:15:00 PM,6/6/2022 2:15:00 PM,,Assessing,Investigating,-7760388.5887253,5720522.9163338095
