BgName,NumOut,EtrMin,EtrMax,Desc,Status,Cause,x,y
BOOTHBAY,1,8/20/2021 12:00:00 AM,8/20/2021 12:00:00 AM,,Assessing,Investigating,-7746561.349878436,5452475.945849492
TOPSHAM,5,8/20/2021 12:45:00 AM,8/20/2021 12:45:00 AM,,Assessing,Investigating,-7788184.642608991,5459816.710511336
READFIELD,5,8/20/2021 12:00:00 AM,8/20/2021 12:00:00 AM,,Assessing,Investigating,-7781798.566202914,5524991.306238001
SWEDEN,27,8/20/2021 2:00:00 AM,8/20/2021 2:00:00 AM,,Assessing,Tree,-7881299.422594841,5486767.505392533
"ALFRED,LYMAN",231,8/20/2021 1:00:00 AM,8/20/2021 1:00:00 AM,,Assessing,Vehicle Accident,-7870511.272609706,5384675.767790182
BALDWIN,5,8/20/2021 12:00:00 AM,8/20/2021 12:00:00 AM,,Assessing,Investigating,-7875944.910491647,5443062.4832236245
ETNA,4,8/19/2021 11:45:00 PM,8/19/2021 11:45:00 PM,,Assessing,Investigating,-7695206.084318927,5592617.543928175
GRAY,1,8/19/2021 11:30:00 PM,8/19/2021 11:30:00 PM,,Assessing,Equipment Interruption,-7829573.830366598,5446651.886019581
