BgName,NumOut,EtrMin,EtrMax,Desc,Status,Cause,x,y
GORHAM,24,8/26/2022 10:30:00 AM,8/26/2022 10:30:00 AM,,Assessing,Investigating,-7839425.794622079,5408858.531882618
ROCKWOOD,17,8/26/2022 10:45:00 AM,8/26/2022 10:45:00 AM,,Assessing,Investigating,-7769660.845617123,5728067.887157305
TURNER,2,8/26/2022 10:00:00 AM,8/26/2022 10:00:00 AM,,Assessing,Investigating,-7819429.196176593,5506533.023120366
