BgName,NumOut,EtrMin,EtrMax,Desc,Status,Cause,x,y
WOODSTOCK,8,7/23/2024 5:30:00 AM,7/23/2024 5:30:00 AM,,Crew Assigned,Investigating,-7862557.071939214,5525797.11803104
SOUTH PORTLAND,86,7/23/2024 5:30:00 AM,7/23/2024 5:30:00 AM,,Crew Assigned,Investigating,-7826963.032162418,5410067.346663644
