BgName,NumOut,EtrMin,EtrMax,Desc,Status,Cause,x,y
ACTON,111,8/16/2023 9:30:00 AM,8/16/2023 9:30:00 AM,,Assessing,Investigating,-7896990.294418572,5401501.535929173
KENNEBUNK,13,8/16/2023 10:30:00 AM,8/16/2023 10:30:00 AM,,Assessing,Investigating,-7846663.5874972055,5367306.693481816
