BgName,NumOut,EtrMin,EtrMax,Desc,Status,Cause,x,y
SO PORTLAND,19,4/5/2022 1:30:00 PM,4/5/2022 1:30:00 PM,,Assessing,Investigating,-7819773.674308724,5409184.034615332
MADISON,25,4/5/2022 1:15:00 PM,4/5/2022 1:15:00 PM,,Assessing,Investigating,-7765962.589438897,5600002.749435511
