BgName,NumOut,EtrMin,EtrMax,Desc,Status,Cause,x,y
HARPSWELL,12,6/13/2023 5:00:00 PM,6/13/2023 5:00:00 PM,,Assessing,Investigating,-7779994.55597178,5442772.029325958
SWEDEN,109,6/13/2023 3:30:00 PM,6/13/2023 3:30:00 PM,,Assessing,Tree,-7891156.017634328,5484732.468170474
NORWAY,13,6/13/2023 3:15:00 PM,6/13/2023 3:15:00 PM,,Assessing,Investigating,-7852345.634865538,5498747.225175934
HANOVER,46,6/13/2023 3:30:00 PM,6/13/2023 3:30:00 PM,,Assessing,Investigating,-7871858.0380700985,5544122.27846758
WELLS,5,6/13/2023 3:45:00 PM,6/13/2023 3:45:00 PM,,Assessing,Investigating,-7869583.435726315,5358651.862528778
NORRIDGEWOCK,1,6/13/2023 4:00:00 PM,6/13/2023 4:00:00 PM,,Assessing,Investigating,-7770348.666410262,5583001.886028773
