BgName,NumOut,EtrMin,EtrMax,Desc,Status,Cause,x,y
HARPSWELL,14,11/3/2023 3:00:00 PM,11/3/2023 3:00:00 PM,,Assessing,Investigating,-7785824.647170395,5435559.4835876245
SCARBOROUGH,61,11/3/2023 3:00:00 PM,11/3/2023 3:00:00 PM,,Assessing,Investigating,-7827818.466793828,5403533.347873226
WELLS,98,11/3/2023 3:00:00 PM,11/3/2023 3:00:00 PM,,Assessing,Investigating,-7870269.408750938,5362244.845575961
DEXTER,27,11/3/2023 3:15:00 PM,11/3/2023 3:15:00 PM,,Assessing,Investigating,-7711436.132132744,5624103.007216209
TROY,4,11/3/2023 2:45:00 PM,11/3/2023 2:45:00 PM,,Assessing,Investigating,-7712375.612951148,5568209.992515284
