BgName,NumOut,EtrMin,EtrMax,Desc,Status,Cause,x,y
ORLAND,1,2/18/2024 12:30:00 PM,2/18/2024 12:30:00 PM,,Assessing,Investigating,-7642328.101726928,5549344.4954486005
ORLAND,1,2/18/2024 12:30:00 PM,2/18/2024 12:30:00 PM,,Assessing,Investigating,-7642406.170021861,5549391.318400019
