BgName,NumOut,EtrMin,EtrMax,Desc,Status,Cause,x,y
HOPE,1,Assessing,Assessing,,Assessing,Investigating,-7698755.294745256,5509195.257213389
LINCOLNVILLE,7,2/6/2024 11:30:00 AM,2/6/2024 11:30:00 AM,,Assessing,Investigating,-7683237.613803119,5506255.832297784
YARMOUTH,19,2/6/2024 1:15:00 PM,2/6/2024 1:15:00 PM,,Crew Assigned,Investigating,-7807997.908920074,5428732.640358436
BOOTHBAY,9,2/6/2024 1:30:00 PM,2/6/2024 1:30:00 PM,,Assessing,Investigating,-7750339.255121219,5455660.486620408
NORRIDGEWOCK,32,2/6/2024 1:00:00 PM,2/6/2024 1:00:00 PM,,Assessing,Investigating,-7762429.197520877,5573475.692144577
