BgName,NumOut,EtrMin,EtrMax,Desc,Status,Cause,x,y
ROCKLAND,16,6/8/2023 8:30:00 PM,6/8/2023 8:30:00 PM,,Assessing,Investigating,-7693363.000946679,5482425.025493444
FALMOUTH,20,6/8/2023 9:15:00 PM,6/8/2023 9:15:00 PM,,Assessing,Investigating,-7828960.871879389,5435016.353264572
WELLS,25,6/8/2023 9:15:00 PM,6/8/2023 9:15:00 PM,,Assessing,Investigating,-7855656.465733654,5363288.651468818
YORK,71,6/8/2023 8:00:00 PM,6/8/2023 8:00:00 PM,,Assessing,Investigating,-7871714.101938252,5334264.701730509
SCARBOROUGH,3,6/8/2023 9:30:00 PM,6/8/2023 9:30:00 PM,,Assessing,Investigating,-7833301.218857509,5409172.098850677
SANDY RIVER PLT,191,6/8/2023 8:00:00 PM,6/8/2023 8:00:00 PM,,Assessing,Investigating,-7860468.540195446,5609475.386586241
