BgName,NumOut,EtrMin,EtrMax,Desc,Status,Cause,x,y
PHIPPSBURG,4,7/10/2023 8:30:00 AM,7/10/2023 8:30:00 AM,,Assessing,Investigating,-7773174.255666086,5443404.772222329
CHINA,12,7/10/2023 9:15:00 AM,7/10/2023 9:15:00 AM,,Assessing,Equipment Interruption,-7746536.113827493,5531413.718363326
LIMERICK,52,7/10/2023 8:45:00 AM,7/10/2023 8:45:00 AM,,Assessing,Investigating,-7878008.818369798,5420962.550645217
PORTLAND,102,7/10/2023 9:15:00 AM,7/10/2023 9:15:00 AM,,Assessing,Investigating,-7823892.573383077,5412018.128104989
WILLIMANTIC,141,7/10/2023 8:00:00 AM,7/10/2023 8:00:00 AM,,Assessing,Investigating,-7718654.388437318,5668814.977739843
