BgName,NumOut,EtrMin,EtrMax,Desc,Status,Cause,x,y
STANDISH,17,4/1/2024 10:45:00 AM,4/1/2024 10:45:00 AM,,Assessing,Investigating,-7844733.385498469,5439234.3824157715
YORK,9,4/1/2024 11:00:00 AM,4/1/2024 11:00:00 AM,,Crew Assigned,Investigating,-7871719.378445134,5336093.052573031
RANGELEY,10,4/1/2024 11:15:00 AM,4/1/2024 11:15:00 AM,,Assessing,Investigating,-7870674.121914236,5616990.243749213
