BgName,NumOut,EtrMin,EtrMax,Desc,Status,Cause,x,y
SO BRISTOL,4,6/23/2021 3:45:00 AM,6/23/2021 3:45:00 AM,,Crew Assigned,Investigating,-7745396.881293504,5448170.506022311
UNITY,1,6/23/2021 2:15:00 AM,6/23/2021 2:15:00 AM,,Assessing,Investigating,-7715761.7180863805,5561911.226717639
