BgName,NumOut,EtrMin,EtrMax,Desc,Status,Cause,x,y
GR CHEB IS,20,6/28/2023 6:15:00 PM,6/28/2023 6:15:00 PM,,Assessing,Investigating,-7806022.488901228,5421487.40390479
NOBLEBORO,50,6/28/2023 5:45:00 PM,6/28/2023 5:45:00 PM,,Assessing,Investigating,-7733384.361566025,5487560.739135404
AUBURN,1,6/28/2023 7:15:00 PM,6/28/2023 7:15:00 PM,,Assessing,Investigating,-7819882.400023649,5470196.35257629
ACTON,67,6/28/2023 7:00:00 PM,6/28/2023 7:00:00 PM,,Assessing,Investigating,-7888064.853475989,5389237.604081596
LEBANON,2,6/28/2023 6:15:00 PM,6/28/2023 6:15:00 PM,,Crew Assigned,Investigating,-7887735.648341487,5379068.6824732
