BgName,NumOut,EtrMin,EtrMax,Desc,Status,Cause,x,y
"YARMOUTH,NORTH YARMOUTH,POWNAL,FREEPORT",347,6/25/2024 6:15:00 PM,6/25/2024 6:15:00 PM,,Assessing,Investigating,-7813726.810740451,5438520.131268195
FALMOUTH,5,6/25/2024 5:45:00 PM,6/25/2024 5:45:00 PM,,Assessing,Investigating,-7828524.555136903,5428310.501972598
INDUSTRY,66,6/25/2024 6:15:00 PM,6/25/2024 6:15:00 PM,,Assessing,Investigating,-7800469.906164367,5577578.98238095
