BgName,NumOut,EtrMin,EtrMax,Desc,Status,Cause,x,y
RICHMOND,6,7/15/2024 11:15:00 AM,7/15/2024 11:15:00 AM,,Crew Assigned,Investigating,-7770613.417590649,5478274.251314426
OXFORD,2,7/15/2024 11:45:00 AM,7/15/2024 11:45:00 AM,,Repairs in Progress,Investigating,-7846611.478863278,5478631.384109882
