BgName,NumOut,EtrMin,EtrMax,Desc,Status,Cause,x,y
FREEPORT,3,7/16/2021 8:00:00 PM,7/16/2021 8:00:00 PM,,Assessing,Investigating,-7809461.726917,5442179.772397315
"SCARBOROUGH,PORTLAND,WINDHAM",2171,7/16/2021 9:00:00 PM,7/16/2021 9:00:00 PM,,Assessing,Investigating,-7825105.376977493,5403472.507268201
ELIOT,22,7/16/2021 7:45:00 PM,7/16/2021 7:45:00 PM,,Crew Assigned,Investigating,-7877524.812340696,5332768.284927436
SCARBOROUGH,883,7/16/2021 9:00:00 PM,7/16/2021 9:00:00 PM,,Assessing,Investigating,-7832532.791527959,5401333.470425198
ORLAND,33,7/16/2021 9:00:00 PM,7/16/2021 9:00:00 PM,,Assessing,Investigating,-7652392.99775264,5554399.552902444
LEBANON,1,7/16/2021 7:45:00 PM,7/16/2021 7:45:00 PM,,Crew Assigned,Investigating,-7887972.936978445,5377738.761709486
PARSONSFIELD,2,7/16/2021 10:45:00 PM,7/16/2021 10:45:00 PM,,Assessing,Investigating,-7901109.805778359,5426495.194114552
SCARBOROUGH,20,7/16/2021 8:00:00 PM,7/16/2021 8:00:00 PM,,Assessing,Investigating,-7831035.01000997,5394553.920658064
