BgName,NumOut,EtrMin,EtrMax,Desc,Status,Cause,x,y
BRIDGTON,34,8/23/2021 3:30:00 PM,8/23/2021 3:30:00 PM,,Assessing,Investigating,-7871155.47847735,5463663.168412837
WESTPORT,1,8/23/2021 3:15:00 PM,8/23/2021 3:15:00 PM,,Assessing,Investigating,-7758833.221742245,5447839.685729183
