BgName,NumOut,EtrMin,EtrMax,Desc,Status,Cause,x,y
LEWISTON,94,10/8/2022 5:30:00 PM,10/8/2022 5:30:00 PM,,Assessing,Investigating,-7814130.521982137,5485468.932823979
"LIMERICK,CORNISH,PARSONSFIELD",189,10/8/2022 5:15:00 PM,10/8/2022 5:15:00 PM,,Assessing,Investigating,-7881068.612710637,5417931.894727859
SEBAGO,1,10/8/2022 5:15:00 PM,10/8/2022 5:15:00 PM,,Crew Assigned,Investigating,-7864697.801416651,5444851.119028641
