BgName,NumOut,EtrMin,EtrMax,Desc,Status,Cause,x,y
BOWDOIN,3,2/1/2022 6:30:00 PM,2/1/2022 6:30:00 PM,,Assessing,Investigating,-7781875.866538138,5479293.088918147
BIDDEFORD,1,2/1/2022 6:45:00 PM,2/1/2022 6:45:00 PM,,Assessing,Investigating,-7831222.438630254,5380265.334035261
