BgName,NumOut,EtrMin,EtrMax,Desc,Status,Cause,x,y
AUGUSTA,5,3/13/2024 3:45:00 PM,3/13/2024 3:45:00 PM,,Crew Assigned,Investigating,-7758728.12498983,5510919.608427601
OXFORD,143,3/13/2024 4:00:00 PM,3/13/2024 4:00:00 PM,,Crew Assigned,Investigating,-7843863.434816808,5487847.2147580255
