BgName,NumOut,EtrMin,EtrMax,Desc,Status,Cause,x,y
FRYE ISLAND,3,10/6/2024 2:45:00 PM,10/6/2024 2:45:00 PM,,Crew Assigned,Investigating,-7851124.326450248,5439030.338174006
SOUTH BERWICK,2,10/6/2024 4:00:00 PM,10/6/2024 4:00:00 PM,,Assessing,Investigating,-7877150.255736687,5342338.3362113135
