BgName,NumOut,EtrMin,EtrMax,Desc,Status,Cause,x,y
OLD ORCHARD BEACH,29,8/28/2024 11:15:00 PM,8/28/2024 11:15:00 PM,,Crew Assigned,Investigating,-7836726.063159987,5394219.396244089
WATERBORO,17,8/28/2024 9:30:00 PM,8/28/2024 9:30:00 PM,,Crew Assigned,Investigating,-7876101.503692674,5396117.518869823
