BgName,NumOut,EtrMin,EtrMax,Desc,Status,Cause,x,y
NOBLEBORO,6,11/8/2024 6:30:00 PM,11/8/2024 6:30:00 PM,,Crew Assigned,Investigating,-7735124.218479588,5478505.390260924
WEST BATH,4,11/8/2024 6:30:00 PM,11/8/2024 6:30:00 PM,,Assessing,Investigating,-7776908.545883256,5443723.112956646
AUBURN,3,11/8/2024 5:45:00 PM,11/8/2024 5:45:00 PM,,Assessing,Investigating,-7820265.250111942,5491064.9153325595
NEWFIELD,30,11/8/2024 6:45:00 PM,11/8/2024 6:45:00 PM,,Crew Assigned,Investigating,-7895346.194601978,5405780.489711839
BURNHAM,20,11/8/2024 7:15:00 PM,11/8/2024 7:15:00 PM,,Assessing,Investigating,-7719808.738194554,5571803.673254644
ROCKWOOD,20,11/8/2024 6:15:00 PM,11/8/2024 6:15:00 PM,,Crew Assigned,Investigating,-7765898.168822098,5729353.079345937
