BgName,NumOut,EtrMin,EtrMax,Desc,Status,Cause,x,y
HARPSWELL,70,5/21/2023 1:15:00 AM,5/21/2023 1:15:00 AM,,Assessing,Investigating,-7780986.145424116,5439542.749010054
BRUNSWICK,52,5/21/2023 1:15:00 AM,5/21/2023 1:15:00 AM,,Crew Assigned,Investigating,-7782686.406010879,5445973.132744163
BOWDOIN,36,5/21/2023 1:15:00 AM,5/21/2023 1:15:00 AM,,Assessing,Investigating,-7790563.451108203,5478450.623131205
WOOLWICH,7,5/21/2023 3:15:00 AM,5/21/2023 3:15:00 AM,,Assessing,Investigating,-7770130.090621736,5459568.596802208
WOOLWICH,2,5/21/2023 3:15:00 AM,5/21/2023 3:15:00 AM,,Assessing,Investigating,-7770493.626688608,5469193.232309842
"PITTSTON,WHITEFIELD",672,5/21/2023 12:45:00 AM,5/21/2023 12:45:00 AM,,Assessing,Investigating,-7763853.374541003,5492144.246962935
MECHANIC FALLS,115,5/21/2023 12:00:00 AM,5/21/2023 12:00:00 AM,,Assessing,Vehicle Accident,-7836267.504818743,5480993.955887841
CAPE ELIZABETH,5,5/21/2023 12:45:00 AM,5/21/2023 12:45:00 AM,,Assessing,Investigating,-7818110.828306388,5404455.552387208
CAPE ELIZABETH,777,5/21/2023 12:45:00 AM,5/21/2023 12:45:00 AM,,Assessing,Investigating,-7817295.079101523,5403260.690296565
