BgName,NumOut,EtrMin,EtrMax,Desc,Status,Cause,x,y
BIDDEFORD,3,9/14/2021 5:45:00 PM,9/14/2021 5:45:00 PM,,Assessing,Investigating,-7835023.620830836,5379319.793308115
BERWICK,1,9/14/2021 5:15:00 PM,9/14/2021 5:15:00 PM,,Crew Assigned,Investigating,-7885162.654157679,5350760.863933604
