BgName,NumOut,EtrMin,EtrMax,Desc,Status,Cause,x,y
ROCKPORT,14,1/15/2024 12:45:00 PM,1/15/2024 12:45:00 PM,,Assessing,Investigating,-7689508.964277223,5495642.524231556
YORK,7,1/15/2024 1:15:00 PM,1/15/2024 1:15:00 PM,,Assessing,Investigating,-7864213.472626231,5333037.340327226
ACTON,1,Assessing,Assessing,,Assessing,Investigating,-7894897.387777247,5400527.302445451
