BgName,NumOut,EtrMin,EtrMax,Desc,Status,Cause,x,y
GRAY,67,1/4/2023 7:00:00 PM,1/4/2023 7:00:00 PM,,Assessing,Investigating,-7838910.574549863,5447953.999585847
FALMOUTH,34,1/4/2023 8:00:00 PM,1/4/2023 8:00:00 PM,,Assessing,Investigating,-7830150.977464115,5431974.169139843
ROCKWOOD,5,1/4/2023 7:30:00 PM,1/4/2023 7:30:00 PM,,Assessing,Investigating,-7769123.951681718,5728345.443535304
