BgName,NumOut,EtrMin,EtrMax,Desc,Status,Cause,x,y
LOVELL,41,9/27/2022 6:00:00 PM,9/27/2022 6:00:00 PM,,Assessing,Tree,-7892886.044943974,5488519.204334384
CANTON,16,9/27/2022 5:30:00 PM,9/27/2022 5:30:00 PM,,Assessing,Tree,-7822804.225012263,5532643.261404075
"SCARBOROUGH,BUXTON",20,9/27/2022 5:00:00 PM,9/27/2022 5:00:00 PM,,Crew Assigned,Investigating,-7844685.440125175,5407407.729196297
"STRONG,NEW VINEYARD",62,9/27/2022 5:45:00 PM,9/27/2022 5:45:00 PM,,Assessing,Investigating,-7811240.857195831,5592705.517388291
