BgName,NumOut,EtrMin,EtrMax,Desc,Status,Cause,x,y
APPLETON,1,7/12/2024 1:00:00 PM,7/12/2024 1:00:00 PM,,Crew Assigned,Investigating,-7717872.469204014,5512420.308367302
ST GEORGE,3,7/12/2024 11:45:00 AM,7/12/2024 11:45:00 AM,,Assessing,Investigating,-7704155.759490947,5468217.172255601
AUBURN,75,7/12/2024 11:30:00 AM,7/12/2024 11:30:00 AM,,Repairs in Progress,Investigating,-7817379.92678576,5483607.770963064
WELLS,4,7/12/2024 11:45:00 AM,7/12/2024 11:45:00 AM,,Assessing,Investigating,-7857731.360911731,5366155.54277164
ELIOT,62,7/12/2024 11:00:00 AM,7/12/2024 11:00:00 AM,,Assessing,Investigating,-7879274.264996385,5328096.025470491
ELIOT,14,7/12/2024 11:00:00 AM,7/12/2024 11:00:00 AM,,Assessing,Investigating,-7879392.297029428,5328316.748161015
WILLIMANTIC,135,7/12/2024 1:00:00 PM,7/12/2024 1:00:00 PM,,Repairs in Progress,Investigating,-7718569.184554327,5668619.687854042
