BgName,NumOut,EtrMin,EtrMax,Desc,Status,Cause,x,y
LEWISTON,102,8/7/2022 2:15:00 PM,8/7/2022 2:15:00 PM,,Investigating,Investigating,-7810981.393734873,5473141.5012159385
FREEPORT,4,8/7/2022 1:00:00 PM,8/7/2022 1:00:00 PM,,Assessing,Investigating,-7798677.317218993,5443774.940838479
ROME,7,8/7/2022 2:00:00 PM,8/7/2022 2:00:00 PM,,Assessing,Investigating,-7781212.680622947,5545562.590071213
