BgName,NumOut,EtrMin,EtrMax,Desc,Status,Cause,x,y
AUBURN,1,2/11/2023 10:00:00 AM,2/11/2023 10:00:00 AM,,Assessing,Investigating,-7822960.094603229,5471830.58460517
MINOT,2,2/11/2023 9:30:00 AM,2/11/2023 9:30:00 AM,,Assessing,Investigating,-7832424.154812669,5483581.333460158
YORK,16,2/11/2023 8:45:00 AM,2/11/2023 8:45:00 AM,,Assessing,Investigating,-7873923.960803814,5341122.187511712
NORRIDGEWOCK,13,2/11/2023 9:30:00 AM,2/11/2023 9:30:00 AM,,Assessing,Investigating,-7769934.0569684,5581080.681052443
