BgName,NumOut,EtrMin,EtrMax,Desc,Status,Cause,x,y
BOOTHBAY,26,7/15/2024 7:15:00 PM,7/15/2024 7:15:00 PM,,Assessing,Investigating,-7751436.854147843,5446857.1341374265
WALDOBORO,33,7/15/2024 7:45:00 PM,7/15/2024 7:45:00 PM,,Crew Assigned,Investigating,-7722650.435382686,5478634.700476074
