BgName,NumOut,EtrMin,EtrMax,Desc,Status,Cause,x,y
AUBURN,17,5/24/2024 9:00:00 AM,5/24/2024 9:00:00 AM,,Repairs in Progress,Investigating,-7821065.269808132,5482256.2670253115
HARTFORD,4,Assessing,Assessing,,Crew Assigned,Investigating,-7830754.9858319545,5532530.130042778
SANFORD,83,5/24/2024 8:15:00 AM,5/24/2024 8:15:00 AM,,Assessing,Investigating,-7869455.841388575,5372820.709048603
