BgName,NumOut,EtrMin,EtrMax,Desc,Status,Cause,x,y
NOBLEBORO,3,5/24/2021 4:30:00 AM,5/24/2021 4:30:00 AM,,Assessing,Investigating,-7732904.7082096,5485325.90939896
SIDNEY,51,5/24/2021 5:00:00 AM,5/24/2021 5:00:00 AM,,Assessing,Investigating,-7770097.65210787,5531313.087636667
