BgName,NumOut,EtrMin,EtrMax,Desc,Status,Cause,x,y
BRUNSWICK,8,7/27/2023 2:30:00 PM,7/27/2023 2:30:00 PM,,Assessing,Investigating,-7788945.912125604,5450618.401912713
BRUNSWICK,70,7/27/2023 2:30:00 PM,7/27/2023 2:30:00 PM,,Assessing,Investigating,-7788967.018253232,5450733.275534364
FREEPORT,21,7/27/2023 2:30:00 PM,7/27/2023 2:30:00 PM,,Assessing,Vehicle Accident,-7803552.17586565,5439310.288806141
"LIVERMR FL,LIVERMORE FALLS,FAYETTE,CHESTERVILLE,JAY",1098,7/27/2023 3:00:00 PM,7/27/2023 3:00:00 PM,,Assessing,Investigating,-7811431.525242544,5539923.873742757
WINDHAM,61,7/27/2023 2:00:00 PM,7/27/2023 2:00:00 PM,,Assessing,Investigating,-7841547.299177838,5435623.127493134
SWANVILLE,24,7/27/2023 2:45:00 PM,7/27/2023 2:45:00 PM,,Assessing,Investigating,-7680038.369552609,5547824.13362107
