BgName,NumOut,EtrMin,EtrMax,Desc,Status,Cause,x,y
SO BRISTOL,99,6/20/2022 11:45:00 AM,6/20/2022 11:45:00 AM,,Assessing,Investigating,-7743484.512558527,5446856.346486351
READFIELD,20,6/20/2022 10:45:00 AM,6/20/2022 10:45:00 AM,,Assessing,Investigating,-7788428.543648322,5520838.776295329
NORWAY,22,6/20/2022 11:30:00 AM,6/20/2022 11:30:00 AM,,Crew Assigned,Investigating,-7862617.6297317,5498121.89861408
BIDDEFORD,6,6/20/2022 11:15:00 AM,6/20/2022 11:15:00 AM,,Assessing,Investigating,-7847167.319308683,5385962.205956961
"MADISON,SOLON",106,6/20/2022 12:00:00 PM,6/20/2022 12:00:00 PM,,Assessing,Investigating,-7768274.127531056,5594863.663175869
