BgName,NumOut,EtrMin,EtrMax,Desc,Status,Cause,x,y
FREEPORT,75,4/29/2022 7:45:00 PM,4/29/2022 7:45:00 PM,,Assessing,System Upgrade,-7807775.804281116,5437118.129968924
LEBANON,70,4/29/2022 8:15:00 PM,4/29/2022 8:15:00 PM,,Assessing,Investigating,-7898181.813685868,5370304.18830349
LEBANON,19,4/29/2022 8:30:00 PM,4/29/2022 8:30:00 PM,,Assessing,Investigating,-7898183.784091674,5370303.4837351525
