BgName,NumOut,EtrMin,EtrMax,Desc,Status,Cause,x,y
WISCASSET,27,3/30/2021 11:30:00 PM,3/30/2021 11:30:00 PM,,Assessing,Investigating,-7761464.881300041,5470169.303444289
MONSON,31,3/30/2021 11:30:00 PM,3/30/2021 11:30:00 PM,,Assessing,Investigating,-7737740.8275888935,5664836.698706902
WILLIMANTIC,137,3/30/2021 8:00:00 PM,3/30/2021 8:00:00 PM,,Assessing,Tree,-7718654.755848626,5668816.40199698
