BgName,NumOut,EtrMin,EtrMax,Desc,Status,Cause,x,y
LIVERMORE,3,9/7/2023 10:00:00 AM,9/7/2023 10:00:00 AM,,Assessing,Investigating,-7815968.67393382,5534023.818966666
BERWICK,3,9/7/2023 11:30:00 AM,9/7/2023 11:30:00 AM,,Assessing,Investigating,-7888819.287940983,5365277.830050337
WATERBORO,164,9/7/2023 10:45:00 AM,9/7/2023 10:45:00 AM,,Repairs in Progress,Investigating,-7880511.692456418,5401814.315584923
