BgName,NumOut,EtrMin,EtrMax,Desc,Status,Cause,x,y
PITTSTON,2,9/6/2021 4:00:00 PM,9/6/2021 4:00:00 PM,,Assessing,Investigating,-7755620.485587988,5497720.676669639
BERWICK,76,9/6/2021 4:00:00 PM,9/6/2021 4:00:00 PM,,Assessing,Investigating,-7888497.953117037,5363416.112677738
BERWICK,3,9/6/2021 2:45:00 PM,9/6/2021 2:45:00 PM,,Assessing,Equipment Interruption,-7889164.389470989,5364931.66963095
