BgName,NumOut,EtrMin,EtrMax,Desc,Status,Cause,x,y
LINCOLNVILLE,3,1/6/2024 9:45:00 AM,1/6/2024 9:45:00 AM,,Assessing,Investigating,-7695398.154935771,5508259.592709357
LIMERICK,21,1/6/2024 9:15:00 AM,1/6/2024 9:15:00 AM,,Crew Assigned,Investigating,-7885460.177725699,5412237.20812467
SCARBOROUGH,5,1/6/2024 9:45:00 AM,1/6/2024 9:45:00 AM,,Assessing,Investigating,-7824667.145591626,5398157.013138578
