BgName,NumOut,EtrMin,EtrMax,Desc,Status,Cause,x,y
HARPSWELL,36,9/6/2022 5:45:00 PM,9/6/2022 5:45:00 PM,,Assessing,Investigating,-7779933.708755291,5439235.555212543
"PARIS,SUMNER,WEST PARIS,BUCKFIELD",775,9/6/2022 4:30:00 PM,9/6/2022 4:30:00 PM,,Assessing,Investigating,-7848829.063277332,5502719.713546639
"MONSON,ABBOT",41,9/6/2022 5:30:00 PM,9/6/2022 5:30:00 PM,,Assessing,Investigating,-7735183.395926828,5664807.512788243
POLAND,3,9/6/2022 6:15:00 PM,9/6/2022 6:15:00 PM,,Assessing,Investigating,-7825741.96862126,5475897.63092637
