BgName,NumOut,EtrMin,EtrMax,Desc,Status,Cause,x,y
PHIPPSBURG,3,4/15/2022 6:45:00 PM,4/15/2022 6:45:00 PM,,Assessing,Investigating,-7774387.315347182,5428476.623753752
"FREEPORT,POWNAL",98,4/15/2022 6:00:00 PM,4/15/2022 6:00:00 PM,,Assessing,Vehicle Accident,-7805290.518784348,5444526.609624963
"SEARSMONT,MORRILL",16,4/15/2022 6:30:00 PM,4/15/2022 6:30:00 PM,,Repairs in Progress,Investigating,-7701762.72436549,5528984.379336235
BUCKFIELD,3,4/15/2022 6:45:00 PM,4/15/2022 6:45:00 PM,,Repairs in Progress,Equipment Interruption,-7832938.172639004,5509911.425610073
