BgName,NumOut,EtrMin,EtrMax,Desc,Status,Cause,x,y
BREMEN,1,9/8/2024 12:15:00 PM,9/8/2024 12:15:00 PM,,Crew Assigned,Investigating,-7729675.763910844,5470111.22613312
UNION,20,9/8/2024 12:15:00 PM,9/8/2024 12:15:00 PM,,Crew Assigned,Investigating,-7709600.918970942,5495927.24996344
SOUTH BERWICK,51,9/8/2024 10:45:00 AM,9/8/2024 10:45:00 AM,,Crew Assigned,Investigating,-7882613.771766246,5348906.512011769
BIDDEFORD,8,9/8/2024 11:30:00 AM,9/8/2024 11:30:00 AM,,Crew Assigned,Investigating,-7837841.072576975,5379053.136729102
WATERBORO,136,9/8/2024 11:45:00 AM,9/8/2024 11:45:00 AM,,Repairs in Progress,Investigating,-7873132.412491064,5409312.835980481
