BgName,NumOut,EtrMin,EtrMax,Desc,Status,Cause,x,y
"FRIENDSHIP,CUSHING",220,5/14/2022 10:45:00 AM,5/14/2022 10:45:00 AM,,Assessing,Vehicle Accident,-7717920.292040132,5463204.459199841
PARIS,4,5/14/2022 10:00:00 AM,5/14/2022 10:00:00 AM,,Assessing,Investigating,-7849506.742917783,5497055.868633129
DEXTER,1,5/14/2022 9:15:00 AM,5/14/2022 9:15:00 AM,,Assessing,Investigating,-7715999.886107781,5630877.6055584
FREEDOM,3,5/14/2022 10:30:00 AM,5/14/2022 10:30:00 AM,,Assessing,Investigating,-7715571.628987778,5546248.881540597
WATERVILLE,19,5/14/2022 10:00:00 AM,5/14/2022 10:00:00 AM,,Assessing,Investigating,-7751222.074308759,5551907.815088524
