BgName,NumOut,EtrMin,EtrMax,Desc,Status,Cause,x,y
HERMON,2,4/17/2021 10:45:00 AM,4/17/2021 10:45:00 AM,,Assessing,Investigating,-7670116.4745118795,5592769.9523182055
PARIS,2,4/17/2021 11:00:00 AM,4/17/2021 11:00:00 AM,,Assessing,Investigating,-7841539.2507679025,5505781.027401018
LIVERMORE,7,4/17/2021 9:45:00 AM,4/17/2021 9:45:00 AM,,Assessing,Tree,-7815687.347297745,5527003.98290273
JAY,11,4/17/2021 10:30:00 AM,4/17/2021 10:30:00 AM,,Assessing,Investigating,-7811745.635478799,5552694.733370351
NEW SHARON,35,4/17/2021 10:30:00 AM,4/17/2021 10:30:00 AM,,Assessing,Investigating,-7793712.601580347,5564342.509171047
CHESTERVILLE,37,4/17/2021 10:45:00 AM,4/17/2021 10:45:00 AM,,Assessing,Investigating,-7800634.970648721,5559932.954671138
RANGELEY PLT,62,4/17/2021 10:45:00 AM,4/17/2021 10:45:00 AM,,Assessing,Investigating,-7878453.038860275,5607759.639514925
YORK,1,4/17/2021 10:00:00 AM,4/17/2021 10:00:00 AM,,Repairs in Progress,Tree,-7865224.576424241,5329184.548700512
