BgName,NumOut,EtrMin,EtrMax,Desc,Status,Cause,x,y
BOOTHBAY,3,4/7/2021 6:00:00 PM,4/7/2021 6:00:00 PM,,Crew Assigned,Investigating,-7754402.861797518,5447649.69112206
BRUNSWICK,45,4/7/2021 7:00:00 PM,4/7/2021 7:00:00 PM,,Assessing,Vehicle Accident,-7779554.521167044,5455323.878149815
ISLESBORO,3,4/7/2021 6:00:00 PM,4/7/2021 6:00:00 PM,,Assessing,Investigating,-7671650.479280627,5506619.312795499
LEBANON,4,4/7/2021 6:00:00 PM,4/7/2021 6:00:00 PM,,Repairs in Progress,Investigating,-7899459.483195583,5377868.322210182
