BgName,NumOut,EtrMin,EtrMax,Desc,Status,Cause,x,y
PARSONSFIELD,35,5/24/2024 4:15:00 PM,5/24/2024 4:15:00 PM,,Crew Assigned,Investigating,-7902346.409416152,5432998.435367004
CHINA,2,5/24/2024 4:15:00 PM,5/24/2024 4:15:00 PM,,Crew Assigned,Investigating,-7739696.232401368,5535148.56567831
RAYMOND,33,5/24/2024 3:45:00 PM,5/24/2024 3:45:00 PM,,Crew Assigned,Investigating,-7847505.697211805,5449252.4198631905
"NAPLES,SEBAGO",1425,5/24/2024 4:15:00 PM,5/24/2024 4:15:00 PM,,Repairs in Progress,Investigating,-7859516.101771422,5460664.350313337
SHAPLEIGH,4,5/24/2024 3:45:00 PM,5/24/2024 3:45:00 PM,,Repairs in Progress,Investigating,-7882029.600505407,5392372.634763256
HIRAM,21,5/24/2024 4:15:00 PM,5/24/2024 4:15:00 PM,,Crew Assigned,Investigating,-7890061.324060269,5446993.026693827
ATHENS,2,5/24/2024 4:00:00 PM,5/24/2024 4:00:00 PM,,Crew Assigned,Investigating,-7762709.2104863385,5614322.084035474
ROME,31,5/24/2024 4:45:00 PM,5/24/2024 4:45:00 PM,,Crew Assigned,Investigating,-7775074.256755877,5553767.038444845
RANGELEY,28,5/24/2024 5:00:00 PM,5/24/2024 5:00:00 PM,,Assessing,Investigating,-7874718.069582917,5617104.355156056
