BgName,NumOut,EtrMin,EtrMax,Desc,Status,Cause,x,y
BROWNFIELD,57,Assessing,Assessing,,Assessing,Investigating,-7897752.9441803275,5452769.441663555
STANDISH,5,6/26/2023 2:00:00 PM,6/26/2023 2:00:00 PM,,Crew Assigned,Investigating,-7855424.932339509,5438016.201574855
 ,1,Assessing,Assessing,,Assessing,Investigating,-7875627.694478581,5438334.201765585
NEWFIELD,1,6/26/2023 3:15:00 PM,6/26/2023 3:15:00 PM,,Assessing,Investigating,-7893899.942869926,5410264.75218074
