BgName,NumOut,EtrMin,EtrMax,Desc,Status,Cause,x,y
OGUNQUIT,15,6/15/2022 11:00:00 AM,6/15/2022 11:00:00 AM,,Crew Assigned,Investigating,-7861674.063539859,5352292.24547853
YORK,13,6/15/2022 11:00:00 AM,6/15/2022 11:00:00 AM,,Crew Assigned,Investigating,-7866798.455831356,5337371.075484675
