BgName,NumOut,EtrMin,EtrMax,Desc,Status,Cause,x,y
LISBON,71,7/30/2022 7:30:00 PM,7/30/2022 7:30:00 PM,,Assessing,Investigating,-7803845.8367094705,5470520.26786874
ROCKLAND,24,7/30/2022 7:30:00 PM,7/30/2022 7:30:00 PM,,Assessing,Investigating,-7694774.209248749,5481837.740735527
"PHILLIPS,AVON",134,7/30/2022 9:00:00 PM,7/30/2022 9:00:00 PM,,Assessing,Investigating,-7830017.527671385,5593956.196103495
BELGRADE,4,7/30/2022 8:45:00 PM,7/30/2022 8:45:00 PM,,Assessing,Equipment Interruption,-7773891.609620647,5543107.811007983
FREEPORT,2,7/30/2022 8:45:00 PM,7/30/2022 8:45:00 PM,,Assessing,Investigating,-7808533.188748539,5443015.506708684
