BgName,NumOut,EtrMin,EtrMax,Desc,Status,Cause,x,y
HARPSWELL,2,7/15/2021 11:00:00 AM,7/15/2021 11:00:00 AM,,Assessing,Investigating,-7793294.285188667,5426930.517965305
HARPSWELL,45,7/15/2021 11:30:00 AM,7/15/2021 11:30:00 AM,,Assessing,Investigating,-7780724.177359339,5437521.386616433
GRAY,2,7/15/2021 10:45:00 AM,7/15/2021 10:45:00 AM,,Assessing,Investigating,-7830671.507380527,5441834.287464149
STRONG,1,7/15/2021 11:30:00 AM,7/15/2021 11:30:00 AM,,Assessing,Investigating,-7817501.287244869,5592052.390044525
WELD,1,7/15/2021 11:30:00 AM,7/15/2021 11:30:00 AM,,Assessing,Investigating,-7839712.375440037,5575543.520099527
NEW SHARON,3,7/15/2021 11:15:00 AM,7/15/2021 11:15:00 AM,,Assessing,Investigating,-7789283.978279739,5560575.937682267
