BgName,NumOut,EtrMin,EtrMax,Desc,Status,Cause,x,y
FALMOUTH,3,6/9/2022 1:00:00 AM,6/9/2022 1:00:00 AM,,Crew Assigned,Investigating,-7814993.637612179,5425382.406278741
BRIDGTON,1,6/9/2022 1:00:00 AM,6/9/2022 1:00:00 AM,,Repairs in Progress,Investigating,-7869174.4702026285,5461749.282466628
