BgName,NumOut,EtrMin,EtrMax,Desc,Status,Cause,x,y
BOOTHBAY HBR,97,5/24/2022 12:00:00 PM,5/24/2022 12:00:00 PM,,Assessing,Fire/Emergency,-7752488.033008593,5442290.342047283
BOOTHBAY HBR,39,5/24/2022 3:00:00 PM,5/24/2022 3:00:00 PM,,Assessing,Fire/Emergency,-7752687.150213872,5442836.819157904
OTISFIELD,47,5/24/2022 11:45:00 AM,5/24/2022 11:45:00 AM,,Assessing,Investigating,-7853010.824523857,5472437.996775624
WEST FORKS PLACE,5,5/24/2022 12:00:00 PM,5/24/2022 12:00:00 PM,,Assessing,Investigating,-7790427.140312671,5676536.241622957
PALMYRA,12,5/24/2022 12:00:00 PM,5/24/2022 12:00:00 PM,,Assessing,Investigating,-7719110.063650992,5600585.237511113
