BgName,NumOut,EtrMin,EtrMax,Desc,Status,Cause,x,y
FREEPORT,14,6/26/2024 4:00:00 PM,6/26/2024 4:00:00 PM,,Crew Assigned,Investigating,-7802914.804949514,5449192.636345457
HARRISON,4,6/26/2024 2:45:00 PM,6/26/2024 2:45:00 PM,,Crew Assigned,Investigating,-7862586.794212339,5483971.88798324
LIVERMORE FALLS,3,6/26/2024 3:00:00 PM,6/26/2024 3:00:00 PM,,Crew Assigned,Investigating,-7808221.894965214,5527451.521150197
RAYMOND,32,6/26/2024 2:45:00 PM,6/26/2024 2:45:00 PM,,Crew Assigned,Investigating,-7845102.6655955985,5452405.354975407
PARSONSFIELD,11,6/26/2024 3:45:00 PM,6/26/2024 3:45:00 PM,,Crew Assigned,Investigating,-7896976.4462159565,5428620.892306881
"BELGRADE,NEW SHARON,ROME",1432,6/26/2024 3:15:00 PM,6/26/2024 3:15:00 PM,,Repairs in Progress,Investigating,-7773184.608355589,5538224.7442484135
