BgName,NumOut,EtrMin,EtrMax,Desc,Status,Cause,x,y
WOOLWICH,4,7/18/2023 11:00:00 AM,7/18/2023 11:00:00 AM,,Assessing,Tree,-7772244.68223869,5461650.822804129
RAYMOND,54,7/18/2023 7:45:00 AM,7/18/2023 7:45:00 AM,,Assessing,Investigating,-7848665.167601422,5441610.274129237
WELLS,2656,7/18/2023 8:00:00 AM,7/18/2023 8:00:00 AM,,Assessing,Investigating,-7858611.697720324,5361147.295415449
