BgName,NumOut,EtrMin,EtrMax,Desc,Status,Cause,x,y
BERWICK,1,9/20/2021 5:30:00 PM,9/20/2021 5:30:00 PM,,Crew Assigned,Investigating,-7886897.501663378,5362491.216874398
SCARBOROUGH,19,9/20/2021 4:15:00 PM,9/20/2021 4:15:00 PM,,Assessing,Investigating,-7836845.252989144,5409860.5161714945
