BgName,NumOut,EtrMin,EtrMax,Desc,Status,Cause,x,y
SCARBOROUGH,26,8/27/2021 12:45:00 AM,8/27/2021 12:45:00 AM,,Investigating,Investigating,-7836119.880458046,5399500.150036002
SCARBOROUGH,11,8/27/2021 12:45:00 AM,8/27/2021 12:45:00 AM,,Investigating,Investigating,-7846254.160456871,5404240.836313833
WALES,2,8/26/2021 11:30:00 PM,8/26/2021 11:30:00 PM,,Assessing,Investigating,-7801633.406365226,5489433.736132911
