BgName,NumOut,EtrMin,EtrMax,Desc,Status,Cause,x,y
LEWISTON,16,6/28/2022 3:15:00 PM,6/28/2022 3:15:00 PM,,Assessing,Investigating,-7811594.0405732,5481050.629440028
SCARBOROUGH,46,6/28/2022 2:45:00 PM,6/28/2022 2:45:00 PM,,Assessing,Investigating,-7823753.613321785,5397785.197499394
