BgName,NumOut,EtrMin,EtrMax,Desc,Status,Cause,x,y
GREENVILLE,55,7/15/2024 1:00:00 AM,7/15/2024 1:00:00 AM,,Investigating,Investigating,-7740429.874590076,5693790.210333675
SANFORD,24,7/15/2024 2:00:00 AM,7/15/2024 2:00:00 AM,,Investigating,Investigating,-7882220.797744537,5373965.095084662
"SANFORD,LEBANON,NORTH BERWICK",1907,7/15/2024 2:00:00 AM,7/15/2024 2:00:00 AM,,Repairs in Progress,Investigating,-7878209.794656253,5378515.170790604
