BgName,NumOut,EtrMin,EtrMax,Desc,Status,Cause,x,y
GARDINER,2,10/1/2024 11:00:00 AM,10/1/2024 11:00:00 AM,,Crew Assigned,Investigating,-7774445.346110744,5492242.087977433
WATERBORO,172,10/1/2024 10:45:00 AM,10/1/2024 10:45:00 AM,,Crew Assigned,Investigating,-7872561.989120542,5412205.051284078
