BgName,NumOut,EtrMin,EtrMax,Desc,Status,Cause,x,y
BRISTOL,16,2/3/2022 6:45:00 PM,2/3/2022 6:45:00 PM,,Assessing,Investigating,-7738724.50228091,5456216.075786552
WOOLWICH,4,2/3/2022 5:15:00 PM,2/3/2022 5:15:00 PM,,Assessing,Investigating,-7768231.826176056,5456287.098011435
LOVELL,29,2/3/2022 6:15:00 PM,2/3/2022 6:15:00 PM,,Assessing,Investigating,-7890821.836529385,5499259.284409751
SCARBOROUGH,349,2/3/2022 7:00:00 PM,2/3/2022 7:00:00 PM,,Assessing,Investigating,-7826295.916648164,5396868.910929322
