BgName,NumOut,EtrMin,EtrMax,Desc,Status,Cause,x,y
HARPSWELL,14,7/22/2021 9:00:00 AM,7/22/2021 9:00:00 AM,,Assessing,Investigating,-7788192.713243806,5434563.09560682
"WINTHROP,READFIELD",28,7/22/2021 8:30:00 AM,7/22/2021 8:30:00 AM,,Assessing,Investigating,-7781003.923225791,5516678.6582409525
WAYNE,24,7/22/2021 9:00:00 AM,7/22/2021 9:00:00 AM,,Assessing,Investigating,-7796081.190839448,5518815.925324215
PARSONSFIELD,3,7/22/2021 9:30:00 AM,7/22/2021 9:30:00 AM,,Assessing,Investigating,-7890824.8087567,5427505.767472725
OAKLAND,12,7/22/2021 10:30:00 AM,7/22/2021 10:30:00 AM,,Assessing,Investigating,-7765727.326870052,5550290.963443769
