BgName,NumOut,EtrMin,EtrMax,Desc,Status,Cause,x,y
WATERFORD,7,3/12/2022 10:00:00 PM,3/12/2022 10:00:00 PM,,Assessing,Tree,-7868116.077866628,5493465.653567651
WOODSTOCK,5,3/12/2022 9:00:00 PM,3/12/2022 9:00:00 PM,,Assessing,Tree,-7866261.150135002,5530837.740878703
LOVELL,12,3/12/2022 8:15:00 PM,3/12/2022 8:15:00 PM,,Assessing,Investigating,-7891122.977947468,5496818.903787847
"BROOKS,KNOX",60,3/12/2022 8:15:00 PM,3/12/2022 8:15:00 PM,,Assessing,Investigating,-7698657.81231683,5549644.13150117
