BgName,NumOut,EtrMin,EtrMax,Desc,Status,Cause,x,y
BOOTHBAY,129,6/25/2023 7:30:00 AM,6/25/2023 7:30:00 AM,,Assessing,Tree,-7746702.914955964,5440600.29822545
SANFORD,240,6/25/2023 8:30:00 AM,6/25/2023 8:30:00 AM,,Crew Assigned,Investigating,-7879469.864463662,5379706.00140635
SANFORD,4,6/25/2023 8:30:00 AM,6/25/2023 8:30:00 AM,,Assessing,Investigating,-7879963.9671957,5380485.13591151
ISLESBORO,42,6/25/2023 7:30:00 AM,6/25/2023 7:30:00 AM,,Assessing,Investigating,-7670333.58085541,5513327.277757213
PARKMAN,26,6/25/2023 7:00:00 AM,6/25/2023 7:00:00 AM,,Assessing,Investigating,-7730411.663626786,5642604.308627257
TROY,36,6/25/2023 7:45:00 AM,6/25/2023 7:45:00 AM,,Assessing,Investigating,-7704772.836789028,5574821.369611196
"BELGRADE,OAKLAND",35,6/25/2023 7:45:00 AM,6/25/2023 7:45:00 AM,,Assessing,Investigating,-7766577.351344974,5544684.641993333
