BgName,NumOut,EtrMin,EtrMax,Desc,Status,Cause,x,y
PHIPPSBURG,7,4/9/2021 12:15:00 PM,4/9/2021 12:15:00 PM,,Assessing,Investigating,-7770466.798655491,5428910.592281154
ARROWSIC,2,4/9/2021 12:15:00 PM,4/9/2021 12:15:00 PM,,Assessing,Investigating,-7769066.956076981,5448470.213052871
STANDISH,1,4/9/2021 12:45:00 PM,4/9/2021 12:45:00 PM,,Crew Assigned,Investigating,-7864561.769032796,5430401.083849002
ABBOT,3,4/9/2021 11:15:00 AM,4/9/2021 11:15:00 AM,,Assessing,Investigating,-7732096.317141933,5653812.873596737
SANFORD,2,4/9/2021 11:30:00 AM,4/9/2021 11:30:00 AM,,Crew Assigned,Investigating,-7875047.875790302,5379848.698594197
