BgName,NumOut,EtrMin,EtrMax,Desc,Status,Cause,x,y
NORWAY,30,8/26/2022 2:30:00 PM,8/26/2022 2:30:00 PM,,Assessing,Investigating,-7864636.108153037,5504192.305921109
NO BERWICK,42,8/26/2022 1:45:00 PM,8/26/2022 1:45:00 PM,,Assessing,Investigating,-7875915.332880474,5360557.379801211
