BgName,NumOut,EtrMin,EtrMax,Desc,Status,Cause,x,y
JAY,27,4/27/2021 11:30:00 AM,4/27/2021 11:30:00 AM,,Assessing,Investigating,-7810017.611912281,5545945.766642157
LOVELL,13,4/27/2021 12:00:00 PM,4/27/2021 12:00:00 PM,,Assessing,Tree,-7891746.166787231,5493374.101710672
"ACTON,SHAPLEIGH,YORK,SANFORD",3635,4/27/2021 11:30:00 AM,4/27/2021 11:30:00 AM,,Assessing,Investigating,-7882500.058968448,5385270.301836072
PITTSFIELD,2,4/27/2021 11:15:00 AM,4/27/2021 11:15:00 AM,,Assessing,Investigating,-7723273.724334517,5590005.044725641
 ,1,4/27/2021 11:45:00 AM,4/27/2021 11:45:00 AM,,Assessing,Investigating,-7766764.1120175095,5600078.07331373
LIVERMORE,2,4/27/2021 10:30:00 AM,4/27/2021 10:30:00 AM,,Assessing,Investigating,-7819913.747616264,5525193.114697315
YORK,1,4/27/2021 11:45:00 AM,4/27/2021 11:45:00 AM,,Crew Assigned,Investigating,-7863570.112705602,5329821.189473303
