BgName,NumOut,EtrMin,EtrMax,Desc,Status,Cause,x,y
SIDNEY,89,8/28/2021 12:30:00 PM,8/28/2021 12:30:00 PM,,Assessing,Investigating,-7765041.665594423,5531391.397454518
POLAND,30,8/28/2021 12:15:00 PM,8/28/2021 12:15:00 PM,,Assessing,Investigating,-7829290.611312023,5469783.222351616
