BgName,NumOut,EtrMin,EtrMax,Desc,Status,Cause,x,y
JEFFERSON,4,5/6/2021 4:00:00 PM,5/6/2021 4:00:00 PM,,Assessing,Vehicle Accident,-7728988.777952276,5497813.312530929
GRAY,3,5/6/2021 4:00:00 PM,5/6/2021 4:00:00 PM,,Assessing,System Upgrade,-7826609.481473853,5443526.147979958
BRUNSWICK,6,5/6/2021 5:00:00 PM,5/6/2021 5:00:00 PM,,Assessing,Investigating,-7791581.913043411,5450635.490011953
