BgName,NumOut,EtrMin,EtrMax,Desc,Status,Cause,x,y
SO BRISTOL,4,9/15/2021 11:30:00 AM,9/15/2021 11:30:00 AM,,Assessing,Investigating,-7742568.564684496,5461643.629741514
ALNA,2,9/15/2021 11:45:00 AM,9/15/2021 11:45:00 AM,,Assessing,Investigating,-7749605.05861196,5480558.095331303
OGUNQUIT,7,9/15/2021 11:15:00 AM,9/15/2021 11:15:00 AM,,Assessing,Investigating,-7858103.435136794,5347856.006421768
OAKLAND,227,9/15/2021 11:30:00 AM,9/15/2021 11:30:00 AM,,Assessing,Investigating,-7762071.472259006,5549809.829629022
