BgName,NumOut,EtrMin,EtrMax,Desc,Status,Cause,x,y
PERU,11,6/26/2021 5:45:00 PM,6/26/2021 5:45:00 PM,,Assessing,Investigating,-7846175.919068168,5539886.959913613
"GUILFORD,WILLIMANTIC",18,6/26/2021 6:00:00 PM,6/26/2021 6:00:00 PM,,Assessing,Investigating,-7728076.882014255,5659631.522170226
