BgName,NumOut,EtrMin,EtrMax,Desc,Status,Cause,x,y
HOLLIS,51,8/12/2021 12:30:00 PM,8/12/2021 12:30:00 PM,,Assessing,Investigating,-7859671.347964519,5411492.1204620935
BRISTOL,2,8/12/2021 11:00:00 AM,8/12/2021 11:00:00 AM,,Assessing,Equipment Interruption,-7738076.845450029,5454519.731711972
