BgName,NumOut,EtrMin,EtrMax,Desc,Status,Cause,x,y
GREENE,12,9/16/2022 11:45:00 AM,9/16/2022 11:45:00 AM,,Assessing,Investigating,-7804758.021971381,5490588.927543188
ARUNDEL,32,9/16/2022 11:15:00 AM,9/16/2022 11:15:00 AM,,Crew Assigned,Equipment Interruption,-7852609.762648049,5382384.510954166
ARUNDEL,22,9/16/2022 11:15:00 AM,9/16/2022 11:15:00 AM,,Crew Assigned,Investigating,-7852484.416927568,5381784.794650653
CHESTERVILLE,76,9/16/2022 12:15:00 PM,9/16/2022 12:15:00 PM,,Assessing,Investigating,-7805545.440360811,5552333.628998544
EUSTIS,19,9/16/2022 11:30:00 AM,9/16/2022 11:30:00 AM,,Assessing,Investigating,-7843858.05799763,5652313.135070984
HARTFORD,1,9/16/2022 2:45:00 PM,9/16/2022 2:45:00 PM,,Assessing,Investigating,-7834041.916444514,5533063.825133501
FAIRFIELD,3,9/16/2022 4:30:00 PM,9/16/2022 4:30:00 PM,,Assessing,Investigating,-7747205.210759875,5558391.982259919
