BgName,NumOut,EtrMin,EtrMax,Desc,Status,Cause,x,y
WHITEFIELD,17,7/29/2023 3:45:00 PM,7/29/2023 3:45:00 PM,,Assessing,Investigating,-7746521.464127626,5504076.3875611145
DENMARK,13,7/29/2023 4:00:00 PM,7/29/2023 4:00:00 PM,,Assessing,Investigating,-7877037.299786148,5457913.583604053
WATERVILLE,30,7/29/2023 3:00:00 PM,7/29/2023 3:00:00 PM,,Assessing,Investigating,-7752664.185005059,5550767.030532219
