BgName,NumOut,EtrMin,EtrMax,Desc,Status,Cause,x,y
BERWICK,10,7/15/2024 6:30:00 PM,7/15/2024 6:30:00 PM,,Crew Assigned,Investigating,-7884944.122818912,5350087.914730476
CORINNA,120,7/15/2024 7:15:00 PM,7/15/2024 7:15:00 PM,,Assessing,Investigating,-7710512.9484584695,5609167.005722989
