BgName,NumOut,EtrMin,EtrMax,Desc,Status,Cause,x,y
GEORGETOWN,2,4/13/2023 1:45:00 PM,4/13/2023 1:45:00 PM,,Assessing,Investigating,-7767197.94638105,5436911.941877644
SACO,20,4/13/2023 2:45:00 PM,4/13/2023 2:45:00 PM,,Assessing,Investigating,-7839822.481600323,5387028.308158946
FALMOUTH,3,4/13/2023 3:15:00 PM,4/13/2023 3:15:00 PM,,Assessing,Investigating,-7814993.637612179,5425382.406278741
 ,7,4/13/2023 3:00:00 PM,4/13/2023 3:00:00 PM,,Assessing,Investigating,-7791081.565420427,5546249.115741468
