BgName,NumOut,EtrMin,EtrMax,Desc,Status,Cause,x,y
FALMOUTH,19,4/28/2024 12:00:00 PM,4/28/2024 12:00:00 PM,,Assessing,Investigating,-7815317.499465054,5424836.916885297
ALFRED,2,4/28/2024 10:15:00 AM,4/28/2024 10:15:00 AM,,Repairs in Progress,Investigating,-7872665.371553837,5385641.83009521
PARSONSFIELD,1,4/28/2024 12:15:00 PM,4/28/2024 12:15:00 PM,,Assessing,Investigating,-7890336.2831681,5435964.708109524
