BgName,NumOut,EtrMin,EtrMax,Desc,Status,Cause,x,y
"WALDOBORO,FRIENDSHIP,WARREN",534,3/28/2022 6:15:00 AM,3/28/2022 6:15:00 AM,,Assessing,Investigating,-7715218.089411656,5483756.535928554
"CUSHING,FRIENDSHIP,WALDOBORO,WARREN,UNION",2410,3/28/2022 6:15:00 AM,3/28/2022 6:15:00 AM,,Assessing,Investigating,-7722278.539256997,5481528.819380159
"WALDOBORO,NOBLEBORO,JEFFERSON,BRISTOL,BREMEN,BREMAN",2000,3/28/2022 6:15:00 AM,3/28/2022 6:15:00 AM,,Assessing,Investigating,-7722281.5114843035,5481528.664349077
"WARREN,UNION",1810,3/28/2022 6:15:00 AM,3/28/2022 6:15:00 AM,,Assessing,Investigating,-7707959.5465075355,5484778.510905212
FARMINGTON,3,3/28/2022 6:00:00 AM,3/28/2022 6:00:00 AM,,Assessing,Investigating,-7807235.637581959,5571073.022094141
WALDOBORO,1,3/28/2022 12:30:00 PM,3/28/2022 12:30:00 PM,,Assessing,Equipment Interruption,-7723397.656272311,5481918.712845163
