BgName,NumOut,EtrMin,EtrMax,Desc,Status,Cause,x,y
CHINA,1,5/18/2024 12:30:00 PM,5/18/2024 12:30:00 PM,,Assessing,Investigating,-7740633.854238701,5521131.73078762
STETSON,26,5/18/2024 10:45:00 AM,5/18/2024 10:45:00 AM,,Crew Assigned,Investigating,-7692032.499192975,5601576.528996963
