BgName,NumOut,EtrMin,EtrMax,Desc,Status,Cause,x,y
CUSHING,8,6/20/2023 9:15:00 PM,6/20/2023 9:15:00 PM,,Assessing,Investigating,-7715635.58198109,5460222.726509972
STOW,18,6/20/2023 10:30:00 PM,6/20/2023 10:30:00 PM,,Assessing,Investigating,-7902130.416218751,5490320.614269166
FALMOUTH,16,6/20/2023 11:00:00 PM,6/20/2023 11:00:00 PM,,Assessing,Investigating,-7826405.466185332,5424774.62614976
