BgName,NumOut,EtrMin,EtrMax,Desc,Status,Cause,x,y
SCARBOROUGH,5,1/14/2024 11:15:00 PM,1/14/2024 11:15:00 PM,,Investigating,Investigating,-7825655.794452058,5401646.685709939
BRISTOL,54,1/14/2024 9:45:00 PM,1/14/2024 9:45:00 PM,,Crew Assigned,Investigating,-7738559.827332631,5460626.672295047
SOUTH THOMASTON,11,1/14/2024 9:30:00 PM,1/14/2024 9:30:00 PM,,Assessing,Investigating,-7694866.882693675,5465341.5483941445
SOUTH THOMASTON,19,1/14/2024 9:30:00 PM,1/14/2024 9:30:00 PM,,Assessing,Investigating,-7694864.9457252985,5465340.697365766
GEORGETOWN,176,1/14/2024 10:00:00 PM,1/14/2024 10:00:00 PM,,Repairs in Progress,Investigating,-7765581.453769836,5432869.6730449265
SCARBOROUGH,162,1/14/2024 11:00:00 PM,1/14/2024 11:00:00 PM,,Assessing,Tree,-7824995.248592327,5401576.487212128
BUXTON,1,1/14/2024 11:30:00 PM,1/14/2024 11:30:00 PM,,Assessing,Investigating,-7856138.846543379,5410216.634816379
ACTON,1,1/14/2024 11:15:00 PM,1/14/2024 11:15:00 PM,,Assessing,Investigating,-7894897.387777247,5400527.302445451
