BgName,NumOut,EtrMin,EtrMax,Desc,Status,Cause,x,y
NEW GLOUCESTER,6,8/21/2022 6:30:00 PM,8/21/2022 6:30:00 PM,,Crew Assigned,Investigating,-7824412.914087673,5466539.845095694
"PORTLAND,GORHAM",84,8/21/2022 8:00:00 PM,8/21/2022 8:00:00 PM,,Assessing,Investigating,-7820606.15484377,5413370.124878124
PORTER,18,8/21/2022 6:45:00 PM,8/21/2022 6:45:00 PM,,Assessing,Investigating,-7890743.745909462,5436677.017899178
"DEXTER,RIPLEY,CAMBRIDGE,ST ALBANS,SAINT ALBANS,CORINNA",341,8/21/2022 5:30:00 PM,8/21/2022 5:30:00 PM,,Assessing,Investigating,-7714281.770032376,5623318.912336002
NO YARMOUTH,5,8/21/2022 7:15:00 PM,8/21/2022 7:15:00 PM,,Assessing,Investigating,-7820882.661383904,5440615.222488256
