BgName,NumOut,EtrMin,EtrMax,Desc,Status,Cause,x,y
AUBURN,2,8/15/2023 3:30:00 PM,8/15/2023 3:30:00 PM,,Crew Assigned,Investigating,-7823363.160122047,5485100.724058829
"POLAND,NEW GLOUCESTER",17,8/15/2023 4:00:00 PM,8/15/2023 4:00:00 PM,,Assessing,Vehicle Accident,-7829200.698657713,5469880.46876744
NORWAY,6,8/15/2023 3:15:00 PM,8/15/2023 3:15:00 PM,,Crew Assigned,Investigating,-7856616.195620236,5505573.337107937
"CARRABASSETT VAL,CARRABASSETT VALLEY",12,8/15/2023 4:15:00 PM,8/15/2023 4:15:00 PM,,Assessing,Investigating,-7820068.882484733,5633484.28721103
