BgName,NumOut,EtrMin,EtrMax,Desc,Status,Cause,x,y
NAPLES,14,8/1/2022 3:45:00 PM,8/1/2022 3:45:00 PM,,Repairs in Progress,Investigating,-7856453.947488701,5455676.424629892
 ,1,8/1/2022 4:00:00 PM,8/1/2022 4:00:00 PM,,Assessing,Investigating,-7766762.386585941,5600079.345499168
THOMASTON,1,8/1/2022 3:45:00 PM,8/1/2022 3:45:00 PM,,Crew Assigned,Investigating,-7700501.329875137,5481861.72371168
ACTON,1,8/1/2022 3:00:00 PM,8/1/2022 3:00:00 PM,,Crew Assigned,Investigating,-7898846.079409872,5405157.9626849145
