BgName,NumOut,EtrMin,EtrMax,Desc,Status,Cause,x,y
NEW GLOUCESTER,13,8/2/2022 8:15:00 AM,8/2/2022 8:15:00 AM,,Repairs in Progress,Investigating,-7831069.307605019,5458932.204773855
"STANDISH,BALDWIN",92,8/2/2022 8:00:00 AM,8/2/2022 8:00:00 AM,,Assessing,Tree,-7865003.4290569145,5433685.316531864
FAIRFIELD,22,8/2/2022 8:45:00 AM,8/2/2022 8:45:00 AM,,Assessing,Investigating,-7752977.482531512,5558583.307429789
MOSCOW,6,8/2/2022 9:15:00 AM,8/2/2022 9:15:00 AM,,Assessing,Investigating,-7778616.0867200205,5635606.794185287
