BgName,NumOut,EtrMin,EtrMax,Desc,Status,Cause,x,y
LEWISTON,6,8/25/2023 2:15:00 PM,8/25/2023 2:15:00 PM,,Investigating,Investigating,-7812735.3250042265,5482889.747662584
LEWISTON,17,8/25/2023 2:15:00 PM,8/25/2023 2:15:00 PM,,Investigating,Investigating,-7812649.06533932,5483021.409061912
JEFFERSON,16,8/25/2023 2:15:00 PM,8/25/2023 2:15:00 PM,,Assessing,Investigating,-7734836.4130907655,5496569.460473193
WISCASSET,17,8/25/2023 2:15:00 PM,8/25/2023 2:15:00 PM,,Assessing,Investigating,-7759671.03444648,5462960.786836055
LEWISTON,62,8/25/2023 2:15:00 PM,8/25/2023 2:15:00 PM,,Assessing,Investigating,-7813034.147426266,5482468.358928009
ELIOT,23,8/25/2023 1:15:00 PM,8/25/2023 1:15:00 PM,,Assessing,Investigating,-7877128.80442263,5339149.980276225
