BgName,NumOut,EtrMin,EtrMax,Desc,Status,Cause,x,y
PORTLAND,54,5/5/2023 10:00:00 PM,5/5/2023 10:00:00 PM,,Assessing,Investigating,-7826817.838122385,5419330.935724495
PORTLAND,108,5/5/2023 10:00:00 PM,5/5/2023 10:00:00 PM,,Assessing,Investigating,-7826577.1542846095,5418701.628893214
PORTLAND,17,5/6/2023 12:00:00 AM,5/6/2023 12:00:00 AM,,Assessing,Equipment Interruption,-7826245.889744666,5419618.03427987
"SO BERWICK,SOUTH BERWICK",42,5/5/2023 11:45:00 PM,5/5/2023 11:45:00 PM,,Assessing,Investigating,-7868034.4918337,5352240.74382938
