BgName,NumOut,EtrMin,EtrMax,Desc,Status,Cause,x,y
HARPSWELL,7,1/15/2023 12:30:00 PM,1/15/2023 12:30:00 PM,,Assessing,Investigating,-7791791.872786559,5424156.209860536
WESTPORT,71,1/15/2023 10:30:00 AM,1/15/2023 10:30:00 AM,,Assessing,Tree,-7755801.324030776,5461207.97597481
