BgName,NumOut,EtrMin,EtrMax,Desc,Status,Cause,x,y
HARPSWELL,1,8/16/2021 1:45:00 AM,8/16/2021 1:45:00 AM,,Assessing,Investigating,-7780734.496611408,5433572.552294438
JACKSON,2,8/16/2021 1:30:00 AM,8/16/2021 1:30:00 AM,,Assessing,Investigating,-7692778.64037391,5561864.417551349
KENNEBUNKPORT,5,8/16/2021 2:00:00 AM,8/16/2021 2:00:00 AM,,Repairs in Progress,Investigating,-7839465.680372884,5372317.298276292
