BgName,NumOut,EtrMin,EtrMax,Desc,Status,Cause,x,y
RUMFORD,46,4/14/2023 2:00:00 PM,4/14/2023 2:00:00 PM,,Assessing,Investigating,-7853918.512451144,5551237.764300395
"MEXICO,RUMFORD",1919,4/14/2023 4:15:00 PM,4/14/2023 4:15:00 PM,,Assessing,Vehicle Accident,-7853004.278896234,5548965.64226367
YARMOUTH,3,4/14/2023 1:15:00 PM,4/14/2023 1:15:00 PM,,Assessing,Investigating,-7807710.181518551,5429635.845251179
