BgName,NumOut,EtrMin,EtrMax,Desc,Status,Cause,x,y
BRUNSWICK,68,7/17/2023 2:15:00 AM,7/17/2023 2:15:00 AM,,Investigating,Investigating,-7789204.3828752525,5449156.844969931
PHIPPSBURG,23,7/17/2023 1:15:00 AM,7/17/2023 1:15:00 AM,,Assessing,Investigating,-7776925.29953843,5426818.437236449
BOOTHBAY,34,7/18/2023 12:00:00 AM,7/18/2023 12:00:00 AM,,Assessing,Investigating,-7748520.561852903,5450876.348162643
EDGECOMB,35,7/17/2023 2:00:00 AM,7/17/2023 2:00:00 AM,,Assessing,Investigating,-7751023.54716404,5458271.935211825
RICHMOND,7,7/17/2023 12:15:00 AM,7/17/2023 12:15:00 AM,,Assessing,Investigating,-7778864.173344975,5486871.741713693
ST GEORGE,17,7/17/2023 12:15:00 AM,7/17/2023 12:15:00 AM,,Assessing,Investigating,-7704095.546784764,5458426.196934857
WALDOBORO,2,7/17/2023 1:15:00 AM,7/17/2023 1:15:00 AM,,Assessing,Investigating,-7725227.325728116,5482212.3452364495
BELFAST,7,7/17/2023 12:30:00 AM,7/17/2023 12:30:00 AM,,Assessing,Investigating,-7679637.886524806,5527112.106685824
