BgName,NumOut,EtrMin,EtrMax,Desc,Status,Cause,x,y
BRIDGTON,22,9/5/2021 4:45:00 PM,9/5/2021 4:45:00 PM,,Assessing,Investigating,-7884791.058568435,5477531.9493378615
BRIDGTON,1,9/5/2021 4:45:00 PM,9/5/2021 4:45:00 PM,,Assessing,Investigating,-7884667.482829388,5477379.473635336
ELIOT,2,9/5/2021 5:00:00 PM,9/5/2021 5:00:00 PM,,Assessing,Investigating,-7882990.321101054,5333626.232104832
