BgName,NumOut,EtrMin,EtrMax,Desc,Status,Cause,x,y
"GUILFORD,DOVER-FOXCROFT",97,4/22/2024 12:45:00 PM,4/22/2024 12:45:00 PM,,Assessing,Investigating,-7713409.693070414,5649626.6296275845
ALBION,1,4/22/2024 11:45:00 AM,4/22/2024 11:45:00 AM,,Assessing,Investigating,-7723248.632945518,5549012.619305305
KITTERY,21,4/22/2024 12:30:00 PM,4/22/2024 12:30:00 PM,,Assessing,Investigating,-7872793.823051133,5330673.985087884
KITTERY,6,4/22/2024 1:00:00 PM,4/22/2024 1:00:00 PM,,Crew Assigned,Investigating,-7872546.5156985475,5330755.1235853275
KITTERY,16,4/22/2024 12:30:00 PM,4/22/2024 12:30:00 PM,,Assessing,Investigating,-7872684.028639843,5330690.334748955
