BgName,NumOut,EtrMin,EtrMax,Desc,Status,Cause,x,y
AUBURN,52,6/12/2024 6:15:00 PM,6/12/2024 6:15:00 PM,,Investigating,Investigating,-7822670.361856787,5479478.9890558375
AUBURN,19,6/12/2024 6:15:00 PM,6/12/2024 6:15:00 PM,,Investigating,Investigating,-7822222.881116566,5481028.599473245
AUBURN,14,6/12/2024 6:15:00 PM,6/12/2024 6:15:00 PM,,Investigating,Investigating,-7821962.750408646,5479278.139328178
WINDHAM,111,6/12/2024 5:15:00 PM,6/12/2024 5:15:00 PM,,Assessing,Investigating,-7838877.790949683,5425047.257171358
