BgName,NumOut,EtrMin,EtrMax,Desc,Status,Cause,x,y
ARROWSIC,16,8/30/2024 4:30:00 PM,8/30/2024 4:30:00 PM,,Crew Assigned,Investigating,-7769736.442645551,5447855.502121476
NEWRY,65,8/30/2024 4:00:00 PM,8/30/2024 4:00:00 PM,,Repairs in Progress,Equipment Interruption,-7887970.087188196,5538650.136480358
