BgName,NumOut,EtrMin,EtrMax,Desc,Status,Cause,x,y
SACO,2,9/29/2023 3:00:00 PM,9/29/2023 3:00:00 PM,,Crew Assigned,Investigating,-7842408.978800321,5394057.589950053
OGUNQUIT,8,9/29/2023 2:15:00 PM,9/29/2023 2:15:00 PM,,Repairs in Progress,Investigating,-7858466.670667226,5352051.64733413
