BgName,NumOut,EtrMin,EtrMax,Desc,Status,Cause,x,y
BUCKFIELD,6,9/5/2022 4:30:00 PM,9/5/2022 4:30:00 PM,,Investigating,Investigating,-7833480.463416,5512588.895403917
SWEDEN,21,9/5/2022 2:45:00 PM,9/5/2022 2:45:00 PM,,Assessing,Investigating,-7879769.970622808,5485765.222732462
LOVELL,10,9/5/2022 3:30:00 PM,9/5/2022 3:30:00 PM,,Assessing,Investigating,-7894191.065572378,5489395.443269301
BUCKFIELD,20,9/5/2022 4:30:00 PM,9/5/2022 4:30:00 PM,,Assessing,Investigating,-7833731.212621629,5511297.769754883
STANDISH,128,9/5/2022 3:15:00 PM,9/5/2022 3:15:00 PM,,Assessing,Investigating,-7855428.884163445,5433374.339160594
YORK,6,9/5/2022 4:00:00 PM,9/5/2022 4:00:00 PM,,Assessing,Investigating,-7862867.820311969,5332475.760617169
NEW PORTLAND,31,9/5/2022 4:00:00 PM,9/5/2022 4:00:00 PM,,Assessing,Investigating,-7803857.235770352,5603412.3936861465
