BgName,NumOut,EtrMin,EtrMax,Desc,Status,Cause,x,y
WINDSOR,4,9/12/2024 4:00:00 PM,9/12/2024 4:00:00 PM,,Repairs in Progress,Investigating,-7749198.174718597,5515318.695425176
CARRABASSETT VALLEY,187,9/12/2024 3:30:00 PM,9/12/2024 3:30:00 PM,,Assessing,System Upgrade,-7827425.865189028,5631667.5278950725
