BgName,NumOut,EtrMin,EtrMax,Desc,Status,Cause,x,y
OAKLAND,490,3/20/2022 7:30:00 PM,3/20/2022 7:30:00 PM,,Assessing,Investigating,-7761159.554196217,5551051.233000942
JEFFERSON,1,3/20/2022 9:15:00 PM,3/20/2022 9:15:00 PM,,Assessing,Tree,-7735664.073429751,5490784.81001476
