BgName,NumOut,EtrMin,EtrMax,Desc,Status,Cause,x,y
FREEPORT,32,6/23/2023 3:45:00 PM,6/23/2023 3:45:00 PM,,Assessing,Investigating,-7800561.388475857,5448614.084547394
WATERVILLE,22,6/23/2023 3:30:00 PM,6/23/2023 3:30:00 PM,,Assessing,Investigating,-7752697.380466309,5550960.522729788
