BgName,NumOut,EtrMin,EtrMax,Desc,Status,Cause,x,y
NAPLES,46,4/11/2021 8:30:00 AM,4/11/2021 8:30:00 AM,,Assessing,Investigating,-7859740.232478499,5460652.780835813
LIMINGTON,1,4/11/2021 8:45:00 AM,4/11/2021 8:45:00 AM,,Crew Assigned,Investigating,-7869755.201712781,5416083.316464754
