BgName,NumOut,EtrMin,EtrMax,Desc,Status,Cause,x,y
CANAAN,3,1/24/2024 5:15:00 AM,1/24/2024 5:15:00 AM,,Investigating,Investigating,-7738971.408884871,5587961.3149530785
CANAAN,4,1/24/2024 8:00:00 AM,1/24/2024 8:00:00 AM,,Assessing,Investigating,-7738951.204466676,5588502.747650495
