BgName,NumOut,EtrMin,EtrMax,Desc,Status,Cause,x,y
RUMFORD,20,3/23/2021 9:30:00 AM,3/23/2021 9:30:00 AM,,Assessing,Investigating,-7854622.252064893,5552629.395108629
FALMOUTH,7,3/23/2021 9:15:00 AM,3/23/2021 9:15:00 AM,,Crew Assigned,Investigating,-7822208.676815308,5421241.136984974
