BgName,NumOut,EtrMin,EtrMax,Desc,Status,Cause,x,y
DENMARK,29,4/29/2024 3:45:00 PM,4/29/2024 3:45:00 PM,,Repairs in Progress,Investigating,-7875206.606283959,5457697.4351475
ORLAND,2,4/29/2024 4:00:00 PM,4/29/2024 4:00:00 PM,,Repairs in Progress,Investigating,-7647121.162703737,5554199.61187436
