BgName,NumOut,EtrMin,EtrMax,Desc,Status,Cause,x,y
BOOTHBAY HBR,145,7/25/2022 8:30:00 AM,7/25/2022 8:30:00 AM,,Assessing,Investigating,-7749973.748748649,5442807.179750625
YORK,12,7/25/2022 7:45:00 AM,7/25/2022 7:45:00 AM,,Repairs in Progress,Investigating,-7863812.188101178,5332710.087405967
SCARBOROUGH,91,7/25/2022 7:30:00 AM,7/25/2022 7:30:00 AM,,Assessing,Investigating,-7831656.106006863,5402366.516207547
