BgName,NumOut,EtrMin,EtrMax,Desc,Status,Cause,x,y
SACO,49,6/19/2024 4:45:00 AM,6/19/2024 4:45:00 AM,,Crew Assigned,Investigating,-7849711.59304087,5400269.146819393
EMBDEN,102,6/19/2024 4:45:00 AM,6/19/2024 4:45:00 AM,,Crew Assigned,Investigating,-7786025.868230869,5612947.383440119
