BgName,NumOut,EtrMin,EtrMax,Desc,Status,Cause,x,y
BOWDOINHAM,33,8/9/2021 2:45:00 PM,8/9/2021 2:45:00 PM,,Assessing,Investigating,-7782041.031234678,5467238.182132936
AUGUSTA,32,8/9/2021 2:15:00 PM,8/9/2021 2:15:00 PM,,Assessing,Investigating,-7769249.575713764,5518729.925015474
JAY,9,8/9/2021 3:00:00 PM,8/9/2021 3:00:00 PM,,Assessing,Investigating,-7817105.924949566,5543830.878309683
STONEHAM,1,8/9/2021 3:00:00 PM,8/9/2021 3:00:00 PM,,Assessing,Investigating,-7893792.230189056,5505338.840226392
