BgName,NumOut,EtrMin,EtrMax,Desc,Status,Cause,x,y
"FARMINGDALE,HALLOWELL",2114,7/17/2023 7:30:00 PM,7/17/2023 7:30:00 PM,,Assessing,Investigating,-7767237.943456484,5504666.981743445
"FREEPORT,POWNAL",102,7/17/2023 7:45:00 PM,7/17/2023 7:45:00 PM,,Assessing,Investigating,-7805290.518784348,5444526.609624963
APPLETON,5,7/17/2023 6:15:00 PM,7/17/2023 6:15:00 PM,,Assessing,Investigating,-7706821.315795048,5508710.239667176
WOOLWICH,4,7/17/2023 9:00:00 PM,7/17/2023 9:00:00 PM,,Assessing,Tree,-7772244.68223869,5461650.822804129
SACO,155,7/17/2023 7:15:00 PM,7/17/2023 7:15:00 PM,,Assessing,Investigating,-7843855.82049282,5392254.0175038325
WELLS,17,7/17/2023 7:15:00 PM,7/17/2023 7:15:00 PM,,Assessing,Investigating,-7867471.493475239,5353366.62830469
SCARBOROUGH,277,7/17/2023 8:00:00 PM,7/17/2023 8:00:00 PM,,Assessing,Investigating,-7837738.435978629,5405012.322955764
