BgName,NumOut,EtrMin,EtrMax,Desc,Status,Cause,x,y
CHINA,91,4/27/2024 7:45:00 PM,4/27/2024 7:45:00 PM,,Crew Assigned,Investigating,-7735769.470718612,5538863.183209749
AUBURN,3,4/27/2024 6:00:00 PM,4/27/2024 6:00:00 PM,,Repairs in Progress,Investigating,-7821788.367893061,5493259.841684614
BENTON,1,4/27/2024 7:00:00 PM,4/27/2024 7:00:00 PM,,Crew Assigned,Investigating,-7739602.879896258,5560432.060023596
