BgName,NumOut,EtrMin,EtrMax,Desc,Status,Cause,x,y
BRIDGTON,12,6/27/2023 4:30:00 PM,6/27/2023 4:30:00 PM,,Assessing,Investigating,-7869542.392279502,5481337.118767765
"WINDHAM,FALMOUTH",44,6/27/2023 6:45:00 PM,6/27/2023 6:45:00 PM,,Assessing,Investigating,-7833249.421872463,5428188.047122618
MONTVILLE,4,6/27/2023 5:00:00 PM,6/27/2023 5:00:00 PM,,Assessing,Investigating,-7707395.913638762,5531286.527300879
CHESTERVILLE,1,6/27/2023 6:30:00 PM,6/27/2023 6:30:00 PM,,Assessing,Investigating,-7805292.33331566,5554390.16129338
JAY,7,6/27/2023 6:00:00 PM,6/27/2023 6:00:00 PM,,Assessing,Investigating,-7811842.806258345,5554579.292614722
