BgName,NumOut,EtrMin,EtrMax,Desc,Status,Cause,x,y
MECHANIC FALLS,69,9/4/2024 9:30:00 AM,9/4/2024 9:30:00 AM,,Assessing,Investigating,-7837647.487965264,5480479.878921703
BIDDEFORD,45,9/4/2024 9:15:00 AM,9/4/2024 9:15:00 AM,,Assessing,Investigating,-7843938.241460425,5387615.765374969
"YORK,ELIOT",141,9/4/2024 8:15:00 AM,9/4/2024 8:15:00 AM,,Assessing,Investigating,-7875228.001835589,5340307.626791395
OAKLAND,23,9/4/2024 8:45:00 AM,9/4/2024 8:45:00 AM,,Crew Assigned,Investigating,-7762509.492208182,5549888.548766448
BELGRADE,4,9/4/2024 8:45:00 AM,9/4/2024 8:45:00 AM,,Crew Assigned,Investigating,-7775169.412679863,5539757.138670211
