BgName,NumOut,EtrMin,EtrMax,Desc,Status,Cause,x,y
BRUNSWICK,20,3/2/2024 11:00:00 AM,3/2/2024 11:00:00 AM,,Repairs in Progress,Investigating,-7790940.4010915235,5450831.170339285
KENNEBUNK,4,3/2/2024 11:30:00 AM,3/2/2024 11:30:00 AM,,Crew Assigned,Investigating,-7845695.085690745,5366094.2427460905
SOUTH PORTLAND,27,3/2/2024 11:45:00 AM,3/2/2024 11:45:00 AM,,Crew Assigned,Investigating,-7822285.264652921,5409416.982916433
PEAKS ISLAND,16,3/2/2024 12:00:00 PM,3/2/2024 12:00:00 PM,,Assessing,Investigating,-7813353.5452818405,5413197.734962393
BELGRADE,53,3/2/2024 10:00:00 AM,3/2/2024 10:00:00 AM,,Crew Assigned,Investigating,-7779654.975822785,5546931.789867313
