BgName,NumOut,EtrMin,EtrMax,Desc,Status,Cause,x,y
PORTER,6,8/14/2024 7:30:00 PM,8/14/2024 7:30:00 PM,,Investigating,Investigating,-7894026.168475408,5443802.445149354
HIRAM,6,8/14/2024 7:30:00 PM,8/14/2024 7:30:00 PM,,Investigating,Investigating,-7891202.01092233,5442420.613811542
"PARSONSFIELD,PORTER,HIRAM,CORNISH",1052,8/14/2024 5:45:00 PM,8/14/2024 5:45:00 PM,,Assessing,Investigating,-7884243.077221031,5435496.302890912
"PORTER,PARSONSFIELD",749,8/14/2024 5:45:00 PM,8/14/2024 5:45:00 PM,,Assessing,Investigating,-7891383.487879915,5435779.292958525
"PORTER,PARSONSFIELD",189,8/14/2024 5:45:00 PM,8/14/2024 5:45:00 PM,,Assessing,Investigating,-7893092.342287183,5434944.245765556
PORTER,211,8/14/2024 5:45:00 PM,8/14/2024 5:45:00 PM,,Assessing,Investigating,-7893088.434913,5434985.319988568
HIRAM,130,8/14/2024 7:30:00 PM,8/14/2024 7:30:00 PM,,Assessing,Investigating,-7885164.279377062,5436533.687713223
WILLIMANTIC,102,8/14/2024 7:00:00 PM,8/14/2024 7:00:00 PM,,Assessing,Investigating,-7719560.428920347,5665662.373380412
