BgName,NumOut,EtrMin,EtrMax,Desc,Status,Cause,x,y
TOPSHAM,70,6/1/2024 8:15:00 AM,6/1/2024 8:15:00 AM,,Investigating,Investigating,-7788890.955303217,5454955.9034294505
HALLOWELL,7,6/1/2024 8:00:00 AM,6/1/2024 8:00:00 AM,,Assessing,Investigating,-7769473.828857908,5509489.999705041
WEST BATH,5,6/1/2024 8:15:00 AM,6/1/2024 8:15:00 AM,,Assessing,Investigating,-7776360.6536356,5453453.193953301
LEBANON,4,6/1/2024 8:00:00 AM,6/1/2024 8:00:00 AM,,Assessing,Investigating,-7901073.0146919275,5368601.475955985
FREEPORT,4,6/1/2024 8:00:00 AM,6/1/2024 8:00:00 AM,,Assessing,Investigating,-7804711.657367705,5439271.587110282
