BgName,NumOut,EtrMin,EtrMax,Desc,Status,Cause,x,y
GORHAM,18,6/9/2024 4:00:00 PM,6/9/2024 4:00:00 PM,,Assessing,Investigating,-7842651.443832085,5425711.881786965
KITTERY,15,6/9/2024 4:00:00 PM,6/9/2024 4:00:00 PM,,Assessing,Investigating,-7871925.709125657,5325244.283837751
