BgName,NumOut,EtrMin,EtrMax,Desc,Status,Cause,x,y
BATH,6,4/2/2023 2:00:00 PM,4/2/2023 2:00:00 PM,,Investigating,Investigating,-7772403.691544465,5452278.36328247
"HARPSWELL,BRUNSWICK",2659,4/2/2023 1:30:00 PM,4/2/2023 1:30:00 PM,,Assessing,Tree,-7789533.968435629,5450597.374126294
ROCKPORT,8,4/2/2023 12:45:00 PM,4/2/2023 12:45:00 PM,,Assessing,Investigating,-7699985.163643728,5497894.363900453
CUMBERLAND,63,4/2/2023 1:15:00 PM,4/2/2023 1:15:00 PM,,Assessing,Investigating,-7825122.186194869,5437416.335772186
"EMBDEN,ANSON",212,4/2/2023 1:00:00 PM,4/2/2023 1:00:00 PM,,Assessing,Investigating,-7777951.275585446,5611592.344715973
"EMBDEN,ANSON",703,4/2/2023 1:00:00 PM,4/2/2023 1:00:00 PM,,Assessing,Tree,-7782960.441184389,5608965.899526476
SOLON,1,4/2/2023 3:00:00 PM,4/2/2023 3:00:00 PM,,Assessing,Investigating,-7771408.160779958,5618011.427627767
BATH,11,4/2/2023 2:15:00 PM,4/2/2023 2:15:00 PM,,Assessing,Investigating,-7772497.488847513,5452281.4821133185
