BgName,NumOut,EtrMin,EtrMax,Desc,Status,Cause,x,y
GEORGETOWN,2,4/13/2023 3:30:00 AM,4/13/2023 3:30:00 AM,,Assessing,Investigating,-7767197.94638105,5436911.941877644
BIDDEFORD,262,4/13/2023 5:00:00 AM,4/13/2023 5:00:00 AM,,Assessing,Vehicle Accident,-7847240.901481546,5383452.732551515
