BgName,NumOut,EtrMin,EtrMax,Desc,Status,Cause,x,y
CARRABASSETT VAL,107,1/17/2022 9:30:00 PM,1/17/2022 9:30:00 PM,,Investigating,Investigating,-7827323.398681085,5631535.019648483
YORK,11,1/17/2022 10:00:00 PM,1/17/2022 10:00:00 PM,,Assessing,Investigating,-7866550.090994953,5336094.807461391
ORLAND,21,1/17/2022 10:15:00 PM,1/17/2022 10:15:00 PM,,Assessing,Investigating,-7639551.114579596,5550347.9753063
CARRABASSETT VAL,133,1/17/2022 9:15:00 PM,1/17/2022 9:15:00 PM,,Assessing,Investigating,-7827358.728431596,5632246.546652593
