BgName,NumOut,EtrMin,EtrMax,Desc,Status,Cause,x,y
BOOTHBAY,32,3/7/2023 10:00:00 AM,3/7/2023 10:00:00 AM,,Assessing,Investigating,-7746907.397667749,5449839.122477389
WELLS,10,3/7/2023 9:45:00 AM,3/7/2023 9:45:00 AM,,Assessing,Investigating,-7866543.077843955,5363723.095080132
