BgName,NumOut,EtrMin,EtrMax,Desc,Status,Cause,x,y
"FRYEBURG,STOW",87,9/19/2021 1:30:00 PM,9/19/2021 1:30:00 PM,,Assessing,Investigating,-7904481.138776654,5500044.34339928
GREENE,34,9/19/2021 2:30:00 PM,9/19/2021 2:30:00 PM,,Assessing,Investigating,-7806239.161158818,5496405.3012449825
WATERVILLE,2,9/19/2021 4:00:00 PM,9/19/2021 4:00:00 PM,,Assessing,Investigating,-7752449.0044173505,5553710.677118879
RANGELEY,2,9/19/2021 11:15:00 PM,9/19/2021 11:15:00 PM,,Assessing,Investigating,-7863864.708596173,5615826.413038967
WATERBORO,1,9/19/2021 3:00:00 PM,9/19/2021 3:00:00 PM,,Repairs in Progress,Investigating,-7875616.473517073,5397874.036764998
