BgName,NumOut,EtrMin,EtrMax,Desc,Status,Cause,x,y
WEST GARDINER,106,3/31/2022 12:45:00 PM,3/31/2022 12:45:00 PM,,Assessing,Investigating,-7781528.527403209,5500303.947629321
LIVERMORE,2,3/31/2022 12:15:00 PM,3/31/2022 12:15:00 PM,,Assessing,Investigating,-7815624.318238754,5531951.276123978
PORTLAND,59,3/31/2022 1:15:00 PM,3/31/2022 1:15:00 PM,,Assessing,Investigating,-7820548.201967401,5412640.978839146
