BgName,NumOut,EtrMin,EtrMax,Desc,Status,Cause,x,y
FALMOUTH,48,5/21/2021 12:00:00 PM,5/21/2021 12:00:00 PM,,Assessing,Tree,-7819231.982502263,5418799.876893241
 ,12,5/21/2021 12:00:00 PM,5/21/2021 12:00:00 PM,,Assessing,Tree,-7819285.237819868,5418660.350049031
