BgName,NumOut,EtrMin,EtrMax,Desc,Status,Cause,x,y
LINCOLNVILLE,4,2/28/2021 6:45:00 PM,2/28/2021 6:45:00 PM,,Assessing,Investigating,-7691129.709248823,5513665.1995835295
WOOLWICH,1,2/28/2021 7:15:00 PM,2/28/2021 7:15:00 PM,,Assessing,Investigating,-7763590.638216182,5461442.800110266
