BgName,NumOut,EtrMin,EtrMax,Desc,Status,Cause,x,y
JAY,82,6/18/2022 8:00:00 AM,6/18/2022 8:00:00 AM,,Assessing,Animal,-7813137.975158057,5540224.432222431
RUMFORD,17,6/18/2022 9:30:00 AM,6/18/2022 9:30:00 AM,,Assessing,Investigating,-7854921.334077532,5544143.2881937735
GREENE,17,6/18/2022 9:15:00 AM,6/18/2022 9:15:00 AM,,Assessing,Investigating,-7803485.762618167,5497764.113705761
INDUSTRY,7,6/18/2022 8:45:00 AM,6/18/2022 8:45:00 AM,,Assessing,Investigating,-7801270.3823716,5579642.951478913
SO BERWICK,1,6/18/2022 8:15:00 AM,6/18/2022 8:15:00 AM,,Crew Assigned,Investigating,-7881838.153186325,5342763.067515702
