BgName,NumOut,EtrMin,EtrMax,Desc,Status,Cause,x,y
"BRISTOL,BREMEN",43,7/26/2023 3:00:00 PM,7/26/2023 3:00:00 PM,,Assessing,Investigating,-7736513.875355534,5461614.48652989
JEFFERSON,1,7/26/2023 2:15:00 PM,7/26/2023 2:15:00 PM,,Assessing,Investigating,-7740940.673012401,5498762.16649839
CAPE ELIZABETH,3,7/26/2023 2:00:00 PM,7/26/2023 2:00:00 PM,,Assessing,System Upgrade,-7815834.378093968,5406577.6128555965
