BgName,NumOut,EtrMin,EtrMax,Desc,Status,Cause,x,y
BENTON,8,6/23/2021 12:45:00 AM,6/23/2021 12:45:00 AM,,Assessing,Investigating,-7746578.849368552,5556657.074978738
SO BRISTOL,1,6/23/2021 12:15:00 AM,6/23/2021 12:15:00 AM,,Crew Assigned,Investigating,-7744778.234338234,5446387.865627408
