BgName,NumOut,EtrMin,EtrMax,Desc,Status,Cause,x,y
BELGRADE,13,10/7/2023 3:00:00 PM,10/7/2023 3:00:00 PM,,Investigating,Investigating,-7781436.268822711,5534922.64782198
EUSTIS,9,10/7/2023 2:45:00 PM,10/7/2023 2:45:00 PM,,Assessing,Investigating,-7840892.106010268,5643949.876963496
