BgName,NumOut,EtrMin,EtrMax,Desc,Status,Cause,x,y
AUGUSTA; HALLOWELL,70,1/3/2023 11:15:00 PM,1/3/2023 11:15:00 PM,,Investigating,Investigating,-7772061.645735241,5514436.343207761
DENMARK,36,1/4/2023 12:00:00 AM,1/4/2023 12:00:00 AM,,Investigating,Investigating,-7877072.759382018,5460826.358608633
NAPLES,2,1/4/2023 1:15:00 AM,1/4/2023 1:15:00 AM,,Investigating,Investigating,-7866112.559192243,5457397.341702253
