BgName,NumOut,EtrMin,EtrMax,Desc,Status,Cause,x,y
MECHANIC FALLS,62,3/22/2022 3:30:00 PM,3/22/2022 3:30:00 PM,,Assessing,Investigating,-7837647.487965264,5480479.878921703
NORWAY,2,3/22/2022 4:00:00 PM,3/22/2022 4:00:00 PM,,Assessing,Investigating,-7864430.078008951,5503583.591996515
"STANDISH,BUXTON",44,3/22/2022 3:30:00 PM,3/22/2022 3:30:00 PM,,Assessing,Investigating,-7855780.609308373,5421234.052569177
LIMERICK,2,3/22/2022 4:45:00 PM,3/22/2022 4:45:00 PM,,Assessing,Investigating,-7884093.174409676,5421132.436697387
CORINNA,2,3/22/2022 3:45:00 PM,3/22/2022 3:45:00 PM,,Assessing,Investigating,-7706303.925092887,5621780.68186277
AUBURN,1,3/22/2022 3:30:00 PM,3/22/2022 3:30:00 PM,,Assessing,Tree,-7821938.593565845,5486645.417199585
