BgName,NumOut,EtrMin,EtrMax,Desc,Status,Cause,x,y
"HARRISON,OTISFIELD",65,6/29/2023 4:00:00 AM,6/29/2023 4:00:00 AM,,Assessing,Investigating,-7862952.790433272,5481202.7012815215
ISLESBORO,1007,6/29/2023 8:00:00 AM,6/29/2023 8:00:00 AM,,Assessing,Investigating,-7673020.1098377565,5511763.607135136
