BgName,NumOut,EtrMin,EtrMax,Desc,Status,Cause,x,y
YORK,11,9/26/2024 11:15:00 PM,9/26/2024 11:15:00 PM,,Investigating,Investigating,-7860071.5215459,5341618.792744336
YARMOUTH,165,9/27/2024 12:45:00 AM,9/27/2024 12:45:00 AM,,Investigating,Investigating,-7811229.354919402,5432364.26659138
SCARBOROUGH,6,9/27/2024 1:00:00 AM,9/27/2024 1:00:00 AM,,Repairs in Progress,Investigating,-7824400.702316994,5400235.98671303
WINDHAM,14,9/26/2024 11:15:00 PM,9/26/2024 11:15:00 PM,,Assessing,Investigating,-7832265.624743382,5428675.8104672
PORTLAND,6,9/27/2024 12:15:00 AM,9/27/2024 12:15:00 AM,,Assessing,Investigating,-7827311.640217864,5412266.872600459
