BgName,NumOut,EtrMin,EtrMax,Desc,Status,Cause,x,y
FREEPORT,4,6/24/2023 7:00:00 PM,6/24/2023 7:00:00 PM,,Assessing,Investigating,-7805056.5363485785,5449270.107814506
BIDDEFORD,5,6/24/2023 5:45:00 PM,6/24/2023 5:45:00 PM,,Assessing,Investigating,-7838966.379021166,5377585.995467915
