BgName,NumOut,EtrMin,EtrMax,Desc,Status,Cause,x,y
WARREN,21,10/8/2021 11:45:00 AM,10/8/2021 11:45:00 AM,,Assessing,Investigating,-7710804.872658173,5486651.435404882
CUMBERLAND,17,10/8/2021 11:00:00 AM,10/8/2021 11:00:00 AM,,Assessing,Investigating,-7814733.907052211,5426358.833055203
"CARMEL,STETSON",86,10/8/2021 12:30:00 PM,10/8/2021 12:30:00 PM,,Assessing,Investigating,-7687337.2546184715,5592920.794024472
