BgName,NumOut,EtrMin,EtrMax,Desc,Status,Cause,x,y
WINDHAM,2,4/6/2021 4:00:00 PM,4/6/2021 4:00:00 PM,,Assessing,Investigating,-7835816.171065199,5426009.811120277
WILTON,7,4/6/2021 3:00:00 PM,4/6/2021 3:00:00 PM,,Assessing,Investigating,-7818504.698931817,5568243.437539414
