BgName,NumOut,EtrMin,EtrMax,Desc,Status,Cause,x,y
"LEVANT,GLENBURN",93,8/20/2023 10:30:00 PM,8/20/2023 10:30:00 PM,,Assessing,Investigating,-7673222.900555406,5601495.836240458
CAPE ELIZABETH,168,8/20/2023 10:30:00 PM,8/20/2023 10:30:00 PM,,Assessing,Investigating,-7819732.708749105,5402946.232396329
