BgName,NumOut,EtrMin,EtrMax,Desc,Status,Cause,x,y
LEWISTON,1,4/24/2021 10:00:00 AM,4/24/2021 10:00:00 AM,,Assessing,Investigating,-7808104.697766736,5474179.647722483
SCARBOROUGH,1,4/24/2021 9:00:00 AM,4/24/2021 9:00:00 AM,,Assessing,Investigating,-7836255.281935621,5403939.920735225
