BgName,NumOut,EtrMin,EtrMax,Desc,Status,Cause,x,y
BRIDGTON,4,7/28/2022 8:15:00 AM,7/28/2022 8:15:00 AM,,Crew Assigned,Investigating,-7875020.235147498,5469451.576680345
PARIS,43,7/28/2022 8:15:00 AM,7/28/2022 8:15:00 AM,,Crew Assigned,Investigating,-7849743.864567804,5500623.569708771
