BgName,NumOut,EtrMin,EtrMax,Desc,Status,Cause,x,y
"ABBOT,BLANCHARD",42,6/19/2024 12:30:00 PM,6/19/2024 12:30:00 PM,,Repairs in Progress,Investigating,-7741879.129684305,5655883.164537225
WINSLOW,12,6/19/2024 1:00:00 PM,6/19/2024 1:00:00 PM,,Crew Assigned,Investigating,-7748094.798124171,5554288.651081287
