BgName,NumOut,EtrMin,EtrMax,Desc,Status,Cause,x,y
SWEDEN,30,9/19/2024 9:45:00 AM,9/19/2024 9:45:00 AM,,Repairs in Progress,Investigating,-7886027.784743405,5481235.844328275
PORTLAND,102,9/19/2024 11:00:00 AM,9/19/2024 11:00:00 AM,,Crew Assigned,Investigating,-7825866.668718984,5418438.130685948
LEBANON,33,9/19/2024 11:15:00 AM,9/19/2024 11:15:00 AM,,Assessing,Investigating,-7895010.76670129,5375780.797185316
ORLAND,7,9/19/2024 11:15:00 AM,9/19/2024 11:15:00 AM,,Assessing,Investigating,-7654218.392523068,5551312.762234457
CAMBRIDGE,31,9/19/2024 9:45:00 AM,9/19/2024 9:45:00 AM,,Repairs in Progress,Investigating,-7734021.042309535,5625887.622996345
SMITHFIELD,38,9/19/2024 10:45:00 AM,9/19/2024 10:45:00 AM,,Assessing,Investigating,-7770017.557744819,5567990.935672717
