BgName,NumOut,EtrMin,EtrMax,Desc,Status,Cause,x,y
FREEPORT,1,5/25/2023 3:30:00 PM,5/25/2023 3:30:00 PM,,Assessing,Investigating,-7797775.985607394,5439825.601113431
LYMAN,9,5/25/2023 4:00:00 PM,5/25/2023 4:00:00 PM,,Assessing,Vehicle Accident,-7859301.978767642,5383718.043247514
