BgName,NumOut,EtrMin,EtrMax,Desc,Status,Cause,x,y
FREEPORT,8,8/25/2023 12:45:00 PM,8/25/2023 12:45:00 PM,,Assessing,Investigating,-7802429.240475785,5452780.86210248
LYMAN,37,8/25/2023 12:30:00 PM,8/25/2023 12:30:00 PM,,Assessing,Investigating,-7859966.18872922,5382613.059031589
CAPE ELIZABETH,1524,8/25/2023 12:00:00 PM,8/25/2023 12:00:00 PM,,Assessing,Investigating,-7819841.300914523,5403223.86105717
OGUNQUIT,43,8/25/2023 12:00:00 PM,8/25/2023 12:00:00 PM,,Assessing,Investigating,-7861806.40008634,5352422.81215799
