BgName,NumOut,EtrMin,EtrMax,Desc,Status,Cause,x,y
NEWCASTLE,6,6/27/2023 6:00:00 AM,6/27/2023 6:00:00 AM,,Assessing,Investigating,-7750631.602394539,5467316.595291758
"LIBERTY,WASHINGTON,UNION,APPLETON",308,6/27/2023 4:30:00 AM,6/27/2023 4:30:00 AM,,Assessing,Investigating,-7721171.722911877,5515154.058991914
LITCHFIELD,78,6/27/2023 8:00:00 AM,6/27/2023 8:00:00 AM,,Assessing,Vehicle Accident,-7781617.939196821,5484931.482135798
