BgName,NumOut,EtrMin,EtrMax,Desc,Status,Cause,x,y
RAYMOND,31,8/16/2022 8:45:00 PM,8/16/2022 8:45:00 PM,,Assessing,Investigating,-7843887.101310684,5457580.9282079805
O O BEACH,33,8/16/2022 7:15:00 PM,8/16/2022 7:15:00 PM,,Assessing,Investigating,-7834252.833559404,5392511.5505213
FARMINGTON,33,8/16/2022 7:45:00 PM,8/16/2022 7:45:00 PM,,Assessing,Investigating,-7808756.707170183,5570889.4175362345
