BgName,NumOut,EtrMin,EtrMax,Desc,Status,Cause,x,y
HARPSWELL,7,3/28/2022 2:15:00 PM,3/28/2022 2:15:00 PM,,Assessing,Investigating,-7793657.576281303,5429310.684441874
BENTON,152,3/28/2022 2:30:00 PM,3/28/2022 2:30:00 PM,,Assessing,Investigating,-7739343.650196988,5558783.298126433
FARMINGTON,3,3/28/2022 1:00:00 PM,3/28/2022 1:00:00 PM,,Assessing,Investigating,-7807235.637581959,5571073.022094141
