BgName,NumOut,EtrMin,EtrMax,Desc,Status,Cause,x,y
ROCKLAND,1,11/7/2024 1:00:00 PM,11/7/2024 1:00:00 PM,,Crew Assigned,Investigating,-7695829.250833692,5481173.092841621
NEWFIELD,30,11/7/2024 12:30:00 PM,11/7/2024 12:30:00 PM,,Crew Assigned,Investigating,-7895346.194601978,5405780.489711839
"SIDNEY,OAKLAND",18,11/7/2024 12:15:00 PM,11/7/2024 12:15:00 PM,,Assessing,Investigating,-7764927.908146635,5544777.162995508
