BgName,NumOut,EtrMin,EtrMax,Desc,Status,Cause,x,y
BRUNSWICK,14,9/29/2021 2:15:00 PM,9/29/2021 2:15:00 PM,,Assessing,Investigating,-7787272.468459523,5449566.17397542
ROCKPORT,45,9/29/2021 2:00:00 PM,9/29/2021 2:00:00 PM,,Assessing,Equipment Interruption,-7691599.165890357,5486832.513352447
HARTLAND,141,9/29/2021 3:00:00 PM,9/29/2021 3:00:00 PM,,Assessing,Investigating,-7732808.572688992,5603993.844465706
ROCKPORT,1,9/29/2021 3:30:00 PM,9/29/2021 3:30:00 PM,,Assessing,Investigating,-7692110.578700463,5487620.524897433
