BgName,NumOut,EtrMin,EtrMax,Desc,Status,Cause,x,y
OTISFIELD,15,6/23/2022 10:15:00 AM,6/23/2022 10:15:00 AM,,Crew Assigned,Investigating,-7856126.790647194,5475653.853850699
PENOBSCOT,3,6/23/2022 10:30:00 AM,6/23/2022 10:30:00 AM,,Assessing,Investigating,-7656855.439912367,5537218.108437884
CASCO,2,6/23/2022 12:00:00 PM,6/23/2022 12:00:00 PM,,Crew Assigned,Investigating,-7855070.424279194,5455792.675395655
