BgName,NumOut,EtrMin,EtrMax,Desc,Status,Cause,x,y
"BOWDOINHAM,RICHMOND",279,3/30/2021 10:15:00 PM,3/30/2021 10:15:00 PM,,Assessing,Tree,-7780364.693328588,5469514.975652141
WILLIMANTIC,137,3/30/2021 9:00:00 PM,3/30/2021 9:00:00 PM,,Assessing,Tree,-7718654.755848626,5668816.40199698
