BgName,NumOut,EtrMin,EtrMax,Desc,Status,Cause,x,y
PORTLAND,1,8/20/2024 6:45:00 PM,8/20/2024 6:45:00 PM,,Repairs in Progress,Investigating,-7827898.850580882,5419595.906817166
YORK,32,8/20/2024 6:30:00 PM,8/20/2024 6:30:00 PM,,Crew Assigned,Investigating,-7858215.912351403,5342851.091874099
