BgName,NumOut,EtrMin,EtrMax,Desc,Status,Cause,x,y
RANGELEY PLT,18,7/7/2023 5:30:00 PM,7/7/2023 5:30:00 PM,,Investigating,Investigating,-7879565.748502748,5606536.850653337
HARPSWELL,61,7/7/2023 5:15:00 PM,7/7/2023 5:15:00 PM,,Assessing,Investigating,-7786531.436898644,5436840.637136749
WAYNE,55,7/7/2023 4:30:00 PM,7/7/2023 4:30:00 PM,,Assessing,Investigating,-7797970.204729425,5519680.891729199
SKOWHEGAN,50,7/7/2023 3:45:00 PM,7/7/2023 3:45:00 PM,,Assessing,Investigating,-7761328.971253139,5583032.046732786
RANGELEY PLT,57,7/7/2023 5:30:00 PM,7/7/2023 5:30:00 PM,,Assessing,Investigating,-7878311.1955713,5608815.7488645455
HIRAM,1,7/7/2023 3:30:00 PM,7/7/2023 3:30:00 PM,,Assessing,Investigating,-7887364.553713048,5439978.272950305
