BgName,NumOut,EtrMin,EtrMax,Desc,Status,Cause,x,y
BRISTOL,2,7/2/2024 8:45:00 PM,7/2/2024 8:45:00 PM,,Crew Assigned,Investigating,-7734407.198498902,5450092.350148449
LINCOLNVILLE,7,7/2/2024 9:15:00 PM,7/2/2024 9:15:00 PM,,Assessing,Investigating,-7683237.613803119,5506255.832297784
PERU,6,7/2/2024 9:30:00 PM,7/2/2024 9:30:00 PM,,Repairs in Progress,Investigating,-7834371.199566321,5541057.338820184
WINDHAM,2,7/2/2024 9:30:00 PM,7/2/2024 9:30:00 PM,,Assessing,Investigating,-7840870.276272586,5434414.847416327
YORK,27,7/2/2024 9:00:00 PM,7/2/2024 9:00:00 PM,,Crew Assigned,Investigating,-7864075.959584825,5329533.195098545
BURNHAM,3,7/2/2024 9:15:00 PM,7/2/2024 9:15:00 PM,,Assessing,Investigating,-7718138.7788290335,5568595.800139497
YORK,1,7/2/2024 9:00:00 PM,7/2/2024 9:00:00 PM,,Assessing,Investigating,-7864762.411245265,5329216.022844854
