BgName,NumOut,EtrMin,EtrMax,Desc,Status,Cause,x,y
ST GEORGE,3,8/19/2024 2:00:00 PM,8/19/2024 2:00:00 PM,,Crew Assigned,Investigating,-7704080.173574955,5458957.705336252
NOBLEBORO,13,8/19/2024 1:30:00 PM,8/19/2024 1:30:00 PM,,Crew Assigned,Investigating,-7732655.931412019,5485365.456982038
CANTON,12,8/19/2024 2:30:00 PM,8/19/2024 2:30:00 PM,,Repairs in Progress,Investigating,-7827960.94459312,5533556.063763228
