BgName,NumOut,EtrMin,EtrMax,Desc,Status,Cause,x,y
READFIELD,31,9/4/2024 10:45:00 AM,9/4/2024 10:45:00 AM,,Crew Assigned,Investigating,-7787617.5699895285,5523285.988404306
BIDDEFORD,6,9/4/2024 10:30:00 AM,9/4/2024 10:30:00 AM,,Crew Assigned,Investigating,-7847663.002810338,5387760.456399128
"YORK,ELIOT",141,9/4/2024 11:00:00 AM,9/4/2024 11:00:00 AM,,Crew Assigned,Investigating,-7875228.001835589,5340307.626791395
ELIOT,7,9/4/2024 10:45:00 AM,9/4/2024 10:45:00 AM,,Assessing,Investigating,-7882476.637248586,5338917.338590454
