BgName,NumOut,EtrMin,EtrMax,Desc,Status,Cause,x,y
"BETHEL,GREENWOOD,ALBANY",151,11/7/2022 4:30:00 PM,11/7/2022 4:30:00 PM,,Assessing,Investigating,-7877769.347890332,5526613.797311295
WATERFORD,20,11/7/2022 4:30:00 PM,11/7/2022 4:30:00 PM,,Assessing,Investigating,-7869679.226160607,5491995.252583205
PARIS,4,11/7/2022 3:45:00 PM,11/7/2022 3:45:00 PM,,Crew Assigned,Investigating,-7850336.56297451,5502149.117514727
NO BERWICK,2,11/7/2022 3:45:00 PM,11/7/2022 3:45:00 PM,,Repairs in Progress,Investigating,-7883493.184640531,5366884.208645632
VIENNA,16,11/7/2022 3:45:00 PM,11/7/2022 3:45:00 PM,,Assessing,Investigating,-7793928.861876758,5553334.845046378
CHESTERVILLE,24,11/7/2022 3:30:00 PM,11/7/2022 3:30:00 PM,,Assessing,Investigating,-7806202.180860569,5556616.232456575
NEW PORTLAND,3,11/7/2022 4:00:00 PM,11/7/2022 4:00:00 PM,,Assessing,Investigating,-7802198.731228134,5606581.359326651
"ALBION,UNITY,FREEDOM",74,11/7/2022 4:15:00 PM,11/7/2022 4:15:00 PM,,Assessing,Investigating,-7725756.338240523,5549041.027503652
RANGELEY PLT,74,11/7/2022 4:15:00 PM,11/7/2022 4:15:00 PM,,Assessing,Investigating,-7878311.1955713,5608815.7488645455
