BgName,NumOut,EtrMin,EtrMax,Desc,Status,Cause,x,y
AUGUSTA,146,4/3/2023 4:30:00 PM,4/3/2023 4:30:00 PM,,Assessing,Tree,-7752175.0804683445,5517017.77791005
ROCKPORT,6,4/3/2023 3:15:00 PM,4/3/2023 3:15:00 PM,,Assessing,Investigating,-7690663.570021027,5488686.557954843
SEBAGO,6,4/3/2023 4:45:00 PM,4/3/2023 4:45:00 PM,,Assessing,Investigating,-7862565.276223643,5442979.676319753
"BROOKS,NEWBURGH,MONROE,WINTERPORT",537,4/3/2023 5:00:00 PM,4/3/2023 5:00:00 PM,,Assessing,Investigating,-7693484.350293346,5552426.915054871
"ABBOT,KINGSBURY PLT,BLANCHARD",308,4/3/2023 4:15:00 PM,4/3/2023 4:15:00 PM,,Assessing,Tree,-7732100.981463494,5653032.996066311
