BgName,NumOut,EtrMin,EtrMax,Desc,Status,Cause,x,y
FREEPORT,24,9/26/2023 9:15:00 AM,9/26/2023 9:15:00 AM,,Assessing,Investigating,-7803554.090509031,5443487.984337193
PORTLAND,22,9/26/2023 9:15:00 AM,9/26/2023 9:15:00 AM,,Assessing,Investigating,-7824830.918830471,5413518.173843301
