BgName,NumOut,EtrMin,EtrMax,Desc,Status,Cause,x,y
NOBLEBORO,11,6/22/2022 6:30:00 PM,6/22/2022 6:30:00 PM,,Assessing,Investigating,-7733806.529669566,5478153.794748582
"WOODSTOCK,GREENWOOD",84,6/22/2022 6:30:00 PM,6/22/2022 6:30:00 PM,,Assessing,Investigating,-7865233.148019866,5525195.684818045
SO PORTLAND,34,6/22/2022 8:15:00 PM,6/22/2022 8:15:00 PM,,Assessing,Investigating,-7827566.227920565,5406527.300597964
COPLIN PLT,4,6/22/2022 7:45:00 PM,6/22/2022 7:45:00 PM,,Assessing,Investigating,-7839955.085345931,5641847.318589805
NO BERWICK,1,6/22/2022 7:00:00 PM,6/22/2022 7:00:00 PM,,Crew Assigned,Vehicle Accident,-7877095.987485131,5369928.924042077
