BgName,NumOut,EtrMin,EtrMax,Desc,Status,Cause,x,y
MOUNT VERNON,4,8/9/2024 1:15:00 PM,8/9/2024 1:15:00 PM,,Assessing,Investigating,-7789784.036478721,5542313.450605416
"MOUNT VERNON,BELGRADE",135,8/9/2024 1:00:00 PM,8/9/2024 1:00:00 PM,,Assessing,Investigating,-7781320.961139483,5532738.2322275685
DENMARK,29,8/9/2024 1:15:00 PM,8/9/2024 1:15:00 PM,,Crew Assigned,Investigating,-7875206.606283959,5457697.4351475
SANFORD,4,8/9/2024 12:45:00 PM,8/9/2024 12:45:00 PM,,Crew Assigned,Investigating,-7880081.976903751,5380940.48799905
"MONSON,BLANCHARD,SHIRLEY",185,8/9/2024 1:00:00 PM,8/9/2024 1:00:00 PM,,Repairs in Progress,Investigating,-7736947.219870714,5665955.782768913
