BgName,NumOut,EtrMin,EtrMax,Desc,Status,Cause,x,y
ROCKLAND,31,8/13/2021 11:00:00 AM,8/13/2021 11:00:00 AM,,Assessing,System Upgrade,-7695456.653322827,5486458.464360006
ROCKPORT,9,8/13/2021 9:45:00 AM,8/13/2021 9:45:00 AM,,Assessing,Investigating,-7694284.336652213,5493923.970213924
"NO BERWICK,NORTH BERWICK,WELLS,SANFORD,N BERWICK",1357,8/13/2021 10:30:00 AM,8/13/2021 10:30:00 AM,,Assessing,Investigating,-7874710.47758392,5374709.09142909
