BgName,NumOut,EtrMin,EtrMax,Desc,Status,Cause,x,y
WASHINGTON,4,5/17/2022 3:45:00 PM,5/17/2022 3:45:00 PM,,Assessing,Investigating,-7725615.686084977,5510956.98057968
GREENWOOD,9,5/17/2022 5:15:00 PM,5/17/2022 5:15:00 PM,,Assessing,Investigating,-7864577.398229178,5522129.24145715
GRAY,84,5/17/2022 5:15:00 PM,5/17/2022 5:15:00 PM,,Assessing,Investigating,-7824979.430084016,5448310.7738716
PORTLAND,18,5/17/2022 4:15:00 PM,5/17/2022 4:15:00 PM,,Assessing,Investigating,-7822685.792230596,5410667.482948196
SANFORD,29,5/17/2022 4:15:00 PM,5/17/2022 4:15:00 PM,,Crew Assigned,Investigating,-7875522.375076915,5377267.978102992
PORTER,110,5/17/2022 3:45:00 PM,5/17/2022 3:45:00 PM,,Assessing,Investigating,-7890644.01476367,5436331.045242913
LEBANON,18,5/17/2022 4:15:00 PM,5/17/2022 4:15:00 PM,,Crew Assigned,Investigating,-7894184.597932062,5363618.174741115
AVON,17,5/17/2022 5:15:00 PM,5/17/2022 5:15:00 PM,,Assessing,Investigating,-7823947.07539632,5594649.25064527
"SOLON,MADISON",92,5/17/2022 5:15:00 PM,5/17/2022 5:15:00 PM,,Assessing,Investigating,-7774320.890987261,5611172.542615966
