BgName,NumOut,EtrMin,EtrMax,Desc,Status,Cause,x,y
LITCHFIELD; BOWDOIN,29,3/6/2023 7:00:00 AM,3/6/2023 7:00:00 AM,,Investigating,Investigating,-7782416.271403915,5482784.230468091
LITCHFIELD,65,3/6/2023 7:00:00 AM,3/6/2023 7:00:00 AM,,Investigating,Investigating,-7783025.844301065,5485529.59772773
LITCHFIELD; BOWDOIN,60,3/6/2023 7:00:00 AM,3/6/2023 7:00:00 AM,,Investigating,Investigating,-7782490.161721741,5482799.062238054
SUMNER,18,3/6/2023 7:00:00 AM,3/6/2023 7:00:00 AM,,Assessing,Investigating,-7842847.310498484,5527659.335887567
LIVERMORE,31,3/6/2023 5:45:00 AM,3/6/2023 5:45:00 AM,,Assessing,Investigating,-7817989.044773655,5525912.3467075545
"ROCKWOOD,TOMHEGAN",258,3/6/2023 7:15:00 AM,3/6/2023 7:15:00 AM,,Assessing,Investigating,-7767673.703575852,5729344.204373442
NEW PORTLAND,1,3/6/2023 7:00:00 AM,3/6/2023 7:00:00 AM,,Assessing,Investigating,-7792845.545138693,5605792.7501186915
