BgName,NumOut,EtrMin,EtrMax,Desc,Status,Cause,x,y
OLD ORCHARD BEACH,72,8/31/2024 8:45:00 AM,8/31/2024 8:45:00 AM,,Investigating,Investigating,-7837580.998432382,5389745.192355109
BIDDEFORD,10,8/31/2024 7:00:00 AM,8/31/2024 7:00:00 AM,,Repairs in Progress,Investigating,-7845391.450581055,5387117.36651712
FALMOUTH,1,8/31/2024 9:00:00 AM,8/31/2024 9:00:00 AM,,Assessing,Investigating,-7821453.028992004,5426312.296108084
LINCOLNVILLE,13,8/31/2024 8:00:00 AM,8/31/2024 8:00:00 AM,,Assessing,System Upgrade,-7682013.38882283,5509308.348348634
