BgName,NumOut,EtrMin,EtrMax,Desc,Status,Cause,x,y
GREENE,140,7/16/2022 5:45:00 PM,7/16/2022 5:45:00 PM,,Assessing,Investigating,-7804795.314018623,5490629.708222027
"ALFRED,LYMAN",35,7/16/2022 6:15:00 PM,7/16/2022 6:15:00 PM,,Crew Assigned,Investigating,-7869484.483852892,5384772.075027223
BRUNSWICK,3,7/16/2022 6:00:00 PM,7/16/2022 6:00:00 PM,,Assessing,Investigating,-7789314.657924605,5448994.210321229
