BgName,NumOut,EtrMin,EtrMax,Desc,Status,Cause,x,y
BROOKS,1,2/15/2024 5:30:00 PM,2/15/2024 5:30:00 PM,,Repairs in Progress,Investigating,-7697309.6665111855,5552516.108876018
FREEDOM,3,2/15/2024 5:30:00 PM,2/15/2024 5:30:00 PM,,Crew Assigned,Investigating,-7715986.16044234,5544419.619571322
