BgName,NumOut,EtrMin,EtrMax,Desc,Status,Cause,x,y
CANTON,6,1/9/2024 6:00:00 PM,1/9/2024 6:00:00 PM,,Investigating,Investigating,-7829378.973330447,5542093.166258578
CANTON,8,1/9/2024 6:00:00 PM,1/9/2024 6:00:00 PM,,Investigating,Investigating,-7830229.611091918,5541738.059580469
 ,1,1/9/2024 7:00:00 PM,1/9/2024 7:00:00 PM,,Assessing,Investigating,-7687272.043616863,5492503.147024704
"READFIELD,MOUNT VERNON",118,1/9/2024 7:45:00 PM,1/9/2024 7:45:00 PM,,Assessing,Investigating,-7788303.654238663,5528065.038603053
DIXFIELD,14,1/9/2024 6:00:00 PM,1/9/2024 6:00:00 PM,,Assessing,Investigating,-7832456.214902901,5542187.542948463
