BgName,NumOut,EtrMin,EtrMax,Desc,Status,Cause,x,y
JEFFERSON,24,6/25/2023 11:00:00 PM,6/25/2023 11:00:00 PM,,Assessing,Tree,-7738315.625756861,5485683.921900834
"WAYNE,READFIELD",28,6/25/2023 10:30:00 PM,6/25/2023 10:30:00 PM,,Assessing,Investigating,-7795791.31493274,5523676.498862598
PLYMOUTH,27,6/25/2023 10:15:00 PM,6/25/2023 10:15:00 PM,,Assessing,Investigating,-7706788.020221733,5580967.023470519
TOPSHAM,3,6/25/2023 11:00:00 PM,6/25/2023 11:00:00 PM,,Assessing,Investigating,-7789217.398045312,5458350.658458129
