BgName,NumOut,EtrMin,EtrMax,Desc,Status,Cause,x,y
HALLOWELL,19,4/6/2023 8:00:00 AM,4/6/2023 8:00:00 AM,,Assessing,Tree,-7772844.115484828,5510808.16143553
"AVON,PHILLIPS",9,4/6/2023 9:00:00 AM,4/6/2023 9:00:00 AM,,Assessing,Investigating,-7831541.881035699,5590725.064737397
UNITY,15,4/6/2023 8:00:00 AM,4/6/2023 8:00:00 AM,,Assessing,Investigating,-7713770.535221538,5548433.575252556
"RANGELEY,MAGALLOWAY PLT,DAVIS,STETSONTOWN,LINCOLN PLT,ADAMSTOWN,LOWER CUPSUPTIC",200,4/6/2023 3:00:00 PM,4/6/2023 3:00:00 PM,,Assessing,Tree,-7877790.788091948,5616458.493540162
"MAGALLOWAY PLT,LINCOLN PLT",150,4/6/2023 3:00:00 PM,4/6/2023 3:00:00 PM,,Assessing,Investigating,-7904702.018944866,5612650.978299926
RANGELEY,5,4/6/2023 5:45:00 AM,4/6/2023 5:45:00 AM,,Assessing,Investigating,-7870096.618617973,5616663.196744701
"WELD,CARTHAGE",171,4/6/2023 8:15:00 AM,4/6/2023 8:15:00 AM,,Assessing,Investigating,-7839221.745996235,5574168.7629807815
