BgName,NumOut,EtrMin,EtrMax,Desc,Status,Cause,x,y
BOOTHBAY HBR,20,7/1/2022 7:30:00 PM,7/1/2022 7:30:00 PM,,Assessing,Investigating,-7751505.516012578,5443038.709355815
HOPE,17,7/1/2022 8:15:00 PM,7/1/2022 8:15:00 PM,,Assessing,Investigating,-7698709.052678756,5505229.575149665
CANTON,3,7/1/2022 8:30:00 PM,7/1/2022 8:30:00 PM,,Assessing,Investigating,-7826968.419993921,5534528.645946873
NAPLES,11,7/1/2022 9:00:00 PM,7/1/2022 9:00:00 PM,,Crew Assigned,Investigating,-7859747.067430006,5457434.442490455
