BgName,NumOut,EtrMin,EtrMax,Desc,Status,Cause,x,y
ROCKPORT,29,3/2/2023 1:00:00 PM,3/2/2023 1:00:00 PM,,Assessing,Investigating,-7693774.070425672,5489359.074483299
FRIENDSHIP,27,3/2/2023 2:00:00 PM,3/2/2023 2:00:00 PM,,Assessing,Investigating,-7718996.840601446,5461154.719462909
FRIENDSHIP,43,3/2/2023 2:00:00 PM,3/2/2023 2:00:00 PM,,Assessing,Investigating,-7715062.075058627,5465092.062956694
GEORGETOWN,9,3/2/2023 1:30:00 PM,3/2/2023 1:30:00 PM,,Assessing,Investigating,-7763823.952804323,5442408.4306155
SO BERWICK,22,3/2/2023 2:00:00 PM,3/2/2023 2:00:00 PM,,Assessing,Investigating,-7880061.8281478705,5347434.2971728975
SO BERWICK,46,3/2/2023 2:00:00 PM,3/2/2023 2:00:00 PM,,Assessing,Investigating,-7878968.993554875,5347213.060389518
"LIMINGTON,HOLLIS,WATERBORO,STANDISH",1215,3/2/2023 1:45:00 PM,3/2/2023 1:45:00 PM,,Assessing,Investigating,-7860375.299014957,5417163.5022912165
