BgName,NumOut,EtrMin,EtrMax,Desc,Status,Cause,x,y
RAYMOND,53,4/2/2021 10:45:00 AM,4/2/2021 10:45:00 AM,,Assessing,System Upgrade,-7848667.2158944225,5441610.81438515
 ,2,4/2/2021 11:00:00 AM,4/2/2021 11:00:00 AM,,Assessing,Investigating,-7840026.786212732,5450694.603030644
WATERBORO,1,4/2/2021 10:30:00 AM,4/2/2021 10:30:00 AM,,Assessing,Investigating,-7874667.953479557,5397289.32333537
WINDHAM,1,4/2/2021 9:45:00 AM,4/2/2021 9:45:00 AM,,Assessing,Investigating,-7834316.630678215,5432542.085051209
