BgName,NumOut,EtrMin,EtrMax,Desc,Status,Cause,x,y
WINDHAM,21,5/29/2024 6:45:00 AM,5/29/2024 6:45:00 AM,,Investigating,Investigating,-7832562.219972149,5434936.152093411
BATH,112,5/29/2024 8:30:00 AM,5/29/2024 8:30:00 AM,,Crew Assigned,Investigating,-7771946.847021788,5453992.4366165595
NAPLES,1,5/29/2024 8:30:00 AM,5/29/2024 8:30:00 AM,,Crew Assigned,Investigating,-7864955.216584608,5464960.390210501
NEW GLOUCESTER,14,5/29/2024 8:00:00 AM,5/29/2024 8:00:00 AM,,Assessing,Investigating,-7824115.256870045,5456824.45051415
HARTFORD,11,5/29/2024 8:30:00 AM,5/29/2024 8:30:00 AM,,Crew Assigned,Investigating,-7831032.52763103,5523791.077747683
BIDDEFORD,9,5/29/2024 9:00:00 AM,5/29/2024 9:00:00 AM,,Crew Assigned,Investigating,-7844356.969713166,5387635.882897269
WELLS,23,5/29/2024 9:00:00 AM,5/29/2024 9:00:00 AM,,Assessing,Investigating,-7859338.246568272,5357240.294852381
