BgName,NumOut,EtrMin,EtrMax,Desc,Status,Cause,x,y
SANFORD; WELLS,29,6/18/2022 2:30:00 PM,6/18/2022 2:30:00 PM,,Investigating,Investigating,-7871470.861538493,5365310.667810351
"LEWISTON,LISBON",116,6/18/2022 1:45:00 PM,6/18/2022 1:45:00 PM,,Assessing,Investigating,-7810928.116292494,5473105.744416127
GREENE,29,6/18/2022 1:00:00 PM,6/18/2022 1:00:00 PM,,Assessing,Investigating,-7804238.393764405,5485563.135390895
OGUNQUIT,24,6/18/2022 1:45:00 PM,6/18/2022 1:45:00 PM,,Assessing,Investigating,-7860252.1573618585,5349626.277892401
