BgName,NumOut,EtrMin,EtrMax,Desc,Status,Cause,x,y
FREEPORT,1,8/15/2021 8:15:00 PM,8/15/2021 8:15:00 PM,,Assessing,Investigating,-7801903.64548919,5438532.861052689
PARIS,2,8/15/2021 7:15:00 PM,8/15/2021 7:15:00 PM,,Assessing,Investigating,-7839833.168263697,5502628.7526188465
