BgName,NumOut,EtrMin,EtrMax,Desc,Status,Cause,x,y
HARPSWELL,12,7/25/2024 2:30:00 PM,7/25/2024 2:30:00 PM,,Assessing,Investigating,-7779994.55597178,5442772.029325958
UNION,36,7/25/2024 3:00:00 PM,7/25/2024 3:00:00 PM,,Crew Assigned,Investigating,-7716890.375281624,5500299.302936187
TURNER,17,7/25/2024 2:45:00 PM,7/25/2024 2:45:00 PM,,Crew Assigned,Investigating,-7821146.577629606,5495533.825118371
LEWISTON,46,7/25/2024 4:15:00 PM,7/25/2024 4:15:00 PM,,Repairs in Progress,Investigating,-7813402.069503134,5480853.001937689
LYMAN,8,7/25/2024 2:30:00 PM,7/25/2024 2:30:00 PM,,Crew Assigned,Investigating,-7864842.483383438,5390272.063817212
WATERBORO,79,7/25/2024 2:30:00 PM,7/25/2024 2:30:00 PM,,Crew Assigned,Investigating,-7872821.029607996,5409801.064428694
DEXTER,4,7/25/2024 3:00:00 PM,7/25/2024 3:00:00 PM,,Assessing,Investigating,-7710528.355105714,5622854.5405977145
