BgName,NumOut,EtrMin,EtrMax,Desc,Status,Cause,x,y
EDGECOMB,8,9/21/2021 2:30:00 PM,9/21/2021 2:30:00 PM,,Assessing,Investigating,-7747570.071509693,5464355.391211029
"STONEHAM,LOVELL",25,9/21/2021 2:45:00 PM,9/21/2021 2:45:00 PM,,Assessing,Investigating,-7892762.73640405,5504403.741291753
HIRAM,12,9/21/2021 2:45:00 PM,9/21/2021 2:45:00 PM,,Assessing,Investigating,-7887422.985325348,5435942.232863594
RANGELEY,5,9/21/2021 2:15:00 PM,9/21/2021 2:15:00 PM,,Assessing,Investigating,-7863285.724842582,5613002.2429214865
VASSALBORO,2,9/21/2021 2:30:00 PM,9/21/2021 2:30:00 PM,,Assessing,Investigating,-7749387.284220571,5521582.094891405
