BgName,NumOut,EtrMin,EtrMax,Desc,Status,Cause,x,y
LEBANON,3,3/9/2021 4:30:00 PM,3/9/2021 4:30:00 PM,,Crew Assigned,Investigating,-7899355.154502982,5380318.171924111
SCARBOROUGH,6,3/9/2021 6:00:00 PM,3/9/2021 6:00:00 PM,,Assessing,Equipment Interruption,-7827725.5149372285,5393419.0069160685
