BgName,NumOut,EtrMin,EtrMax,Desc,Status,Cause,x,y
BIDDEFORD,119,7/18/2024 12:00:00 AM,7/18/2024 12:00:00 AM,,Investigating,Investigating,-7843664.625956715,5386848.318154797
RUMFORD,18,7/18/2024 12:30:00 AM,7/18/2024 12:30:00 AM,,Repairs in Progress,Tree,-7849985.283228188,5545851.563391251
BIDDEFORD,42,7/19/2024 12:00:00 AM,7/19/2024 12:00:00 AM,,Assessing,Investigating,-7843752.126410644,5386913.549265605
ELIOT,28,7/18/2024 12:30:00 AM,7/18/2024 12:30:00 AM,,Assessing,Investigating,-7880839.2945964215,5330058.133650214
