BgName,NumOut,EtrMin,EtrMax,Desc,Status,Cause,x,y
OTISFIELD,13,2/10/2023 12:30:00 PM,2/10/2023 12:30:00 PM,,Assessing,Vehicle Accident,-7850607.882007393,5480136.841112531
SCARBOROUGH,89,2/10/2023 9:30:00 AM,2/10/2023 9:30:00 AM,,Assessing,Investigating,-7836366.835215917,5403758.652464776
