BgName,NumOut,EtrMin,EtrMax,Desc,Status,Cause,x,y
RUMFORD,15,5/28/2021 8:30:00 PM,5/28/2021 8:30:00 PM,,Assessing,Investigating,-7864374.206762899,5548560.022315171
SO BERWICK,18,5/28/2021 8:15:00 PM,5/28/2021 8:15:00 PM,,Assessing,Investigating,-7882613.771766246,5348906.512011769
BELGRADE,41,5/28/2021 7:00:00 PM,5/28/2021 7:00:00 PM,,Assessing,Investigating,-7769986.009827945,5544523.204992655
