BgName,NumOut,EtrMin,EtrMax,Desc,Status,Cause,x,y
OWLS HEAD,35,9/21/2024 8:30:00 PM,9/21/2024 8:30:00 PM,,Assessing,Investigating,-7688000.941394362,5476968.963765463
MERCER,23,9/21/2024 6:30:00 PM,9/21/2024 6:30:00 PM,,Repairs in Progress,Investigating,-7787248.011580835,5571176.2543627
