BgName,NumOut,EtrMin,EtrMax,Desc,Status,Cause,x,y
YORK,16,2/11/2023 10:30:00 AM,2/11/2023 10:30:00 AM,,Assessing,Investigating,-7873923.960803814,5341122.187511712
SIDNEY,5,2/11/2023 11:00:00 AM,2/11/2023 11:00:00 AM,,Assessing,Investigating,-7761766.557116361,5542962.055756386
NORRIDGEWOCK,13,2/11/2023 11:30:00 AM,2/11/2023 11:30:00 AM,,Assessing,Tree,-7769934.0569684,5581080.681052443
