BgName,NumOut,EtrMin,EtrMax,Desc,Status,Cause,x,y
WATERBORO,2,6/3/2022 12:45:00 PM,6/3/2022 12:45:00 PM,,Investigating,Investigating,-7872875.980723989,5396749.9922386
BOOTHBAY HBR,39,6/3/2022 1:00:00 PM,6/3/2022 1:00:00 PM,,Assessing,Investigating,-7752687.150213872,5442836.819157904
SACO,34,6/3/2022 12:45:00 PM,6/3/2022 12:45:00 PM,,Assessing,Investigating,-7842494.783856307,5398686.011546006
YARMOUTH,2,6/3/2022 1:15:00 PM,6/3/2022 1:15:00 PM,,Assessing,Investigating,-7810090.22560096,5431713.113075844
