BgName,NumOut,EtrMin,EtrMax,Desc,Status,Cause,x,y
SIDNEY,33,10/8/2024 6:00:00 PM,10/8/2024 6:00:00 PM,,Crew Assigned,Investigating,-7765509.997777159,5528845.799908616
PORTLAND,3,10/8/2024 5:00:00 PM,10/8/2024 5:00:00 PM,,Repairs in Progress,Investigating,-7823715.052253913,5421149.33155493
