BgName,NumOut,EtrMin,EtrMax,Desc,Status,Cause,x,y
BERWICK,87,7/5/2021 9:30:00 AM,7/5/2021 9:30:00 AM,,Investigating,Investigating,-7879755.779135893,5351830.332135254
RAYMOND,53,7/5/2021 11:00:00 AM,7/5/2021 11:00:00 AM,,Assessing,Investigating,-7843647.686493533,5450253.766932214
GORHAM,17,7/5/2021 10:30:00 AM,7/5/2021 10:30:00 AM,,Assessing,Investigating,-7843396.282554953,5420193.798185396
GORHAM,2,7/5/2021 10:15:00 AM,7/5/2021 10:15:00 AM,,Assessing,Investigating,-7840646.73562606,5412117.028149182
SANFORD,35,7/5/2021 10:45:00 AM,7/5/2021 10:45:00 AM,,Assessing,Investigating,-7883127.42218128,5380007.205905494
PORTLAND,188,7/5/2021 10:45:00 AM,7/5/2021 10:45:00 AM,,Assessing,Investigating,-7826710.737626841,5414701.635080222
WATERBORO,33,7/5/2021 11:30:00 AM,7/5/2021 11:30:00 AM,,Assessing,Investigating,-7874262.127170127,5394158.5092613995
"SO PORTLAND,SOUTH PORTLAND",2372,7/5/2021 10:30:00 AM,7/5/2021 10:30:00 AM,,Assessing,Investigating,-7820822.070153982,5408019.242441894
