BgName,NumOut,EtrMin,EtrMax,Desc,Status,Cause,x,y
GRAY,12,6/25/2021 8:15:00 AM,6/25/2021 8:15:00 AM,,Assessing,Investigating,-7822672.923624607,5448794.907961033
BERWICK,40,6/25/2021 7:45:00 AM,6/25/2021 7:45:00 AM,,Assessing,Investigating,-7881485.548757064,5349283.75605369
BELGRADE,1,6/25/2021 8:15:00 AM,6/25/2021 8:15:00 AM,,Assessing,Investigating,-7770914.291909726,5548370.937949083
