BgName,NumOut,EtrMin,EtrMax,Desc,Status,Cause,x,y
GEORGETOWN,4,7/2/2021 2:00:00 PM,7/2/2021 2:00:00 PM,,Assessing,Investigating,-7766205.2993447855,5431375.421141833
ROME,4,Assessing,Assessing,,Assessing,Investigating,-7779279.985032717,5548151.96869783
"LOVELL,STOW",31,7/2/2021 12:45:00 PM,7/2/2021 12:45:00 PM,,Assessing,Investigating,-7896703.680063069,5489000.701039653
KITTERY,20,7/2/2021 12:45:00 PM,7/2/2021 12:45:00 PM,,Crew Assigned,Investigating,-7866567.6571597075,5324609.204946363
BROOKS,74,7/2/2021 1:45:00 PM,7/2/2021 1:45:00 PM,,Assessing,Investigating,-7694426.3580405675,5550884.356240363
FREEDOM,8,7/2/2021 1:30:00 PM,7/2/2021 1:30:00 PM,,Assessing,Investigating,-7716697.458617651,5543576.697004335
CHINA,1,7/2/2021 1:15:00 PM,7/2/2021 1:15:00 PM,,Assessing,Investigating,-7739662.268780187,5534906.259297757
ROME,2,Assessing,Assessing,,Assessing,Investigating,-7778829.0965776695,5548924.084706993
ELIOT,3,7/2/2021 12:30:00 PM,7/2/2021 12:30:00 PM,,Crew Assigned,Investigating,-7880304.627053396,5330899.984956202
