BgName,NumOut,EtrMin,EtrMax,Desc,Status,Cause,x,y
FREEPORT,2,4/26/2024 11:00:00 AM,4/26/2024 11:00:00 AM,,Assessing,Investigating,-7804610.946625286,5446811.172983508
LEWISTON,9,4/26/2024 10:45:00 AM,4/26/2024 10:45:00 AM,,Assessing,Investigating,-7815032.944514987,5483980.943826312
NORWAY,2,4/26/2024 11:00:00 AM,4/26/2024 11:00:00 AM,,Crew Assigned,Investigating,-7864475.852652187,5503556.086594285
