BgName,NumOut,EtrMin,EtrMax,Desc,Status,Cause,x,y
JEFFERSON,13,6/22/2022 9:15:00 AM,6/22/2022 9:15:00 AM,,Assessing,Investigating,-7736013.215883442,5495187.211115832
CASCO,8,6/22/2022 8:00:00 AM,6/22/2022 8:00:00 AM,,Repairs in Progress,Investigating,-7847657.570328851,5469436.6211235775
 ,2,6/22/2022 9:15:00 AM,6/22/2022 9:15:00 AM,,Assessing,Investigating,-7711844.474258556,5492515.175788091
