BgName,NumOut,EtrMin,EtrMax,Desc,Status,Cause,x,y
RAYMOND,2,6/10/2024 11:15:00 AM,6/10/2024 11:15:00 AM,,Crew Assigned,Investigating,-7842400.652178938,5464547.139590933
LITCHFIELD,83,6/10/2024 11:30:00 AM,6/10/2024 11:30:00 AM,,Repairs in Progress,Vehicle Accident,-7793849.591335946,5486741.69473035
SOUTH BERWICK,5,6/10/2024 11:00:00 AM,6/10/2024 11:00:00 AM,,Crew Assigned,Investigating,-7882391.778451912,5340070.009751814
