BgName,NumOut,EtrMin,EtrMax,Desc,Status,Cause,x,y
NAPLES,44,2/18/2024 4:30:00 PM,2/18/2024 4:30:00 PM,,Crew Assigned,Investigating,-7855595.284543293,5459129.840155813
SEARSMONT,22,2/18/2024 4:45:00 PM,2/18/2024 4:45:00 PM,,Assessing,Investigating,-7703362.964382451,5519946.00516698
