BgName,NumOut,EtrMin,EtrMax,Desc,Status,Cause,x,y
EDGECOMB,3,8/26/2021 9:15:00 AM,8/26/2021 9:15:00 AM,,Assessing,Investigating,-7753737.78356394,5460284.42229181
LIMINGTON,2,8/26/2021 10:30:00 AM,8/26/2021 10:30:00 AM,,Assessing,Investigating,-7865976.339198367,5418130.099481202
WINDHAM,185,8/26/2021 10:15:00 AM,8/26/2021 10:15:00 AM,,Assessing,Investigating,-7837281.480631889,5435968.965637092
ETNA,69,8/26/2021 9:15:00 AM,8/26/2021 9:15:00 AM,,Assessing,Investigating,-7692308.092911237,5582271.946242321
