BgName,NumOut,EtrMin,EtrMax,Desc,Status,Cause,x,y
OGUNQUIT,109,8/28/2021 6:45:00 PM,8/28/2021 6:45:00 PM,,Crew Assigned,Investigating,-7858961.797445652,5352073.950396914
WELD,12,8/28/2021 8:15:00 PM,8/28/2021 8:15:00 PM,,Assessing,Investigating,-7840698.877697421,5572879.678217403
