BgName,NumOut,EtrMin,EtrMax,Desc,Status,Cause,x,y
PHIPPSBURG,140,7/9/2021 2:45:00 PM,7/9/2021 2:45:00 PM,,Assessing,Investigating,-7771598.806601792,5437566.576305423
"PORTLAND,WESTBROOK",187,7/9/2021 4:30:00 PM,7/9/2021 4:30:00 PM,,Assessing,Investigating,-7829031.860348685,5415687.0605237605
O O BEACH,1,7/9/2021 4:30:00 PM,7/9/2021 4:30:00 PM,,Assessing,Investigating,-7837303.4216942005,5391578.975524673
SANFORD,1,7/9/2021 4:30:00 PM,7/9/2021 4:30:00 PM,,Assessing,Investigating,-7880844.081355047,5382832.072972521
PHIPPSBURG,2,7/9/2021 4:45:00 PM,7/9/2021 4:45:00 PM,,Repairs in Progress,Investigating,-7770237.703190526,5434865.830423269
