BgName,NumOut,EtrMin,EtrMax,Desc,Status,Cause,x,y
"ACTON,LEBANON",26,7/23/2023 2:30:00 PM,7/23/2023 2:30:00 PM,,Assessing,Investigating,-7897969.226901841,5384843.930235341
 ,1,7/23/2023 1:00:00 PM,7/23/2023 1:00:00 PM,,Assessing,Investigating,-7778480.254660424,5526602.845248557
