BgName,NumOut,EtrMin,EtrMax,Desc,Status,Cause,x,y
CARTHAGE,18,1/10/2022 3:00:00 AM,1/10/2022 3:00:00 AM,,Investigating,Investigating,-7842360.89997763,5563277.429965667
BRISTOL,12,1/10/2022 2:30:00 AM,1/10/2022 2:30:00 AM,,Assessing,Tree,-7731760.911566238,5455277.828372383
"CARTHAGE,WELD",254,1/10/2022 3:00:00 AM,1/10/2022 3:00:00 AM,,Assessing,Investigating,-7844583.838885869,5561633.549861171
KITTERY,2,1/10/2022 3:15:00 AM,1/10/2022 3:15:00 AM,,Assessing,Investigating,-7870751.667023486,5327896.196348664
"TOMHEGAN,ROCKWOOD,TAUNTON-RAYNHAM,SANDBAR TRACT,KINEO,SAPLING,BIG MOOSE TWP",918,1/10/2022 2:15:00 AM,1/10/2022 2:15:00 AM,,Assessing,Investigating,-7755848.590343887,5702231.547331995
