BgName,NumOut,EtrMin,EtrMax,Desc,Status,Cause,x,y
DAMARISCOTTA,2,8/24/2021 1:45:00 PM,8/24/2021 1:45:00 PM,,Assessing,Investigating,-7736436.664120053,5471240.896433947
BRIDGTON,26,8/24/2021 2:15:00 PM,8/24/2021 2:15:00 PM,,Assessing,Investigating,-7875240.436255519,5477415.872243122
RICHMOND,2,8/24/2021 1:00:00 PM,8/24/2021 1:00:00 PM,,Assessing,Investigating,-7780884.655509439,5481298.255101146
WELLS,1,8/24/2021 12:30:00 PM,8/24/2021 12:30:00 PM,,Crew Assigned,Investigating,-7868530.999057489,5354204.793294606
SANFORD,3,8/24/2021 1:45:00 PM,8/24/2021 1:45:00 PM,,Crew Assigned,Investigating,-7878395.419857661,5383870.005459675
