BgName,NumOut,EtrMin,EtrMax,Desc,Status,Cause,x,y
BRIDGTON,16,4/10/2023 4:00:00 PM,4/10/2023 4:00:00 PM,,Assessing,Tree,-7879495.390038721,5475941.863275138
BURNHAM,1,4/10/2023 3:30:00 PM,4/10/2023 3:30:00 PM,,Assessing,Investigating,-7725188.809210122,5567363.154539814
PORTLAND,32,4/10/2023 2:00:00 PM,4/10/2023 2:00:00 PM,,Crew Assigned,Investigating,-7820094.163185661,5414017.473777224
