BgName,NumOut,EtrMin,EtrMax,Desc,Status,Cause,x,y
WALDOBORO,30,8/4/2022 8:00:00 PM,8/4/2022 8:00:00 PM,,Investigating,Investigating,-7722139.310895346,5480804.769904883
FREEPORT,1,8/4/2022 7:00:00 PM,8/4/2022 7:00:00 PM,,Assessing,Equipment Interruption,-7801903.64548919,5438532.861052689
"TURNER,AUBURN",15,8/4/2022 7:15:00 PM,8/4/2022 7:15:00 PM,,Assessing,Investigating,-7819361.001835233,5495027.765334673
LOVELL,45,8/4/2022 8:15:00 PM,8/4/2022 8:15:00 PM,,Assessing,Investigating,-7892943.5080720885,5492469.202731399
PARIS,32,8/4/2022 7:30:00 PM,8/4/2022 7:30:00 PM,,Assessing,Investigating,-7842385.312306445,5497369.988662923
SANFORD,22,8/4/2022 7:45:00 PM,8/4/2022 7:45:00 PM,,Assessing,Investigating,-7878415.791362905,5379069.770863776
