BgName,NumOut,EtrMin,EtrMax,Desc,Status,Cause,x,y
PHIPPSBURG,21,7/3/2021 8:30:00 PM,7/3/2021 8:30:00 PM,,Assessing,Investigating,-7776148.879461258,5436992.549837866
LINCOLNVILLE,2,7/3/2021 8:15:00 PM,7/3/2021 8:15:00 PM,,Assessing,Investigating,-7695324.58387535,5508345.867510563
MANCHESTER,2,7/3/2021 8:45:00 PM,7/3/2021 8:45:00 PM,,Assessing,Investigating,-7775117.281720939,5518238.641786026
NORTHPORT,12,7/3/2021 8:15:00 PM,7/3/2021 8:15:00 PM,,Assessing,Investigating,-7677635.950221834,5519202.913225441
