BgName,NumOut,EtrMin,EtrMax,Desc,Status,Cause,x,y
PORTLAND,1,8/20/2024 6:45:00 PM,8/20/2024 6:45:00 PM,,Repairs in Progress,Investigating,-7827898.850580882,5419595.906817166
YORK,32,8/20/2024 6:30:00 PM,8/20/2024 6:30:00 PM,,Crew Assigned,Investigating,-7858215.912351403,5342851.091874099
"NORRIDGEWOCK,FAIRFIELD",122,8/20/2024 7:15:00 PM,8/20/2024 7:15:00 PM,,Repairs in Progress,Investigating,-7765063.762531229,5574012.5171539225
EMBDEN,1,8/20/2024 7:30:00 PM,8/20/2024 7:30:00 PM,,Assessing,Investigating,-7783651.200867527,5613603.375014551
