BgName,NumOut,EtrMin,EtrMax,Desc,Status,Cause,x,y
WESTPORT,24,11/3/2021 7:15:00 PM,11/3/2021 7:15:00 PM,,Assessing,Investigating,-7757140.408492541,5457697.41957335
ST ALBANS,2,11/3/2021 5:30:00 PM,11/3/2021 5:30:00 PM,,Assessing,Investigating,-7728227.107687038,5614257.463867218
