BgName,NumOut,EtrMin,EtrMax,Desc,Status,Cause,x,y
CHELSEA,3,3/6/2022 10:45:00 AM,3/6/2022 10:45:00 AM,,Assessing,Investigating,-7755557.289441943,5507374.191476872
ARUNDEL,3,3/6/2022 11:00:00 AM,3/6/2022 11:00:00 AM,,Repairs in Progress,Investigating,-7850763.350749623,5380806.591016742
CLINTON,23,3/6/2022 10:00:00 AM,3/6/2022 10:00:00 AM,,Assessing,Investigating,-7737078.699257636,5564809.9732546
UNITY,23,3/6/2022 11:30:00 AM,3/6/2022 11:30:00 AM,,Assessing,Investigating,-7718878.363269901,5560646.0868551545
