BgName,NumOut,EtrMin,EtrMax,Desc,Status,Cause,x,y
"HEBRON,TURNER,BUCKFIELD,MINOT",448,5/18/2022 2:00:00 PM,5/18/2022 2:00:00 PM,,Assessing,Tree,-7833247.663003466,5492980.926347373
HARTFORD,16,5/18/2022 2:45:00 PM,5/18/2022 2:45:00 PM,,Assessing,Investigating,-7825369.304335639,5521177.318851465
