BgName,NumOut,EtrMin,EtrMax,Desc,Status,Cause,x,y
CAMDEN,33,9/23/2021 12:30:00 PM,9/23/2021 12:30:00 PM,,Assessing,Investigating,-7689165.24309247,5498576.814198289
SABATTUS,19,9/23/2021 12:30:00 PM,9/23/2021 12:30:00 PM,,Assessing,Investigating,-7803617.1642180085,5483749.232499167
KITTERY,16,9/23/2021 1:15:00 PM,9/23/2021 1:15:00 PM,,Crew Assigned,Investigating,-7870667.776610879,5329020.744461181
ANSON,18,9/23/2021 1:00:00 PM,9/23/2021 1:00:00 PM,,Assessing,Investigating,-7793369.158607041,5597105.472994069
