BgName,NumOut,EtrMin,EtrMax,Desc,Status,Cause,x,y
SHIRLEY,14,4/10/2024 11:30:00 AM,4/10/2024 11:30:00 AM,,Investigating,Investigating,-7750890.7614146825,5679074.300000609
CLIFF ISLAND,11,4/10/2024 12:15:00 PM,4/10/2024 12:15:00 PM,,Assessing,Investigating,-7803617.286655074,5419047.895589504
HOLLIS,17,Assessing,Assessing,,Assessing,Investigating,-7861846.553036273,5416347.763435133
CORNISH,10,4/10/2024 12:00:00 PM,4/10/2024 12:00:00 PM,,Assessing,Investigating,-7885651.547057475,5427754.05105538
SEBAGO,16,4/10/2024 5:00:00 PM,4/10/2024 5:00:00 PM,,Assessing,Investigating,-7875772.387557805,5449316.1430768855
WILLIMANTIC,140,4/10/2024 11:00:00 AM,4/10/2024 11:00:00 AM,,Assessing,Investigating,-7718654.388437318,5668814.977739843
LINCOLNVILLE,1,4/10/2024 11:45:00 AM,4/10/2024 11:45:00 AM,,Crew Assigned,Investigating,-7696565.517960941,5511986.090068575
