BgName,NumOut,EtrMin,EtrMax,Desc,Status,Cause,x,y
SQUIRREL ISLAND,29,3/12/2021 4:00:00 PM,3/12/2021 4:00:00 PM,,Assessing,Investigating,-7751282.454001872,5435544.629244648
FALMOUTH,24,3/12/2021 12:45:00 AM,3/12/2021 12:45:00 AM,,Assessing,Investigating,-7825350.580474883,5423957.721595235
