BgName,NumOut,EtrMin,EtrMax,Desc,Status,Cause,x,y
LEWISTON,10,9/11/2022 9:15:00 AM,9/11/2022 9:15:00 AM,,Assessing,Investigating,-7812890.53415585,5482653.7729994245
YORK,25,9/11/2022 9:30:00 AM,9/11/2022 9:30:00 AM,,Crew Assigned,Investigating,-7862225.217438829,5336570.4402200105
