BgName,NumOut,EtrMin,EtrMax,Desc,Status,Cause,x,y
PHIPPSBURG,16,1/3/2023 6:00:00 PM,1/3/2023 6:00:00 PM,,Assessing,Investigating,-7774376.005285936,5421235.4848537035
"SANFORD,LEBANON",54,1/3/2023 7:15:00 PM,1/3/2023 7:15:00 PM,,Assessing,Investigating,-7882692.741870726,5375741.502292167
SANFORD,15,1/3/2023 7:15:00 PM,1/3/2023 7:15:00 PM,,Assessing,Investigating,-7878772.748364725,5378354.174865384
ELIOT,2,1/3/2023 6:45:00 PM,1/3/2023 6:45:00 PM,,Assessing,Investigating,-7878831.714375269,5338533.568896427
