BgName,NumOut,EtrMin,EtrMax,Desc,Status,Cause,x,y
WARREN,2,10/4/2021 12:15:00 PM,10/4/2021 12:15:00 PM,,Assessing,Investigating,-7709229.746455314,5492309.2144305
ROCKPORT,2,10/4/2021 10:45:00 AM,10/4/2021 10:45:00 AM,,Assessing,Investigating,-7690745.033616889,5485600.559183892
RAYMOND,4,10/4/2021 12:15:00 PM,10/4/2021 12:15:00 PM,,Assessing,Investigating,-7850448.561553294,5445376.423490338
HANOVER,46,10/4/2021 11:15:00 AM,10/4/2021 11:15:00 AM,,Assessing,Investigating,-7871858.0380700985,5544122.27846758
PORTLAND,299,10/4/2021 11:30:00 AM,10/4/2021 11:30:00 AM,,Assessing,Investigating,-7822005.362911969,5411306.380956305
WATERVILLE,851,10/4/2021 11:00:00 AM,10/4/2021 11:00:00 AM,,Assessing,Investigating,-7754525.513602249,5551188.026479601
