BgName,NumOut,EtrMin,EtrMax,Desc,Status,Cause,x,y
WISCASSET,29,9/7/2023 2:30:00 PM,9/7/2023 2:30:00 PM,,Investigating,Investigating,-7760232.874207933,5470053.683182929
EDGECOMB,7,9/7/2023 2:30:00 PM,9/7/2023 2:30:00 PM,,Assessing,Investigating,-7747421.905242344,5464303.091364989
"WISCASSET,DRESDEN",102,9/7/2023 2:30:00 PM,9/7/2023 2:30:00 PM,,Assessing,Investigating,-7760259.458167814,5469236.2711696625
