BgName,NumOut,EtrMin,EtrMax,Desc,Status,Cause,x,y
READFIELD,3,8/12/2022 1:00:00 PM,8/12/2022 1:00:00 PM,,Assessing,Investigating,-7779276.500732156,5525707.827381784
DENMARK,68,8/12/2022 12:00:00 PM,8/12/2022 12:00:00 PM,,Assessing,Investigating,-7873461.361538892,5454727.118440876
GREENWOOD,31,8/12/2022 1:00:00 PM,8/12/2022 1:00:00 PM,,Assessing,Investigating,-7862161.253232964,5509707.420198216
"INDUSTRY,FARMINGTON",51,8/12/2022 11:30:00 AM,8/12/2022 11:30:00 AM,,Assessing,Investigating,-7802210.375263257,5577051.5179080665
