BgName,NumOut,EtrMin,EtrMax,Desc,Status,Cause,x,y
KENNEBUNKPORT,7,7/12/2023 11:45:00 PM,7/12/2023 11:45:00 PM,,Crew Assigned,Investigating,-7844415.145338898,5372692.459989511
NEW SHARON,18,7/13/2023 12:15:00 AM,7/13/2023 12:15:00 AM,,Assessing,Investigating,-7794434.820180721,5564039.415779191
WINSLOW,3,7/13/2023 12:45:00 AM,7/13/2023 12:45:00 AM,,Assessing,Investigating,-7749903.561776602,5545206.639413945
