BgName,NumOut,EtrMin,EtrMax,Desc,Status,Cause,x,y
AUBURN,55,5/14/2022 12:30:00 PM,5/14/2022 12:30:00 PM,,Assessing,Investigating,-7818288.0934489835,5482143.044645378
CASCO,5,5/14/2022 12:30:00 PM,5/14/2022 12:30:00 PM,,Assessing,Tree,-7849308.059898565,5470611.173660651
WATERVILLE,19,5/14/2022 12:00:00 PM,5/14/2022 12:00:00 PM,,Assessing,Investigating,-7751222.074308759,5551907.815088524
