BgName,NumOut,EtrMin,EtrMax,Desc,Status,Cause,x,y
MONSON,73,2/22/2023 9:30:00 AM,2/22/2023 9:30:00 AM,,Assessing,Investigating,-7737369.05390027,5668307.201282084
NEW PORTLAND,7,2/22/2023 9:15:00 AM,2/22/2023 9:15:00 AM,,Assessing,Investigating,-7807015.525573681,5609929.275201042
LEWISTON,10,2/22/2023 8:30:00 AM,2/22/2023 8:30:00 AM,,Assessing,Vehicle Accident,-7813043.3535322035,5481250.028532168
