BgName,NumOut,EtrMin,EtrMax,Desc,Status,Cause,x,y
"UNION,HOPE",45,8/8/2022 5:45:00 PM,8/8/2022 5:45:00 PM,,Assessing,Investigating,-7710365.728450429,5498563.410732711
GR DIAMOND,42,8/8/2022 5:30:00 PM,8/8/2022 5:30:00 PM,,Assessing,Investigating,-7814993.971586053,5415550.381914745
CORNVILLE,24,8/8/2022 5:00:00 PM,8/8/2022 5:00:00 PM,,Assessing,Investigating,-7760116.390307974,5603667.173502188
CORNVILLE,30,8/8/2022 5:00:00 PM,8/8/2022 5:00:00 PM,,Assessing,Investigating,-7763425.707281335,5602995.610938724
