BgName,NumOut,EtrMin,EtrMax,Desc,Status,Cause,x,y
EDGECOMB,1,10/5/2024 9:00:00 AM,10/5/2024 9:00:00 AM,,Crew Assigned,Investigating,-7754500.077126935,5460607.972651416
GARDINER,38,10/5/2024 9:15:00 AM,10/5/2024 9:15:00 AM,,Assessing,Investigating,-7765296.754157823,5494120.3121831
TOPSHAM,5,10/5/2024 9:30:00 AM,10/5/2024 9:30:00 AM,,Crew Assigned,Investigating,-7787193.364805535,5464238.444125043
APPLETON,17,10/5/2024 9:15:00 AM,10/5/2024 9:15:00 AM,,Assessing,Investigating,-7715271.9902519025,5510067.072539466
SANFORD,69,10/5/2024 9:00:00 AM,10/5/2024 9:00:00 AM,,Assessing,Investigating,-7877144.745368006,5376757.5359868705
SCARBOROUGH,1,10/5/2024 8:15:00 AM,10/5/2024 8:15:00 AM,,Assessing,Investigating,-7829483.149552362,5402298.859122863
BUXTON,44,10/5/2024 9:30:00 AM,10/5/2024 9:30:00 AM,,Crew Assigned,Investigating,-7848889.186983877,5404846.115460765
