BgName,NumOut,EtrMin,EtrMax,Desc,Status,Cause,x,y
LEWISTON,20,7/15/2021 3:15:00 PM,7/15/2021 3:15:00 PM,,Investigating,Investigating,-7814650.062591048,5482337.389512175
WEST GARDINER,9,7/15/2021 2:30:00 PM,7/15/2021 2:30:00 PM,,Assessing,Investigating,-7778430.5394058,5499583.949306171
GORHAM,5,7/15/2021 3:00:00 PM,7/15/2021 3:00:00 PM,,Assessing,Investigating,-7842174.729265539,5415779.08877892
