BgName,NumOut,EtrMin,EtrMax,Desc,Status,Cause,x,y
POLAND,14,6/3/2021 9:30:00 AM,6/3/2021 9:30:00 AM,,Investigating,Investigating,-7843396.19265431,5478659.6324244775
LITCHFIELD,9,6/3/2021 9:30:00 AM,6/3/2021 9:30:00 AM,,Assessing,Investigating,-7783971.144233783,5485884.709138402
NEW GLOUCESTER,4,6/3/2021 9:15:00 AM,6/3/2021 9:15:00 AM,,Assessing,Investigating,-7820223.40506777,5451569.277253804
AUBURN,20,6/3/2021 8:30:00 AM,6/3/2021 8:30:00 AM,,Assessing,Investigating,-7821724.782210946,5479968.713846151
"ACTON,WATERBORO",47,6/3/2021 9:15:00 AM,6/3/2021 9:15:00 AM,,Crew Assigned,Investigating,-7899107.5688388385,5403353.440364185
LIMINGTON,1,6/3/2021 9:30:00 AM,6/3/2021 9:30:00 AM,,Assessing,Investigating,-7869756.860369591,5416082.008180334
