BgName,NumOut,EtrMin,EtrMax,Desc,Status,Cause,x,y
BOOTHBAY HBR,39,8/23/2022 4:30:00 PM,8/23/2022 4:30:00 PM,,Assessing,Investigating,-7752687.150213872,5442836.819157904
WOOLWICH,12,8/23/2022 2:00:00 PM,8/23/2022 2:00:00 PM,,Crew Assigned,Investigating,-7766309.79492421,5466350.299330036
SEBAGO,84,8/23/2022 3:30:00 PM,8/23/2022 3:30:00 PM,,Assessing,Investigating,-7871173.8573519075,5453294.873813078
BUXTON,56,8/23/2022 2:00:00 PM,8/23/2022 2:00:00 PM,,Assessing,Investigating,-7857972.601372624,5418246.893716005
NO BERWICK,3,8/23/2022 3:30:00 PM,8/23/2022 3:30:00 PM,,Crew Assigned,Investigating,-7878146.720947274,5373322.9980880935
ISLESBORO,2,8/23/2022 3:15:00 PM,8/23/2022 3:15:00 PM,,Assessing,System Upgrade,-7670237.523322107,5513485.70531242
SEARSMONT,43,8/23/2022 3:15:00 PM,8/23/2022 3:15:00 PM,,Assessing,Investigating,-7702594.904364091,5522372.9057043325
SACO,2,8/23/2022 4:30:00 PM,8/23/2022 4:30:00 PM,,Assessing,Investigating,-7843212.961633107,5393126.225749536
