BgName,NumOut,EtrMin,EtrMax,Desc,Status,Cause,x,y
BRUNSWICK,45,7/20/2023 10:30:00 AM,7/20/2023 10:30:00 AM,,Assessing,Investigating,-7783488.206901051,5451060.8779215645
GEORGETOWN,26,7/20/2023 11:45:00 AM,7/20/2023 11:45:00 AM,,Assessing,Investigating,-7765205.338621082,5438560.357341789
"AUGUSTA,SIDNEY",105,7/20/2023 11:30:00 AM,7/20/2023 11:30:00 AM,,Assessing,Investigating,-7768799.63341791,5522293.0383533
AUBURN,12,7/20/2023 11:30:00 AM,7/20/2023 11:30:00 AM,,Assessing,Investigating,-7824837.776106969,5487660.454601522
LIMINGTON,110,7/20/2023 10:30:00 AM,7/20/2023 10:30:00 AM,,Assessing,Tree,-7868393.118704893,5431620.447793224
