BgName,NumOut,EtrMin,EtrMax,Desc,Status,Cause,x,y
VASSALBORO,14,6/28/2022 1:00:00 AM,6/28/2022 1:00:00 AM,,Assessing,Investigating,-7753760.559460818,5525195.248736574
NEW GLOUCESTER,2,6/27/2022 10:30:00 PM,6/27/2022 10:30:00 PM,,Assessing,Equipment Interruption,-7824142.66375116,5459037.022050337
