BgName,NumOut,EtrMin,EtrMax,Desc,Status,Cause,x,y
TOPSHAM,23,2/24/2023 1:45:00 PM,2/24/2023 1:45:00 PM,,Assessing,Vehicle Accident,-7792370.85654015,5458929.158229072
LOVELL,9,2/24/2023 2:30:00 PM,2/24/2023 2:30:00 PM,,Crew Assigned,Investigating,-7893121.029301365,5490658.478233587
NAPLES,2,2/24/2023 2:00:00 PM,2/24/2023 2:00:00 PM,,Assessing,Investigating,-7859375.883701824,5458358.730336222
BELGRADE,28,2/24/2023 2:30:00 PM,2/24/2023 2:30:00 PM,,Assessing,Tree,-7770111.032686995,5541573.073540571
FRYEBURG,15,2/24/2023 2:00:00 PM,2/24/2023 2:00:00 PM,,Repairs in Progress,Investigating,-7901141.988205545,5467843.309048648
BOWDOINHAM,1,2/24/2023 2:00:00 PM,2/24/2023 2:00:00 PM,,Assessing,Investigating,-7777765.76170866,5469018.369821407
