BgName,NumOut,EtrMin,EtrMax,Desc,Status,Cause,x,y
HERMON,195,1/22/2023 4:15:00 AM,1/22/2023 4:15:00 AM,,Assessing,Investigating,-7668618.314470147,5589539.0876343055
KENNEBUNKPORT,29,1/22/2023 3:30:00 AM,1/22/2023 3:30:00 AM,,Assessing,Investigating,-7837932.643988216,5375819.908245278
"STANDISH,GORHAM",367,1/22/2023 3:00:00 AM,1/22/2023 3:00:00 AM,,Assessing,Investigating,-7844492.812885206,5435807.074154867
"SO BERWICK,WELLS,SOUTH BERWICK",256,1/22/2023 4:00:00 AM,1/22/2023 4:00:00 AM,,Assessing,Investigating,-7871728.239564872,5356914.744749393
YORK,235,1/22/2023 4:30:00 AM,1/22/2023 4:30:00 AM,,Assessing,Investigating,-7864474.3386573205,5343378.246811027
