BgName,NumOut,EtrMin,EtrMax,Desc,Status,Cause,x,y
DURHAM,94,10/7/2024 11:00:00 AM,10/7/2024 11:00:00 AM,,Assessing,Investigating,-7806689.003242485,5460964.928982641
WEST PARIS,5,10/7/2024 10:15:00 AM,10/7/2024 10:15:00 AM,,Repairs in Progress,Investigating,-7853867.260976775,5510674.67895398
