BgName,NumOut,EtrMin,EtrMax,Desc,Status,Cause,x,y
AUGUSTA,20,6/5/2023 6:15:00 PM,6/5/2023 6:15:00 PM,,Assessing,Investigating,-7765580.062312139,5515568.7287121955
AUGUSTA,5,6/5/2023 5:15:00 PM,6/5/2023 5:15:00 PM,,Repairs in Progress,Vehicle Accident,-7768637.607935621,5511738.923465317
FRYE ISLAND,13,6/5/2023 7:45:00 PM,6/5/2023 7:45:00 PM,,Assessing,Investigating,-7850630.112493701,5439222.515819179
BIDDEFORD,5,6/5/2023 6:30:00 PM,6/5/2023 6:30:00 PM,,Crew Assigned,Investigating,-7840775.298548089,5378224.776186066
HARTLAND,19,6/5/2023 6:15:00 PM,6/5/2023 6:15:00 PM,,Assessing,Equipment Interruption,-7739801.24005404,5608617.590152187
