BgName,NumOut,EtrMin,EtrMax,Desc,Status,Cause,x,y
DENMARK,1,8/26/2024 3:30:00 PM,8/26/2024 3:30:00 PM,,Assessing,Investigating,-7878916.896033386,5464773.383634588
JAY,3,8/26/2024 3:00:00 PM,8/26/2024 3:00:00 PM,,Assessing,Investigating,-7818598.396523245,5554704.8251124965
