BgName,NumOut,EtrMin,EtrMax,Desc,Status,Cause,x,y
WINTHROP,112,7/25/2021 2:30:00 PM,7/25/2021 2:30:00 PM,,Investigating,Investigating,-7784585.875005003,5510609.64383094
BRUNSWICK,9,7/25/2021 2:00:00 PM,7/25/2021 2:00:00 PM,,Assessing,Equipment Interruption,-7791021.909237257,5443247.520261999
WINTHROP,232,7/25/2021 2:30:00 PM,7/25/2021 2:30:00 PM,,Assessing,Investigating,-7783797.307729438,5513115.511392831
HIRAM,4,7/25/2021 12:30:00 PM,7/25/2021 12:30:00 PM,,Assessing,Investigating,-7889772.906386008,5448023.475041009
DOVER-FOXCROFT,8,7/25/2021 2:00:00 PM,7/25/2021 2:00:00 PM,,Assessing,Investigating,-7707528.4061598545,5660927.366815109
"WILTON,FARMINGTON",17,7/25/2021 2:15:00 PM,7/25/2021 2:15:00 PM,,Assessing,Investigating,-7807653.987411069,5558315.06553198
PORTLAND,22,7/25/2021 2:15:00 PM,7/25/2021 2:15:00 PM,,Assessing,Investigating,-7820282.081554199,5412295.336937865
