BgName,NumOut,EtrMin,EtrMax,Desc,Status,Cause,x,y
WOOLWICH,25,9/20/2022 5:00:00 AM,9/20/2022 5:00:00 AM,,Assessing,Investigating,-7765839.458998345,5453467.22715797
"HIRAM,BROWNFIELD",356,9/20/2022 6:15:00 AM,9/20/2022 6:15:00 AM,,Assessing,Investigating,-7882006.91360816,5446712.255391096
FALMOUTH,4,9/20/2022 5:30:00 AM,9/20/2022 5:30:00 AM,,Assessing,Investigating,-7816749.457696,5420236.377526072
SCARBOROUGH,17,9/20/2022 3:45:00 AM,9/20/2022 3:45:00 AM,,Assessing,Investigating,-7823881.608408143,5398772.585608522
BUXTON,42,9/20/2022 4:15:00 AM,9/20/2022 4:15:00 AM,,Assessing,Investigating,-7848889.186983877,5404846.115460765
BUXTON,10,9/20/2022 4:30:00 AM,9/20/2022 4:30:00 AM,,Assessing,Investigating,-7848996.588015859,5404723.863792231
BUXTON,6,9/20/2022 12:30:00 AM,9/20/2022 12:30:00 AM,,Assessing,Investigating,-7849173.240873024,5404618.724352844
ROME,31,9/20/2022 2:00:00 AM,9/20/2022 2:00:00 AM,,Assessing,Investigating,-7774639.9548689565,5558518.771103605
