BgName,NumOut,EtrMin,EtrMax,Desc,Status,Cause,x,y
OXFORD,1,9/10/2024 6:30:00 PM,9/10/2024 6:30:00 PM,,Repairs in Progress,Investigating,-7845558.040272832,5488058.102095719
KENNEBUNKPORT,11,9/10/2024 6:45:00 PM,9/10/2024 6:45:00 PM,,Crew Assigned,Investigating,-7843832.064899196,5367751.722075331
