BgName,NumOut,EtrMin,EtrMax,Desc,Status,Cause,x,y
"ACTON,LEBANON",26,7/23/2023 2:30:00 PM,7/23/2023 2:30:00 PM,,Assessing,Investigating,-7897969.226901841,5384843.930235341
NOBLEBORO,1,7/23/2023 3:15:00 PM,7/23/2023 3:15:00 PM,,Assessing,Investigating,-7732278.480367779,5489719.5567458095
