BgName,NumOut,EtrMin,EtrMax,Desc,Status,Cause,x,y
WAYNE,26,6/5/2023 7:45:00 PM,6/5/2023 7:45:00 PM,,Assessing,Investigating,-7799524.881539854,5511942.927538042
HARTLAND,19,6/5/2023 6:15:00 PM,6/5/2023 6:15:00 PM,,Assessing,Equipment Interruption,-7739801.24005404,5608617.590152187
EUSTIS,1,6/5/2023 7:15:00 PM,6/5/2023 7:15:00 PM,,Assessing,Investigating,-7842885.2481684815,5652398.091082273
