BgName,NumOut,EtrMin,EtrMax,Desc,Status,Cause,x,y
KENNEBUNKPORT,16,2/24/2024 12:30:00 PM,2/24/2024 12:30:00 PM,,Crew Assigned,Investigating,-7841572.223579901,5370798.988786573
BIDDEFORD,28,2/24/2024 11:30:00 AM,2/24/2024 11:30:00 AM,,Assessing,Investigating,-7843395.558944892,5386837.074898223
