BgName,NumOut,EtrMin,EtrMax,Desc,Status,Cause,x,y
BERWICK,129,8/3/2024 7:15:00 AM,8/3/2024 7:15:00 AM,,Crew Assigned,Investigating,-7885502.10065706,5352257.39134582
CAPE ELIZABETH,59,8/3/2024 8:15:00 AM,8/3/2024 8:15:00 AM,,Crew Assigned,Investigating,-7816447.503568115,5400840.448701797
KENNEBUNKPORT,4,8/3/2024 8:15:00 AM,8/3/2024 8:15:00 AM,,Assessing,Investigating,-7842894.554486604,5371950.914301542
NORTH BERWICK,27,8/3/2024 7:30:00 AM,8/3/2024 7:30:00 AM,,Crew Assigned,Investigating,-7877533.584360686,5362116.711756959
NORTH BERWICK,12,8/3/2024 7:30:00 AM,8/3/2024 7:30:00 AM,,Crew Assigned,Investigating,-7877413.826896072,5361940.391108783
WELLS,3,8/3/2024 7:45:00 AM,8/3/2024 7:45:00 AM,,Assessing,Investigating,-7863751.786083074,5365751.374079515
