BgName,NumOut,EtrMin,EtrMax,Desc,Status,Cause,x,y
BOOTHBAY HARBOR,40,5/10/2024 1:30:00 PM,5/10/2024 1:30:00 PM,,Assessing,Investigating,-7756833.701043465,5444663.949941877
ROCKPORT,9,5/10/2024 2:30:00 PM,5/10/2024 2:30:00 PM,,Assessing,Investigating,-7689797.771587672,5493763.351162824
