BgName,NumOut,EtrMin,EtrMax,Desc,Status,Cause,x,y
DAMARISCOTTA,18,5/20/2024 4:45:00 PM,5/20/2024 4:45:00 PM,,Crew Assigned,Investigating,-7733019.912677275,5474497.2131119585
BOOTHBAY,5,5/20/2024 5:00:00 PM,5/20/2024 5:00:00 PM,,Crew Assigned,Investigating,-7749662.020779265,5453925.450682676
"ATHENS,SOLON",78,5/20/2024 4:45:00 PM,5/20/2024 4:45:00 PM,,Assessing,Investigating,-7762441.553953501,5613798.387207951
