BgName,NumOut,EtrMin,EtrMax,Desc,Status,Cause,x,y
NORWAY,11,9/17/2024 11:15:00 AM,9/17/2024 11:15:00 AM,,Investigating,Investigating,-7856657.120133909,5496510.984889892
YARMOUTH,26,9/17/2024 10:30:00 AM,9/17/2024 10:30:00 AM,,Assessing,Investigating,-7809838.231701934,5431171.026601014
YORK,15,9/17/2024 9:45:00 AM,9/17/2024 9:45:00 AM,,Crew Assigned,Investigating,-7863262.303222837,5333992.239147778
ELIOT,4,9/17/2024 11:00:00 AM,9/17/2024 11:00:00 AM,,Assessing,Investigating,-7884592.063800221,5334266.441044188
LEVANT,5,9/17/2024 10:30:00 AM,9/17/2024 10:30:00 AM,,Crew Assigned,Investigating,-7677917.343632661,5603052.043901599
