BgName,NumOut,EtrMin,EtrMax,Desc,Status,Cause,x,y
FARMINGDALE,38,9/13/2021 10:30:00 AM,9/13/2021 10:30:00 AM,,Assessing,Investigating,-7768269.396434745,5504844.158019251
LOVELL,7,9/13/2021 10:00:00 AM,9/13/2021 10:00:00 AM,,Assessing,Investigating,-7887316.196478685,5496289.838753516
RUMFORD,19,9/13/2021 10:00:00 AM,9/13/2021 10:00:00 AM,,Assessing,Investigating,-7849985.283228188,5545851.563391251
WALES,12,9/13/2021 10:15:00 AM,9/13/2021 10:15:00 AM,,Assessing,Investigating,-7798819.071508339,5493989.46360434
STOCKTON SPRINGS,13,9/13/2021 10:30:00 AM,9/13/2021 10:30:00 AM,,Assessing,Investigating,-7659972.94225545,5545578.545009051
