BgName,NumOut,EtrMin,EtrMax,Desc,Status,Cause,x,y
DIXFIELD,18,1/30/2023 5:45:00 AM,1/30/2023 5:45:00 AM,,Assessing,Investigating,-7842622.7344929045,5549288.130352783
ALBION,2,1/30/2023 9:00:00 PM,1/30/2023 9:00:00 PM,,Assessing,Equipment Interruption,-7726767.096952223,5543549.289273659
