BgName,NumOut,EtrMin,EtrMax,Desc,Status,Cause,x,y
HARPSWELL,26,2/18/2022 3:00:00 AM,2/18/2022 3:00:00 AM,,Repairs in Progress,Investigating,-7788929.392232118,5435558.450118219
DAMARISCOTTA,57,2/18/2022 4:15:00 AM,2/18/2022 4:15:00 AM,,Assessing,Investigating,-7732244.305309901,5470250.698935725
OWLS HEAD,19,2/18/2022 2:45:00 AM,2/18/2022 2:45:00 AM,,Assessing,Investigating,-7689138.671146038,5478756.604630071
LIBERTY,27,2/18/2022 3:45:00 AM,2/18/2022 3:45:00 AM,,Assessing,Investigating,-7717742.292175037,5528141.1391244205
READFIELD,1,2/18/2022 3:45:00 AM,2/18/2022 3:45:00 AM,,Assessing,Investigating,-7784712.576543279,5523147.77594501
SCARBOROUGH,87,2/18/2022 4:00:00 AM,2/18/2022 4:00:00 AM,,Assessing,Investigating,-7843635.352285788,5405005.281668161
"ORLAND,PENOBSCOT",1359,2/18/2022 2:15:00 AM,2/18/2022 2:15:00 AM,,Assessing,Investigating,-7651386.881137613,5554072.992476383
