BgName,NumOut,EtrMin,EtrMax,Desc,Status,Cause,x,y
AUGUSTA,40,7/2/2023 1:45:00 PM,7/2/2023 1:45:00 PM,,Assessing,Investigating,-7770547.416304344,5513555.866067726
AUGUSTA,30,7/2/2023 1:45:00 PM,7/2/2023 1:45:00 PM,,Assessing,Investigating,-7770307.511638827,5514178.780064817
WINDSOR,1,7/2/2023 2:15:00 PM,7/2/2023 2:15:00 PM,,Assessing,Investigating,-7744320.989467387,5508718.324850805
"BUXTON,STANDISH,GORHAM",578,7/2/2023 12:45:00 PM,7/2/2023 12:45:00 PM,,Assessing,Investigating,-7857772.448908415,5415932.671313627
"BUXTON,GORHAM",97,7/2/2023 12:45:00 PM,7/2/2023 12:45:00 PM,,Assessing,Investigating,-7854868.724482796,5417486.788244559
EMBDEN,16,7/2/2023 2:15:00 PM,7/2/2023 2:15:00 PM,,Assessing,Investigating,-7779954.291697229,5614908.752625793
