BgName,NumOut,EtrMin,EtrMax,Desc,Status,Cause,x,y
SOLON,162,7/28/2024 2:15:00 AM,7/28/2024 2:15:00 AM,,Assessing,Investigating,-7773071.363081165,5609704.033897484
"RANGELEY,DALLAS PLT",31,7/28/2024 2:00:00 AM,7/28/2024 2:00:00 AM,,Assessing,Investigating,-7863525.373421414,5615301.291499435
