BgName,NumOut,EtrMin,EtrMax,Desc,Status,Cause,x,y
BOOTHBAY HBR,74,2/9/2022 3:00:00 PM,2/9/2022 3:00:00 PM,,Assessing,Investigating,-7748165.374732405,5444809.954539164
WAYNE,39,2/9/2022 2:15:00 PM,2/9/2022 2:15:00 PM,,Assessing,Investigating,-7799472.739568603,5518886.469470458
SHAPLEIGH,20,2/9/2022 2:15:00 PM,2/9/2022 2:15:00 PM,,Assessing,Investigating,-7882877.242713454,5391244.31295147
LINCOLN PLT,10,2/9/2022 3:15:00 PM,2/9/2022 3:15:00 PM,,Assessing,Investigating,-7906831.77223482,5611080.693908603
