BgName,NumOut,EtrMin,EtrMax,Desc,Status,Cause,x,y
ROCKPORT,46,7/9/2024 3:15:00 PM,7/9/2024 3:15:00 PM,,Repairs in Progress,Equipment Interruption,-7691599.165890357,5486832.513352447
GREENWOOD,14,7/9/2024 3:45:00 PM,7/9/2024 3:45:00 PM,,Crew Assigned,Investigating,-7868453.197861561,5519704.849705548
GREENWOOD,26,7/9/2024 4:15:00 PM,7/9/2024 4:15:00 PM,,Crew Assigned,Investigating,-7868105.201991435,5522381.625899443
WOODSTOCK,9,7/9/2024 4:00:00 PM,7/9/2024 4:00:00 PM,,Assessing,Investigating,-7858583.021818578,5522447.401610054
SACO,87,7/9/2024 4:15:00 PM,7/9/2024 4:15:00 PM,,Crew Assigned,Investigating,-7844440.637476522,5388763.734632742
"WILTON,JAY",77,7/9/2024 4:30:00 PM,7/9/2024 4:30:00 PM,,Crew Assigned,Investigating,-7815659.450668374,5556649.025156006
BOWDOIN,2,7/9/2024 4:15:00 PM,7/9/2024 4:15:00 PM,,Crew Assigned,Investigating,-7790679.201086559,5478132.765831651
