BgName,NumOut,EtrMin,EtrMax,Desc,Status,Cause,x,y
 ,2,4/10/2022 9:30:00 PM,4/10/2022 9:30:00 PM,,Assessing,Investigating,-7780436.939605959,5434110.23042966
OGUNQUIT,3,4/10/2022 7:45:00 PM,4/10/2022 7:45:00 PM,,Crew Assigned,Investigating,-7861590.874412314,5351815.778803832
