BgName,NumOut,EtrMin,EtrMax,Desc,Status,Cause,x,y
NEWCASTLE,6,6/27/2023 10:00:00 AM,6/27/2023 10:00:00 AM,,Assessing,Investigating,-7750631.602394539,5467316.595291758
WINTHROP,46,6/27/2023 10:00:00 AM,6/27/2023 10:00:00 AM,,Assessing,Investigating,-7782172.165635398,5515794.556584895
STOW,3,6/27/2023 9:45:00 AM,6/27/2023 9:45:00 AM,,Assessing,Investigating,-7901487.123172985,5488261.858032932
PARSONSFIELD,11,6/27/2023 9:30:00 AM,6/27/2023 9:30:00 AM,,Repairs in Progress,Investigating,-7889489.242032929,5425854.2888600165
PORTLAND,25,6/27/2023 9:30:00 AM,6/27/2023 9:30:00 AM,,Assessing,Equipment Interruption,-7820670.6978976345,5411678.848286692
ATHENS,26,6/27/2023 10:00:00 AM,6/27/2023 10:00:00 AM,,Assessing,Investigating,-7752116.737955788,5615132.550551387
