BgName,NumOut,EtrMin,EtrMax,Desc,Status,Cause,x,y
LITCHFIELD,24,4/24/2024 1:00:00 PM,4/24/2024 1:00:00 PM,,Repairs in Progress,System Upgrade,-7792716.804217388,5488214.013625315
LITCHFIELD,2,4/24/2024 1:00:00 PM,4/24/2024 1:00:00 PM,,Repairs in Progress,System Upgrade,-7792772.686575884,5488404.679105107
LITCHFIELD,4,4/24/2024 1:00:00 PM,4/24/2024 1:00:00 PM,,Repairs in Progress,System Upgrade,-7792855.552741879,5488321.477739623
