BgName,NumOut,EtrMin,EtrMax,Desc,Status,Cause,x,y
"LONG IS,PEAKS IS",404,3/24/2021 6:45:00 AM,3/24/2021 6:45:00 AM,,Assessing,Investigating,-7807965.960254576,5419890.790111076
BRUNSWICK,11,3/24/2021 6:45:00 AM,3/24/2021 6:45:00 AM,,Assessing,Investigating,-7787989.588552283,5452098.194991799
