BgName,NumOut,EtrMin,EtrMax,Desc,Status,Cause,x,y
RUMFORD,101,5/10/2022 6:30:00 AM,5/10/2022 6:30:00 AM,,Assessing,Investigating,-7861404.781687526,5545300.227099946
"NO YARMOUTH,NORTH YARMOUTH",89,5/10/2022 7:15:00 AM,5/10/2022 7:15:00 AM,,Assessing,Investigating,-7819345.873499547,5437361.164877133
