BgName,NumOut,EtrMin,EtrMax,Desc,Status,Cause,x,y
WESTBROOK,31,4/26/2021 11:45:00 AM,4/26/2021 11:45:00 AM,,Assessing,Investigating,-7832513.934017582,5414576.205841231
HARPSWELL,7,4/26/2021 11:00:00 AM,4/26/2021 11:00:00 AM,,Assessing,Investigating,-7790013.799991544,5428317.9925511945
WATERFORD,1,4/26/2021 12:00:00 PM,4/26/2021 12:00:00 PM,,Assessing,Investigating,-7871654.000556698,5488028.068152406
YORK,1,4/26/2021 11:30:00 AM,4/26/2021 11:30:00 AM,,Assessing,Investigating,-7865667.550018863,5330266.0615332555
