BgName,NumOut,EtrMin,EtrMax,Desc,Status,Cause,x,y
CAPE ELIZABETH,5,7/28/2021 10:45:00 PM,7/28/2021 10:45:00 PM,,Assessing,Investigating,-7816964.83870808,5402009.132114493
 ,3,7/28/2021 11:45:00 PM,7/28/2021 11:45:00 PM,,Assessing,Investigating,-7816662.962467388,5402244.266624247
