BgName,NumOut,EtrMin,EtrMax,Desc,Status,Cause,x,y
ALBANY,2,6/23/2022 9:15:00 AM,6/23/2022 9:15:00 AM,,Repairs in Progress,Investigating,-7879211.848122709,5502773.103303304
OTISFIELD,15,6/23/2022 10:15:00 AM,6/23/2022 10:15:00 AM,,Crew Assigned,Investigating,-7856126.790647194,5475653.853850699
PORTLAND,49,6/23/2022 10:45:00 AM,6/23/2022 10:45:00 AM,,Assessing,Investigating,-7822551.017654815,5416667.6190198725
PENOBSCOT,3,6/23/2022 10:30:00 AM,6/23/2022 10:30:00 AM,,Assessing,Investigating,-7656855.439912367,5537218.108437884
ETNA,70,6/23/2022 9:15:00 AM,6/23/2022 9:15:00 AM,,Assessing,Vehicle Accident,-7692308.092911237,5582271.946242321
 ,14,6/23/2022 10:15:00 AM,6/23/2022 10:15:00 AM,,Assessing,Investigating,-7811326.450815121,5435725.412142592
