BgName,NumOut,EtrMin,EtrMax,Desc,Status,Cause,x,y
TURNER,124,8/29/2024 1:45:00 PM,8/29/2024 1:45:00 PM,,Crew Assigned,Investigating,-7817142.048188363,5511609.735547292
CANTON,33,8/29/2024 1:30:00 PM,8/29/2024 1:30:00 PM,,Assessing,Investigating,-7827998.592839117,5533698.051394021
CHESTERVILLE,20,8/29/2024 3:15:00 PM,8/29/2024 3:15:00 PM,,Crew Assigned,Investigating,-7801596.069768112,5550836.463578227
