BgName,NumOut,EtrMin,EtrMax,Desc,Status,Cause,x,y
"BRUNSWICK,FREEPORT",141,3/30/2023 8:00:00 AM,3/30/2023 8:00:00 AM,,Assessing,Vehicle Accident,-7793980.057788925,5447236.245190484
NORWAY,45,3/30/2023 8:30:00 AM,3/30/2023 8:30:00 AM,,Assessing,Tree,-7857626.275271753,5502844.098684712
