BgName,NumOut,EtrMin,EtrMax,Desc,Status,Cause,x,y
GREENE,54,4/27/2021 10:30:00 AM,4/27/2021 10:30:00 AM,,Investigating,Investigating,-7808567.89189759,5492720.704873387
BRISTOL,1,4/27/2021 10:00:00 AM,4/27/2021 10:00:00 AM,,Assessing,Investigating,-7739231.451293944,5448544.8207862
GREENE,8,4/27/2021 10:45:00 AM,4/27/2021 10:45:00 AM,,Assessing,Investigating,-7808567.230256909,5492726.667469708
LOVELL,13,4/27/2021 12:00:00 PM,4/27/2021 12:00:00 PM,,Assessing,Tree,-7891665.103939994,5493344.0191921685
