BgName,NumOut,EtrMin,EtrMax,Desc,Status,Cause,x,y
NOBLEBORO,3,5/24/2021 2:00:00 AM,5/24/2021 2:00:00 AM,,Assessing,Investigating,-7732904.7082096,5485325.90939896
WOOLWICH,14,5/24/2021 2:00:00 AM,5/24/2021 2:00:00 AM,,Assessing,Investigating,-7772018.94863722,5464974.843327099
WATERVILLE,37,5/24/2021 3:15:00 AM,5/24/2021 3:15:00 AM,,Assessing,Investigating,-7750077.01985732,5554088.931156577
"NEW SHARON,INDUSTRY,STARKS",643,5/24/2021 2:30:00 AM,5/24/2021 2:30:00 AM,,Assessing,Investigating,-7794136.361465838,5564892.0607415065
