BgName,NumOut,EtrMin,EtrMax,Desc,Status,Cause,x,y
ROCKPORT,68,10/9/2023 9:45:00 AM,10/9/2023 9:45:00 AM,,Assessing,Investigating,-7696722.834671912,5494165.812302485
"TURNER,HARTFORD",162,10/9/2023 9:30:00 AM,10/9/2023 9:30:00 AM,,Assessing,Investigating,-7822036.8329416495,5518840.815019054
