BgName,NumOut,EtrMin,EtrMax,Desc,Status,Cause,x,y
BRUNSWICK,40,9/29/2024 3:00:00 PM,9/29/2024 3:00:00 PM,,Repairs in Progress,Investigating,-7788182.805852805,5449539.15453007
WATERFORD,93,9/29/2024 12:30:00 PM,9/29/2024 12:30:00 PM,,Crew Assigned,Investigating,-7868531.08805712,5497526.912922904
WINDHAM,4,9/29/2024 1:30:00 PM,9/29/2024 1:30:00 PM,,Crew Assigned,Investigating,-7835486.698731577,5435025.823730603
