BgName,NumOut,EtrMin,EtrMax,Desc,Status,Cause,x,y
LEWISTON,53,7/31/2024 5:00:00 PM,7/31/2024 5:00:00 PM,,Repairs in Progress,Investigating,-7808395.141409006,5480979.492985272
GREENWOOD,27,7/31/2024 7:30:00 PM,7/31/2024 7:30:00 PM,,Repairs in Progress,Vehicle Accident,-7859969.561705158,5515486.260028381
GORHAM,17,7/31/2024 5:15:00 PM,7/31/2024 5:15:00 PM,,Crew Assigned,Investigating,-7843023.028308892,5419438.675499921
