BgName,NumOut,EtrMin,EtrMax,Desc,Status,Cause,x,y
SANFORD,41,7/19/2023 8:00:00 AM,7/19/2023 8:00:00 AM,,Assessing,Investigating,-7869429.414104089,5372746.955275728
WATERBORO,63,7/19/2023 7:00:00 AM,7/19/2023 7:00:00 AM,,Assessing,Investigating,-7868886.776138428,5407702.054536573
