BgName,NumOut,EtrMin,EtrMax,Desc,Status,Cause,x,y
"DURHAM,FREEPORT",576,11/4/2024 12:15:00 AM,11/4/2024 12:15:00 AM,,Repairs in Progress,Vehicle Accident,-7800662.199430463,5456404.315010179
CANAAN,24,11/3/2024 10:30:00 PM,11/3/2024 10:30:00 PM,,Repairs in Progress,Tree,-7735947.671008077,5580035.04405873
