BgName,NumOut,EtrMin,EtrMax,Desc,Status,Cause,x,y
GORHAM,47,9/27/2023 6:45:00 AM,9/27/2023 6:45:00 AM,,Assessing,Equipment Interruption,-7843100.718180191,5419423.570003798
WINDHAM,27,9/27/2023 9:00:00 AM,9/27/2023 9:00:00 AM,,Assessing,Equipment Interruption,-7838785.384703877,5438489.718816309
