BgName,NumOut,EtrMin,EtrMax,Desc,Status,Cause,x,y
WHITEFIELD,1,4/4/2021 10:30:00 PM,4/4/2021 10:30:00 PM,,Assessing,Investigating,-7754433.942191016,5497533.714938125
DENMARK,12,4/5/2021 10:00:00 AM,4/5/2021 10:00:00 AM,,Assessing,Investigating,-7877039.136542338,5457914.635022708
"JAY,CANTON",152,4/4/2021 11:00:00 PM,4/4/2021 11:00:00 PM,,Assessing,Investigating,-7817059.872094882,5543864.186977121
"BROOKS,NEWBURGH,MONROE,WINTERPORT",528,4/4/2021 11:00:00 PM,4/4/2021 11:00:00 PM,,Assessing,Investigating,-7693485.585976653,5552425.165363471
DOVER-FOXCROFT,48,4/4/2021 11:45:00 PM,4/4/2021 11:45:00 PM,,Assessing,Investigating,-7699493.788264874,5650599.779360993
WISCASSET,8,4/4/2021 11:30:00 PM,4/4/2021 11:30:00 PM,,Assessing,Investigating,-7759539.076323632,5462282.174342291
