BgName,NumOut,EtrMin,EtrMax,Desc,Status,Cause,x,y
CUSHING,22,4/16/2021 1:00:00 AM,4/16/2021 1:00:00 AM,,Assessing,Investigating,-7704877.143156637,5473838.2085789675
"CUSHING,WARREN,THOMASTON",1156,4/16/2021 12:45:00 AM,4/16/2021 12:45:00 AM,,Assessing,Investigating,-7699790.232124192,5478423.998972512
