BgName,NumOut,EtrMin,EtrMax,Desc,Status,Cause,x,y
BOOTHBAY,4,4/3/2021 1:15:00 PM,4/3/2021 1:15:00 PM,,Repairs in Progress,Investigating,-7746254.11924367,5450083.605831421
WELLS,62,4/3/2021 2:15:00 PM,4/3/2021 2:15:00 PM,,Assessing,Investigating,-7858914.019159405,5354415.951806953
NEW SHARON,2,4/3/2021 2:00:00 PM,4/3/2021 2:00:00 PM,,Assessing,Investigating,-7796209.564549663,5560242.697276071
