BgName,NumOut,EtrMin,EtrMax,Desc,Status,Cause,x,y
NEW GLOUCESTER,5,8/17/2024 9:30:00 AM,8/17/2024 9:30:00 AM,,Crew Assigned,Investigating,-7825579.609165096,5456787.282945808
WILTON,7,8/17/2024 10:00:00 AM,8/17/2024 10:00:00 AM,,Crew Assigned,Investigating,-7818377.86154146,5560876.178876818
TOPSHAM,14,8/17/2024 10:00:00 AM,8/17/2024 10:00:00 AM,,Crew Assigned,Investigating,-7789966.667328053,5453640.217544084
TURNER,2,8/17/2024 10:30:00 AM,8/17/2024 10:30:00 AM,,Assessing,Investigating,-7817169.121095611,5517213.184849757
