BgName,NumOut,EtrMin,EtrMax,Desc,Status,Cause,x,y
BRISTOL,4,5/14/2024 9:15:00 AM,5/14/2024 9:15:00 AM,,Crew Assigned,Investigating,-7738647.279932992,5452551.312376603
AUBURN,14,5/14/2024 9:00:00 AM,5/14/2024 9:00:00 AM,,Crew Assigned,Investigating,-7818678.012250472,5493186.732097788
"NAPLES,HARRISON",1119,5/14/2024 9:15:00 AM,5/14/2024 9:15:00 AM,,Assessing,Investigating,-7856218.172746499,5460757.865343444
"NAPLES,SEBAGO,BRIDGTON",1648,5/14/2024 9:15:00 AM,5/14/2024 9:15:00 AM,,Assessing,Investigating,-7860456.528849131,5460949.878880427
"NAPLES,BRIDGTON",294,5/14/2024 9:30:00 AM,5/14/2024 9:30:00 AM,,Assessing,Investigating,-7860600.131007103,5460867.900748807
