BgName,NumOut,EtrMin,EtrMax,Desc,Status,Cause,x,y
YORK,69,9/1/2024 8:45:00 PM,9/1/2024 8:45:00 PM,,Crew Assigned,Investigating,-7863502.196675801,5333395.070698789
JACKMAN,4,9/1/2024 9:15:00 PM,9/1/2024 9:15:00 PM,,Assessing,Investigating,-7817615.467666163,5720031.313297231
