BgName,NumOut,EtrMin,EtrMax,Desc,Status,Cause,x,y
RUMFORD,31,8/26/2022 1:15:00 PM,8/26/2022 1:15:00 PM,,Assessing,Investigating,-7854889.196200218,5554343.765807692
WINDHAM,5,8/26/2022 1:30:00 PM,8/26/2022 1:30:00 PM,,Assessing,Investigating,-7838842.302321309,5424018.882089275
