BgName,NumOut,EtrMin,EtrMax,Desc,Status,Cause,x,y
LITCHFIELD,3,5/21/2024 4:45:00 PM,5/21/2024 4:45:00 PM,,Assessing,Investigating,-7777070.6939027235,5491883.399836178
WESTBROOK,13,5/21/2024 4:00:00 PM,5/21/2024 4:00:00 PM,,Repairs in Progress,Equipment Interruption,-7834277.101126163,5415184.145742019
WESTBROOK,6,5/21/2024 4:00:00 PM,5/21/2024 4:00:00 PM,,Repairs in Progress,Investigating,-7834222.521225726,5415400.484192618
AVON,22,5/21/2024 4:30:00 PM,5/21/2024 4:30:00 PM,,Repairs in Progress,Investigating,-7827926.602548313,5589930.47934132
