BgName,NumOut,EtrMin,EtrMax,Desc,Status,Cause,x,y
SAINT ALBANS,70,7/11/2024 8:30:00 PM,7/11/2024 8:30:00 PM,,Investigating,Investigating,-7725705.588127409,5614358.012748079
"BOOTHBAY HARBOR,SOUTHPORT",144,7/11/2024 6:45:00 PM,7/11/2024 6:45:00 PM,,Crew Assigned,Investigating,-7753355.96883469,5441625.89464498
READFIELD,78,7/11/2024 8:15:00 PM,7/11/2024 8:15:00 PM,,Assessing,Investigating,-7785902.904777256,5524389.92616977
BRUNSWICK,7,7/11/2024 6:15:00 PM,7/11/2024 6:15:00 PM,,Repairs Complete,Investigating,-7788190.9766998,5451028.121812692
RUMFORD,14,7/11/2024 6:30:00 PM,7/11/2024 6:30:00 PM,,Assessing,Investigating,-7853170.222865143,5551277.676666577
HARTFORD,4,7/11/2024 7:15:00 PM,7/11/2024 7:15:00 PM,,Crew Assigned,Investigating,-7830754.9858319545,5532530.130042778
"DIXMONT,NEWBURGH",164,7/11/2024 8:30:00 PM,7/11/2024 8:30:00 PM,,Assessing,Investigating,-7692156.041594706,5580874.5718590515
"CANAAN,CLINTON",387,7/11/2024 7:45:00 PM,7/11/2024 7:45:00 PM,,Repairs in Progress,Tree,-7743441.799342466,5584071.241096522
WEST PARIS,2,7/11/2024 7:00:00 PM,7/11/2024 7:00:00 PM,,Repairs in Progress,Equipment Interruption,-7847414.32612483,5515803.223895672
