BgName,NumOut,EtrMin,EtrMax,Desc,Status,Cause,x,y
WALDOBORO,2,1/26/2024 12:00:00 PM,1/26/2024 12:00:00 PM,,Assessing,Investigating,-7719718.224267137,5490513.17032965
ALBANY,5,1/26/2024 11:00:00 AM,1/26/2024 11:00:00 AM,,Assessing,Investigating,-7882445.768391902,5521995.811209514
DEXTER,22,1/26/2024 11:45:00 AM,1/26/2024 11:45:00 AM,,Assessing,Investigating,-7717870.6992225805,5624907.281722327
