BgName,NumOut,EtrMin,EtrMax,Desc,Status,Cause,x,y
HARPSWELL,4,4/12/2022 11:15:00 AM,4/12/2022 11:15:00 AM,,Assessing,Investigating,-7788073.757276448,5438888.066823491
O O BEACH,16,4/12/2022 10:00:00 AM,4/12/2022 10:00:00 AM,,Crew Assigned,Investigating,-7833886.592364229,5390952.61369086
ORLAND,29,4/12/2022 10:00:00 AM,4/12/2022 10:00:00 AM,,Repairs in Progress,Investigating,-7642106.9654720435,5555171.34015588
READFIELD,1,4/12/2022 10:45:00 AM,4/12/2022 10:45:00 AM,,Assessing,Investigating,-7789176.922334067,5521951.293397232
