BgName,NumOut,EtrMin,EtrMax,Desc,Status,Cause,x,y
WOOLWICH,101,1/6/2023 9:00:00 PM,1/6/2023 9:00:00 PM,,Assessing,Investigating,-7761626.86223246,5459624.287548253
LEBANON,36,1/6/2023 9:15:00 PM,1/6/2023 9:15:00 PM,,Crew Assigned,Investigating,-7885815.554058013,5371875.099390208
