BgName,NumOut,EtrMin,EtrMax,Desc,Status,Cause,x,y
LOVELL,8,4/26/2021 7:15:00 PM,4/26/2021 7:15:00 PM,,Investigating,Investigating,-7888390.76692556,5495224.607808958
"BRISTOL,BREMEN",123,4/26/2021 8:00:00 PM,4/26/2021 8:00:00 PM,,Assessing,Investigating,-7732277.022135331,5457340.2190315975
WAYNE,20,4/26/2021 7:45:00 PM,4/26/2021 7:45:00 PM,,Assessing,Investigating,-7798974.651575196,5515911.18393441
WAYNE,9,4/26/2021 8:30:00 PM,4/26/2021 8:30:00 PM,,Assessing,Investigating,-7799312.105544005,5519471.266144456
LOVELL,41,4/26/2021 9:00:00 PM,4/26/2021 9:00:00 PM,,Assessing,Investigating,-7888470.991534418,5495294.912391737
LOVELL,13,4/27/2021 12:00:00 PM,4/27/2021 12:00:00 PM,,Assessing,Tree,-7891665.103939994,5493344.0191921685
"WATERFORD,ALBANY",35,4/26/2021 8:00:00 PM,4/26/2021 8:00:00 PM,,Assessing,Investigating,-7878124.011825148,5502178.187866436
"RUMFORD,WOODSTOCK,MILTON,BETHEL",204,4/26/2021 7:30:00 PM,4/26/2021 7:30:00 PM,,Assessing,Tree,-7855873.30497818,5544042.048397547
FARMINGTON,15,4/26/2021 8:15:00 PM,4/26/2021 8:15:00 PM,,Assessing,Investigating,-7810042.024241092,5563739.899132674
