BgName,NumOut,EtrMin,EtrMax,Desc,Status,Cause,x,y
GREENVILLE,3,11/6/2024 11:45:00 PM,11/6/2024 11:45:00 PM,,Assessing,Investigating,-7748511.62284597,5704863.648292154
NEW PORTLAND,31,11/6/2024 10:45:00 PM,11/6/2024 10:45:00 PM,,Crew Assigned,Investigating,-7803856.757134534,5603412.3621771
