BgName,NumOut,EtrMin,EtrMax,Desc,Status,Cause,x,y
ST GEORGE,7,9/26/2023 7:15:00 PM,9/26/2023 7:15:00 PM,,Assessing,Investigating,-7703946.066946922,5460780.494075101
ST GEORGE,45,9/26/2023 7:15:00 PM,9/26/2023 7:15:00 PM,,Assessing,Investigating,-7704219.322948181,5460449.374541322
BELGRADE,28,9/26/2023 7:15:00 PM,9/26/2023 7:15:00 PM,,Assessing,Tree,-7770111.032686995,5541573.073540571
