BgName,NumOut,EtrMin,EtrMax,Desc,Status,Cause,x,y
RANGELEY,11,8/20/2022 3:45:00 PM,8/20/2022 3:45:00 PM,,Assessing,Investigating,-7870151.076081337,5614991.106965319
CASCO,1,8/20/2022 4:45:00 PM,8/20/2022 4:45:00 PM,,Assessing,Investigating,-7851641.483390728,5467027.927765296
