BgName,NumOut,EtrMin,EtrMax,Desc,Status,Cause,x,y
GREENE,1,10/5/2022 3:30:00 PM,10/5/2022 3:30:00 PM,,Assessing,Investigating,-7807959.114090521,5499614.1300186375
WATERVILLE,19,10/5/2022 3:15:00 PM,10/5/2022 3:15:00 PM,,Assessing,Investigating,-7753462.457044801,5549444.919649671
