BgName,NumOut,EtrMin,EtrMax,Desc,Status,Cause,x,y
NORWAY,7,6/11/2022 7:45:00 PM,6/11/2022 7:45:00 PM,,Assessing,Investigating,-7858185.689117467,5505705.455000443
"LIMERICK,PARSONSFIELD,PARSONFIELD,CORNISH",661,6/11/2022 7:30:00 PM,6/11/2022 7:30:00 PM,,Crew Assigned,Investigating,-7884027.596096877,5419641.85570139
ETNA,9,6/11/2022 9:00:00 PM,6/11/2022 9:00:00 PM,,Assessing,Investigating,-7693194.496611523,5591361.338852683
