BgName,NumOut,EtrMin,EtrMax,Desc,Status,Cause,x,y
"PORTLAND,BUXTON",183,5/23/2021 9:00:00 AM,5/23/2021 9:00:00 AM,,Assessing,Investigating,-7824357.866563749,5421367.534796613
LEWISTON,32,5/23/2021 9:15:00 AM,5/23/2021 9:15:00 AM,,Assessing,Investigating,-7815506.95405334,5484334.933924928
