BgName,NumOut,EtrMin,EtrMax,Desc,Status,Cause,x,y
"SOMERVILLE PLT,WINDSOR",23,6/12/2024 8:00:00 AM,6/12/2024 8:00:00 AM,,Assessing,Investigating,-7737303.397700276,5513120.691422145
ROCKLAND,13,6/12/2024 8:30:00 AM,6/12/2024 8:30:00 AM,,Crew Assigned,Investigating,-7694805.890715124,5481716.865221256
ROCKPORT,1,6/12/2024 8:15:00 AM,6/12/2024 8:15:00 AM,,Assessing,Investigating,-7694940.899052592,5489981.412952612
TURNER,3,6/12/2024 7:45:00 AM,6/12/2024 7:45:00 AM,,Crew Assigned,Investigating,-7817974.038875042,5500251.038194243
NORTH YARMOUTH,11,6/12/2024 8:30:00 AM,6/12/2024 8:30:00 AM,,Assessing,Investigating,-7820864.727807848,5440389.973289618
NORTH YARMOUTH,25,6/12/2024 8:30:00 AM,6/12/2024 8:30:00 AM,,Crew Assigned,Investigating,-7820996.619155946,5439856.357584872
