BgName,NumOut,EtrMin,EtrMax,Desc,Status,Cause,x,y
WASHINGTON,17,7/13/2024 6:30:00 PM,7/13/2024 6:30:00 PM,,Crew Assigned,Investigating,-7728267.5834984025,5504416.283001667
PARIS,4,7/13/2024 7:00:00 PM,7/13/2024 7:00:00 PM,,Assessing,Investigating,-7852422.244928024,5505766.121152278
NORWAY,44,7/13/2024 6:15:00 PM,7/13/2024 6:15:00 PM,,Assessing,Investigating,-7857054.504993408,5506698.732231909
FRYE ISLAND,70,7/13/2024 7:15:00 PM,7/13/2024 7:15:00 PM,,Assessing,Investigating,-7849952.889264195,5440290.70788095
NEW SHARON,38,7/13/2024 6:30:00 PM,7/13/2024 6:30:00 PM,,Crew Assigned,Investigating,-7793712.601580347,5564342.509171047
"TROY,PLYMOUTH",56,7/13/2024 7:00:00 PM,7/13/2024 7:00:00 PM,,Assessing,Investigating,-7707865.169855924,5572410.310664138
PARIS,9204,7/13/2024 7:15:00 PM,7/13/2024 7:15:00 PM,,Assessing,Investigating,-7852638.616649175,5506997.265114426
