BgName,NumOut,EtrMin,EtrMax,Desc,Status,Cause,x,y
WATERBORO,71,8/23/2023 11:00:00 AM,8/23/2023 11:00:00 AM,,Investigating,Investigating,-7874608.8380016945,5413899.094415669
SKOWHEGAN,1,8/23/2023 10:30:00 AM,8/23/2023 10:30:00 AM,,Investigating,Investigating,-7761494.70368524,5583254.3420530725
BRISTOL,43,8/23/2023 9:30:00 AM,8/23/2023 9:30:00 AM,,Assessing,Investigating,-7739481.9646355305,5450061.652263656
FREEPORT,48,8/23/2023 9:45:00 AM,8/23/2023 9:45:00 AM,,Assessing,Investigating,-7801659.577563039,5448683.688624999
DEXTER,7,8/23/2023 11:00:00 AM,8/23/2023 11:00:00 AM,,Assessing,Investigating,-7714300.371456072,5623697.582243885
