BgName,NumOut,EtrMin,EtrMax,Desc,Status,Cause,x,y
"LIMINGTON,HOLLIS",10,7/12/2024 4:15:00 AM,7/12/2024 4:15:00 AM,,Crew Assigned,Investigating,-7864457.551664823,5418168.758794336
ELLIOTSVILLE,48,7/12/2024 4:00:00 AM,7/12/2024 4:00:00 AM,,Repairs in Progress,Investigating,-7729019.190398027,5678823.274547369
"PHILLIPS,AVON",133,7/12/2024 4:15:00 AM,7/12/2024 4:15:00 AM,,Repairs in Progress,Investigating,-7830017.527671385,5593956.196103495
