BgName,NumOut,EtrMin,EtrMax,Desc,Status,Cause,x,y
BRISTOL,20,6/27/2024 7:45:00 AM,6/27/2024 7:45:00 AM,,Assessing,Investigating,-7738083.892038455,5440281.26295116
WALDOBORO,21,6/27/2024 7:30:00 AM,6/27/2024 7:30:00 AM,,Crew Assigned,Investigating,-7727476.346834534,5475268.796744645
BRIDGTON,5,6/27/2024 7:45:00 AM,6/27/2024 7:45:00 AM,,Crew Assigned,Investigating,-7870800.491781224,5457798.697546659
BELMONT,18,6/27/2024 8:15:00 AM,6/27/2024 8:15:00 AM,,Crew Assigned,Investigating,-7694703.076117509,5527364.722676639
