BgName,NumOut,EtrMin,EtrMax,Desc,Status,Cause,x,y
GREENE,35,1/16/2023 4:00:00 AM,1/16/2023 4:00:00 AM,,Assessing,Investigating,-7813057.969794636,5495684.305557655
SHAPLEIGH,50,1/16/2023 10:00:00 AM,1/16/2023 10:00:00 AM,,Assessing,Tree,-7888110.739343735,5392910.115942171
FREEPORT,3,1/16/2023 2:45:00 AM,1/16/2023 2:45:00 AM,,Assessing,Tree,-7801247.851248742,5446227.273282268
