BgName,NumOut,EtrMin,EtrMax,Desc,Status,Cause,x,y
HARPSWELL,3,4/12/2024 9:00:00 AM,4/12/2024 9:00:00 AM,,Crew Assigned,Investigating,-7795678.436969511,5426427.252112056
"HARRISON,BRIDGTON",65,4/12/2024 9:15:00 AM,4/12/2024 9:15:00 AM,,Crew Assigned,Investigating,-7869044.961121405,5482794.4445450995
"SUMNER,BUCKFIELD,HARTFORD",131,4/12/2024 9:30:00 AM,4/12/2024 9:30:00 AM,,Crew Assigned,Investigating,-7832432.559421357,5511915.505926021
BENTON,24,4/12/2024 8:30:00 AM,4/12/2024 8:30:00 AM,,Crew Assigned,Investigating,-7733589.567987981,5559082.119838992
BERWICK,7,4/12/2024 8:45:00 AM,4/12/2024 8:45:00 AM,,Assessing,Investigating,-7890753.21921452,5355478.911914167
