BgName,NumOut,EtrMin,EtrMax,Desc,Status,Cause,x,y
DAMARISCOTTA,2,8/24/2021 11:45:00 AM,8/24/2021 11:45:00 AM,,Assessing,Investigating,-7736436.664120053,5471240.896433947
RICHMOND,2,8/24/2021 1:00:00 PM,8/24/2021 1:00:00 PM,,Assessing,Investigating,-7780884.655509439,5481298.255101146
WILTON,2,8/24/2021 12:30:00 PM,8/24/2021 12:30:00 PM,,Assessing,Investigating,-7815706.772543681,5567772.22851192
WELLS,1,8/24/2021 12:30:00 PM,8/24/2021 12:30:00 PM,,Crew Assigned,Investigating,-7868530.999057489,5354204.793294606
