BgName,NumOut,EtrMin,EtrMax,Desc,Status,Cause,x,y
WOOLWICH,2,4/1/2021 12:30:00 PM,4/1/2021 12:30:00 PM,,Assessing,Investigating,-7763096.791570831,5451366.983439003
AUBURN,1,4/1/2021 1:00:00 PM,4/1/2021 1:00:00 PM,,Assessing,Investigating,-7823345.894493737,5492267.246678256
RAYMOND,6,4/1/2021 12:45:00 PM,4/1/2021 12:45:00 PM,,Assessing,Investigating,-7844773.738772656,5452591.10534381
HARMONY,33,4/1/2021 12:00:00 PM,4/1/2021 12:00:00 PM,,Assessing,Investigating,-7738668.430710604,5620742.369554102
