BgName,NumOut,EtrMin,EtrMax,Desc,Status,Cause,x,y
CAMDEN,8,6/27/2022 3:15:00 PM,6/27/2022 3:15:00 PM,,Investigating,Investigating,-7686754.590444765,5500251.882831671
CAMDEN,9,6/27/2022 3:15:00 PM,6/27/2022 3:15:00 PM,,Investigating,Investigating,-7685667.879907453,5502328.692987856
CAMDEN,5,6/27/2022 3:15:00 PM,6/27/2022 3:15:00 PM,,Investigating,Investigating,-7684943.574170596,5503754.047118034
CAMDEN,23,6/27/2022 3:00:00 PM,6/27/2022 3:00:00 PM,,Investigating,Investigating,-7687516.9642976485,5499089.635925199
HIRAM,14,6/27/2022 1:45:00 PM,6/27/2022 1:45:00 PM,,Repairs in Progress,Investigating,-7877128.392561569,5448320.257882977
FALMOUTH,9,6/27/2022 3:00:00 PM,6/27/2022 3:00:00 PM,,Assessing,Investigating,-7821807.091753817,5420819.0332171
