BgName,NumOut,EtrMin,EtrMax,Desc,Status,Cause,x,y
STETSON,18,3/26/2021 10:45:00 AM,3/26/2021 10:45:00 AM,,Assessing,Investigating,-7698626.141862779,5599477.997309853
MOSCOW,47,3/26/2021 11:30:00 AM,3/26/2021 11:30:00 AM,,Assessing,Investigating,-7779983.969520589,5632511.504659468
LEBANON,3,3/26/2021 11:15:00 AM,3/26/2021 11:15:00 AM,,Crew Assigned,Investigating,-7897469.6695635505,5370595.698363069
