BgName,NumOut,EtrMin,EtrMax,Desc,Status,Cause,x,y
BOOTHBAY HBR,21,6/3/2023 2:30:00 PM,6/3/2023 2:30:00 PM,,Investigating,Investigating,-7750070.157274877,5441305.002544551
HARPSWELL,126,6/3/2023 3:30:00 PM,6/3/2023 3:30:00 PM,,Assessing,Investigating,-7781073.631461906,5440308.178063375
HARTFORD,10,6/3/2023 4:30:00 PM,6/3/2023 4:30:00 PM,,Assessing,Investigating,-7824483.468370914,5521298.935043577
STANDISH,304,6/3/2023 3:15:00 PM,6/3/2023 3:15:00 PM,,Assessing,Investigating,-7853841.824501464,5424699.501943664
