BgName,NumOut,EtrMin,EtrMax,Desc,Status,Cause,x,y
DURHAM,389,2/5/2023 5:30:00 AM,2/5/2023 5:30:00 AM,,Assessing,Vehicle Accident,-7800679.108860024,5456530.237646157
GORHAM,1,2/5/2023 3:45:00 AM,2/5/2023 3:45:00 AM,,Assessing,Investigating,-7849481.551316599,5421270.599370842
NEW SHARON,1,Assessing,Assessing,,Assessing,Investigating,-7789143.949421956,5561237.654153452
