BgName,NumOut,EtrMin,EtrMax,Desc,Status,Cause,x,y
FAIRFIELD,12,3/12/2023 10:00:00 AM,3/12/2023 10:00:00 AM,,Assessing,Investigating,-7747494.318606764,5559746.729506968
FARMINGTON,10,3/12/2023 10:30:00 AM,3/12/2023 10:30:00 AM,,Assessing,Investigating,-7807296.496011003,5570986.808262312
