BgName,NumOut,EtrMin,EtrMax,Desc,Status,Cause,x,y
POLAND,9,5/22/2023 11:00:00 AM,5/22/2023 11:00:00 AM,,Assessing,Tree,-7843579.514377052,5471579.854142743
NO YARMOUTH,8,5/22/2023 3:00:00 AM,5/22/2023 3:00:00 AM,,Assessing,Equipment Interruption,-7815691.04313512,5445440.567581969
YARMOUTH,2,5/22/2023 4:30:00 AM,5/22/2023 4:30:00 AM,,Assessing,Investigating,-7811560.344151148,5429937.030949063
