BgName,NumOut,EtrMin,EtrMax,Desc,Status,Cause,x,y
CAMDEN,6,6/12/2024 10:15:00 AM,6/12/2024 10:15:00 AM,,Crew Assigned,Investigating,-7687621.531156864,5497895.404411148
ROCKPORT,1,6/12/2024 9:45:00 AM,6/12/2024 9:45:00 AM,,Crew Assigned,Investigating,-7694940.899052592,5489981.412952612
WEST PARIS,10,6/12/2024 8:45:00 AM,6/12/2024 8:45:00 AM,,Repairs in Progress,Investigating,-7847471.38850432,5516116.43285785
ACTON,117,6/12/2024 10:15:00 AM,6/12/2024 10:15:00 AM,,Crew Assigned,Investigating,-7889096.506878622,5390103.879729132
WATERVILLE,2,6/12/2024 10:15:00 AM,6/12/2024 10:15:00 AM,,Crew Assigned,Investigating,-7756313.026364995,5550603.970226507
EMBDEN,4,6/12/2024 9:30:00 AM,6/12/2024 9:30:00 AM,,Repairs in Progress,Investigating,-7785306.799957183,5615950.264216222
