BgName,NumOut,EtrMin,EtrMax,Desc,Status,Cause,x,y
ALFRED,56,3/23/2022 3:00:00 PM,3/23/2022 3:00:00 PM,,Assessing,Investigating,-7870398.517083544,5382875.140154211
ALFRED,37,3/23/2022 3:00:00 PM,3/23/2022 3:00:00 PM,,Assessing,Investigating,-7868862.219047555,5378101.2045006305
FARMINGTON,13,3/23/2022 2:15:00 PM,3/23/2022 2:15:00 PM,,Assessing,Investigating,-7809689.620136091,5563231.914960742
ROCKLAND,3,3/23/2022 2:45:00 PM,3/23/2022 2:45:00 PM,,Repairs in Progress,Investigating,-7693290.665469448,5481065.650510621
