BgName,NumOut,EtrMin,EtrMax,Desc,Status,Cause,x,y
NORTHPORT,31,4/5/2022 6:00:00 PM,4/5/2022 6:00:00 PM,,Assessing,Tree,-7681951.907096025,5524562.470404138
SIDNEY,2,4/5/2022 7:00:00 PM,4/5/2022 7:00:00 PM,,Assessing,Investigating,-7761909.2909022225,5529532.640342585
BERWICK,1,4/5/2022 7:00:00 PM,4/5/2022 7:00:00 PM,,Crew Assigned,Investigating,-7892593.575233584,5358788.775268775
