BgName,NumOut,EtrMin,EtrMax,Desc,Status,Cause,x,y
FREEPORT,24,9/15/2022 4:30:00 AM,9/15/2022 4:30:00 AM,,Assessing,Investigating,-7804420.056029433,5439040.692172898
WEST GARDINER,70,9/15/2022 8:15:00 AM,9/15/2022 8:15:00 AM,,Assessing,Investigating,-7781949.136962008,5505449.8629615605
WOODSTOCK,8,9/15/2022 5:15:00 AM,9/15/2022 5:15:00 AM,,Assessing,Investigating,-7866677.485008433,5527120.223881616
SKOWHEGAN,150,9/15/2022 8:45:00 AM,9/15/2022 8:45:00 AM,,Crew Assigned,Investigating,-7760163.133435389,5584414.35762237
