BgName,NumOut,EtrMin,EtrMax,Desc,Status,Cause,x,y
BRISTOL,8,10/6/2023 11:30:00 AM,10/6/2023 11:30:00 AM,,Assessing,Investigating,-7739062.913521353,5447593.300562931
BRUNSWICK,51,10/6/2023 10:30:00 AM,10/6/2023 10:30:00 AM,,Assessing,Equipment Interruption,-7788825.642487632,5449100.721771676
YARMOUTH,6,10/6/2023 11:45:00 AM,10/6/2023 11:45:00 AM,,Assessing,Investigating,-7807750.189706427,5429955.652990006
"SABATTUS,GREENE",31,10/6/2023 12:15:00 PM,10/6/2023 12:15:00 PM,,Assessing,Investigating,-7804560.697072535,5484549.694866834
BIDDEFORD,129,10/6/2023 11:30:00 AM,10/6/2023 11:30:00 AM,,Crew Assigned,Investigating,-7844048.514507541,5387966.808993409
