BgName,NumOut,EtrMin,EtrMax,Desc,Status,Cause,x,y
FREEPORT,1,9/27/2021 2:30:00 PM,9/27/2021 2:30:00 PM,,Assessing,Investigating,-7800025.117938329,5444004.225453882
FRYE ISLND,4,9/27/2021 2:00:00 PM,9/27/2021 2:00:00 PM,,Assessing,Investigating,-7851615.69071666,5440293.084555527
SABATTUS,3,9/27/2021 2:00:00 PM,9/27/2021 2:00:00 PM,,Assessing,Investigating,-7802397.648009039,5482483.1963216765
"NORRIDGEWOCK,ROME,MERCER,NEW SHARON,SMITHFIELD",874,9/27/2021 3:00:00 PM,9/27/2021 3:00:00 PM,,Assessing,Investigating,-7770138.150144108,5576311.248822521
WINDHAM,1,9/27/2021 1:45:00 PM,9/27/2021 1:45:00 PM,,Assessing,Investigating,-7842466.107954561,5442270.259363129
LEWISTON,1,9/27/2021 2:00:00 PM,9/27/2021 2:00:00 PM,,Assessing,Investigating,-7811098.357171657,5478428.772090774
