BgName,NumOut,EtrMin,EtrMax,Desc,Status,Cause,x,y
RAYMOND,29,7/31/2023 5:15:00 PM,7/31/2023 5:15:00 PM,,Investigating,Investigating,-7844044.43173701,5461441.9424875025
SIDNEY,23,7/31/2023 5:30:00 PM,7/31/2023 5:30:00 PM,,Assessing,Investigating,-7767430.570696453,5531939.35119171
"WALDOBORO,WARREN,UNION",425,7/31/2023 5:15:00 PM,7/31/2023 5:15:00 PM,,Assessing,Investigating,-7722022.504334175,5481598.673414719
WEST BATH,3,7/31/2023 3:45:00 PM,7/31/2023 3:45:00 PM,,Assessing,Equipment Interruption,-7776649.850582231,5453916.702720108
PITTSTON,88,7/31/2023 4:30:00 PM,7/31/2023 4:30:00 PM,,Assessing,Investigating,-7755276.341329617,5491856.721115712
