BgName,NumOut,EtrMin,EtrMax,Desc,Status,Cause,x,y
TURNER,37,9/13/2022 1:15:00 AM,9/13/2022 1:15:00 AM,,Assessing,Investigating,-7820504.175080726,5511776.641112148
SACO,23,9/12/2022 7:30:00 PM,9/12/2022 7:30:00 PM,,Repairs in Progress,Investigating,-7835677.3111159755,5385990.206055089
PARSONSFIELD,1,9/12/2022 8:30:00 PM,9/12/2022 8:30:00 PM,,Assessing,Investigating,-7888624.990931763,5415829.790159507
