BgName,NumOut,EtrMin,EtrMax,Desc,Status,Cause,x,y
EDGECOMB,4,9/24/2024 12:15:00 PM,9/24/2024 12:15:00 PM,,Crew Assigned,Investigating,-7755273.970275294,5456543.842725311
GRAY,2,9/24/2024 12:00:00 PM,9/24/2024 12:00:00 PM,,Assessing,Investigating,-7833116.773576982,5448055.13932251
NAPLES,118,9/24/2024 12:15:00 PM,9/24/2024 12:15:00 PM,,Crew Assigned,Investigating,-7860992.910611171,5456694.117539464
NAPLES,6,9/24/2024 12:30:00 PM,9/24/2024 12:30:00 PM,,Assessing,Investigating,-7861289.688444362,5457408.55959432
CUMBERLAND,17,9/24/2024 1:00:00 PM,9/24/2024 1:00:00 PM,,Assessing,Investigating,-7814733.907052211,5426358.833055203
BIG MOOSE TWP,2,9/24/2024 12:15:00 PM,9/24/2024 12:15:00 PM,,Repairs in Progress,Investigating,-7758945.988380849,5710423.520543119
