BgName,NumOut,EtrMin,EtrMax,Desc,Status,Cause,x,y
WHITEFIELD,261,7/7/2024 3:15:00 AM,7/7/2024 3:15:00 AM,,Crew Assigned,Investigating,-7746564.633854745,5499868.300851588
LISBON,62,7/7/2024 2:30:00 AM,7/7/2024 2:30:00 AM,,Crew Assigned,Investigating,-7799208.545011336,5466263.444105426
NEW GLOUCESTER,3,7/7/2024 2:15:00 AM,7/7/2024 2:15:00 AM,,Crew Assigned,Investigating,-7824533.740248656,5465741.185144852
LEWISTON,100,Assessing,Assessing,,Assessing,Investigating,-7816053.443730869,5480578.959463525
