BgName,NumOut,EtrMin,EtrMax,Desc,Status,Cause,x,y
"GREENWOOD,MILTON,RUMFORD,BETHEL,WOODSTOCK",212,7/6/2023 4:00:00 PM,7/6/2023 4:00:00 PM,,Assessing,Vehicle Accident,-7869852.316830018,5527375.504290988
STONEHAM,11,7/6/2023 4:15:00 PM,7/6/2023 4:15:00 PM,,Assessing,Investigating,-7883112.0044216,5498370.809650655
ELIOT,1,7/6/2023 3:45:00 PM,7/6/2023 3:45:00 PM,,Assessing,Investigating,-7881964.022192606,5338027.018875647
GARDINER,3,7/6/2023 4:15:00 PM,7/6/2023 4:15:00 PM,,Assessing,Investigating,-7769141.673720972,5499020.3985450845
