BgName,NumOut,EtrMin,EtrMax,Desc,Status,Cause,x,y
BRUNSWICK,18,1/27/2023 4:45:00 PM,1/27/2023 4:45:00 PM,,Assessing,Investigating,-7783626.699438969,5444050.77463989
"OTISFIELD,CASCO",81,1/27/2023 6:00:00 PM,1/27/2023 6:00:00 PM,,Assessing,Investigating,-7848282.306500799,5473519.256620075
