BgName,NumOut,EtrMin,EtrMax,Desc,Status,Cause,x,y
WINDHAM,64,8/12/2022 2:45:00 AM,8/12/2022 2:45:00 AM,,Assessing,Investigating,-7843952.612848733,5446327.451997039
"TURNER,HARTFORD",33,8/12/2022 2:45:00 AM,8/12/2022 2:45:00 AM,,Assessing,Investigating,-7822761.511696089,5517045.214991351
CAPE ELIZABETH,8,8/12/2022 1:15:00 AM,8/12/2022 1:15:00 AM,,Assessing,Investigating,-7816964.83870808,5402009.132114493
