BgName,NumOut,EtrMin,EtrMax,Desc,Status,Cause,x,y
"BOOTHBAY HBR,BOOTHBAY HARBOR",166,4/8/2023 11:15:00 AM,4/8/2023 11:15:00 AM,,Crew Assigned,Investigating,-7750045.34940327,5441761.293130951
ST GEORGE,26,4/8/2023 2:00:00 PM,4/8/2023 2:00:00 PM,,Crew Assigned,Investigating,-7707209.665039472,5456126.750090886
GORHAM,8,4/8/2023 12:45:00 PM,4/8/2023 12:45:00 PM,,Crew Assigned,Investigating,-7846334.749774006,5428597.91085324
