BgName,NumOut,EtrMin,EtrMax,Desc,Status,Cause,x,y
YARMOUTH,8,4/12/2021 1:00:00 PM,4/12/2021 1:00:00 PM,,Assessing,Investigating,-7806959.888089316,5430442.877772812
SO BERWICK,8,4/12/2021 12:45:00 PM,4/12/2021 12:45:00 PM,,Crew Assigned,Investigating,-7880862.248692791,5344768.070545398
