BgName,NumOut,EtrMin,EtrMax,Desc,Status,Cause,x,y
WEST BATH,402,6/18/2022 10:15:00 AM,6/18/2022 10:15:00 AM,,Assessing,Investigating,-7777455.057785665,5451248.254450007
HEBRON,17,6/18/2022 10:00:00 AM,6/18/2022 10:00:00 AM,,Assessing,Investigating,-7829768.216475566,5501476.079584308
RUMFORD,17,6/18/2022 9:30:00 AM,6/18/2022 9:30:00 AM,,Assessing,Investigating,-7854921.334077532,5544143.2881937735
LEBANON,591,6/18/2022 10:15:00 AM,6/18/2022 10:15:00 AM,,Assessing,Investigating,-7898223.313643731,5370338.528188797
INDUSTRY,7,6/18/2022 8:45:00 AM,6/18/2022 8:45:00 AM,,Assessing,Tree,-7801270.3823716,5579642.951478913
SO BERWICK,1,6/18/2022 10:00:00 AM,6/18/2022 10:00:00 AM,,Crew Assigned,Investigating,-7881838.153186325,5342763.067515702
