BgName,NumOut,EtrMin,EtrMax,Desc,Status,Cause,x,y
EMBDEN; CONCORD,22,5/31/2024 9:15:00 PM,5/31/2024 9:15:00 PM,,Investigating,Investigating,-7778726.549479505,5615461.574948704
"FARMINGTON,ANSON,INDUSTRY,STARKS,NEW SHARON",831,5/31/2024 9:00:00 PM,5/31/2024 9:00:00 PM,,Repairs in Progress,Tree,-7809150.533245748,5570233.0394536555
SOUTH PORTLAND,10,5/31/2024 8:30:00 PM,5/31/2024 8:30:00 PM,,Assessing,Investigating,-7826651.704941658,5406566.095727586
