BgName,NumOut,EtrMin,EtrMax,Desc,Status,Cause,x,y
BRUNSWICK,88,4/13/2022 12:00:00 PM,4/13/2022 12:00:00 PM,,Assessing,Equipment Interruption,-7791194.499045969,5450676.433383635
"KENNEBUNK,KENNEBUNKPORT",15,4/13/2022 10:15:00 AM,4/13/2022 10:15:00 AM,,Crew Assigned,Investigating,-7845920.630080399,5367684.74584851
 ,8,4/13/2022 11:15:00 AM,4/13/2022 11:15:00 AM,,Assessing,Investigating,-7762175.066229109,5587367.938964957
BINGHAM,55,4/13/2022 10:30:00 AM,4/13/2022 10:30:00 AM,,Assessing,Investigating,-7779201.104027981,5630777.534622421
