BgName,NumOut,EtrMin,EtrMax,Desc,Status,Cause,x,y
DETROIT,15,6/5/2023 3:30:00 PM,6/5/2023 3:30:00 PM,,Assessing,Investigating,-7714204.180273149,5589304.957168368
SKOWHEGAN,1,6/5/2023 4:00:00 PM,6/5/2023 4:00:00 PM,,Assessing,Investigating,-7751404.660608214,5584588.123641589
