BgName,NumOut,EtrMin,EtrMax,Desc,Status,Cause,x,y
ACTON,38,8/13/2024 4:30:00 AM,8/13/2024 4:30:00 AM,,Crew Assigned,Investigating,-7889145.721172436,5392648.487774597
NEW VINEYARD,3,8/13/2024 3:45:00 AM,8/13/2024 3:45:00 AM,,Repairs in Progress,Investigating,-7804182.644955411,5596985.0042439345
