BgName,NumOut,EtrMin,EtrMax,Desc,Status,Cause,x,y
LEBANON,18,2/1/2024 12:30:00 PM,2/1/2024 12:30:00 PM,,Crew Assigned,Investigating,-7899523.669950576,5373557.237287143
"MADISON,SOLON",101,2/1/2024 12:30:00 PM,2/1/2024 12:30:00 PM,,Assessing,Investigating,-7768274.127531056,5594863.663175869
HERMON,1,2/1/2024 12:45:00 PM,2/1/2024 12:45:00 PM,,Assessing,Investigating,-7671910.621801767,5596764.214313898
PORTLAND,11,2/1/2024 11:30:00 AM,2/1/2024 11:30:00 AM,,Assessing,Investigating,-7823815.840883526,5411993.110924729
