BgName,NumOut,EtrMin,EtrMax,Desc,Status,Cause,x,y
DENMARK,29,5/26/2022 9:00:00 AM,5/26/2022 9:00:00 AM,,Investigating,Investigating,-7875206.603580933,5457697.430419627
DENMARK,12,5/26/2022 8:45:00 AM,5/26/2022 8:45:00 AM,,Crew Assigned,Investigating,-7877037.299786148,5457913.583604053
LEWISTON,19,5/26/2022 8:45:00 AM,5/26/2022 8:45:00 AM,,Assessing,Investigating,-7816534.911618604,5481118.852215667
PERU,44,5/26/2022 9:00:00 AM,5/26/2022 9:00:00 AM,,Assessing,Vehicle Accident,-7842844.95045649,5543273.265330919
SALEM,13,5/26/2022 8:45:00 AM,5/26/2022 8:45:00 AM,,Assessing,Investigating,-7823652.011982367,5605912.84911503
