BgName,NumOut,EtrMin,EtrMax,Desc,Status,Cause,x,y
CANTON,16,9/27/2022 4:30:00 PM,9/27/2022 4:30:00 PM,,Investigating,Investigating,-7822804.222609572,5532643.265049243
LOVELL,41,9/27/2022 4:15:00 PM,9/27/2022 4:15:00 PM,,Assessing,Investigating,-7892886.044943974,5488519.204334384
CLINTON,49,9/27/2022 3:15:00 PM,9/27/2022 3:15:00 PM,,Assessing,Investigating,-7746053.610580708,5574727.210892076
FARMINGTON,8,9/27/2022 3:30:00 PM,9/27/2022 3:30:00 PM,,Assessing,Investigating,-7803639.706353199,5574591.456271619
