BgName,NumOut,EtrMin,EtrMax,Desc,Status,Cause,x,y
WALDOBORO,5,6/12/2022 7:45:00 PM,6/12/2022 7:45:00 PM,,Repairs in Progress,Investigating,-7725256.0127423,5494559.550823597
ST GEORGE,9,6/13/2022 12:00:00 PM,6/13/2022 12:00:00 PM,,Assessing,Investigating,-7710835.96426422,5454298.500458181
SCARBOROUGH,8,6/12/2022 8:00:00 PM,6/12/2022 8:00:00 PM,,Assessing,Investigating,-7823829.021138397,5397741.354287693
