BgName,NumOut,EtrMin,EtrMax,Desc,Status,Cause,x,y
NOBLEBORO,18,3/2/2024 12:15:00 PM,3/2/2024 12:15:00 PM,,Crew Assigned,Investigating,-7738614.084471743,5478363.575786052
BRIDGTON,6,3/2/2024 12:15:00 PM,3/2/2024 12:15:00 PM,,Crew Assigned,Investigating,-7872865.557355369,5469818.275025511
