BgName,NumOut,EtrMin,EtrMax,Desc,Status,Cause,x,y
HOPE,25,6/15/2021 9:00:00 PM,6/15/2021 9:00:00 PM,,Assessing,Investigating,-7700917.920835247,5501676.809665564
BRIDGTON,2,6/15/2021 8:30:00 PM,6/15/2021 8:30:00 PM,,Assessing,Investigating,-7875322.968547753,5471419.688103429
NAPLES,6,6/15/2021 8:45:00 PM,6/15/2021 8:45:00 PM,,Assessing,Investigating,-7863241.620068713,5463167.203896426
BRIDGTON,12,6/15/2021 9:00:00 PM,6/15/2021 9:00:00 PM,,Assessing,Investigating,-7869775.450780958,5462018.741154213
NORWAY,7,6/15/2021 8:15:00 PM,6/15/2021 8:15:00 PM,,Assessing,Investigating,-7858185.689117467,5505705.455000443
WATERFORD,2,6/15/2021 8:00:00 PM,6/15/2021 8:00:00 PM,,Assessing,Investigating,-7879801.59652698,5499472.034759759
LEWISTON,2,6/15/2021 9:15:00 PM,6/15/2021 9:15:00 PM,,Assessing,Investigating,-7810286.582015615,5481667.5668302355
SACO,1,6/15/2021 9:00:00 PM,6/15/2021 9:00:00 PM,,Assessing,Investigating,-7839703.792731975,5390627.413995658
