BgName,NumOut,EtrMin,EtrMax,Desc,Status,Cause,x,y
"LITCHFIELD,MONMOUTH",33,11/5/2023 12:00:00 PM,11/5/2023 12:00:00 PM,,Assessing,Investigating,-7789537.797822506,5491721.699180238
SANFORD,138,11/5/2023 11:30:00 AM,11/5/2023 11:30:00 AM,,Crew Assigned,Investigating,-7876396.700656136,5375873.732342635
SEBAGO,13,11/5/2023 12:15:00 PM,11/5/2023 12:15:00 PM,,Crew Assigned,Investigating,-7862760.152080866,5446959.1885090675
PITTSFIELD,24,11/5/2023 12:30:00 PM,11/5/2023 12:30:00 PM,,Assessing,Investigating,-7723769.29641143,5587676.22039949
SMITHFIELD,9,11/5/2023 12:15:00 PM,11/5/2023 12:15:00 PM,,Assessing,Investigating,-7769543.74863083,5557883.437294385
ELIOT,4,11/5/2023 12:00:00 PM,11/5/2023 12:00:00 PM,,Assessing,Investigating,-7877848.451544319,5333268.90473775
