BgName,NumOut,EtrMin,EtrMax,Desc,Status,Cause,x,y
JEFFERSON,1,3/8/2021 3:30:00 PM,3/8/2021 3:30:00 PM,,Assessing,Investigating,-7742348.775437542,5485394.644785868
BIDDEFORD,9,3/8/2021 3:30:00 PM,3/8/2021 3:30:00 PM,,Crew Assigned,Investigating,-7842832.015175862,5384977.594017734
LOVELL,2,3/8/2021 2:30:00 PM,3/8/2021 2:30:00 PM,,Assessing,Investigating,-7886849.400515696,5494445.726248283
MINOT,1,3/8/2021 3:30:00 PM,3/8/2021 3:30:00 PM,,Assessing,Investigating,-7826862.421532066,5489391.254114051
