BgName,NumOut,EtrMin,EtrMax,Desc,Status,Cause,x,y
ALFRED,9,7/23/2022 8:00:00 AM,7/23/2022 8:00:00 AM,,Assessing,Investigating,-7869948.051602,5379162.754276462
SEBAGO,29,7/23/2022 12:00:00 PM,7/23/2022 12:00:00 PM,,Assessing,Tree,-7862046.527401108,5441371.309916392
