BgName,NumOut,EtrMin,EtrMax,Desc,Status,Cause,x,y
HARPSWELL,88,7/3/2024 9:30:00 AM,7/3/2024 9:30:00 AM,,Assessing,Investigating,-7788930.282829116,5437240.904007588
"LISBON,BOWDOIN,SABATTUS",289,7/3/2024 8:45:00 AM,7/3/2024 8:45:00 AM,,Crew Assigned,Investigating,-7796142.160593114,5471518.577774647
SIDNEY,7,7/3/2024 9:15:00 AM,7/3/2024 9:15:00 AM,,Assessing,Investigating,-7772531.708455254,5526903.338502542
"SOUTH PORTLAND,CAPE ELIZABETH",69,7/3/2024 9:30:00 AM,7/3/2024 9:30:00 AM,,Crew Assigned,Investigating,-7822726.501703529,5406482.831543452
ORLAND,25,7/3/2024 8:15:00 AM,7/3/2024 8:15:00 AM,,Repairs in Progress,Investigating,-7648570.887623914,5552784.132855156
NEWPORT,1,7/3/2024 8:00:00 AM,7/3/2024 8:00:00 AM,,Crew Assigned,Investigating,-7708685.73915673,5593856.156808301
ISLESBORO,1,Assessing,Assessing,,Assessing,Investigating,-7670861.62488363,5509504.196731507
BRIDGTON,2,7/3/2024 9:15:00 AM,7/3/2024 9:15:00 AM,,Assessing,Investigating,-7882329.884763925,5473185.183452817
SANFORD,9042,7/3/2024 8:45:00 AM,7/3/2024 8:45:00 AM,,Crew Assigned,Investigating,-7879746.549003057,5382942.916318399
