BgName,NumOut,EtrMin,EtrMax,Desc,Status,Cause,x,y
WOOLWICH,79,7/20/2021 10:00:00 AM,7/20/2021 10:00:00 AM,,Assessing,Investigating,-7766683.427694016,5460794.909734896
POLAND,18,7/20/2021 10:00:00 AM,7/20/2021 10:00:00 AM,,Assessing,Investigating,-7836730.50483229,5475457.272078368
SACO,19,7/20/2021 9:30:00 AM,7/20/2021 9:30:00 AM,,Assessing,Investigating,-7843103.534533005,5391184.121033411
SO BERWICK,10,7/20/2021 9:30:00 AM,7/20/2021 9:30:00 AM,,Crew Assigned,Investigating,-7877427.597111385,5346394.605926323
TROY,32,7/20/2021 9:30:00 AM,7/20/2021 9:30:00 AM,,Assessing,Investigating,-7704876.274884637,5575115.175259028
