BgName,NumOut,EtrMin,EtrMax,Desc,Status,Cause,x,y
OWLS HEAD,9,5/13/2021 8:45:00 PM,5/13/2021 8:45:00 PM,,Assessing,Investigating,-7687422.814800328,5479335.524276653
NORRIDGEWOCK,79,5/13/2021 8:45:00 PM,5/13/2021 8:45:00 PM,,Assessing,Investigating,-7771554.67950293,5577576.883068374
CORNVILLE,2,5/13/2021 8:30:00 PM,5/13/2021 8:30:00 PM,,Assessing,Investigating,-7751233.774006191,5600448.230753513
