BgName,NumOut,EtrMin,EtrMax,Desc,Status,Cause,x,y
WISCASSET,1,6/21/2021 3:30:00 PM,6/21/2021 3:30:00 PM,,Assessing,Investigating,-7756506.488539648,5472175.975451373
"CORNISH,LIMINGTON",343,6/21/2021 2:30:00 PM,6/21/2021 2:30:00 PM,,Assessing,Vehicle Accident,-7881004.704167093,5435172.940265834
