BgName,NumOut,EtrMin,EtrMax,Desc,Status,Cause,x,y
BRUNSWICK,2,9/25/2022 10:45:00 AM,9/25/2022 10:45:00 AM,,Assessing,Investigating,-7789086.720055531,5449272.687698081
LEEDS,3,9/25/2022 12:00:00 PM,9/25/2022 12:00:00 PM,,Assessing,Investigating,-7805688.608432842,5500888.177247374
FREEPORT,47,9/25/2022 11:15:00 AM,9/25/2022 11:15:00 AM,,Assessing,Investigating,-7810596.773765252,5439510.435083673
