BgName,NumOut,EtrMin,EtrMax,Desc,Status,Cause,x,y
SKOWHEGAN,2,10/6/2021 5:00:00 PM,10/6/2021 5:00:00 PM,,Assessing,Investigating,-7754762.7354644565,5581601.295637347
WESTBROOK,7,10/6/2021 3:45:00 PM,10/6/2021 3:45:00 PM,,Assessing,Investigating,-7831952.115680121,5417729.968462427
