BgName,NumOut,EtrMin,EtrMax,Desc,Status,Cause,x,y
GREENVILLE,12,5/31/2021 11:45:00 AM,5/31/2021 11:45:00 AM,,Investigating,Investigating,-7745766.732029442,5700299.5901516685
EDGECOMB,4,5/31/2021 11:30:00 AM,5/31/2021 11:30:00 AM,,Assessing,Investigating,-7747240.354301939,5456063.056963811
LOVELL,34,5/31/2021 12:00:00 PM,5/31/2021 12:00:00 PM,,Assessing,Investigating,-7893020.78608232,5496977.402525896
LOVELL,9,5/31/2021 11:00:00 AM,5/31/2021 11:00:00 AM,,Assessing,Investigating,-7894191.065572378,5489395.443269301
OTISFIELD,18,5/31/2021 11:00:00 AM,5/31/2021 11:00:00 AM,,Assessing,Investigating,-7846670.277786767,5473538.0754924165
NORTHPORT,6,5/31/2021 12:30:00 PM,5/31/2021 12:30:00 PM,,Assessing,Investigating,-7678160.187088057,5513423.743431021
GUILFORD,18,5/31/2021 12:15:00 PM,5/31/2021 12:15:00 PM,,Assessing,Investigating,-7723385.667250994,5648365.8878764035
YORK,8,5/31/2021 12:00:00 PM,5/31/2021 12:00:00 PM,,Assessing,Tree,-7875231.541798464,5339082.2785455845
