BgName,NumOut,EtrMin,EtrMax,Desc,Status,Cause,x,y
MONMOUTH,13,4/12/2022 8:15:00 PM,4/12/2022 8:15:00 PM,,Assessing,Investigating,-7787765.602607257,5499320.808646671
BERWICK,1,4/12/2022 8:45:00 PM,4/12/2022 8:45:00 PM,,Crew Assigned,Investigating,-7892593.575233584,5358788.775268775
WALDOBORO,2,4/12/2022 8:15:00 PM,4/12/2022 8:15:00 PM,,Assessing,Investigating,-7718494.923321274,5487110.8845973965
