BgName,NumOut,EtrMin,EtrMax,Desc,Status,Cause,x,y
MT VERNON,22,9/13/2023 5:45:00 PM,9/13/2023 5:45:00 PM,,Investigating,Investigating,-7785268.278633808,5541793.555948674
MT VERNON,6,9/13/2023 5:30:00 PM,9/13/2023 5:30:00 PM,,Assessing,Investigating,-7783879.828809116,5542545.201484344
SEBAGO,9,9/13/2023 6:15:00 PM,9/13/2023 6:15:00 PM,,Assessing,Tree,-7861076.89012352,5450090.975199361
