BgName,NumOut,EtrMin,EtrMax,Desc,Status,Cause,x,y
 ,1,7/11/2022 6:15:00 PM,7/11/2022 6:15:00 PM,,Assessing,Investigating,-7859634.011367407,5389783.237791834
WINDSOR,1,7/11/2022 5:00:00 PM,7/11/2022 5:00:00 PM,,Assessing,Investigating,-7744856.4362827875,5515649.377554027
