BgName,NumOut,EtrMin,EtrMax,Desc,Status,Cause,x,y
SUMNER,26,6/5/2023 5:45:00 AM,6/5/2023 5:45:00 AM,,Assessing,Investigating,-7843112.941063313,5521466.2048161365
NORTHPORT,13,6/5/2023 5:30:00 AM,6/5/2023 5:30:00 AM,,Assessing,Investigating,-7676159.987329094,5518654.603458632
NORTHPORT,2,6/5/2023 5:30:00 AM,6/5/2023 5:30:00 AM,,Assessing,Investigating,-7676288.85078757,5518673.468925504
