BgName,NumOut,EtrMin,EtrMax,Desc,Status,Cause,x,y
DURHAM,72,9/29/2021 10:45:00 AM,9/29/2021 10:45:00 AM,,Assessing,Investigating,-7812743.002498933,5462602.608183595
POLAND,7,9/29/2021 11:15:00 AM,9/29/2021 11:15:00 AM,,Assessing,Investigating,-7838302.981669273,5472600.457136675
OLD ORCHARD BEACH,14,9/29/2021 11:15:00 AM,9/29/2021 11:15:00 AM,,Crew Assigned,Investigating,-7838420.702053441,5392329.124249759
WELLS,260,9/29/2021 12:15:00 PM,9/29/2021 12:15:00 PM,,Crew Assigned,Investigating,-7857352.028561427,5353747.156829885
O O BEACH,12,9/29/2021 12:15:00 PM,9/29/2021 12:15:00 PM,,Crew Assigned,Investigating,-7835724.4772169,5392889.234557178
CONCORD,15,9/29/2021 11:45:00 AM,9/29/2021 11:45:00 AM,,Assessing,Investigating,-7784047.95472064,5620323.526976061
ROCKPORT,1,9/29/2021 12:30:00 PM,9/29/2021 12:30:00 PM,,Assessing,Investigating,-7692110.578700463,5487620.524897433
