BgName,NumOut,EtrMin,EtrMax,Desc,Status,Cause,x,y
UNION,71,7/10/2022 1:00:00 AM,7/10/2022 1:00:00 AM,,Assessing,Vehicle Accident,-7716953.615877421,5500191.35622155
STANDISH,6,7/10/2022 2:15:00 AM,7/10/2022 2:15:00 AM,,Assessing,Investigating,-7846794.176387243,5438301.5371257635
