BgName,NumOut,EtrMin,EtrMax,Desc,Status,Cause,x,y
LITCHFIELD,57,5/23/2024 7:45:00 AM,5/23/2024 7:45:00 AM,,Crew Assigned,Investigating,-7792230.950219546,5486351.301223173
WATERVILLE,1,5/23/2024 7:45:00 AM,5/23/2024 7:45:00 AM,,Assessing,Investigating,-7759949.177318434,5544843.240856506
