BgName,NumOut,EtrMin,EtrMax,Desc,Status,Cause,x,y
AUBURN,2,4/25/2021 1:00:00 PM,4/25/2021 1:00:00 PM,,Assessing,Investigating,-7823138.228017832,5479146.426738928
"AUBURN,NEW GLOUCESTER,POLAND",2978,4/25/2021 12:00:00 PM,4/25/2021 12:00:00 PM,,Assessing,Investigating,-7822253.071113291,5476071.571086872
NO BERWICK,1,4/25/2021 12:30:00 PM,4/25/2021 12:30:00 PM,,Assessing,Investigating,-7877108.499792255,5364242.602011246
