BgName,NumOut,EtrMin,EtrMax,Desc,Status,Cause,x,y
HARPSWELL,36,9/6/2022 5:45:00 PM,9/6/2022 5:45:00 PM,,Assessing,Investigating,-7779933.708755291,5439235.555212543
"BRIDGTON,DENMARK,BRIDGETON",247,9/6/2022 6:45:00 PM,9/6/2022 6:45:00 PM,,Assessing,Investigating,-7872128.522168305,5468900.836911925
"PARIS,WEST PARIS",206,9/6/2022 6:45:00 PM,9/6/2022 6:45:00 PM,,Assessing,Investigating,-7848395.930298967,5507262.336984235
"HIRAM,SEBAGO",34,9/6/2022 7:00:00 PM,9/6/2022 7:00:00 PM,,Assessing,Investigating,-7876688.936604831,5447991.254957989
