BgName,NumOut,EtrMin,EtrMax,Desc,Status,Cause,x,y
SOUTHPORT,7,7/6/2022 9:15:00 AM,7/6/2022 9:15:00 AM,,Assessing,Investigating,-7755136.713320574,5440088.87792847
GEORGETOWN,14,7/6/2022 10:45:00 AM,7/6/2022 10:45:00 AM,,Assessing,Investigating,-7763677.011007729,5444956.331937378
"MT VERNON,READFIELD",75,7/6/2022 10:15:00 AM,7/6/2022 10:15:00 AM,,Assessing,Investigating,-7788496.548677755,5528690.408990567
BERWICK,4,7/6/2022 11:45:00 AM,7/6/2022 11:45:00 AM,,Crew Assigned,Tree,-7884295.787027953,5355808.617322044
BUXTON,14,7/6/2022 10:00:00 AM,7/6/2022 10:00:00 AM,,Assessing,Investigating,-7847386.128959014,5410052.902523063
YORK,20,7/6/2022 8:30:00 AM,7/6/2022 8:30:00 AM,,Crew Assigned,Investigating,-7861910.105381064,5339994.805304719
