BgName,NumOut,EtrMin,EtrMax,Desc,Status,Cause,x,y
BRIDGTON,52,5/22/2022 11:00:00 AM,5/22/2022 11:00:00 AM,,Repairs in Progress,Investigating,-7870462.625951349,5473650.479154145
FRYEBURG,1,5/22/2022 10:30:00 AM,5/22/2022 10:30:00 AM,,Assessing,Investigating,-7896480.6514897905,5465112.613191929
MOOSE RIVER,15,5/22/2022 9:45:00 AM,5/22/2022 9:45:00 AM,,Assessing,Investigating,-7819752.456856472,5724610.56522382
LINCOLN PLT,3,5/22/2022 11:00:00 AM,5/22/2022 11:00:00 AM,,Assessing,Investigating,-7907306.260509103,5608916.849920757
