BgName,NumOut,EtrMin,EtrMax,Desc,Status,Cause,x,y
"ACTON,LEBANON",27,9/7/2024 12:15:00 PM,9/7/2024 12:15:00 PM,,Assessing,Investigating,-7897969.226901841,5384843.930235341
OAKLAND,9,9/7/2024 12:15:00 PM,9/7/2024 12:15:00 PM,,Assessing,Investigating,-7761279.7791842045,5550164.539226138
SEARSPORT,1,9/7/2024 3:45:00 PM,9/7/2024 3:45:00 PM,,Repairs in Progress,Investigating,-7672804.996024793,5537358.811758093
