BgName,NumOut,EtrMin,EtrMax,Desc,Status,Cause,x,y
DAMARISCOTTA,5,6/29/2022 1:30:00 PM,6/29/2022 1:30:00 PM,,Assessing,Investigating,-7740806.455059738,5468433.150365727
FRYEBURG,8,6/29/2022 1:15:00 PM,6/29/2022 1:15:00 PM,,Repairs in Progress,Investigating,-7898548.889715621,5466655.722728188
BROWNFIELD,1,6/29/2022 1:30:00 PM,6/29/2022 1:30:00 PM,,Crew Assigned,Investigating,-7891210.742296822,5457049.483993712
