BgName,NumOut,EtrMin,EtrMax,Desc,Status,Cause,x,y
BREMEN,65,5/12/2023 8:15:00 AM,5/12/2023 8:15:00 AM,,Assessing,Investigating,-7732639.611942898,5468163.967931829
"LISBON,SABATTUS",78,5/12/2023 7:45:00 AM,5/12/2023 7:45:00 AM,,Assessing,Investigating,-7805533.629438867,5474668.15253841
