BgName,NumOut,EtrMin,EtrMax,Desc,Status,Cause,x,y
SCARBOROUGH,71,9/17/2021 8:45:00 AM,9/17/2021 8:45:00 AM,,Assessing,Investigating,-7824763.59276111,5400937.692589413
SEBAGO,7,Assessing,Assessing,,Assessing,Investigating,-7866157.03297921,5445335.611736986
PORTLAND,9,9/17/2021 9:30:00 AM,9/17/2021 9:30:00 AM,,Assessing,Investigating,-7823891.493574269,5419748.490409725
