BgName,NumOut,EtrMin,EtrMax,Desc,Status,Cause,x,y
OXFORD,16,5/30/2024 11:00:00 AM,5/30/2024 11:00:00 AM,,Repairs in Progress,Investigating,-7843350.43002453,5492037.483027511
STOCKTON SPRINGS,13,5/30/2024 2:00:00 PM,5/30/2024 2:00:00 PM,,Assessing,System Upgrade,-7662308.736902045,5538009.871688282
