BgName,NumOut,EtrMin,EtrMax,Desc,Status,Cause,x,y
BATH,32,4/15/2023 9:30:00 AM,4/15/2023 9:30:00 AM,,Assessing,Investigating,-7772228.774730747,5455413.7371108215
YARMOUTH,8,4/15/2023 8:15:00 AM,4/15/2023 8:15:00 AM,,Assessing,Investigating,-7808055.171723935,5428616.653558419
READFIELD,1,4/15/2023 8:45:00 AM,4/15/2023 8:45:00 AM,,Assessing,Animal,-7791960.455008903,5527875.117411533
TOPSHAM,14,4/15/2023 9:15:00 AM,4/15/2023 9:15:00 AM,,Assessing,Investigating,-7789966.667328053,5453640.217544084
