BgName,NumOut,EtrMin,EtrMax,Desc,Status,Cause,x,y
LINCOLNVILLE,4,10/8/2023 11:00:00 AM,10/8/2023 11:00:00 AM,,Assessing,Tree,-7683411.338982842,5505949.4740629075
HARPSWELL,25,Assessing,Assessing,,Assessing,Equipment Interruption,-7783910.096592922,5436195.063153849
HARPSWELL,1247,10/8/2023 11:00:00 AM,10/8/2023 11:00:00 AM,,Assessing,Equipment Interruption,-7785389.298912093,5433770.630858892
FREEPORT,17,10/8/2023 1:30:00 PM,10/8/2023 1:30:00 PM,,Assessing,Investigating,-7798302.871839501,5446314.974057929
LISBON,18,Assessing,Assessing,,Assessing,Investigating,-7802210.030176941,5467302.091995269
WATERFORD,2,10/8/2023 12:30:00 PM,10/8/2023 12:30:00 PM,,Assessing,Investigating,-7874071.6817726595,5495848.125802703
PARSONSFIELD,11,10/8/2023 12:30:00 PM,10/8/2023 12:30:00 PM,,Crew Assigned,Investigating,-7896976.4462159565,5428620.892306881
KITTERY,55,10/8/2023 12:30:00 PM,10/8/2023 12:30:00 PM,,Assessing,Investigating,-7873229.0934222415,5326077.789285845
EMBDEN,31,10/8/2023 12:00:00 PM,10/8/2023 12:00:00 PM,,Assessing,Investigating,-7784841.061478009,5607571.548243118
