BgName,NumOut,EtrMin,EtrMax,Desc,Status,Cause,x,y
WHITEFIELD,261,7/7/2024 3:15:00 AM,7/7/2024 3:15:00 AM,,Crew Assigned,Investigating,-7746564.633854745,5499868.300851588
BETHEL,6,7/7/2024 5:00:00 AM,7/7/2024 5:00:00 AM,,Assessing,Investigating,-7870129.89196641,5530568.180294435
LEWISTON,100,Assessing,Assessing,,Assessing,Investigating,-7816053.443730869,5480578.959463525
