BgName,NumOut,EtrMin,EtrMax,Desc,Status,Cause,x,y
BELGRADE,4,9/8/2021 9:30:00 AM,9/8/2021 9:30:00 AM,,Assessing,Investigating,-7775112.005214059,5528931.926774501
SIDNEY,2,9/8/2021 8:30:00 AM,9/8/2021 8:30:00 AM,,Assessing,Investigating,-7761884.010301407,5529842.549686477
YORK,1,9/8/2021 9:00:00 AM,9/8/2021 9:00:00 AM,,Assessing,Investigating,-7860343.094262779,5341842.039238079
