BgName,NumOut,EtrMin,EtrMax,Desc,Status,Cause,x,y
BROWNFIELD,45,9/8/2023 8:45:00 AM,9/8/2023 8:45:00 AM,,Investigating,Investigating,-7893955.942059207,5455812.835446811
STOW,40,9/8/2023 8:30:00 AM,9/8/2023 8:30:00 AM,,Assessing,Investigating,-7899246.617999873,5490076.561884884
BRIDGTON,30,9/8/2023 9:00:00 AM,9/8/2023 9:00:00 AM,,Assessing,Investigating,-7878785.004685282,5472027.212481582
YARMOUTH,31,9/8/2023 9:00:00 AM,9/8/2023 9:00:00 AM,,Assessing,Investigating,-7814257.24804787,5434491.377253449
