BgName,NumOut,EtrMin,EtrMax,Desc,Status,Cause,x,y
BRISTOL,31,9/15/2024 1:00:00 PM,9/15/2024 1:00:00 PM,,Crew Assigned,Investigating,-7735282.971198126,5458332.535557316
AUGUSTA,1,9/15/2024 2:00:00 PM,9/15/2024 2:00:00 PM,,Assessing,Investigating,-7768246.242014123,5511577.866626368
NEWCASTLE,7,9/15/2024 1:15:00 PM,9/15/2024 1:15:00 PM,,Crew Assigned,Investigating,-7739533.750508141,5478392.694748171
