BgName,NumOut,EtrMin,EtrMax,Desc,Status,Cause,x,y
VASSALBORO,23,5/18/2021 8:45:00 AM,5/18/2021 8:45:00 AM,,Assessing,Investigating,-7747565.3849632535,5537172.362081542
WALES,1,5/18/2021 10:30:00 AM,5/18/2021 10:30:00 AM,,Assessing,Equipment Interruption,-7792335.757547965,5492825.849455557
BIDDEFORD,101,5/18/2021 9:00:00 AM,5/18/2021 9:00:00 AM,,Assessing,Vehicle Accident,-7837689.989744635,5379391.238413454
OGUNQUIT,38,5/18/2021 8:15:00 AM,5/18/2021 8:15:00 AM,,Assessing,Investigating,-7859313.489153146,5350462.699941618
