BgName,NumOut,EtrMin,EtrMax,Desc,Status,Cause,x,y
BOWDOIN,19,11/2/2021 12:45:00 AM,11/2/2021 12:45:00 AM,,Assessing,Investigating,-7787021.476382006,5466694.3696238
SCARBOROUGH,14,11/2/2021 2:00:00 PM,11/2/2021 2:00:00 PM,,Assessing,Investigating,-7829798.996332618,5399975.4114042325
