BgName,NumOut,EtrMin,EtrMax,Desc,Status,Cause,x,y
BOOTHBAY,28,1/25/2022 11:30:00 AM,1/25/2022 11:30:00 AM,,Assessing,Equipment Interruption,-7746891.668259187,5438877.790013913
BELGRADE,19,1/25/2022 11:00:00 AM,1/25/2022 11:00:00 AM,,Assessing,Investigating,-7776048.45814284,5544545.011750375
SANFORD,132,1/25/2022 11:45:00 AM,1/25/2022 11:45:00 AM,,Assessing,Investigating,-7877116.793076315,5382077.631733546
