BgName,NumOut,EtrMin,EtrMax,Desc,Status,Cause,x,y
SOMERVILLE PLT,8,9/18/2024 11:00:00 AM,9/18/2024 11:00:00 AM,,Assessing,Investigating,-7739295.704823693,5508529.567652298
LISBON,26,9/18/2024 11:15:00 AM,9/18/2024 11:15:00 AM,,Assessing,Investigating,-7801540.9889068715,5473523.887752074
ACTON,28,9/18/2024 10:15:00 AM,9/18/2024 10:15:00 AM,,Repairs in Progress,Investigating,-7896047.2624247465,5392057.011374184
ACTON,1,9/18/2024 10:30:00 AM,9/18/2024 10:30:00 AM,,Crew Assigned,Investigating,-7898321.864768529,5402518.6311776405
WINSLOW,10,9/18/2024 11:00:00 AM,9/18/2024 11:00:00 AM,,Crew Assigned,Investigating,-7749995.133187843,5549654.08047281
