BgName,NumOut,EtrMin,EtrMax,Desc,Status,Cause,x,y
BROWNFIELD,1,7/20/2021 2:00:00 PM,7/20/2021 2:00:00 PM,,Assessing,Investigating,-7898176.793165562,5450842.943669738
SUMNER,3,7/20/2021 2:00:00 PM,7/20/2021 2:00:00 PM,,Assessing,Investigating,-7846206.910462029,5520544.181021602
