BgName,NumOut,EtrMin,EtrMax,Desc,Status,Cause,x,y
APPLETON,1,9/1/2022 11:30:00 PM,9/1/2022 11:30:00 PM,,Assessing,Investigating,-7710217.584407961,5510377.301094527
"DRESDEN,WOOLWICH",633,9/1/2022 11:00:00 PM,9/1/2022 11:00:00 PM,,Assessing,Tree,-7763254.408918358,5484903.536513059
