BgName,NumOut,EtrMin,EtrMax,Desc,Status,Cause,x,y
PLYMOUTH,1,3/31/2021 10:15:00 AM,3/31/2021 10:15:00 AM,,Assessing,Investigating,-7705892.054116645,5582566.542319874
AVON,5,3/31/2021 10:15:00 AM,3/31/2021 10:15:00 AM,,Assessing,Investigating,-7830441.243007005,5592671.354215955
