BgName,NumOut,EtrMin,EtrMax,Desc,Status,Cause,x,y
YARMOUTH,8,9/5/2023 8:30:00 AM,9/5/2023 8:30:00 AM,,Assessing,Investigating,-7808055.171723935,5428616.653558419
YORK,22,9/5/2023 12:00:00 PM,9/5/2023 12:00:00 PM,,Assessing,Investigating,-7865428.847699336,5344222.447349577
BELGRADE,7,9/5/2023 8:15:00 AM,9/5/2023 8:15:00 AM,,Assessing,Investigating,-7772910.472969885,5538005.426180049
