BgName,NumOut,EtrMin,EtrMax,Desc,Status,Cause,x,y
"GREENWOOD,WOODSTOCK",34,8/12/2021 9:00:00 AM,8/12/2021 9:00:00 AM,,Assessing,Investigating,-7868143.050561689,5527182.247746008
RAYMOND,106,8/12/2021 9:45:00 AM,8/12/2021 9:45:00 AM,,Assessing,Investigating,-7844182.866009698,5447926.845828946
OGUNQUIT,8,8/12/2021 9:00:00 AM,8/12/2021 9:00:00 AM,,Assessing,Investigating,-7858466.670667226,5352051.64733413
BRISTOL,2,8/12/2021 8:00:00 AM,8/12/2021 8:00:00 AM,,Assessing,Equipment Interruption,-7738076.845450029,5454519.731711972
