BgName,NumOut,EtrMin,EtrMax,Desc,Status,Cause,x,y
BREMEN,16,5/18/2022 12:00:00 PM,5/18/2022 12:00:00 PM,,Assessing,Investigating,-7726155.529922703,5465570.334543091
LIVERMORE,44,5/18/2022 12:30:00 PM,5/18/2022 12:30:00 PM,,Assessing,Tree,-7812127.049459419,5531148.1466750745
LOVELL,32,5/18/2022 1:15:00 PM,5/18/2022 1:15:00 PM,,Crew Assigned,Investigating,-7891553.428222639,5493167.670833938
HARTLAND,141,5/18/2022 12:45:00 PM,5/18/2022 12:45:00 PM,,Assessing,Investigating,-7732808.572688992,5603993.844465706
ST ALBANS,10,5/18/2022 12:00:00 PM,5/18/2022 12:00:00 PM,,Assessing,Investigating,-7724472.423739747,5611344.8263898585
BELGRADE,27,5/18/2022 1:00:00 PM,5/18/2022 1:00:00 PM,,Assessing,Investigating,-7770111.032686995,5541573.073540571
