BgName,NumOut,EtrMin,EtrMax,Desc,Status,Cause,x,y
ROCKLAND,16,9/20/2024 11:30:00 AM,9/20/2024 11:30:00 AM,,Assessing,Investigating,-7697416.933893552,5484763.685414192
"BROWNFIELD,PORTER,FRYEBURG,DENMARK",984,9/20/2024 11:00:00 AM,9/20/2024 11:00:00 AM,,Repairs in Progress,Investigating,-7888530.881379164,5459834.975565988
KENNEBUNKPORT,10,9/20/2024 10:30:00 AM,9/20/2024 10:30:00 AM,,Repairs in Progress,Investigating,-7844172.201671322,5364329.191824163
