BgName,NumOut,EtrMin,EtrMax,Desc,Status,Cause,x,y
SOUTHPORT,4,Assessing,Assessing,,Assessing,Investigating,-7756508.982031032,5435651.4635232305
YARMOUTH,8,9/19/2023 4:15:00 PM,9/19/2023 4:15:00 PM,,Assessing,Investigating,-7808055.171723935,5428616.653558419
ROCKLAND,7,9/19/2023 3:00:00 PM,9/19/2023 3:00:00 PM,,Assessing,Investigating,-7693316.012945127,5479596.2157353265
"BERWICK,NO BERWICK,NORTH BERWICK",108,9/19/2023 4:00:00 PM,9/19/2023 4:00:00 PM,,Assessing,Investigating,-7881596.144665605,5359201.499184192
FARMINGTON,2,9/19/2023 4:15:00 PM,9/19/2023 4:15:00 PM,,Assessing,Investigating,-7808759.167324251,5570891.029999386
CONCORD,41,9/19/2023 3:15:00 PM,9/19/2023 3:15:00 PM,,Assessing,Investigating,-7781766.817961788,5617675.562606314
LIMINGTON,2,9/19/2023 2:30:00 PM,9/19/2023 2:30:00 PM,,Assessing,Tree,-7874730.548452606,5431772.228289129
