BgName,NumOut,EtrMin,EtrMax,Desc,Status,Cause,x,y
"ACTON,LEBANON",189,8/24/2021 8:00:00 AM,8/24/2021 8:00:00 AM,,Assessing,Investigating,-7899396.153500036,5388039.440848625
DAMARISCOTTA,2,8/24/2021 7:45:00 AM,8/24/2021 7:45:00 AM,,Assessing,Investigating,-7736466.520042798,5471159.70884541
LYMAN,8,8/24/2021 7:30:00 AM,8/24/2021 7:30:00 AM,,Crew Assigned,Investigating,-7862929.190714147,5387771.182980741
ELIOT,36,8/24/2021 9:00:00 AM,8/24/2021 9:00:00 AM,,Crew Assigned,Investigating,-7881421.117027823,5337349.31119979
WELLS,2,8/24/2021 9:15:00 AM,8/24/2021 9:15:00 AM,,Crew Assigned,Investigating,-7858158.070799656,5355155.426721447
