BgName,NumOut,EtrMin,EtrMax,Desc,Status,Cause,x,y
BELGRADE; ROME,58,10/4/2023 11:15:00 AM,10/4/2023 11:15:00 AM,,Investigating,Investigating,-7779514.276514456,5544477.142970489
"BELGRADE,ROME",19,10/4/2023 11:15:00 AM,10/4/2023 11:15:00 AM,,Assessing,Investigating,-7781011.437237487,5544621.624792549
