BgName,NumOut,EtrMin,EtrMax,Desc,Status,Cause,x,y
NOBLEBORO,3,5/24/2021 9:00:00 AM,5/24/2021 9:00:00 AM,,Assessing,Investigating,-7732904.7082096,5485325.90939896
SANFORD,16,5/24/2021 9:00:00 AM,5/24/2021 9:00:00 AM,,Assessing,Investigating,-7877698.147984342,5377215.540802613
WINSLOW,79,5/24/2021 9:15:00 AM,5/24/2021 9:15:00 AM,,Assessing,Investigating,-7751426.167484468,5547976.650225851
