BgName,NumOut,EtrMin,EtrMax,Desc,Status,Cause,x,y
APPLETON; LIBERTY,13,7/15/2021 10:45:00 AM,7/15/2021 10:45:00 AM,,Investigating,Investigating,-7717554.390825551,5513604.526138919
HARPSWELL,2,7/15/2021 9:30:00 AM,7/15/2021 9:30:00 AM,,Assessing,Investigating,-7793294.285188667,5426930.517965305
APPLETON,5,7/15/2021 10:45:00 AM,7/15/2021 10:45:00 AM,,Assessing,Investigating,-7717823.099035708,5513933.343147502
BOWDOINHAM,75,7/15/2021 10:15:00 AM,7/15/2021 10:15:00 AM,,Assessing,Investigating,-7781568.379816698,5467758.808030176
GRAY,2,7/15/2021 10:45:00 AM,7/15/2021 10:45:00 AM,,Assessing,Investigating,-7830671.507380527,5441834.287464149
LIMINGTON,15,7/15/2021 10:15:00 AM,7/15/2021 10:15:00 AM,,Crew Assigned,Investigating,-7873220.889137812,5421386.124171911
KITTERY,1,7/15/2021 10:45:00 AM,7/15/2021 10:45:00 AM,,Crew Assigned,Investigating,-7878331.756288353,5328329.693382079
NEW SHARON,3,7/15/2021 11:15:00 AM,7/15/2021 11:15:00 AM,,Assessing,Investigating,-7789283.978279739,5560575.937682267
