BgName,NumOut,EtrMin,EtrMax,Desc,Status,Cause,x,y
OLD ORCHARD BEACH,34,5/19/2024 12:00:00 AM,5/19/2024 12:00:00 AM,,Repairs Complete,Investigating,-7837409.754129924,5392277.476784736
FAIRFIELD,2,5/18/2024 11:45:00 PM,5/18/2024 11:45:00 PM,,Crew Assigned,Investigating,-7750688.698111351,5558066.497661723
WINTHROP,6,5/18/2024 11:15:00 PM,5/18/2024 11:15:00 PM,,Repairs in Progress,Investigating,-7779828.066592307,5515354.731874668
