BgName,NumOut,EtrMin,EtrMax,Desc,Status,Cause,x,y
"FRANKFORT,WINTERPORT,MONROE",783,6/6/2021 2:00:00 AM,6/6/2021 2:00:00 AM,,Assessing,Vehicle Accident,-7667125.620347336,5560162.184183262
WINTERPORT,1,6/6/2021 2:00:00 AM,6/6/2021 2:00:00 AM,,Assessing,Investigating,-7673620.767554649,5563923.734573855
TEMPLE,1,6/7/2021 12:00:00 AM,6/7/2021 12:00:00 AM,,Assessing,Investigating,-7819487.950550217,5567428.270263584
