BgName,NumOut,EtrMin,EtrMax,Desc,Status,Cause,x,y
RANGELEY,5,9/21/2021 2:15:00 PM,9/21/2021 2:15:00 PM,,Assessing,Investigating,-7863285.724842582,5613002.2429214865
VASSALBORO,2,9/21/2021 2:30:00 PM,9/21/2021 2:30:00 PM,,Assessing,Investigating,-7749387.284220571,5521582.094891405
