BgName,NumOut,EtrMin,EtrMax,Desc,Status,Cause,x,y
MINOT,2,8/5/2024 7:00:00 PM,8/5/2024 7:00:00 PM,,Crew Assigned,Investigating,-7831636.324562173,5491392.3624313185
PARSONSFIELD,1,8/5/2024 6:45:00 PM,8/5/2024 6:45:00 PM,,Crew Assigned,Investigating,-7891546.492958834,5432428.903109068
OAKLAND,11,8/5/2024 7:00:00 PM,8/5/2024 7:00:00 PM,,Crew Assigned,Investigating,-7759772.112600207,5550387.29013146
