BgName,NumOut,EtrMin,EtrMax,Desc,Status,Cause,x,y
"GEORGETOWN,ARROWSIC",1572,1/11/2023 3:45:00 PM,1/11/2023 3:45:00 PM,,Assessing,Equipment Interruption,-7770302.825092393,5451666.083839507
NAPLES,10,1/11/2023 3:30:00 PM,1/11/2023 3:30:00 PM,,Assessing,Tree,-7860852.213905761,5466450.279629053
JEFFERSON,4,1/11/2023 3:30:00 PM,1/11/2023 3:30:00 PM,,Assessing,Tree,-7733567.760475177,5492846.679295754
