BgName,NumOut,EtrMin,EtrMax,Desc,Status,Cause,x,y
FREEPORT,23,7/30/2024 3:00:00 PM,7/30/2024 3:00:00 PM,,Crew Assigned,Investigating,-7804420.056029433,5439040.692172898
OWLS HEAD,25,7/30/2024 4:30:00 PM,7/30/2024 4:30:00 PM,,Crew Assigned,Investigating,-7690762.421782381,5478267.47919845
