BgName,NumOut,EtrMin,EtrMax,Desc,Status,Cause,x,y
LIVERMORE,31,5/3/2022 2:00:00 PM,5/3/2022 2:00:00 PM,,Assessing,Investigating,-7815421.137884918,5525146.9301141035
EMBDEN,4,5/3/2022 4:00:00 PM,5/3/2022 4:00:00 PM,,Assessing,Investigating,-7785686.265856988,5614980.551058015
