BgName,NumOut,EtrMin,EtrMax,Desc,Status,Cause,x,y
"FREEPORT,BRUNSWICK",915,5/17/2023 4:00:00 PM,5/17/2023 4:00:00 PM,,Assessing,Investigating,-7802760.471678407,5443423.035671827
WHITEFIELD,5,5/17/2023 4:45:00 PM,5/17/2023 4:45:00 PM,,Assessing,Investigating,-7749179.562082351,5490766.793592082
BOWDOINHAM,14,5/17/2023 4:45:00 PM,5/17/2023 4:45:00 PM,,Assessing,Investigating,-7776404.079349279,5467003.519187607
SUMNER,63,5/17/2023 5:00:00 PM,5/17/2023 5:00:00 PM,,Assessing,Investigating,-7840149.63844183,5526089.484135629
"ELIOT,KITTERY,SHAPLEIGH",3083,5/17/2023 4:00:00 PM,5/17/2023 4:00:00 PM,,Assessing,Tree,-7877960.828546737,5329641.407333967
"DOVER-FOXCROFT,SEBEC",75,5/17/2023 5:00:00 PM,5/17/2023 5:00:00 PM,,Assessing,Investigating,-7703860.184003742,5662355.27511935
PHILLIPS,24,5/17/2023 4:30:00 PM,5/17/2023 4:30:00 PM,,Assessing,Investigating,-7831149.524405136,5595483.7457910525
VASSALBORO,39,5/17/2023 5:00:00 PM,5/17/2023 5:00:00 PM,,Assessing,Vehicle Accident,-7753404.236969309,5539140.415116624
"CONCORD,PLEASANT RIDGE P",99,5/17/2023 4:45:00 PM,5/17/2023 4:45:00 PM,,Assessing,Investigating,-7779799.8358889455,5629779.879711433
