BgName,NumOut,EtrMin,EtrMax,Desc,Status,Cause,x,y
BOOTHBAY HARBOR,80,6/18/2024 11:00:00 AM,6/18/2024 11:00:00 AM,,Repairs in Progress,Investigating,-7749182.890508418,5442752.763849845
BELFAST,7,6/18/2024 11:45:00 AM,6/18/2024 11:45:00 AM,,Crew Assigned,Investigating,-7679637.886524806,5527112.106685824
