BgName,NumOut,EtrMin,EtrMax,Desc,Status,Cause,x,y
JEFFERSON,30,4/29/2022 1:15:00 PM,4/29/2022 1:15:00 PM,,Assessing,Investigating,-7736292.26046483,5494685.0825652275
LOVELL,2,4/29/2022 1:00:00 PM,4/29/2022 1:00:00 PM,,Assessing,Investigating,-7890411.490560342,5499214.7064409545
SCARBOROUGH,191,4/29/2022 1:00:00 PM,4/29/2022 1:00:00 PM,,Assessing,Investigating,-7830623.595444667,5394652.280856988
ISLESBORO,2,4/29/2022 12:00:00 PM,4/29/2022 12:00:00 PM,,Assessing,Investigating,-7667169.302047588,5521874.855224216
"ST ALBANS,HARTLAND,HARMONY",49,4/29/2022 12:15:00 PM,4/29/2022 12:15:00 PM,,Assessing,Investigating,-7733070.540853881,5611175.215833219
DOVER-FOXCROFT,1,4/29/2022 12:00:00 PM,4/29/2022 12:00:00 PM,,Assessing,Investigating,-7706420.799429928,5661979.4977029655
