BgName,NumOut,EtrMin,EtrMax,Desc,Status,Cause,x,y
ST GEORGE,9,7/12/2022 3:45:00 PM,7/12/2022 3:45:00 PM,,Assessing,Investigating,-7701741.762999917,5470771.681657262
"WARREN,UNION",349,7/12/2022 4:15:00 PM,7/12/2022 4:15:00 PM,,Assessing,Investigating,-7707704.135082699,5485269.333389031
"WARREN,UNION",400,7/12/2022 4:45:00 PM,7/12/2022 4:45:00 PM,,Assessing,Investigating,-7709177.615496389,5484316.697569015
READFIELD,1,7/12/2022 3:00:00 PM,7/12/2022 3:00:00 PM,,Assessing,Investigating,-7789824.901926273,5527288.893596278
SEBAGO,4,7/12/2022 3:45:00 PM,7/12/2022 3:45:00 PM,,Crew Assigned,Investigating,-7861688.20106636,5449573.882756652
BELMONT,3,7/12/2022 4:45:00 PM,7/12/2022 4:45:00 PM,,Assessing,Investigating,-7696267.248457877,5527134.541818286
