BgName,NumOut,EtrMin,EtrMax,Desc,Status,Cause,x,y
ROCKLAND,31,4/27/2022 2:45:00 PM,4/27/2022 2:45:00 PM,,Assessing,Investigating,-7695456.653322827,5486458.464360006
WEST BATH,399,4/27/2022 3:15:00 PM,4/27/2022 3:15:00 PM,,Assessing,Investigating,-7777455.057785665,5451248.254450007
WINDHAM,2,4/27/2022 3:15:00 PM,4/27/2022 3:15:00 PM,,Assessing,Investigating,-7837041.909940244,5441269.73431644
