BgName,NumOut,EtrMin,EtrMax,Desc,Status,Cause,x,y
PEAKS IS,178,8/29/2022 1:00:00 PM,8/29/2022 1:00:00 PM,,Investigating,Investigating,-7814082.974153882,5411852.038807304
CUSHING ISLAND,25,8/29/2022 1:30:00 PM,8/29/2022 1:30:00 PM,,Assessing,Investigating,-7814936.319246124,5410630.931874027
JACKSON,2,8/29/2022 12:45:00 PM,8/29/2022 12:45:00 PM,,Repairs in Progress,Investigating,-7692933.619367885,5564264.697201229
BELFAST,1,8/29/2022 1:30:00 PM,8/29/2022 1:30:00 PM,,Assessing,Investigating,-7679580.5013839975,5536112.95891227
