BgName,NumOut,EtrMin,EtrMax,Desc,Status,Cause,x,y
MONMOUTH,27,5/23/2022 10:45:00 AM,5/23/2022 10:45:00 AM,,Assessing,Investigating,-7789531.007320758,5503072.4092033915
DEXTER,41,Assessing,Assessing,,Assessing,Tree,-7717798.241408396,5625427.906995634
RIPLEY,15,5/23/2022 11:00:00 AM,5/23/2022 11:00:00 AM,,Assessing,Tree,-7722719.553658361,5623966.068427805
