BgName,NumOut,EtrMin,EtrMax,Desc,Status,Cause,x,y
WHITEFIELD,3,3/26/2022 10:30:00 AM,3/26/2022 10:30:00 AM,,Assessing,Investigating,-7742318.763740415,5505165.166815438
BERWICK,5,3/26/2022 10:00:00 AM,3/26/2022 10:00:00 AM,,Crew Assigned,Vehicle Accident,-7889261.170614352,5353200.349673631
