BgName,NumOut,EtrMin,EtrMax,Desc,Status,Cause,x,y
PHIPPSBURG,3,6/28/2024 7:45:00 AM,6/28/2024 7:45:00 AM,,Assessing,Investigating,-7772986.604396559,5438787.5986516345
ROCKLAND,8,6/28/2024 8:00:00 AM,6/28/2024 8:00:00 AM,,Assessing,Investigating,-7693321.523313806,5482649.416259731
FRYEBURG,780,6/28/2024 11:30:00 AM,6/28/2024 11:30:00 AM,,Repairs in Progress,Investigating,-7897919.990283037,5475061.735629907
FARMINGTON,33,6/28/2024 8:00:00 AM,6/28/2024 8:00:00 AM,,Crew Assigned,Investigating,-7807675.54994963,5570313.172421197
