BgName,NumOut,EtrMin,EtrMax,Desc,Status,Cause,x,y
NORWAY,18,4/23/2021 10:15:00 PM,4/23/2021 10:15:00 PM,,Assessing,Investigating,-7859255.525064222,5501820.523820083
WILTON,85,4/24/2021 1:00:00 AM,4/24/2021 1:00:00 AM,,Assessing,Investigating,-7814304.44758623,5563683.851223294
