BgName,NumOut,EtrMin,EtrMax,Desc,Status,Cause,x,y
LEWISTON,25,4/9/2023 10:30:00 AM,4/9/2023 10:30:00 AM,,Assessing,Investigating,-7815225.68317969,5484939.965015178
YORK,8,4/9/2023 10:45:00 AM,4/9/2023 10:45:00 AM,,Assessing,Investigating,-7864327.029549536,5332883.948587206
