BgName,NumOut,EtrMin,EtrMax,Desc,Status,Cause,x,y
GARDINER,23,7/6/2024 5:15:00 AM,7/6/2024 5:15:00 AM,,Assessing,Investigating,-7767117.6182563165,5500623.041614277
DURHAM,2,Assessing,Assessing,,Repairs in Progress,Animal,-7808410.125082745,5458591.115688136
WATERFORD,83,7/6/2024 8:00:00 AM,7/6/2024 8:00:00 AM,,Assessing,Investigating,-7874687.901911183,5501554.273696422
MONMOUTH,24,7/6/2024 5:15:00 AM,7/6/2024 5:15:00 AM,,Crew Assigned,Investigating,-7798925.370506631,5502901.016543428
