BgName,NumOut,EtrMin,EtrMax,Desc,Status,Cause,x,y
EMBDEN,211,6/22/2022 10:15:00 PM,6/22/2022 10:15:00 PM,,Assessing,Investigating,-7783309.405538708,5608912.196465507
GREENWOOD,2,6/22/2022 11:00:00 PM,6/22/2022 11:00:00 PM,,Crew Assigned,Investigating,-7864624.786979349,5517040.561779044
