BgName,NumOut,EtrMin,EtrMax,Desc,Status,Cause,x,y
WOOLWICH,6,3/22/2021 1:30:00 PM,3/22/2021 1:30:00 PM,,Assessing,Investigating,-7768167.995519699,5454710.579331137
GORHAM,5,3/22/2021 1:15:00 PM,3/22/2021 1:15:00 PM,,Assessing,Investigating,-7839699.618258782,5420233.313010184
RANGELEY,70,3/22/2021 12:30:00 PM,3/22/2021 12:30:00 PM,,Assessing,Investigating,-7863483.316940544,5614583.574320139
HIGHLAND PLT,1,3/22/2021 12:15:00 PM,3/22/2021 12:15:00 PM,,Assessing,Investigating,-7802715.810281419,5629157.027769298
