BgName,NumOut,EtrMin,EtrMax,Desc,Status,Cause,x,y
NEWCASTLE,29,8/12/2022 8:30:00 AM,8/12/2022 8:30:00 AM,,Assessing,Investigating,-7748829.295269982,5473175.286512397
NAPLES,3,8/12/2022 8:45:00 AM,8/12/2022 8:45:00 AM,,Assessing,Investigating,-7866755.36409155,5456986.650299675
CAPE ELIZABETH,8,8/12/2022 10:45:00 AM,8/12/2022 10:45:00 AM,,Assessing,Equipment Interruption,-7816964.83870808,5402009.132114493
