BgName,NumOut,EtrMin,EtrMax,Desc,Status,Cause,x,y
BRISTOL,12,1/10/2022 2:30:00 AM,1/10/2022 2:30:00 AM,,Assessing,Tree,-7731760.911566238,5455277.828372383
"SANDBAR TRACT,SAPLING",43,1/10/2022 2:15:00 AM,1/10/2022 2:15:00 AM,,Assessing,Investigating,-7762426.013756755,5719253.096800034
