BgName,NumOut,EtrMin,EtrMax,Desc,Status,Cause,x,y
BRUNSWICK,64,8/1/2022 9:30:00 AM,8/1/2022 9:30:00 AM,,Investigating,Investigating,-7786621.424837235,5452145.184132694
"EDGECOMB,NEWCASTLE,BOOTHBAY",1186,8/1/2022 8:00:00 AM,8/1/2022 8:00:00 AM,,Assessing,Investigating,-7750801.598399568,5465930.0220199665
SIDNEY,23,8/1/2022 9:15:00 AM,8/1/2022 9:15:00 AM,,Assessing,Investigating,-7767430.570696453,5531939.35119171
WEST PARIS,1,8/1/2022 9:15:00 AM,8/1/2022 9:15:00 AM,,Crew Assigned,Investigating,-7847189.071159178,5514387.490793069
