BgName,NumOut,EtrMin,EtrMax,Desc,Status,Cause,x,y
WINDSOR,4,9/12/2024 4:00:00 PM,9/12/2024 4:00:00 PM,,Repairs in Progress,Investigating,-7749198.174718597,5515318.695425176
WILTON,4,9/12/2024 1:15:00 PM,9/12/2024 1:15:00 PM,,Repairs in Progress,Investigating,-7815752.8477233555,5556722.8641956365
CARRABASSETT VALLEY,187,9/12/2024 3:30:00 PM,9/12/2024 3:30:00 PM,,Assessing,System Upgrade,-7827425.865189028,5631667.5278950725
WOOLWICH,9,9/12/2024 2:00:00 PM,9/12/2024 2:00:00 PM,,Crew Assigned,Fire/Emergency,-7770174.66291898,5452628.008569928
