BgName,NumOut,EtrMin,EtrMax,Desc,Status,Cause,x,y
WELLS,27,5/25/2022 9:00:00 AM,5/25/2022 9:00:00 AM,,Crew Assigned,Investigating,-7860849.341890633,5353404.131589356
EMBDEN,23,5/25/2022 9:45:00 AM,5/25/2022 9:45:00 AM,,Assessing,Investigating,-7781450.926631654,5604909.830786348
