BgName,NumOut,EtrMin,EtrMax,Desc,Status,Cause,x,y
EDGECOMB,55,7/20/2024 7:15:00 PM,7/20/2024 7:15:00 PM,,Investigating,Investigating,-7752860.586069704,5463325.997402735
EDGECOMB,129,7/20/2024 7:15:00 PM,7/20/2024 7:15:00 PM,,Assessing,Tree,-7754570.720509919,5459516.293188506
"CARATUNK,THE FORKS",258,7/20/2024 9:00:00 PM,7/20/2024 9:00:00 PM,,Repairs in Progress,Investigating,-7790874.7894414,5654434.637651322
