BgName,NumOut,EtrMin,EtrMax,Desc,Status,Cause,x,y
EDGECOMB,6,7/12/2024 8:30:00 PM,7/12/2024 8:30:00 PM,,Assessing,Investigating,-7745430.299403998,5461313.80926154
DAYTON,1,7/12/2024 8:00:00 PM,7/12/2024 8:00:00 PM,,Assessing,Investigating,-7857139.297015337,5394805.75873498
ELIOT,3,7/12/2024 8:00:00 PM,7/12/2024 8:00:00 PM,,Crew Assigned,Investigating,-7881012.396378275,5335660.888398392
KITTERY,2,7/12/2024 9:00:00 PM,7/12/2024 9:00:00 PM,,Assessing,Investigating,-7873976.637173302,5331005.269340825
WELLS,2,7/12/2024 9:00:00 PM,7/12/2024 9:00:00 PM,,Crew Assigned,Investigating,-7869329.861057671,5364059.291890958
