BgName,NumOut,EtrMin,EtrMax,Desc,Status,Cause,x,y
WINTHROP,75,5/20/2022 11:30:00 PM,5/20/2022 11:30:00 PM,,Assessing,Vehicle Accident,-7784659.410325417,5510692.672404898
WOODSTOCK,10,5/20/2022 10:15:00 PM,5/20/2022 10:15:00 PM,,Assessing,Investigating,-7863797.738825683,5522764.8097467385
