BgName,NumOut,EtrMin,EtrMax,Desc,Status,Cause,x,y
LEWISTON,142,1/18/2024 8:15:00 PM,1/18/2024 8:15:00 PM,,Assessing,Investigating,-7815800.937758597,5480305.5916437805
TURNER,747,1/18/2024 7:30:00 PM,1/18/2024 7:30:00 PM,,Assessing,Investigating,-7820787.182598494,5505232.963367795
DENMARK,21,1/18/2024 6:30:00 PM,1/18/2024 6:30:00 PM,,Assessing,Vehicle Accident,-7890907.875347065,5467565.955490137
"PORTER,PARSONSFIELD",744,1/18/2024 7:30:00 PM,1/18/2024 7:30:00 PM,,Assessing,Investigating,-7891383.487879915,5435779.292958525
