BgName,NumOut,EtrMin,EtrMax,Desc,Status,Cause,x,y
NO BERWICK,20,3/24/2022 2:45:00 AM,3/24/2022 2:45:00 AM,,Investigating,Investigating,-7880502.865875343,5372181.358631925
SANFORD,24,3/24/2022 2:45:00 AM,3/24/2022 2:45:00 AM,,Investigating,Investigating,-7882220.797744537,5373965.095084662
LEWISTON,5,3/24/2022 1:30:00 AM,3/24/2022 1:30:00 AM,,Assessing,Investigating,-7814644.484046052,5485148.025003791
"NO BERWICK,SANFORD,NORTH BERWICK",113,3/24/2022 2:45:00 AM,3/24/2022 2:45:00 AM,,Assessing,Investigating,-7877277.204451664,5371112.802005557
