BgName,NumOut,EtrMin,EtrMax,Desc,Status,Cause,x,y
NAPLES,65,1/3/2024 12:30:00 PM,1/3/2024 12:30:00 PM,,Investigating,Investigating,-7864872.127869481,5455695.80491519
ROCKPORT,68,1/3/2024 12:00:00 PM,1/3/2024 12:00:00 PM,,Assessing,Investigating,-7696722.834671912,5494165.812302485
NEW GLOUCESTER,40,1/3/2024 12:00:00 PM,1/3/2024 12:00:00 PM,,Assessing,Investigating,-7827563.289130687,5466791.2272642935
PARSONSFIELD,5,1/3/2024 11:15:00 AM,1/3/2024 11:15:00 AM,,Assessing,Investigating,-7886640.119832738,5421146.636403348
SCARBOROUGH,4,1/3/2024 12:30:00 PM,1/3/2024 12:30:00 PM,,Assessing,Investigating,-7840225.202132941,5402730.093050097
