BgName,NumOut,EtrMin,EtrMax,Desc,Status,Cause,x,y
"BRISTOL,NEW HARBOR",255,6/28/2021 3:00:00 PM,6/28/2021 3:00:00 PM,,Assessing,Investigating,-7736607.316860281,5446279.223456819
NEWFIELD,32,6/28/2021 4:00:00 PM,6/28/2021 4:00:00 PM,,Assessing,Investigating,-7891150.128842021,5406128.14823717
WELLS,10,6/28/2021 3:45:00 PM,6/28/2021 3:45:00 PM,,Assessing,Investigating,-7857853.099894586,5357109.859305786
YORK,63,6/28/2021 4:00:00 PM,6/28/2021 4:00:00 PM,,Assessing,Investigating,-7864594.140671805,5331154.481565873
