BgName,NumOut,EtrMin,EtrMax,Desc,Status,Cause,x,y
WEST BATH,140,1/4/2024 10:00:00 PM,1/4/2024 10:00:00 PM,,Assessing,Investigating,-7778184.155987528,5449126.395965792
"ROCKPORT,ROCKLAND",479,1/4/2024 10:00:00 PM,1/4/2024 10:00:00 PM,,Assessing,Investigating,-7694540.115488349,5492232.527337511
"OGUNQUIT,YORK",120,1/4/2024 10:15:00 PM,1/4/2024 10:15:00 PM,,Assessing,Investigating,-7858147.729222591,5347698.948092773
SHAPLEIGH,10,1/4/2024 9:00:00 PM,1/4/2024 9:00:00 PM,,Crew Assigned,Investigating,-7882995.987244115,5398613.4804527275
"UNITY,TROY,BURNHAM,PLYMOUTH,DIXMONT,JACKSON",1345,1/4/2024 9:15:00 PM,1/4/2024 9:15:00 PM,,Assessing,Investigating,-7716866.786674935,5561890.879695351
