BgName,NumOut,EtrMin,EtrMax,Desc,Status,Cause,x,y
NEW GLOUCESTER,8,1/18/2023 10:45:00 PM,1/18/2023 10:45:00 PM,,Investigating,Investigating,-7827752.005792889,5470417.562709167
NEW GLOUCESTER,5,1/18/2023 10:45:00 PM,1/18/2023 10:45:00 PM,,Assessing,Investigating,-7827739.697113721,5469833.525415733
