BgName,NumOut,EtrMin,EtrMax,Desc,Status,Cause,x,y
YORK,14,6/12/2024 12:45:00 PM,6/12/2024 12:45:00 PM,,Crew Assigned,Investigating,-7861011.601234723,5341730.845212448
KITTERY,11,6/12/2024 12:00:00 PM,6/12/2024 12:00:00 PM,,Crew Assigned,Investigating,-7877015.002525087,5328747.260851259
BROOKS,20,6/12/2024 1:00:00 PM,6/12/2024 1:00:00 PM,,Crew Assigned,Investigating,-7695150.714033684,5551354.4557435
SIDNEY,3,6/12/2024 1:00:00 PM,6/12/2024 1:00:00 PM,,Repairs in Progress,Investigating,-7762231.950509225,5543884.774711481
