BgName,NumOut,EtrMin,EtrMax,Desc,Status,Cause,x,y
EDGECOMB,175,9/5/2021 9:00:00 AM,9/5/2021 9:00:00 AM,,Assessing,Investigating,-7752826.600123538,5463403.9813013645
"SOMERVILLE PLT,PALERMO",19,9/5/2021 7:00:00 AM,9/5/2021 7:00:00 AM,,Assessing,Vehicle Accident,-7734965.4323236225,5515542.572143688
CUSHING,11,9/5/2021 9:15:00 AM,9/5/2021 9:15:00 AM,,Assessing,Investigating,-7705962.19653882,5468954.865962682
TOPSHAM,1,9/5/2021 9:15:00 AM,9/5/2021 9:15:00 AM,,Assessing,Investigating,-7789913.3230108125,5464694.713732725
JAY,1,9/5/2021 9:00:00 AM,9/5/2021 9:00:00 AM,,Assessing,Investigating,-7816718.444077253,5551485.536158712
BIDDEFORD,1,9/5/2021 9:00:00 AM,9/5/2021 9:00:00 AM,,Assessing,Investigating,-7830223.001192352,5380093.5901543535
BIDDEFORD,11,9/5/2021 8:30:00 AM,9/5/2021 8:30:00 AM,,Assessing,Investigating,-7842404.192141807,5386625.177843984
"WATERBORO,HOLLIS",28,9/5/2021 9:15:00 AM,9/5/2021 9:15:00 AM,,Assessing,Investigating,-7867269.070168892,5405261.739973483
