BgName,NumOut,EtrMin,EtrMax,Desc,Status,Cause,x,y
VASSALBORO,42,3/26/2021 3:45:00 AM,3/26/2021 3:45:00 AM,,Investigating,Investigating,-7757073.603106068,5535404.616504457
VASSALBORO,18,3/26/2021 3:45:00 AM,3/26/2021 3:45:00 AM,,Investigating,Investigating,-7756479.901976848,5536729.143892491
