BgName,NumOut,EtrMin,EtrMax,Desc,Status,Cause,x,y
SANFORD,2,7/16/2024 6:15:00 PM,7/16/2024 6:15:00 PM,,Crew Assigned,Investigating,-7888596.225930276,5382777.671794827
WINDHAM,11,7/16/2024 6:45:00 PM,7/16/2024 6:45:00 PM,,Assessing,Investigating,-7840875.307905335,5440170.146441134
