BgName,NumOut,EtrMin,EtrMax,Desc,Status,Cause,x,y
BRISTOL,20,6/27/2024 7:45:00 AM,6/27/2024 7:45:00 AM,,Crew Assigned,Investigating,-7738083.892038455,5440281.26295116
WEST PARIS,3,6/27/2024 9:15:00 AM,6/27/2024 9:15:00 AM,,Crew Assigned,Investigating,-7855718.615408208,5516164.15900881
LITCHFIELD,131,6/27/2024 9:15:00 AM,6/27/2024 9:15:00 AM,,Crew Assigned,Investigating,-7785572.9203703785,5495046.597443607
"LITCHFIELD,WEST GARDINER",54,6/27/2024 9:15:00 AM,6/27/2024 9:15:00 AM,,Assessing,Investigating,-7784787.138312771,5498903.5517635085
SCARBOROUGH,31,6/27/2024 9:15:00 AM,6/27/2024 9:15:00 AM,,Crew Assigned,Investigating,-7828872.996305524,5402791.405247996
