BgName,NumOut,EtrMin,EtrMax,Desc,Status,Cause,x,y
BERWICK,127,7/15/2021 7:15:00 PM,7/15/2021 7:15:00 PM,,Investigating,Investigating,-7887343.124723989,5361545.215846474
BERWICK,2,7/15/2021 7:15:00 PM,7/15/2021 7:15:00 PM,,Investigating,Investigating,-7888502.231907008,5365039.663634599
NORTHPORT,12,7/15/2021 7:15:00 PM,7/15/2021 7:15:00 PM,,Investigating,Investigating,-7677635.952324189,5519202.906225842
BREMEN,1,7/15/2021 6:15:00 PM,7/15/2021 6:15:00 PM,,Assessing,Investigating,-7732116.677534733,5467184.534567809
SCARBOROUGH,14,7/15/2021 5:45:00 PM,7/15/2021 5:45:00 PM,,Assessing,Investigating,-7843949.072885858,5407738.532485244
SHAPLEIGH,3,7/15/2021 6:30:00 PM,7/15/2021 6:30:00 PM,,Assessing,Investigating,-7884100.454759798,5394535.062684889
