BgName,NumOut,EtrMin,EtrMax,Desc,Status,Cause,x,y
GREENE,1,7/30/2022 3:30:00 AM,7/30/2022 3:30:00 AM,,Assessing,Investigating,-7809469.040604437,5500285.151214642
NAPLES,34,7/30/2022 4:00:00 AM,7/30/2022 4:00:00 AM,,Assessing,Investigating,-7857505.916634151,5452247.145430955
 ,3,7/30/2022 4:15:00 AM,7/30/2022 4:15:00 AM,,Assessing,Investigating,-7819487.950550217,5567428.270263584
