BgName,NumOut,EtrMin,EtrMax,Desc,Status,Cause,x,y
"BRISTOL,DAMARISCOTTA,BREMEN",185,7/21/2021 4:00:00 PM,7/21/2021 4:00:00 PM,,Assessing,Vehicle Accident,-7737551.194901229,5459578.479085237
JEFFERSON,11,7/21/2021 5:00:00 PM,7/21/2021 5:00:00 PM,,Assessing,Investigating,-7738070.99009515,5486513.6516759675
BENTON,40,7/21/2021 3:15:00 PM,7/21/2021 3:15:00 PM,,Assessing,Investigating,-7739484.224465333,5558754.62507808
DEXTER,34,7/21/2021 5:00:00 PM,7/21/2021 5:00:00 PM,,Assessing,Investigating,-7711355.514584009,5623673.269274523
DEXTER,41,7/21/2021 3:00:00 PM,7/21/2021 3:00:00 PM,,Assessing,Investigating,-7717798.241408396,5625427.906995634
SANFORD,2,7/21/2021 4:15:00 PM,7/21/2021 4:15:00 PM,,Crew Assigned,Investigating,-7872262.250272594,5371605.960442305
BUXTON,1,7/21/2021 4:00:00 PM,7/21/2021 4:00:00 PM,,Assessing,Equipment Interruption,-7853699.558138874,5414762.39573537
