BgName,NumOut,EtrMin,EtrMax,Desc,Status,Cause,x,y
BRUNSWICK,14,9/26/2021 4:45:00 PM,9/26/2021 4:45:00 PM,,Investigating,Investigating,-7792138.35346047,5453758.38863704
LOVELL,12,9/26/2021 4:45:00 PM,9/26/2021 4:45:00 PM,,Assessing,Investigating,-7893210.630306792,5499088.879535776
NORWAY,29,9/26/2021 3:45:00 PM,9/26/2021 3:45:00 PM,,Assessing,Investigating,-7864546.863346361,5504136.794265489
CAPE ELIZABETH,1,9/26/2021 4:45:00 PM,9/26/2021 4:45:00 PM,,Assessing,Investigating,-7816686.328424818,5400489.178007122
SANFORD,55,9/26/2021 3:45:00 PM,9/26/2021 3:45:00 PM,,Crew Assigned,Investigating,-7881672.43186666,5383655.231257318
WATERBORO,1,9/26/2021 3:15:00 PM,9/26/2021 3:15:00 PM,,Crew Assigned,Investigating,-7872219.102770361,5393205.776828144
MOSCOW,53,9/26/2021 4:00:00 PM,9/26/2021 4:00:00 PM,,Assessing,Investigating,-7779125.1508008,5634315.648531134
ELIOT,1,9/27/2021 3:00:00 PM,9/27/2021 3:00:00 PM,,Crew Assigned,Investigating,-7883635.250578752,5335677.033129553
