BgName,NumOut,EtrMin,EtrMax,Desc,Status,Cause,x,y
FREEPORT,2,3/6/2023 5:30:00 AM,3/6/2023 5:30:00 AM,,Assessing,Investigating,-7799311.682470388,5436993.8148903595
SUMNER,18,3/6/2023 5:00:00 AM,3/6/2023 5:00:00 AM,,Assessing,Investigating,-7842847.310498484,5527659.335887567
"MONMOUTH,GREENE,LEEDS,WALES,SABATTUS,LITCHFIELD",2419,3/6/2023 4:45:00 AM,3/6/2023 4:45:00 AM,,Assessing,Investigating,-7791620.7747478355,5494694.350756842
"SANDBAR TRACT,SANDBAR TRACT TWP,SAPLING",45,3/6/2023 5:00:00 AM,3/6/2023 5:00:00 AM,,Assessing,Investigating,-7762337.581559766,5719397.004840019
