BgName,NumOut,EtrMin,EtrMax,Desc,Status,Cause,x,y
CASCO,7,10/8/2021 12:15:00 AM,10/8/2021 12:15:00 AM,,Investigating,Investigating,-7851345.177986405,5460032.578069745
FREEPORT,48,10/7/2021 11:30:00 PM,10/7/2021 11:30:00 PM,,Assessing,Investigating,-7802642.584307307,5450922.159553076
