BgName,NumOut,EtrMin,EtrMax,Desc,Status,Cause,x,y
KENNEBUNK,13,2/2/2022 10:45:00 PM,2/2/2022 10:45:00 PM,,Assessing,Investigating,-7847962.496684045,5366305.273416657
NEW GLOUCESTER,1,2/2/2022 9:00:00 PM,2/2/2022 9:00:00 PM,,Crew Assigned,Investigating,-7826010.749512777,5458380.456189298
