BgName,NumOut,EtrMin,EtrMax,Desc,Status,Cause,x,y
KENNEBUNKPORT,7,7/13/2023 1:45:00 AM,7/13/2023 1:45:00 AM,,Crew Assigned,Investigating,-7844415.145338898,5372692.459989511
WINSLOW,3,7/13/2023 12:45:00 AM,7/13/2023 12:45:00 AM,,Assessing,Investigating,-7749903.561776602,5545206.639413945
