BgName,NumOut,EtrMin,EtrMax,Desc,Status,Cause,x,y
ELIOT,6,8/2/2023 8:30:00 AM,8/2/2023 8:30:00 AM,,Assessing,Investigating,-7883121.38862691,5333480.901286116
ETNA,9,8/2/2023 8:15:00 AM,8/2/2023 8:15:00 AM,,Assessing,Investigating,-7693194.496611523,5591361.338852683
O O BEACH,19,8/2/2023 8:15:00 AM,8/2/2023 8:15:00 AM,,Assessing,Investigating,-7838325.457129823,5389770.16063021
