BgName,NumOut,EtrMin,EtrMax,Desc,Status,Cause,x,y
MANCHESTER,9,3/5/2021 4:30:00 PM,3/5/2021 4:30:00 PM,,Assessing,Investigating,-7780303.267163985,5508720.159577845
OXFORD,5,3/5/2021 12:45:00 PM,3/5/2021 12:45:00 PM,,Assessing,Investigating,-7844576.814622435,5491369.052736505
BUXTON,1,3/5/2021 12:00:00 PM,3/5/2021 12:00:00 PM,,Assessing,Investigating,-7853807.037158156,5400198.017004648
WISCASSET,6,3/5/2021 1:00:00 PM,3/5/2021 1:00:00 PM,,Assessing,Investigating,-7757854.400583606,5464049.224164071
