BgName,NumOut,EtrMin,EtrMax,Desc,Status,Cause,x,y
WATERBORO,47,8/29/2023 3:30:00 PM,8/29/2023 3:30:00 PM,,Investigating,Investigating,-7875328.401429687,5408787.927285943
JEFFERSON,14,8/29/2023 3:30:00 PM,8/29/2023 3:30:00 PM,,Assessing,System Upgrade,-7741054.474909942,5492965.047619708
