BgName,NumOut,EtrMin,EtrMax,Desc,Status,Cause,x,y
HARPSWELL,47,8/25/2023 9:00:00 PM,8/25/2023 9:00:00 PM,,Assessing,Investigating,-7782656.627975327,5442776.212812399
CUSHING,6,8/25/2023 7:30:00 PM,8/25/2023 7:30:00 PM,,Assessing,Tree,-7714372.306184673,5459376.565678405
TOPSHAM,33,8/25/2023 8:15:00 PM,8/25/2023 8:15:00 PM,,Assessing,Investigating,-7780606.668411869,5457532.887988397
WAYNE,26,8/25/2023 7:45:00 PM,8/25/2023 7:45:00 PM,,Assessing,Investigating,-7799524.881539854,5511942.927538042
GORHAM,12,8/25/2023 8:30:00 PM,8/25/2023 8:30:00 PM,,Assessing,Investigating,-7838001.717714019,5420528.27829751
