BgName,NumOut,EtrMin,EtrMax,Desc,Status,Cause,x,y
PHIPPSBURG,7,5/18/2024 7:30:00 PM,5/18/2024 7:30:00 PM,,Assessing,Investigating,-7776421.857150954,5427083.808449841
OLD ORCHARD BEACH,34,5/18/2024 8:30:00 PM,5/18/2024 8:30:00 PM,,Crew Assigned,Investigating,-7837409.754129924,5392277.476784736
"HOLLIS,WATERBORO",1975,5/18/2024 8:15:00 PM,5/18/2024 8:15:00 PM,,Repairs in Progress,Investigating,-7869809.380964705,5400226.982188873
