BgName,NumOut,EtrMin,EtrMax,Desc,Status,Cause,x,y
TOPSHAM,33,8/25/2023 3:45:00 PM,8/25/2023 3:45:00 PM,,Assessing,Investigating,-7780606.668411869,5457532.887988397
YARMOUTH,162,8/25/2023 4:15:00 PM,8/25/2023 4:15:00 PM,,Assessing,Investigating,-7812509.420811788,5436679.131427426
MSHE JT TP,17,8/25/2023 4:00:00 PM,8/25/2023 4:00:00 PM,,Assessing,Investigating,-7751466.186884891,5696887.607390557
BELFAST,2,8/25/2023 4:15:00 PM,8/25/2023 4:15:00 PM,,Crew Assigned,Investigating,-7679269.174163237,5539935.684398112
