BgName,NumOut,EtrMin,EtrMax,Desc,Status,Cause,x,y
"CHELSEA,WHITEFIELD,AUGUSTA",250,8/25/2023 2:45:00 PM,8/25/2023 2:45:00 PM,,Assessing,Investigating,-7756369.732545732,5507946.901691947
JEFFERSON,16,8/25/2023 2:15:00 PM,8/25/2023 2:15:00 PM,,Assessing,Investigating,-7734836.4130907655,5496569.460473193
LEWISTON,85,8/25/2023 2:15:00 PM,8/25/2023 2:15:00 PM,,Assessing,Investigating,-7813034.147426266,5482468.358928009
NEWRY,34,8/25/2023 3:00:00 PM,8/25/2023 3:00:00 PM,,Assessing,Investigating,-7887897.462387082,5538486.076466489
