BgName,NumOut,EtrMin,EtrMax,Desc,Status,Cause,x,y
LINCOLNVILLE,17,7/16/2024 3:00:00 PM,7/16/2024 3:00:00 PM,,Crew Assigned,Investigating,-7696656.933497676,5508295.041595716
BIDDEFORD,5,7/16/2024 2:15:00 PM,7/16/2024 2:15:00 PM,,Repairs in Progress,Investigating,-7831258.806743181,5379998.650272344
