BgName,NumOut,EtrMin,EtrMax,Desc,Status,Cause,x,y
ST GEORGE,17,6/8/2021 3:45:00 AM,6/8/2021 3:45:00 AM,,Assessing,Investigating,-7697591.761207075,5465522.438179739
STANDISH,764,6/8/2021 3:45:00 AM,6/8/2021 3:45:00 AM,,Assessing,Investigating,-7850441.548402303,5425247.356009798
