BgName,NumOut,EtrMin,EtrMax,Desc,Status,Cause,x,y
HERMON,47,10/2/2024 9:15:00 AM,10/2/2024 9:15:00 AM,,Assessing,Investigating,-7673083.728857188,5590355.712826356
WATERVILLE,14,10/2/2024 9:00:00 AM,10/2/2024 9:00:00 AM,,Repairs in Progress,Investigating,-7752759.029180046,5555148.1482598465
