BgName,NumOut,EtrMin,EtrMax,Desc,Status,Cause,x,y
BOWDOINHAM,3,1/6/2022 1:30:00 PM,1/6/2022 1:30:00 PM,,Assessing,Investigating,-7772837.202546016,5471308.318488997
UNION,3,1/6/2022 1:45:00 PM,1/6/2022 1:45:00 PM,,Assessing,Investigating,-7713855.182581516,5498994.848315419
AUBURN,4,1/6/2022 3:30:00 PM,1/6/2022 3:30:00 PM,,Assessing,Investigating,-7821534.592800045,5478610.276467209
ST ALBANS,18,1/6/2022 2:15:00 PM,1/6/2022 2:15:00 PM,,Assessing,Investigating,-7724030.674615885,5609897.955569298
WINSLOW,4,1/6/2022 2:30:00 PM,1/6/2022 2:30:00 PM,,Assessing,Investigating,-7747212.446460008,5550658.188011325
