BgName,NumOut,EtrMin,EtrMax,Desc,Status,Cause,x,y
BRUNSWICK,40,9/29/2024 3:00:00 PM,9/29/2024 3:00:00 PM,,Repairs in Progress,Investigating,-7788182.805852805,5449539.15453007
NORTH YARMOUTH,4,9/29/2024 2:45:00 PM,9/29/2024 2:45:00 PM,,Crew Assigned,Investigating,-7812511.357680048,5442175.4657705445
ORLAND,10,9/29/2024 3:15:00 PM,9/29/2024 3:15:00 PM,,Repairs in Progress,Investigating,-7650010.538066042,5555587.539012003
