BgName,NumOut,EtrMin,EtrMax,Desc,Status,Cause,x,y
PALERMO,3,9/9/2021 1:45:00 AM,9/9/2021 1:45:00 AM,,Assessing,Investigating,-7729148.410055257,5530615.919755806
READFIELD,8,9/9/2021 3:00:00 AM,9/9/2021 3:00:00 AM,,Assessing,Investigating,-7789245.517323939,5520529.094959175
