BgName,NumOut,EtrMin,EtrMax,Desc,Status,Cause,x,y
LEWISTON,53,7/31/2024 3:30:00 PM,7/31/2024 3:30:00 PM,,Repairs in Progress,Investigating,-7808395.141409006,5480979.492985272
GREENWOOD,27,7/31/2024 7:30:00 PM,7/31/2024 7:30:00 PM,,Repairs in Progress,Vehicle Accident,-7859969.561705158,5515486.260028381
