BgName,NumOut,EtrMin,EtrMax,Desc,Status,Cause,x,y
"ACTON,LEBANON",190,9/25/2021 4:30:00 PM,9/25/2021 4:30:00 PM,,Assessing,Investigating,-7899396.153500036,5388039.440848625
SACO,18,9/25/2021 6:45:00 PM,9/25/2021 6:45:00 PM,,Crew Assigned,Investigating,-7842477.79653955,5389249.698290147
VASSALBORO,1,9/25/2021 5:00:00 PM,9/25/2021 5:00:00 PM,,Assessing,Investigating,-7757058.377161117,5535073.311131093
KINGFIELD,2,9/25/2021 5:15:00 PM,9/25/2021 5:15:00 PM,,Assessing,Investigating,-7808617.168160776,5614253.531256821
ELIOT,1,9/26/2021 12:45:00 PM,9/26/2021 12:45:00 PM,,Crew Assigned,Investigating,-7883635.250578752,5335677.033129553
