BgName,NumOut,EtrMin,EtrMax,Desc,Status,Cause,x,y
FARMINGTON,69,7/31/2022 8:15:00 AM,7/31/2022 8:15:00 AM,,Investigating,Investigating,-7808624.322269569,5568299.512345637
WELLS,95,7/31/2022 7:45:00 AM,7/31/2022 7:45:00 AM,,Assessing,Investigating,-7870269.408750938,5362244.845575961
HERMON,1,7/31/2022 7:15:00 AM,7/31/2022 7:15:00 AM,,Assessing,Investigating,-7676688.799517246,5590780.809387606
FARMINGTON,3,7/31/2022 8:30:00 AM,7/31/2022 8:30:00 AM,,Assessing,Investigating,-7808824.901511545,5568446.192271414
