BgName,NumOut,EtrMin,EtrMax,Desc,Status,Cause,x,y
WATERVILLE,20,7/14/2022 8:30:00 AM,7/14/2022 8:30:00 AM,,Investigating,Investigating,-7753527.085694487,5550012.83391801
AUGUSTA,5,7/14/2022 8:45:00 AM,7/14/2022 8:45:00 AM,,Assessing,Investigating,-7764834.121455472,5512823.560698058
NORTHPORT,7,7/14/2022 8:00:00 AM,7/14/2022 8:00:00 AM,,Assessing,Investigating,-7678447.825590063,5524713.943775228
