BgName,NumOut,EtrMin,EtrMax,Desc,Status,Cause,x,y
OGUNQUIT,7,12/6/2022 10:45:00 AM,12/6/2022 10:45:00 AM,,Repairs in Progress,Investigating,-7858103.435136794,5347856.006421768
BUCKSPORT,27,12/6/2022 11:15:00 AM,12/6/2022 11:15:00 AM,,Assessing,Investigating,-7656555.979375976,5554939.314235788
SANFORD,9,12/6/2022 11:15:00 AM,12/6/2022 11:15:00 AM,,Crew Assigned,Investigating,-7877925.451242994,5378997.807206197
