BgName,NumOut,EtrMin,EtrMax,Desc,Status,Cause,x,y
OTISFIELD,13,2/10/2023 8:45:00 AM,2/10/2023 8:45:00 AM,,Assessing,Investigating,-7850607.882007393,5480136.841112531
SCARBOROUGH,89,2/10/2023 9:30:00 AM,2/10/2023 9:30:00 AM,,Assessing,Investigating,-7836366.835215917,5403758.652464776
DEXTER,20,2/10/2023 9:30:00 AM,2/10/2023 9:30:00 AM,,Assessing,Investigating,-7714018.8333833,5624157.2731941445
STANDISH,5,2/10/2023 10:15:00 AM,2/10/2023 10:15:00 AM,,Assessing,Investigating,-7856641.787970046,5435435.482512506
