BgName,NumOut,EtrMin,EtrMax,Desc,Status,Cause,x,y
AUGUSTA,142,5/28/2021 9:45:00 AM,5/28/2021 9:45:00 AM,,Assessing,Investigating,-7765327.322478067,5517968.690787161
FREEPORT,75,5/28/2021 9:30:00 AM,5/28/2021 9:30:00 AM,,Assessing,Investigating,-7807775.804281116,5437118.129968924
MT VERNON,4,5/28/2021 9:30:00 AM,5/28/2021 9:30:00 AM,,Assessing,Investigating,-7791666.861039946,5534344.265583688
"HARRISON,BRIDGTON",67,5/28/2021 9:15:00 AM,5/28/2021 9:15:00 AM,,Assessing,Investigating,-7869044.961121405,5482794.4445450995
NEW GLOUCESTER,2,5/28/2021 9:30:00 AM,5/28/2021 9:30:00 AM,,Assessing,Investigating,-7826111.894441254,5456257.72430498
WELLS,45,5/28/2021 9:30:00 AM,5/28/2021 9:30:00 AM,,Assessing,Investigating,-7870456.848483658,5355109.689482869
