BgName,NumOut,EtrMin,EtrMax,Desc,Status,Cause,x,y
CHELSEA,74,6/8/2021 2:15:00 AM,6/8/2021 2:15:00 AM,,Assessing,Investigating,-7755306.943087292,5507833.019121777
YORK,8,6/8/2021 1:00:00 AM,6/8/2021 1:00:00 AM,,Assessing,Investigating,-7858315.810484131,5347609.594500453
ELIOT,58,6/8/2021 12:45:00 AM,6/8/2021 12:45:00 AM,,Assessing,Investigating,-7878769.342051471,5329464.404148378
POLAND,3,6/8/2021 3:00:00 AM,6/8/2021 3:00:00 AM,,Assessing,Investigating,-7839944.064708683,5472945.753143435
