BgName,NumOut,EtrMin,EtrMax,Desc,Status,Cause,x,y
NEW VINEYARD,22,8/6/2022 5:15:00 PM,8/6/2022 5:15:00 PM,,Assessing,Investigating,-7809064.661415006,5590405.477648231
RAYMOND,8,8/6/2022 3:15:00 PM,8/6/2022 3:15:00 PM,,Assessing,Investigating,-7847914.540298426,5442882.250959374
