BgName,NumOut,EtrMin,EtrMax,Desc,Status,Cause,x,y
FRYEBURG,54,8/4/2022 2:30:00 AM,8/4/2022 2:30:00 AM,,Assessing,Investigating,-7897640.533840581,5465881.3034602385
MONMOUTH,78,8/4/2022 2:30:00 AM,8/4/2022 2:30:00 AM,,Assessing,Investigating,-7796445.328079315,5503019.1109080715
BELFAST,3,8/4/2022 2:15:00 AM,8/4/2022 2:15:00 AM,,Assessing,Investigating,-7684813.541603339,5536709.092984855
