BgName,NumOut,EtrMin,EtrMax,Desc,Status,Cause,x,y
GREENVILLE,12,8/9/2021 4:30:00 PM,8/9/2021 4:30:00 PM,,Assessing,Investigating,-7746777.743924573,5703754.32573678
LISBON,1,8/9/2021 3:45:00 PM,8/9/2021 3:45:00 PM,,Assessing,Investigating,-7802336.500256107,5469998.292984587
