BgName,NumOut,EtrMin,EtrMax,Desc,Status,Cause,x,y
LEWISTON,29,4/21/2024 7:30:00 AM,4/21/2024 7:30:00 AM,,Assessing,Investigating,-7814737.3133654725,5483932.22230236
LEWISTON,3,4/21/2024 10:15:00 AM,4/21/2024 10:15:00 AM,,Assessing,Investigating,-7814179.602726442,5482150.253797585
LEWISTON,278,4/21/2024 3:15:00 AM,4/21/2024 3:15:00 AM,,Assessing,Investigating,-7814992.680340542,5482361.211639965
LEWISTON,9,4/21/2024 9:00:00 AM,4/21/2024 9:00:00 AM,,Assessing,Investigating,-7814314.7223885385,5483303.456961933
