BgName,NumOut,EtrMin,EtrMax,Desc,Status,Cause,x,y
FRYEBURG,2,4/23/2021 3:30:00 PM,4/23/2021 3:30:00 PM,,Assessing,Investigating,-7898824.79508276,5473141.07290239
BERWICK,12,4/23/2021 3:00:00 PM,4/23/2021 3:00:00 PM,,Assessing,Investigating,-7886931.743496001,5359235.033109648
SANFORD,37,4/23/2021 3:00:00 PM,4/23/2021 3:00:00 PM,,Assessing,Investigating,-7880736.513236011,5377810.455051226
KITTERY,71,4/23/2021 4:00:00 PM,4/23/2021 4:00:00 PM,,Assessing,Investigating,-7876756.596547947,5330055.952808235
NEW VINEYARD,24,4/23/2021 2:30:00 PM,4/23/2021 2:30:00 PM,,Assessing,Investigating,-7808094.200315183,5591277.756011424
EMBDEN,1,4/23/2021 2:45:00 PM,4/23/2021 2:45:00 PM,,Assessing,Investigating,-7786883.484704787,5602601.642625739
BATH,1,4/23/2021 1:45:00 PM,4/23/2021 1:45:00 PM,,Assessing,Investigating,-7773166.16270628,5454885.12322253
STETSON,1,4/23/2021 2:45:00 PM,4/23/2021 2:45:00 PM,,Assessing,Investigating,-7698435.685352875,5601199.115506565
