BgName,NumOut,EtrMin,EtrMax,Desc,Status,Cause,x,y
BELGRADE,7,1/31/2022 12:00:00 PM,1/31/2022 12:00:00 PM,,Assessing,Investigating,-7775568.203613422,5546124.543212209
PARIS,86,1/31/2022 12:15:00 PM,1/31/2022 12:15:00 PM,,Assessing,Investigating,-7848998.257785114,5501953.022594909
READFIELD,2,1/31/2022 12:30:00 PM,1/31/2022 12:30:00 PM,,Assessing,Investigating,-7781096.273809281,5528166.100944532
WESTBROOK,9,1/31/2022 12:45:00 PM,1/31/2022 12:45:00 PM,,Assessing,Investigating,-7829759.322118622,5421925.37182911
 ,6,1/31/2022 12:45:00 PM,1/31/2022 12:45:00 PM,,Assessing,Investigating,-7840342.031920111,5381320.721652004
