BgName,NumOut,EtrMin,EtrMax,Desc,Status,Cause,x,y
LISBON,5,4/25/2022 12:00:00 PM,4/25/2022 12:00:00 PM,,Assessing,Equipment Interruption,-7798077.828410658,5464646.558784902
NEWFIELD,54,4/25/2022 10:00:00 AM,4/25/2022 10:00:00 AM,,Crew Assigned,Investigating,-7893483.79720831,5412138.922259638
