BgName,NumOut,EtrMin,EtrMax,Desc,Status,Cause,x,y
BRISTOL,53,7/16/2021 12:00:00 AM,7/16/2021 12:00:00 AM,,Assessing,Investigating,-7734183.19022889,5448715.525076941
ORLAND,33,7/17/2021 12:00:00 AM,7/17/2021 12:00:00 AM,,Assessing,Investigating,-7652392.99775264,5554399.552902444
