BgName,NumOut,EtrMin,EtrMax,Desc,Status,Cause,x,y
KITTERY,67,1/5/2024 5:45:00 PM,1/5/2024 5:45:00 PM,,Investigating,Investigating,-7868289.116677985,5324840.34183142
KITTERY,28,1/5/2024 5:45:00 PM,1/5/2024 5:45:00 PM,,Crew Assigned,Investigating,-7866685.6891927505,5324373.465837289
