BgName,NumOut,EtrMin,EtrMax,Desc,Status,Cause,x,y
LEWISTON,39,1/13/2022 9:45:00 AM,1/13/2022 9:45:00 AM,,Assessing,Investigating,-7811590.567385082,5478655.405248388
HEBRON,12,1/13/2022 9:15:00 AM,1/13/2022 9:15:00 AM,,Assessing,Investigating,-7835072.6459128335,5499853.0313926
ELIOT,6,1/13/2022 9:45:00 AM,1/13/2022 9:45:00 AM,,Crew Assigned,Investigating,-7882440.814646345,5338543.658684534
