BgName,NumOut,EtrMin,EtrMax,Desc,Status,Cause,x,y
EAST MOXIE,18,4/27/2021 2:45:00 PM,4/27/2021 2:45:00 PM,,Investigating,Investigating,-7778396.450344198,5676773.509222494
JACKMAN,64,4/27/2021 2:45:00 PM,4/27/2021 2:45:00 PM,,Investigating,Investigating,-7820519.045027148,5720349.681939939
LOVELL,13,4/27/2021 2:00:00 PM,4/27/2021 2:00:00 PM,,Assessing,Tree,-7891746.166787231,5493374.101710672
"MOOSE RIVER,DENNISTOWN,LONG POND TWP,JACKMAN,PARLIN POND,JOHNSON MT,WEST FORKS",654,4/27/2021 2:45:00 PM,4/27/2021 2:45:00 PM,,Assessing,Investigating,-7797909.056876379,5688593.7394147
WEST GARDINER,1,4/27/2021 2:30:00 PM,4/27/2021 2:30:00 PM,,Assessing,Investigating,-7773409.707546852,5495362.076879479
LIVERMORE,2,4/27/2021 1:30:00 PM,4/27/2021 1:30:00 PM,,Assessing,Investigating,-7819913.747616264,5525193.114697315
FRYEBURG,1,4/27/2021 2:30:00 PM,4/27/2021 2:30:00 PM,,Assessing,Investigating,-7899021.173822405,5473120.752477004
