BgName,NumOut,EtrMin,EtrMax,Desc,Status,Cause,x,y
CHELSEA,1,6/23/2022 8:15:00 AM,6/23/2022 8:15:00 AM,,Assessing,Investigating,-7757816.240264357,5507750.527004702
ALBANY,2,6/23/2022 9:15:00 AM,6/23/2022 9:15:00 AM,,Assessing,Investigating,-7879211.848122709,5502773.103303304
ETNA,70,6/23/2022 7:15:00 AM,6/23/2022 7:15:00 AM,,Assessing,Investigating,-7692308.092911237,5582271.946242321
