BgName,NumOut,EtrMin,EtrMax,Desc,Status,Cause,x,y
POLAND,15,9/22/2024 12:15:00 PM,9/22/2024 12:15:00 PM,,Investigating,Investigating,-7836813.497239613,5465351.4658379415
BRISTOL,19,9/22/2024 10:45:00 AM,9/22/2024 10:45:00 AM,,Crew Assigned,Investigating,-7734819.937747151,5450970.6289284285
BRUNSWICK,14,9/22/2024 12:15:00 PM,9/22/2024 12:15:00 PM,,Crew Assigned,Investigating,-7790236.761790072,5451250.603107545
ACTON,1,9/22/2024 11:15:00 AM,9/22/2024 11:15:00 AM,,Repairs in Progress,Investigating,-7898321.864768529,5402518.6311776405
SHAPLEIGH,2,9/22/2024 11:30:00 AM,9/22/2024 11:30:00 AM,,Assessing,Investigating,-7886096.346395956,5399230.942307495
ELIOT,20,9/22/2024 11:30:00 AM,9/22/2024 11:30:00 AM,,Assessing,Investigating,-7877464.922495949,5332820.868781308
KITTERY,270,9/22/2024 12:30:00 PM,9/22/2024 12:30:00 PM,,Assessing,Investigating,-7870002.831926803,5324938.445006617
