BgName,NumOut,EtrMin,EtrMax,Desc,Status,Cause,x,y
ACTON,111,8/16/2023 11:00:00 AM,8/16/2023 11:00:00 AM,,Assessing,Tree,-7896990.294418572,5401501.535929173
GORHAM,47,8/16/2023 12:00:00 PM,8/16/2023 12:00:00 PM,,Assessing,Investigating,-7843100.718180191,5419423.570003798
BELGRADE,9,8/16/2023 11:45:00 AM,8/16/2023 11:45:00 AM,,Assessing,Investigating,-7771425.036872198,5539818.499662746
