BgName,NumOut,EtrMin,EtrMax,Desc,Status,Cause,x,y
"POLAND,CASCO",31,9/2/2024 11:15:00 AM,9/2/2024 11:15:00 AM,,Assessing,Investigating,-7843396.694416021,5469016.9300814625
GORHAM,9,9/2/2024 10:15:00 AM,9/2/2024 10:15:00 AM,,Crew Assigned,Investigating,-7848687.932485975,5426156.1984939575
NORRIDGEWOCK,82,9/2/2024 11:15:00 AM,9/2/2024 11:15:00 AM,,Assessing,Investigating,-7771554.67950293,5577576.883068374
CASCO,11,9/2/2024 10:15:00 AM,9/2/2024 10:15:00 AM,,Assessing,Equipment Interruption,-7854183.341518724,5454082.715271912
