BgName,NumOut,EtrMin,EtrMax,Desc,Status,Cause,x,y
BERWICK,68,7/26/2024 5:15:00 PM,7/26/2024 5:15:00 PM,,Assessing,Investigating,-7889243.070051353,5353155.462943685
LIMERICK,3,7/26/2024 4:15:00 PM,7/26/2024 4:15:00 PM,,Repairs in Progress,Investigating,-7879048.687169297,5420170.452851107
LIMERICK,106,7/26/2024 4:45:00 PM,7/26/2024 4:45:00 PM,,Assessing,Investigating,-7880280.993896837,5419996.611592089
LEBANON,4,7/26/2024 5:45:00 PM,7/26/2024 5:45:00 PM,,Assessing,Investigating,-7890360.227973535,5373709.707377528
