BgName,NumOut,EtrMin,EtrMax,Desc,Status,Cause,x,y
FALMOUTH,3,6/9/2022 8:00:00 AM,6/9/2022 8:00:00 AM,,Crew Assigned,Tree,-7814993.637612179,5425382.406278741
SACO,38,6/9/2022 8:15:00 AM,6/9/2022 8:15:00 AM,,Assessing,Investigating,-7836002.364002176,5385664.827674579
O O BEACH,19,6/9/2022 9:00:00 AM,6/9/2022 9:00:00 AM,,Assessing,Investigating,-7835332.621447037,5390131.493132652
CHESTERVILLE,14,6/9/2022 8:45:00 AM,6/9/2022 8:45:00 AM,,Assessing,Investigating,-7805291.164407103,5554587.590619517
MORRILL,2,6/9/2022 9:15:00 AM,6/9/2022 9:15:00 AM,,Crew Assigned,Investigating,-7696769.510924465,5533777.831687251
