BgName,NumOut,EtrMin,EtrMax,Desc,Status,Cause,x,y
FREEPORT,1,8/4/2022 5:15:00 PM,8/4/2022 5:15:00 PM,,Assessing,Investigating,-7801903.64548919,5438532.861052689
NEWPORT,1,8/4/2022 5:30:00 PM,8/4/2022 5:30:00 PM,,Assessing,Investigating,-7699819.075012873,5598473.808413159
LEWISTON,11,8/4/2022 4:00:00 PM,8/4/2022 4:00:00 PM,,Assessing,Investigating,-7814029.09884221,5479074.99508166
