BgName,NumOut,EtrMin,EtrMax,Desc,Status,Cause,x,y
AUBURN,70,10/2/2022 6:30:00 PM,10/2/2022 6:30:00 PM,,Assessing,Investigating,-7821515.724177233,5479030.530742567
WELLS,79,10/2/2022 6:00:00 PM,10/2/2022 6:00:00 PM,,Crew Assigned,Investigating,-7863436.217614375,5357584.654613033
