BgName,NumOut,EtrMin,EtrMax,Desc,Status,Cause,x,y
LIVERMORE,2,6/13/2021 4:30:00 PM,6/13/2021 4:30:00 PM,,Investigating,Investigating,-7821442.405098895,5524699.65135106
LIVERMORE,16,6/13/2021 4:30:00 PM,6/13/2021 4:30:00 PM,,Assessing,Investigating,-7820587.341883272,5524850.264256174
