BgName,NumOut,EtrMin,EtrMax,Desc,Status,Cause,x,y
GRAY,2,4/1/2022 3:15:00 PM,4/1/2022 3:15:00 PM,,Investigating,Investigating,-7824662.852185293,5448549.727735839
"SUMNER,BUCKFIELD",73,4/1/2022 1:45:00 PM,4/1/2022 1:45:00 PM,,Assessing,Investigating,-7834856.418953738,5520924.158139802
SANFORD,1,4/1/2022 3:00:00 PM,4/1/2022 3:00:00 PM,,Crew Assigned,Investigating,-7879999.299949572,5385247.903462929
