BgName,NumOut,EtrMin,EtrMax,Desc,Status,Cause,x,y
CANTON,1,8/17/2021 3:30:00 PM,8/17/2021 3:30:00 PM,,Assessing,Investigating,-7821608.442172032,5542003.537918554
NORTHPORT,2,8/17/2021 3:15:00 PM,8/17/2021 3:15:00 PM,,Assessing,Investigating,-7677565.78557478,5523593.193822378
O O BEACH,8,8/17/2021 4:45:00 PM,8/17/2021 4:45:00 PM,,Assessing,Investigating,-7835166.221067188,5390221.8399868915
