BgName,NumOut,EtrMin,EtrMax,Desc,Status,Cause,x,y
HERMON,84,4/17/2024 4:15:00 PM,4/17/2024 4:15:00 PM,,Assessing,Investigating,-7668138.816888105,5594848.186397275
FRYEBURG,25,4/17/2024 4:30:00 PM,4/17/2024 4:30:00 PM,,Crew Assigned,Investigating,-7889387.206607571,5475891.1395055745
SHAPLEIGH,19,4/17/2024 4:45:00 PM,4/17/2024 4:45:00 PM,,Crew Assigned,Investigating,-7883288.456954505,5405516.560255456
