BgName,NumOut,EtrMin,EtrMax,Desc,Status,Cause,x,y
SOUTHPORT,24,1/14/2024 7:30:00 PM,1/14/2024 7:30:00 PM,,Assessing,Investigating,-7753998.504933079,5432870.05857603
BRISTOL,54,1/14/2024 7:15:00 PM,1/14/2024 7:15:00 PM,,Assessing,Investigating,-7738559.827332631,5460626.672295047
GEORGETOWN,176,1/14/2024 7:45:00 PM,1/14/2024 7:45:00 PM,,Assessing,Investigating,-7765581.453769836,5432869.6730449265
ACTON,9,Assessing,Assessing,,Assessing,Investigating,-7894641.041305661,5399828.593278042
GORHAM,283,1/14/2024 6:45:00 PM,1/14/2024 6:45:00 PM,,Assessing,Investigating,-7841034.283273118,5414475.140293682
YORK,6,1/14/2024 8:00:00 PM,1/14/2024 8:00:00 PM,,Crew Assigned,Investigating,-7863948.688008409,5331144.186199594
FAIRFIELD,126,1/14/2024 8:15:00 PM,1/14/2024 8:15:00 PM,,Assessing,Investigating,-7758558.941594485,5559846.674608727
DIXMONT,133,1/14/2024 7:30:00 PM,1/14/2024 7:30:00 PM,,Assessing,Vehicle Accident,-7698973.826084022,5571424.899600546
