BgName,NumOut,EtrMin,EtrMax,Desc,Status,Cause,x,y
ST GEORGE,9,6/13/2022 12:00:00 PM,6/13/2022 12:00:00 PM,,Assessing,Investigating,-7710835.96426422,5454298.500458181
NO BERWICK,40,6/13/2022 6:45:00 AM,6/13/2022 6:45:00 AM,,Crew Assigned,Investigating,-7877313.060491346,5357702.860123901
