BgName,NumOut,EtrMin,EtrMax,Desc,Status,Cause,x,y
ROCKPORT,17,6/10/2021 10:00:00 AM,6/10/2021 10:00:00 AM,,Assessing,Investigating,-7694040.413388008,5494964.624249147
JAY,39,6/10/2021 10:45:00 AM,6/10/2021 10:45:00 AM,,Assessing,Investigating,-7813482.508952502,5549182.6321735075
OTISFIELD,1,6/10/2021 10:15:00 AM,6/10/2021 10:15:00 AM,,Assessing,Investigating,-7850690.058000761,5479522.688250716
PERU,11,6/10/2021 11:00:00 AM,6/10/2021 11:00:00 AM,,Assessing,Investigating,-7837734.762466245,5537516.737076015
 ,1,6/10/2021 10:45:00 AM,6/10/2021 10:45:00 AM,,Assessing,Investigating,-7856436.614985523,5460303.152294917
NAPLES,13,6/10/2021 11:30:00 AM,6/10/2021 11:30:00 AM,,Assessing,Investigating,-7859062.129764438,5462908.912611072
SHAPLEIGH,20,6/10/2021 10:45:00 AM,6/10/2021 10:45:00 AM,,Assessing,Investigating,-7888283.607363895,5396942.810876079
