BgName,NumOut,EtrMin,EtrMax,Desc,Status,Cause,x,y
FRANKFORT,151,3/1/2022 1:00:00 AM,3/1/2022 1:00:00 AM,,Assessing,Investigating,-7673008.476915076,5560832.705812628
FRANKFORT,8,3/1/2022 1:00:00 AM,3/1/2022 1:00:00 AM,,Assessing,Investigating,-7673716.980962452,5560382.146693112
