BgName,NumOut,EtrMin,EtrMax,Desc,Status,Cause,x,y
BRIDGTON,4,6/25/2023 3:00:00 PM,6/25/2023 3:00:00 PM,,Crew Assigned,Investigating,-7876851.351723303,5478787.367650543
STARKS,3,6/25/2023 2:30:00 PM,6/25/2023 2:30:00 PM,,Assessing,Investigating,-7786197.367018219,5576539.012600063
