BgName,NumOut,EtrMin,EtrMax,Desc,Status,Cause,x,y
"LIBERTY,APPLETON",17,6/10/2024 12:30:00 PM,6/10/2024 12:30:00 PM,,Crew Assigned,Investigating,-7711824.369952435,5523022.19519576
RAYMOND,2,6/10/2024 11:15:00 AM,6/10/2024 11:15:00 AM,,Repairs Complete,Investigating,-7842400.652178938,5464547.139590933
LITCHFIELD,83,6/10/2024 11:30:00 AM,6/10/2024 11:30:00 AM,,Repairs in Progress,Vehicle Accident,-7793849.591335946,5486741.69473035
NAPLES,72,6/10/2024 1:00:00 PM,6/10/2024 1:00:00 PM,,Assessing,Investigating,-7860751.881687086,5454784.943977462
CUMBERLAND,9,6/10/2024 12:30:00 PM,6/10/2024 12:30:00 PM,,Repairs in Progress,Investigating,-7827615.676076178,5438462.654711836
