BgName,NumOut,EtrMin,EtrMax,Desc,Status,Cause,x,y
SOUTH BRISTOL,4,1/25/2024 10:00:00 AM,1/25/2024 10:00:00 AM,,Assessing,Investigating,-7742437.107522451,5442056.392357009
ARROWSIC,28,1/25/2024 5:15:00 AM,1/25/2024 5:15:00 AM,,Assessing,Investigating,-7769737.1439306205,5447861.649413649
WISCASSET,29,1/25/2024 5:30:00 AM,1/25/2024 5:30:00 AM,,Assessing,Investigating,-7761070.0421904195,5459227.51510686
