BgName,NumOut,EtrMin,EtrMax,Desc,Status,Cause,x,y
"AUBURN,MINOT",331,6/14/2024 5:30:00 PM,6/14/2024 5:30:00 PM,,Crew Assigned,Investigating,-7822550.294144866,5485237.230443053
"UNITY,KNOX",29,6/14/2024 6:00:00 PM,6/14/2024 6:00:00 PM,,Crew Assigned,Investigating,-7713471.508871207,5554828.843331048
BENTON,4,6/14/2024 5:45:00 PM,6/14/2024 5:45:00 PM,,Repairs in Progress,Investigating,-7735530.16722609,5555989.893615234
"ROME,MERCER",87,6/14/2024 5:00:00 PM,6/14/2024 5:00:00 PM,,Repairs in Progress,Investigating,-7781161.495923335,5555412.374068763
