BgName,NumOut,EtrMin,EtrMax,Desc,Status,Cause,x,y
SO PORTLAND,51,8/15/2023 2:45:00 PM,8/15/2023 2:45:00 PM,,Investigating,Investigating,-7822807.070898137,5408244.850417721
"POLAND,NEW GLOUCESTER",17,8/15/2023 4:00:00 PM,8/15/2023 4:00:00 PM,,Assessing,Vehicle Accident,-7829200.698657713,5469880.46876744
NORRIDGEWOCK,13,8/15/2023 2:00:00 PM,8/15/2023 2:00:00 PM,,Assessing,Investigating,-7769934.0569684,5581080.681052443
