BgName,NumOut,EtrMin,EtrMax,Desc,Status,Cause,x,y
JAY,23,9/5/2023 11:30:00 PM,9/5/2023 11:30:00 PM,,Assessing,Investigating,-7812837.156501294,5545431.282757922
MECHANIC FALLS,66,9/5/2023 11:30:00 PM,9/5/2023 11:30:00 PM,,Assessing,Investigating,-7837647.487965264,5480479.878921703
SABATTUS,4,9/5/2023 10:00:00 PM,9/5/2023 10:00:00 PM,,Assessing,Investigating,-7805033.99411327,5477787.537868903
SO PORTLAND,18,9/5/2023 11:00:00 PM,9/5/2023 11:00:00 PM,,Assessing,Investigating,-7819528.192599887,5408741.70260979
