BgName,NumOut,EtrMin,EtrMax,Desc,Status,Cause,x,y
FRYE ISLND,2,5/29/2021 7:00:00 PM,5/29/2021 7:00:00 PM,,Assessing,Equipment Interruption,-7850216.527198339,5441566.623583176
YARMOUTH,1,5/29/2021 8:15:00 PM,5/29/2021 8:15:00 PM,,Crew Assigned,Investigating,-7812381.748486742,5436349.757342765
