BgName,NumOut,EtrMin,EtrMax,Desc,Status,Cause,x,y
SKOWHEGAN,7,6/17/2023 9:00:00 AM,6/17/2023 9:00:00 AM,,Investigating,Investigating,-7760559.087393048,5584326.332436003
NAPLES,2,6/17/2023 9:45:00 AM,6/17/2023 9:45:00 AM,,Assessing,Investigating,-7865188.55339763,5463190.225368114
