BgName,NumOut,EtrMin,EtrMax,Desc,Status,Cause,x,y
NORRIDGEWOCK,1,3/12/2021 8:00:00 PM,3/12/2021 8:00:00 PM,,Assessing,Investigating,-7775085.577929566,5577773.61105729
LOVELL,2,3/12/2021 7:30:00 PM,3/12/2021 7:30:00 PM,,Assessing,Investigating,-7894523.476695881,5493472.421433899
