BgName,NumOut,EtrMin,EtrMax,Desc,Status,Cause,x,y
FREEPORT,75,4/29/2022 6:15:00 PM,4/29/2022 6:15:00 PM,,Assessing,System Upgrade,-7807775.804281116,5437118.129968924
LOVELL,1,4/29/2022 5:30:00 PM,4/29/2022 5:30:00 PM,,Assessing,Investigating,-7892811.282750118,5488932.823059074
SCARBOROUGH,2,4/29/2022 4:15:00 PM,4/29/2022 4:15:00 PM,,Assessing,Investigating,-7837807.253717858,5407531.538763335
