BgName,NumOut,EtrMin,EtrMax,Desc,Status,Cause,x,y
BIDDEFORD,1,1/1/2024 9:45:00 AM,1/1/2024 9:45:00 AM,,Crew Assigned,Investigating,-7837617.977228947,5379539.618830854
KENNEBUNKPORT,1,1/1/2024 10:15:00 AM,1/1/2024 10:15:00 AM,,Assessing,Investigating,-7842264.441595591,5374638.693891902
WELLS,16,1/1/2024 10:15:00 AM,1/1/2024 10:15:00 AM,,Crew Assigned,Investigating,-7863842.277785605,5357770.957515788
