BgName,NumOut,EtrMin,EtrMax,Desc,Status,Cause,x,y
ROME,1,3/22/2021 6:45:00 PM,3/22/2021 6:45:00 PM,,Assessing,Investigating,-7780041.165449588,5558941.486525087
LEWISTON,1,3/22/2021 7:00:00 PM,3/22/2021 7:00:00 PM,,Assessing,Investigating,-7808081.298371872,5481044.5374011295
