BgName,NumOut,EtrMin,EtrMax,Desc,Status,Cause,x,y
PHIPPSBURG,3,3/22/2023 11:00:00 AM,3/22/2023 11:00:00 AM,,Assessing,Investigating,-7777526.992514266,5431366.108751985
"GORHAM,SCARBOROUGH",1,3/22/2023 12:30:00 PM,3/22/2023 12:30:00 PM,,Assessing,Investigating,-7839314.374891291,5409127.140407323
"GORHAM,SCARBOROUGH",179,3/22/2023 12:15:00 PM,3/22/2023 12:15:00 PM,,Assessing,Investigating,-7839396.784746459,5409074.630010247
