BgName,NumOut,EtrMin,EtrMax,Desc,Status,Cause,x,y
AUBURN,4,4/18/2023 12:30:00 AM,4/18/2023 12:30:00 AM,,Assessing,Vehicle Accident,-7821658.03498959,5494032.587940328
"CORNISH,LIMINGTON",235,4/18/2023 12:45:00 AM,4/18/2023 12:45:00 AM,,Assessing,Investigating,-7878112.768538648,5433132.319291241
