BgName,NumOut,EtrMin,EtrMax,Desc,Status,Cause,x,y
"CASCO,OTISFIELD",213,8/6/2022 7:15:00 PM,8/6/2022 7:15:00 PM,,Assessing,Investigating,-7850886.8597139185,5467654.897203891
SANFORD,12,8/6/2022 7:15:00 PM,8/6/2022 7:15:00 PM,,Crew Assigned,Investigating,-7880459.249848617,5382564.517889697
RAYMOND,8,8/6/2022 3:15:00 PM,8/6/2022 3:15:00 PM,,Assessing,Investigating,-7847914.540298426,5442882.250959374
