BgName,NumOut,EtrMin,EtrMax,Desc,Status,Cause,x,y
ROCKLAND,2,11/1/2022 12:45:00 PM,11/1/2022 12:45:00 PM,,Assessing,Investigating,-7690911.111235412,5483827.538874762
FALMOUTH,54,11/1/2022 1:00:00 PM,11/1/2022 1:00:00 PM,,Assessing,Investigating,-7821115.48602356,5420649.845970439
CLINTON,5,11/1/2022 12:15:00 PM,11/1/2022 12:15:00 PM,,Assessing,Investigating,-7740357.314361244,5565137.639490785
