BgName,NumOut,EtrMin,EtrMax,Desc,Status,Cause,x,y
"DAMARISCOTTA,NOBLEBORO",98,2/8/2024 9:30:00 AM,2/8/2024 9:30:00 AM,,Assessing,Investigating,-7735160.642154719,5471093.40292005
"WALES,MONMOUTH",72,2/8/2024 10:15:00 AM,2/8/2024 10:15:00 AM,,Assessing,Investigating,-7796638.912691028,5491275.131938997
STANDISH,17,2/8/2024 10:30:00 AM,2/8/2024 10:30:00 AM,,Assessing,Investigating,-7844733.385498469,5439234.3824157715
FREEDOM,32,2/8/2024 10:00:00 AM,2/8/2024 10:00:00 AM,,Crew Assigned,Investigating,-7717260.635075492,5546080.609773719
