BgName,NumOut,EtrMin,EtrMax,Desc,Status,Cause,x,y
SOUTHPORT,8,Assessing,Assessing,,Assessing,Investigating,-7756497.415983213,5437901.887698169
RICHMOND,186,4/20/2022 1:30:00 PM,4/20/2022 1:30:00 PM,,Assessing,Investigating,-7768628.323942489,5479771.202503617
GARDINER,31,4/20/2022 1:30:00 PM,4/20/2022 1:30:00 PM,,Assessing,Investigating,-7768215.1727330685,5498820.643204811
SCARBOROUGH,4,4/20/2022 1:15:00 PM,4/20/2022 1:15:00 PM,,Assessing,Investigating,-7833307.218974452,5407570.368948304
ORLAND,1,Assessing,Assessing,,Assessing,Investigating,-7648740.371555698,5555311.289964518
TOMHEGAN,36,4/20/2022 3:30:00 PM,4/20/2022 3:30:00 PM,,Assessing,Investigating,-7768185.428134952,5729826.441735827
CANAAN,14,4/20/2022 2:15:00 PM,4/20/2022 2:15:00 PM,,Assessing,Investigating,-7739251.444275437,5587734.047945522
