BgName,NumOut,EtrMin,EtrMax,Desc,Status,Cause,x,y
PENOBSCOT,4,2/19/2022 9:45:00 AM,2/19/2022 9:45:00 AM,,Crew Assigned,Investigating,-7648906.682835798,5533462.799476058
"CARMEL,NEWBURGH,DIXMONT,ETNA",521,2/19/2022 8:15:00 AM,2/19/2022 8:15:00 AM,,Assessing,Equipment Interruption,-7687915.225438117,5589342.24517836
THE FORKS PLT,48,2/19/2022 10:00:00 AM,2/19/2022 10:00:00 AM,,Assessing,Investigating,-7785099.200256028,5662862.446031237
