BgName,NumOut,EtrMin,EtrMax,Desc,Status,Cause,x,y
"HARRISON,WATERFORD",25,5/31/2024 2:15:00 PM,5/31/2024 2:15:00 PM,,Crew Assigned,Investigating,-7866659.573657252,5486919.036181278
POLAND,9,5/31/2024 12:45:00 PM,5/31/2024 12:45:00 PM,,Assessing,Investigating,-7841007.0768163735,5477375.847662097
