BgName,NumOut,EtrMin,EtrMax,Desc,Status,Cause,x,y
OAKLAND,5,6/17/2023 11:30:00 AM,6/17/2023 11:30:00 AM,,Investigating,Investigating,-7755947.475042111,5553501.042416151
FREEPORT,521,6/17/2023 11:00:00 AM,6/17/2023 11:00:00 AM,,Assessing,Investigating,-7803640.452188141,5442509.694621326
NAPLES,2,6/17/2023 9:45:00 AM,6/17/2023 9:45:00 AM,,Assessing,Investigating,-7865188.55339763,5463190.225368114
