BgName,NumOut,EtrMin,EtrMax,Desc,Status,Cause,x,y
YARMOUTH,90,7/3/2023 10:15:00 AM,7/3/2023 10:15:00 AM,,Assessing,Investigating,-7807488.900601721,5428057.995688117
NORWAY,25,7/3/2023 10:45:00 AM,7/3/2023 10:45:00 AM,,Crew Assigned,Investigating,-7858325.194689448,5504223.216595315
LITCHFIELD,15,7/3/2023 11:15:00 AM,7/3/2023 11:15:00 AM,,Assessing,Investigating,-7787954.5563348485,5496151.972014148
NEWFIELD,49,7/3/2023 10:30:00 AM,7/3/2023 10:30:00 AM,,Assessing,Tree,-7899487.7137988275,5414202.852180643
PORTER,26,7/3/2023 10:00:00 AM,7/3/2023 10:00:00 AM,,Assessing,Investigating,-7896164.54872296,5433983.395857132
