BgName,NumOut,EtrMin,EtrMax,Desc,Status,Cause,x,y
AUGUSTA,21,7/17/2022 9:00:00 AM,7/17/2022 9:00:00 AM,,Assessing,Investigating,-7771472.63705907,5515100.129886231
MANCHESTER,57,7/17/2022 9:15:00 AM,7/17/2022 9:15:00 AM,,Assessing,Investigating,-7780006.333556405,5510813.838069962
NEW GLOUCESTER,22,7/17/2022 9:00:00 AM,7/17/2022 9:00:00 AM,,Crew Assigned,Investigating,-7827369.882618348,5461676.671328269
NEWPORT,5,7/17/2022 9:15:00 AM,7/17/2022 9:15:00 AM,,Assessing,Investigating,-7712394.815547835,5596023.666471887
STRONG,11,7/17/2022 8:30:00 AM,7/17/2022 8:30:00 AM,,Assessing,Investigating,-7818288.917171113,5590207.141536812
