BgName,NumOut,EtrMin,EtrMax,Desc,Status,Cause,x,y
WELLS,39,7/16/2024 8:15:00 PM,7/16/2024 8:15:00 PM,,Investigating,Investigating,-7864586.858519664,5364652.522937512
WELLS,21,7/16/2024 8:15:00 PM,7/16/2024 8:15:00 PM,,Investigating,Investigating,-7861868.054706693,5362344.536391091
STANDISH,59,7/16/2024 7:45:00 PM,7/16/2024 7:45:00 PM,,Crew Assigned,Investigating,-7863451.546374426,5426267.639246664
PORTLAND,25,7/16/2024 7:45:00 PM,7/16/2024 7:45:00 PM,,Assessing,Investigating,-7821417.673913133,5411174.059456341
WELLS,288,7/16/2024 8:00:00 PM,7/16/2024 8:00:00 PM,,Crew Assigned,Investigating,-7862038.701640424,5362748.567806558
NEW PORTLAND,13,7/16/2024 8:00:00 PM,7/16/2024 8:00:00 PM,,Crew Assigned,Investigating,-7803174.290735462,5603186.827750065
