BgName,NumOut,EtrMin,EtrMax,Desc,Status,Cause,x,y
SABATTUS,39,2/10/2024 12:00:00 PM,2/10/2024 12:00:00 PM,,Assessing,Investigating,-7802914.793837077,5475559.784144608
FREEPORT,9,2/10/2024 11:15:00 AM,2/10/2024 11:15:00 AM,,Assessing,Investigating,-7810302.745610237,5440084.618496213
OLD ORCHARD BEACH,24,2/10/2024 11:30:00 AM,2/10/2024 11:30:00 AM,,Assessing,Investigating,-7837727.215017119,5389664.837961111
FREEPORT,2,2/10/2024 11:15:00 AM,2/10/2024 11:15:00 AM,,Crew Assigned,Investigating,-7810327.369475861,5440151.951204454
