BgName,NumOut,EtrMin,EtrMax,Desc,Status,Cause,x,y
ST GEORGE,1,5/22/2024 7:30:00 AM,5/22/2024 7:30:00 AM,,Assessing,Investigating,-7709138.342031017,5458852.656852795
WISCASSET,14,5/22/2024 9:00:00 AM,5/22/2024 9:00:00 AM,,Crew Assigned,Investigating,-7758314.127833394,5463565.167859843
"POLAND,RAYMOND",114,5/22/2024 7:45:00 AM,5/22/2024 7:45:00 AM,,Repairs in Progress,Investigating,-7840503.556541703,5470089.658119174
WELLS,27,5/22/2024 8:45:00 AM,5/22/2024 8:45:00 AM,,Crew Assigned,Investigating,-7860849.341890633,5353404.131589356
