BgName,NumOut,EtrMin,EtrMax,Desc,Status,Cause,x,y
"NOBLEBORO,BREMEN,WALDOBORO",227,7/2/2022 7:45:00 PM,7/2/2022 7:45:00 PM,,Assessing,Investigating,-7732313.2677110825,5480145.69174023
WINTHROP,21,7/2/2022 7:15:00 PM,7/2/2022 7:15:00 PM,,Assessing,Investigating,-7782271.507145008,5514336.428924436
SCARBOROUGH,48,7/2/2022 7:45:00 PM,7/2/2022 7:45:00 PM,,Assessing,Investigating,-7831998.313296855,5395969.210621239
ISLESBORO,5,7/2/2022 8:00:00 PM,7/2/2022 8:00:00 PM,,Assessing,Investigating,-7670836.600269382,5518557.459989183
CORNVILLE,9,7/2/2022 8:00:00 PM,7/2/2022 8:00:00 PM,,Assessing,Investigating,-7762719.8526999485,5598404.370725426
ACTON,3,7/2/2022 7:45:00 PM,7/2/2022 7:45:00 PM,,Crew Assigned,Investigating,-7894463.609076015,5392767.739591401
