BgName,NumOut,EtrMin,EtrMax,Desc,Status,Cause,x,y
CANAAN,29,5/12/2021 3:30:00 AM,5/12/2021 3:30:00 AM,,Investigating,Investigating,-7742403.078928544,5582489.12797822
SWANVILLE,1,5/12/2021 2:15:00 AM,5/12/2021 2:15:00 AM,,Assessing,Investigating,-7683028.11047091,5545590.081928717
