BgName,NumOut,EtrMin,EtrMax,Desc,Status,Cause,x,y
ROCKLAND,1,7/13/2023 9:15:00 PM,7/13/2023 9:15:00 PM,,Assessing,Investigating,-7695980.456103104,5488277.371854642
HIGHLAND PLT,29,7/13/2023 8:00:00 PM,7/13/2023 8:00:00 PM,,Assessing,Investigating,-7799991.399291396,5629848.07785323
