BgName,NumOut,EtrMin,EtrMax,Desc,Status,Cause,x,y
RAYMOND,9,10/8/2024 4:45:00 PM,10/8/2024 4:45:00 PM,,Repairs in Progress,Investigating,-7844995.331338367,5452052.053110076
PORTLAND,3,10/8/2024 5:00:00 PM,10/8/2024 5:00:00 PM,,Crew Assigned,Investigating,-7823715.052253913,5421149.33155493
