BgName,NumOut,EtrMin,EtrMax,Desc,Status,Cause,x,y
UNION,2,10/2/2023 12:45:00 AM,10/2/2023 12:45:00 AM,,Assessing,Investigating,-7716615.839147295,5508865.508437055
BALDWIN,13,10/2/2023 1:30:00 AM,10/2/2023 1:30:00 AM,,Assessing,Investigating,-7868525.165927484,5437995.958509123
