BgName,NumOut,EtrMin,EtrMax,Desc,Status,Cause,x,y
LOVELL,4,5/19/2021 6:15:00 PM,5/19/2021 6:15:00 PM,,Assessing,Investigating,-7894453.523585635,5494544.56973199
BOWDOIN,2,5/19/2021 5:30:00 PM,5/19/2021 5:30:00 PM,,Assessing,Equipment Interruption,-7795129.219938801,5472048.196485338
HARPSWELL,1,5/19/2021 5:00:00 PM,5/19/2021 5:00:00 PM,,Assessing,Investigating,-7792185.8658490535,5434308.335947111
