BgName,NumOut,EtrMin,EtrMax,Desc,Status,Cause,x,y
BRUNSWICK,72,8/28/2023 12:30:00 PM,8/28/2023 12:30:00 PM,,Assessing,Investigating,-7790111.627506288,5450948.410483592
AUBURN,125,8/28/2023 12:00:00 PM,8/28/2023 12:00:00 PM,,Crew Assigned,Investigating,-7823249.792410557,5478838.169467099
TURNER,1,8/28/2023 1:15:00 PM,8/28/2023 1:15:00 PM,,Crew Assigned,Investigating,-7821848.302287678,5495424.941172183
PORTLAND,8,8/28/2023 1:00:00 PM,8/28/2023 1:00:00 PM,,Assessing,Investigating,-7821917.376013481,5411616.400115626
PORTLAND,23,8/28/2023 1:00:00 PM,8/28/2023 1:00:00 PM,,Assessing,Investigating,-7821955.391670778,5411642.816218835
