BgName,NumOut,EtrMin,EtrMax,Desc,Status,Cause,x,y
SO BRISTOL,12,11/5/2021 12:00:00 PM,11/5/2021 12:00:00 PM,,Assessing,Investigating,-7740987.037515959,5463818.557344067
MT VERNON,4,11/5/2021 12:15:00 PM,11/5/2021 12:15:00 PM,,Assessing,Investigating,-7791666.861039946,5534344.265583688
FAYETTE,5,11/5/2021 11:00:00 AM,11/5/2021 11:00:00 AM,,Assessing,Investigating,-7798976.109907749,5539611.905126688
