BgName,NumOut,EtrMin,EtrMax,Desc,Status,Cause,x,y
FRYEBURG,2,9/20/2024 6:45:00 AM,9/20/2024 6:45:00 AM,,Crew Assigned,Investigating,-7896934.712596516,5472434.481253195
SOUTH BERWICK,17,9/20/2024 6:30:00 AM,9/20/2024 6:30:00 AM,,Assessing,Investigating,-7881696.688421094,5346434.342199461
