BgName,NumOut,EtrMin,EtrMax,Desc,Status,Cause,x,y
RICHMOND,5,7/2/2023 8:30:00 AM,7/2/2023 8:30:00 AM,,Assessing,Investigating,-7769391.508102482,5479635.614682384
KITTERY,13,7/2/2023 7:30:00 AM,7/2/2023 7:30:00 AM,,Crew Assigned,Investigating,-7872555.554817548,5328055.620102607
WATERVILLE,20,7/2/2023 8:30:00 AM,7/2/2023 8:30:00 AM,,Assessing,Investigating,-7750529.1995578725,5553441.000852288
