BgName,NumOut,EtrMin,EtrMax,Desc,Status,Cause,x,y
AUBURN,1,6/10/2024 2:00:00 AM,6/10/2024 2:00:00 AM,,Assessing,Investigating,-7817943.459442354,5466806.782190744
"NORTH YARMOUTH,GRAY",132,6/10/2024 1:00:00 AM,6/10/2024 1:00:00 AM,,Repairs in Progress,Tree,-7819556.734852018,5446114.339953185
ARUNDEL,3,6/10/2024 1:30:00 AM,6/10/2024 1:30:00 AM,,Repairs in Progress,Investigating,-7851569.459762603,5377371.397340654
NEW VINEYARD,6,6/10/2024 2:15:00 AM,6/10/2024 2:15:00 AM,,Assessing,Investigating,-7809353.0122144045,5584347.8185079275
