BgName,NumOut,EtrMin,EtrMax,Desc,Status,Cause,x,y
LEBANON,14,9/23/2023 2:30:00 PM,9/23/2023 2:30:00 PM,,Crew Assigned,Investigating,-7899039.029411161,5384161.497166578
HARPSWELL,3,9/23/2023 2:30:00 PM,9/23/2023 2:30:00 PM,,Assessing,Investigating,-7791436.574341433,5435582.250878836
BRUNSWICK,11,9/23/2023 2:45:00 PM,9/23/2023 2:45:00 PM,,Assessing,Investigating,-7777856.197648772,5455116.12235572
WEST PARIS,11,9/23/2023 1:30:00 PM,9/23/2023 1:30:00 PM,,Assessing,Investigating,-7850952.349027087,5519270.300300374
ETNA,17,9/23/2023 2:00:00 PM,9/23/2023 2:00:00 PM,,Assessing,Investigating,-7699085.501801378,5586834.1957845455
