BgName,NumOut,EtrMin,EtrMax,Desc,Status,Cause,x,y
SEBAGO,6,8/23/2023 11:30:00 PM,8/23/2023 11:30:00 PM,,Assessing,Investigating,-7867641.589692455,5445769.216984804
WELLS,20,8/23/2023 10:45:00 PM,8/23/2023 10:45:00 PM,,Assessing,Investigating,-7855687.479352402,5356655.750529392
