BgName,NumOut,EtrMin,EtrMax,Desc,Status,Cause,x,y
BRUNSWICK,47,8/22/2024 9:30:00 AM,8/22/2024 9:30:00 AM,,Crew Assigned,Investigating,-7783488.206901051,5451060.8779215645
YORK,11,8/22/2024 8:30:00 AM,8/22/2024 8:30:00 AM,,Crew Assigned,Investigating,-7873244.667056422,5339100.963196098
YORK,5,8/22/2024 9:00:00 AM,8/22/2024 9:00:00 AM,,Repairs in Progress,Investigating,-7865442.918451085,5332866.756148908
BUXTON,156,8/22/2024 1:00:00 PM,8/22/2024 1:00:00 PM,,Repairs in Progress,Vehicle Accident,-7852049.302430955,5404402.853393921
BUXTON,18,8/22/2024 1:00:00 PM,8/22/2024 1:00:00 PM,,Repairs in Progress,Vehicle Accident,-7852517.54561406,5403882.382352647
"YORK,KITTERY",29,8/22/2024 8:30:00 AM,8/22/2024 8:30:00 AM,,Crew Assigned,Investigating,-7867004.163114011,5329349.072650178
