BgName,NumOut,EtrMin,EtrMax,Desc,Status,Cause,x,y
EDGECOMB,20,11/7/2022 11:45:00 AM,11/7/2022 11:45:00 AM,,Assessing,Investigating,-7755186.907311121,5456214.638052015
SWEDEN,54,11/7/2022 8:30:00 AM,11/7/2022 8:30:00 AM,,Assessing,Tree,-7882435.504702031,5486544.363191446
