BgName,NumOut,EtrMin,EtrMax,Desc,Status,Cause,x,y
BETHEL,3,9/19/2022 12:15:00 PM,9/19/2022 12:15:00 PM,,Assessing,Investigating,-7882375.89316885,5530853.202424052
STOCKTON SPRINGS,84,9/19/2022 1:00:00 PM,9/19/2022 1:00:00 PM,,Assessing,Investigating,-7665025.767329767,5541502.103767004
"CARATUNK,THE FORKS PLT",160,9/19/2022 11:45:00 AM,9/19/2022 11:45:00 AM,,Assessing,Tree,-7791145.830162725,5658699.791323444
