BgName,NumOut,EtrMin,EtrMax,Desc,Status,Cause,x,y
BRISTOL,16,2/22/2023 1:45:00 PM,2/22/2023 1:45:00 PM,,Assessing,Investigating,-7732299.898244394,5455726.078403396
NEWPORT,7,2/22/2023 2:15:00 PM,2/22/2023 2:15:00 PM,,Assessing,Investigating,-7710885.345544969,5595225.617408243
