BgName,NumOut,EtrMin,EtrMax,Desc,Status,Cause,x,y
PHIPPSBURG,10,5/20/2024 9:30:00 AM,5/20/2024 9:30:00 AM,,Crew Assigned,Investigating,-7776288.151271544,5428989.511744037
PHIPPSBURG,3,5/20/2024 9:30:00 AM,5/20/2024 9:30:00 AM,,Crew Assigned,Investigating,-7776325.732742787,5428996.6485563675
FRIENDSHIP,166,5/20/2024 9:45:00 AM,5/20/2024 9:45:00 AM,,Assessing,Investigating,-7719137.114333353,5463477.75109914
