BgName,NumOut,EtrMin,EtrMax,Desc,Status,Cause,x,y
PHIPPSBURG,153,8/28/2024 7:15:00 PM,8/28/2024 7:15:00 PM,,Repairs in Progress,Investigating,-7771785.522724456,5437683.107590422
HARMONY,1,8/28/2024 8:00:00 PM,8/28/2024 8:00:00 PM,,Crew Assigned,Investigating,-7736602.073790835,5621735.750318057
