BgName,NumOut,EtrMin,EtrMax,Desc,Status,Cause,x,y
BETHEL,15,2/5/2022 8:45:00 AM,2/5/2022 8:45:00 AM,,Assessing,Investigating,-7888075.863000801,5527989.67102034
SWEDEN,25,2/5/2022 3:15:00 AM,2/5/2022 3:15:00 AM,,Assessing,Investigating,-7878145.429701763,5483649.202890854
SUMNER,17,2/5/2022 9:00:00 AM,2/5/2022 9:00:00 AM,,Assessing,Investigating,-7843798.335139827,5522202.8789002
PORTLAND,1,2/5/2022 10:00:00 AM,2/5/2022 10:00:00 AM,,Assessing,Investigating,-7823393.695104975,5411257.196701785
HIRAM,6,2/5/2022 9:00:00 AM,2/5/2022 9:00:00 AM,,Crew Assigned,Investigating,-7880081.598480118,5437829.402676399
CARMEL,2,2/5/2022 8:30:00 AM,2/5/2022 8:30:00 AM,,Assessing,Investigating,-7681499.0482351715,5591028.988969683
MEXICO,11,2/5/2022 11:00:00 AM,2/5/2022 11:00:00 AM,,Assessing,Investigating,-7852572.648700187,5551893.661292189
LOVELL,3,2/5/2022 10:45:00 AM,2/5/2022 10:45:00 AM,,Assessing,Investigating,-7891188.712134768,5498918.493341331
