BgName,NumOut,EtrMin,EtrMax,Desc,Status,Cause,x,y
LISBON,149,4/9/2023 2:00:00 AM,4/9/2023 2:00:00 AM,,Investigating,Investigating,-7802742.043348486,5468461.472401793
LISBON,29,4/9/2023 2:00:00 AM,4/9/2023 2:00:00 AM,,Crew Assigned,Investigating,-7802515.735704398,5468045.362339362
