BgName,NumOut,EtrMin,EtrMax,Desc,Status,Cause,x,y
DURHAM,20,7/9/2022 7:30:00 AM,7/9/2022 7:30:00 AM,,Assessing,Investigating,-7799905.238036657,5457499.381988217
SO THOMASTON,3,7/9/2022 8:15:00 AM,7/9/2022 8:15:00 AM,,Assessing,Investigating,-7695585.672655797,5470548.928456868
"TURNER,AUBURN",15,7/9/2022 8:45:00 AM,7/9/2022 8:45:00 AM,,Assessing,Investigating,-7819361.001835233,5495027.765334673
"LIVERMR FL,LIVERMORE FALLS,FAYETTE,CHESTERVILLE,JAY,LIVERMR FAL",1087,7/9/2022 7:30:00 AM,7/9/2022 7:30:00 AM,,Assessing,Investigating,-7811431.525242544,5539923.873742757
LIVERMORE,16,7/9/2022 8:00:00 AM,7/9/2022 8:00:00 AM,,Assessing,Investigating,-7813574.770536361,5518756.760129126
FAIRFIELD,24,7/9/2022 9:00:00 AM,7/9/2022 9:00:00 AM,,Assessing,Investigating,-7749960.71325584,5560721.725433145
CANAAN,1,7/9/2022 9:15:00 AM,7/9/2022 9:15:00 AM,,Assessing,Investigating,-7745435.932109625,5588816.699176189
