BgName,NumOut,EtrMin,EtrMax,Desc,Status,Cause,x,y
HARPSWELL,2,Assessing,Assessing,,Assessing,Investigating,-7786166.720810779,5431282.01924465
HARPSWELL,9,Assessing,Assessing,,Assessing,Investigating,-7782488.145965163,5433698.687333005
FREEPORT,1,Assessing,Assessing,,Assessing,Investigating,-7804833.574550051,5444535.734682233
FREEPORT,3,Assessing,Assessing,,Assessing,Investigating,-7807991.329955141,5444886.277393488
NEWFIELD,3,3/5/2023 3:45:00 PM,3/5/2023 3:45:00 PM,,Assessing,Investigating,-7896640.561904329,5404744.0953997765
SACO,1,3/5/2023 4:00:00 PM,3/5/2023 4:00:00 PM,,Assessing,Investigating,-7843619.055141664,5401266.051423637
SO PORTLAND,7,3/5/2023 4:15:00 PM,3/5/2023 4:15:00 PM,,Crew Assigned,Investigating,-7821051.989441187,5408703.89797055
WESTPORT,1,3/5/2023 5:00:00 PM,3/5/2023 5:00:00 PM,,Assessing,Investigating,-7758245.699730346,5451752.770202304
