BgName,NumOut,EtrMin,EtrMax,Desc,Status,Cause,x,y
RICHMOND,25,6/1/2021 1:00:00 PM,6/1/2021 1:00:00 PM,,Assessing,Investigating,-7770563.913772727,5479046.865770942
CHINA,4,6/1/2021 12:45:00 PM,6/1/2021 12:45:00 PM,,Assessing,Investigating,-7739384.526656865,5534826.92136929
YORK,5,6/1/2021 1:30:00 PM,6/1/2021 1:30:00 PM,,Crew Assigned,Investigating,-7869165.508970822,5333596.192357449
CHELSEA,2,6/1/2021 12:00:00 PM,6/1/2021 12:00:00 PM,,Assessing,Vehicle Accident,-7767580.751819365,5510566.112002155
OTISFIELD,1,6/1/2021 12:15:00 PM,6/1/2021 12:15:00 PM,,Assessing,Investigating,-7849039.56843105,5472968.303572949
