BgName,NumOut,EtrMin,EtrMax,Desc,Status,Cause,x,y
GREENWOOD,2,2/8/2022 7:30:00 AM,2/8/2022 7:30:00 AM,,Assessing,Investigating,-7874796.33830222,5522877.788609825
LOVELL,60,2/8/2022 7:15:00 AM,2/8/2022 7:15:00 AM,,Assessing,Investigating,-7891447.07356203,5494128.710461259
