BgName,NumOut,EtrMin,EtrMax,Desc,Status,Cause,x,y
NOBLEBORO,11,7/28/2023 11:30:00 AM,7/28/2023 11:30:00 AM,,Assessing,Investigating,-7733806.529669566,5478153.794748582
WISCASSET,87,7/28/2023 9:15:00 AM,7/28/2023 9:15:00 AM,,Assessing,Investigating,-7759912.79809307,5460350.047086792
CLINTON,136,7/28/2023 10:30:00 AM,7/28/2023 10:30:00 AM,,Assessing,Vehicle Accident,-7750980.711410794,5572278.129305516
