BgName,NumOut,EtrMin,EtrMax,Desc,Status,Cause,x,y
AUBURN,8,9/5/2024 11:15:00 AM,9/5/2024 11:15:00 AM,,Assessing,Investigating,-7822906.906060375,5479191.17054131
HARTFORD,46,9/5/2024 12:00:00 PM,9/5/2024 12:00:00 PM,,Crew Assigned,Investigating,-7823422.871967531,5518695.4784761835
CUMBERLAND,5,9/5/2024 12:00:00 PM,9/5/2024 12:00:00 PM,,Assessing,Investigating,-7825188.699654537,5433802.75503592
ELIOT,44,9/5/2024 12:15:00 PM,9/5/2024 12:15:00 PM,,Assessing,Investigating,-7877111.160270576,5330357.170574886
