BgName,NumOut,EtrMin,EtrMax,Desc,Status,Cause,x,y
RICHMOND,1,4/20/2022 8:15:00 PM,4/20/2022 8:15:00 PM,,Assessing,Investigating,-7769979.987386017,5479266.369344811
BELGRADE,45,4/20/2022 7:30:00 PM,4/20/2022 7:30:00 PM,,Assessing,Investigating,-7775584.957168484,5546330.864148329
