BgName,NumOut,EtrMin,EtrMax,Desc,Status,Cause,x,y
HOPE,35,2/9/2022 6:15:00 PM,2/9/2022 6:15:00 PM,,Crew Assigned,Investigating,-7706983.530589266,5501284.31818897
MINOT,26,2/9/2022 6:00:00 PM,2/9/2022 6:00:00 PM,,Assessing,Vehicle Accident,-7828134.4025737215,5478867.351959014
