BgName,NumOut,EtrMin,EtrMax,Desc,Status,Cause,x,y
OXFORD,25,10/9/2021 2:15:00 PM,10/9/2021 2:15:00 PM,,Assessing,Investigating,-7851735.236744575,5493305.834208034
SACO,19,10/9/2021 2:30:00 PM,10/9/2021 2:30:00 PM,,Assessing,Investigating,-7843019.287921652,5390018.154176655
