BgName,NumOut,EtrMin,EtrMax,Desc,Status,Cause,x,y
POLAND,176,7/11/2022 4:15:00 AM,7/11/2022 4:15:00 AM,,Assessing,Investigating,-7829071.423238064,5472424.135950832
"GREENWOOD,BETHEL",38,7/11/2022 3:30:00 AM,7/11/2022 3:30:00 AM,,Assessing,Investigating,-7870530.074457767,5527969.181543027
BELGRADE,4,7/11/2022 3:30:00 AM,7/11/2022 3:30:00 AM,,Assessing,Investigating,-7770893.252556848,5540393.5476472005
