BgName,NumOut,EtrMin,EtrMax,Desc,Status,Cause,x,y
SHAPLEIGH,8,4/10/2024 2:00:00 AM,4/10/2024 2:00:00 AM,,Assessing,Investigating,-7887603.745880947,5388304.499196193
CORNISH,10,4/10/2024 10:00:00 AM,4/10/2024 10:00:00 AM,,Assessing,Investigating,-7885651.547057475,5427754.05105538
BIDDEFORD,2,4/10/2024 3:00:00 AM,4/10/2024 3:00:00 AM,,Assessing,Investigating,-7847472.613075184,5385070.605924368
SEBAGO,16,4/10/2024 5:00:00 PM,4/10/2024 5:00:00 PM,,Assessing,Investigating,-7875772.387557805,5449316.1430768855
BRIDGTON,2,4/10/2024 11:00:00 AM,4/10/2024 11:00:00 AM,,Assessing,Investigating,-7868140.879831624,5459906.8143959325
