BgName,NumOut,EtrMin,EtrMax,Desc,Status,Cause,x,y
KENNEBUNK,99,8/27/2021 11:15:00 AM,8/27/2021 11:15:00 AM,,Crew Assigned,Investigating,-7848297.5238361135,5364653.195415159
PARSONSFIELD,1,8/27/2021 10:15:00 AM,8/27/2021 10:15:00 AM,,Crew Assigned,Investigating,-7895959.854374256,5424128.278923407
SCARBOROUGH,27,8/27/2021 10:45:00 AM,8/27/2021 10:45:00 AM,,Assessing,Investigating,-7829016.3758142525,5401815.114880115
STANDISH,48,8/27/2021 10:45:00 AM,8/27/2021 10:45:00 AM,,Assessing,Investigating,-7852940.036478926,5424100.363449712
"PORTLAND,GORHAM",10,8/27/2021 10:45:00 AM,8/27/2021 10:45:00 AM,,Assessing,Investigating,-7820800.663389803,5413598.8238485465
