BgName,NumOut,EtrMin,EtrMax,Desc,Status,Cause,x,y
LITCHFIELD,1,8/14/2024 12:15:00 PM,8/14/2024 12:15:00 PM,,Crew Assigned,Investigating,-7781204.921637014,5493896.183364408
WISCASSET,15,8/14/2024 12:45:00 PM,8/14/2024 12:45:00 PM,,Crew Assigned,Investigating,-7756437.826674906,5461344.405636739
