BgName,NumOut,EtrMin,EtrMax,Desc,Status,Cause,x,y
BERWICK,176,9/9/2024 11:30:00 AM,9/9/2024 11:30:00 AM,,Repairs in Progress,Investigating,-7886433.087867144,5352035.703508305
STANDISH,16,9/9/2024 10:30:00 AM,9/9/2024 10:30:00 AM,,Crew Assigned,Investigating,-7862679.322995314,5430793.917526447
LINCOLNVILLE,19,9/9/2024 12:30:00 PM,9/9/2024 12:30:00 PM,,Repairs in Progress,Equipment Interruption,-7693972.964881582,5514757.720759261
