BgName,NumOut,EtrMin,EtrMax,Desc,Status,Cause,x,y
NEW GLOUCESTER,101,6/6/2023 6:15:00 PM,6/6/2023 6:15:00 PM,,Investigating,Investigating,-7825784.367185079,5460729.6615071595
NEW GLOUCESTER,73,6/6/2023 6:15:00 PM,6/6/2023 6:15:00 PM,,Investigating,Investigating,-7825707.637989225,5460611.192652942
"AUBURN,DURHAM",186,6/6/2023 5:00:00 PM,6/6/2023 5:00:00 PM,,Assessing,Investigating,-7816374.188594374,5478521.925883634
