BgName,NumOut,EtrMin,EtrMax,Desc,Status,Cause,x,y
BOOTHBAY,2,7/28/2023 4:15:00 PM,7/28/2023 4:15:00 PM,,Assessing,Investigating,-7746480.665554944,5449662.34150455
WARREN,15,7/28/2023 5:15:00 PM,7/28/2023 5:15:00 PM,,Assessing,Investigating,-7711637.954366215,5485928.958607812
"AUBURN,DURHAM",46,7/28/2023 5:15:00 PM,7/28/2023 5:15:00 PM,,Assessing,Investigating,-7813375.753543269,5471112.991092383
