BgName,NumOut,EtrMin,EtrMax,Desc,Status,Cause,x,y
SO BRISTOL,3,8/31/2021 12:00:00 PM,8/31/2021 12:00:00 PM,,Assessing,Investigating,-7743090.9313571,5458652.336718895
ST ALBANS,2,8/31/2021 9:00:00 AM,8/31/2021 9:00:00 AM,,Assessing,Investigating,-7728227.107687038,5614257.463867218
