BgName,NumOut,EtrMin,EtrMax,Desc,Status,Cause,x,y
DENMARK,23,9/5/2022 7:45:00 AM,9/5/2022 7:45:00 AM,,Assessing,Investigating,-7882705.788475976,5462370.291351693
"BUCKFIELD,SUMNER",317,9/5/2022 6:45:00 AM,9/5/2022 6:45:00 AM,,Assessing,Investigating,-7833058.831813051,5510498.571385997
BUXTON,16,9/5/2022 6:30:00 AM,9/5/2022 6:30:00 AM,,Assessing,Investigating,-7857835.567067154,5413896.808953898
