BgName,NumOut,EtrMin,EtrMax,Desc,Status,Cause,x,y
LEVANT,19,7/28/2023 5:15:00 AM,7/28/2023 5:15:00 AM,,Assessing,Investigating,-7686796.052660379,5605299.766802859
WILLIMANTIC,130,7/28/2023 6:15:00 AM,7/28/2023 6:15:00 AM,,Assessing,Investigating,-7718445.953901591,5668512.501787081
