BgName,NumOut,EtrMin,EtrMax,Desc,Status,Cause,x,y
LITCHFIELD,25,9/7/2023 8:15:00 PM,9/7/2023 8:15:00 PM,,Assessing,Investigating,-7780861.022352882,5492352.610291718
WISCASSET,4,9/7/2023 7:45:00 PM,9/7/2023 7:45:00 PM,,Assessing,Investigating,-7758706.484463963,5463770.577306224
"SO BERWICK,SOUTH BERWICK",19,9/7/2023 8:15:00 PM,9/7/2023 8:15:00 PM,,Crew Assigned,Investigating,-7880621.38665553,5342243.628419094
