BgName,NumOut,EtrMin,EtrMax,Desc,Status,Cause,x,y
WASHINGTON,55,7/27/2021 12:00:00 PM,7/27/2021 12:00:00 PM,,Assessing,Investigating,-7724286.108265595,5507839.9531075135
DRESDEN,1,7/27/2021 12:00:00 PM,7/27/2021 12:00:00 PM,,Assessing,Investigating,-7767875.113948248,5476158.069850431
