BgName,NumOut,EtrMin,EtrMax,Desc,Status,Cause,x,y
VASSALBORO,3,3/8/2021 4:00:00 PM,3/8/2021 4:00:00 PM,,Assessing,Investigating,-7751712.625965479,5522055.526748664
JEFFERSON,1,3/8/2021 3:30:00 PM,3/8/2021 3:30:00 PM,,Assessing,Investigating,-7742348.775437542,5485394.644785868
LOVELL,2,3/8/2021 3:30:00 PM,3/8/2021 3:30:00 PM,,Assessing,Investigating,-7886849.400515696,5494445.726248283
