BgName,NumOut,EtrMin,EtrMax,Desc,Status,Cause,x,y
PHIPPSBURG,23,7/17/2023 11:00:00 AM,7/17/2023 11:00:00 AM,,Assessing,Tree,-7776925.29953843,5426818.437236449
NOBLEBORO,33,7/17/2023 10:00:00 AM,7/17/2023 10:00:00 AM,,Assessing,Investigating,-7731440.367026987,5476545.7517150715
JEFFERSON,11,7/17/2023 12:30:00 PM,7/17/2023 12:30:00 PM,,Assessing,Investigating,-7738070.99009515,5486513.6516759675
EDGECOMB,35,7/17/2023 8:00:00 AM,7/17/2023 8:00:00 AM,,Assessing,Tree,-7751023.54716404,5458271.935211825
WALDOBORO,48,7/17/2023 10:30:00 AM,7/17/2023 10:30:00 AM,,Assessing,Investigating,-7724309.908409083,5481322.283229567
WOOLWICH,4,7/17/2023 11:00:00 AM,7/17/2023 11:00:00 AM,,Assessing,Investigating,-7772244.68223869,5461650.822804129
SANFORD,5,7/17/2023 11:15:00 AM,7/17/2023 11:15:00 AM,,Assessing,Investigating,-7869380.544896592,5370245.234920832
"PALMYRA,ST ALBANS",91,7/17/2023 11:00:00 AM,7/17/2023 11:00:00 AM,,Assessing,Investigating,-7721845.784702258,5597670.534270566
