BgName,NumOut,EtrMin,EtrMax,Desc,Status,Cause,x,y
PHIPPSBURG,36,9/22/2023 10:45:00 AM,9/22/2023 10:45:00 AM,,Assessing,Investigating,-7773528.418640085,5438498.344166838
"APPLETON,WASHINGTON,UNION",151,9/22/2023 10:45:00 AM,9/22/2023 10:45:00 AM,,Assessing,Vehicle Accident,-7716453.334929075,5511728.58022376
THOMASTON,6,9/22/2023 10:15:00 AM,9/22/2023 10:15:00 AM,,Assessing,Investigating,-7701010.917141605,5479682.437758825
POLAND,24,9/22/2023 11:00:00 AM,9/22/2023 11:00:00 AM,,Assessing,System Upgrade,-7835732.091440776,5469271.878953923
WATERBORO,4,9/22/2023 10:00:00 AM,9/22/2023 10:00:00 AM,,Assessing,System Upgrade,-7872094.213460813,5402275.374428896
