BgName,NumOut,EtrMin,EtrMax,Desc,Status,Cause,x,y
WEST GARDINER,10,4/15/2022 11:15:00 AM,4/15/2022 11:15:00 AM,,Assessing,Investigating,-7777300.568640057,5504553.559622663
CUSHING,143,4/15/2022 10:45:00 AM,4/15/2022 10:45:00 AM,,Repairs in Progress,Investigating,-7708518.370392809,5468564.269275772
DAYTON,10,4/15/2022 12:30:00 PM,4/15/2022 12:30:00 PM,,Crew Assigned,Investigating,-7857722.655666485,5401330.919392641
