BgName,NumOut,EtrMin,EtrMax,Desc,Status,Cause,x,y
PORTER,3,3/12/2021 6:15:00 PM,3/12/2021 6:15:00 PM,,Crew Assigned,Investigating,-7900305.555846563,5441791.438621004
LOVELL,2,3/12/2021 7:30:00 PM,3/12/2021 7:30:00 PM,,Assessing,Investigating,-7894523.476695881,5493472.421433899
