BgName,NumOut,EtrMin,EtrMax,Desc,Status,Cause,x,y
WARREN,5,6/2/2022 1:45:00 PM,6/2/2022 1:45:00 PM,,Assessing,Investigating,-7709411.7203692235,5483175.383382404
KITTERY,77,6/2/2022 2:00:00 PM,6/2/2022 2:00:00 PM,,Assessing,Investigating,-7871396.451739127,5324640.450384574
KITTERY,39,6/2/2022 2:00:00 PM,6/2/2022 2:00:00 PM,,Assessing,Investigating,-7870746.958252166,5326807.838568273
