BgName,NumOut,EtrMin,EtrMax,Desc,Status,Cause,x,y
BRUNSWICK,10,6/30/2024 1:45:00 AM,6/30/2024 1:45:00 AM,,Crew Assigned,Investigating,-7795546.345297155,5456961.294388938
"WOOLWICH,GEORGETOWN,ARROWSIC,WISCASSET",3153,6/30/2024 2:30:00 AM,6/30/2024 2:30:00 AM,,Crew Assigned,Investigating,-7768902.080804448,5457505.273061715
WATERFORD,38,6/30/2024 3:00:00 AM,6/30/2024 3:00:00 AM,,Assessing,Investigating,-7867332.332989575,5496078.761677895
ORLAND,15,6/30/2024 2:00:00 AM,6/30/2024 2:00:00 AM,,Crew Assigned,Investigating,-7651980.058180138,5551749.296132352
SAINT ALBANS,12,6/30/2024 1:45:00 AM,6/30/2024 1:45:00 AM,,Crew Assigned,Investigating,-7726287.499157996,5609357.708592027
EUSTIS,8,6/30/2024 3:15:00 AM,6/30/2024 3:15:00 AM,,Assessing,Investigating,-7842253.131534345,5646846.960179194
