BgName,NumOut,EtrMin,EtrMax,Desc,Status,Cause,x,y
UNION,7,Assessing,Assessing,,Investigating,Investigating,-7710128.854277453,5497103.483187262
HARPSWELL,4,4/20/2022 10:00:00 AM,4/20/2022 10:00:00 AM,,Assessing,Tree,-7779734.903299011,5436138.819840599
NEWCASTLE,5,4/20/2022 12:00:00 PM,4/20/2022 12:00:00 PM,,Assessing,Investigating,-7741032.133099006,5476624.291003165
WINTHROP,30,4/20/2022 3:30:00 PM,4/20/2022 3:30:00 PM,,Assessing,Investigating,-7782535.913138973,5512519.999824813
"ISLESBORO,ISLEBORO",989,4/20/2022 2:00:00 PM,4/20/2022 2:00:00 PM,,Assessing,Investigating,-7673020.1098377565,5511763.607135136
ISLESBORO,2,4/20/2022 2:00:00 PM,4/20/2022 2:00:00 PM,,Assessing,Tree,-7672395.407103238,5502773.103303304
ISLESBORO,5,4/20/2022 2:00:00 PM,4/20/2022 2:00:00 PM,,Assessing,Tree,-7671032.333286168,5506295.346176015
TOMHEGAN,36,4/20/2022 3:30:00 PM,4/20/2022 3:30:00 PM,,Assessing,Investigating,-7768185.428134952,5729826.441735827
ROME,22,4/20/2022 11:00:00 AM,4/20/2022 11:00:00 AM,,Assessing,Tree,-7776700.879407349,5554906.543165469
