BgName,NumOut,EtrMin,EtrMax,Desc,Status,Cause,x,y
BOOTHBAY,16,9/29/2022 11:00:00 AM,9/29/2022 11:00:00 AM,,Assessing,Investigating,-7756721.847226737,5448806.493504523
BIDDEFORD,5,9/29/2022 11:30:00 AM,9/29/2022 11:30:00 AM,,Assessing,Investigating,-7837994.827100199,5383797.390958356
SANFORD,32,9/29/2022 11:15:00 AM,9/29/2022 11:15:00 AM,,Assessing,Investigating,-7873994.659849106,5378400.057293729
BIG MOOSE TWP,13,9/29/2022 11:45:00 AM,9/29/2022 11:45:00 AM,,Assessing,Investigating,-7750900.416723489,5700314.836253343
NORRIDGEWOCK,3,9/29/2022 10:45:00 AM,9/29/2022 10:45:00 AM,,Assessing,Investigating,-7770944.403819034,5578308.3717523245
