BgName,NumOut,EtrMin,EtrMax,Desc,Status,Cause,x,y
AUGUSTA,7,6/14/2021 4:00:00 PM,6/14/2021 4:00:00 PM,,Assessing,Investigating,-7771304.399923037,5515055.599105089
"WATERFORD,STONEHAM",114,6/14/2021 3:00:00 PM,6/14/2021 3:00:00 PM,,Assessing,Investigating,-7878318.230947171,5501111.933537449
"WELLINGTON,PARKMAN",62,6/14/2021 3:15:00 PM,6/14/2021 3:15:00 PM,,Assessing,Investigating,-7730959.912173313,5639220.138657583
WILLIMANTIC,4,6/14/2021 3:15:00 PM,6/14/2021 3:15:00 PM,,Assessing,Investigating,-7717232.538021743,5669182.65323083
CONCORD,11,6/14/2021 3:00:00 PM,6/14/2021 3:00:00 PM,,Assessing,Investigating,-7782632.115434332,5629674.022132892
HOLLIS,1,6/14/2021 3:15:00 PM,6/14/2021 3:15:00 PM,,Crew Assigned,Investigating,-7855378.723610331,5404896.018859976
YORK,5,6/14/2021 3:00:00 PM,6/14/2021 3:00:00 PM,,Crew Assigned,Investigating,-7865427.790115401,5333632.883881121
CORNISH,1,6/14/2021 3:45:00 PM,6/14/2021 3:45:00 PM,,Crew Assigned,Investigating,-7883310.9323149435,5435659.4228469785
