BgName,NumOut,EtrMin,EtrMax,Desc,Status,Cause,x,y
MONMOUTH,78,8/4/2022 4:30:00 AM,8/4/2022 4:30:00 AM,,Assessing,Investigating,-7796445.328079315,5503019.1109080715
"BELFAST,SEARSPORT,SWANVILLE,FRANKFORT,MONROE,WALDO",968,8/4/2022 3:00:00 AM,8/4/2022 3:00:00 AM,,Assessing,Vehicle Accident,-7684864.1362424055,5536394.395850438
BELFAST,3,8/4/2022 2:15:00 AM,8/4/2022 2:15:00 AM,,Assessing,Investigating,-7684813.541603339,5536709.092984855
