BgName,NumOut,EtrMin,EtrMax,Desc,Status,Cause,x,y
"RICHMOND,BOWDOINHAM",164,4/27/2024 3:00:00 AM,4/27/2024 3:00:00 AM,,Crew Assigned,Investigating,-7777389.17893642,5480779.851777318
LEBANON,32,4/27/2024 4:15:00 AM,4/27/2024 4:15:00 AM,,Assessing,Investigating,-7887220.907005204,5372230.496050252
