BgName,NumOut,EtrMin,EtrMax,Desc,Status,Cause,x,y
WEST GARDINER,55,6/8/2024 6:45:00 PM,6/8/2024 6:45:00 PM,,Repairs in Progress,Investigating,-7771341.369108842,5498178.15033122
LEWISTON,86,6/8/2024 7:45:00 PM,6/8/2024 7:45:00 PM,,Assessing,Investigating,-7809477.511987875,5475349.509534281
MEXICO,5,6/8/2024 8:00:00 PM,6/8/2024 8:00:00 PM,,Crew Assigned,Investigating,-7851341.2547945175,5550676.119967414
"MONMOUTH,WALES",101,6/8/2024 7:30:00 PM,6/8/2024 7:30:00 PM,,Repairs in Progress,Investigating,-7799525.093076661,5494015.900182117
INDUSTRY,9,6/8/2024 7:45:00 PM,6/8/2024 7:45:00 PM,,Crew Assigned,Investigating,-7804962.649445223,5582093.820235612
WEST GARDINER,4,6/8/2024 8:15:00 PM,6/8/2024 8:15:00 PM,,Assessing,Equipment Interruption,-7771761.778343387,5498875.516798079
