BgName,NumOut,EtrMin,EtrMax,Desc,Status,Cause,x,y
AUGUSTA,58,7/3/2022 8:30:00 AM,7/3/2022 8:30:00 AM,,Investigating,Investigating,-7771817.491812815,5521717.199174282
"AUGUSTA,VASSALBORO",119,7/3/2022 6:45:00 AM,7/3/2022 6:45:00 AM,,Assessing,Investigating,-7757373.555993628,5517608.120026766
THOMASTON,6,7/3/2022 7:45:00 AM,7/3/2022 7:45:00 AM,,Assessing,Investigating,-7698127.864757666,5481520.463599337
MEXICO,14,7/3/2022 8:15:00 AM,7/3/2022 8:15:00 AM,,Assessing,Investigating,-7852954.41887956,5553130.052568226
WINDHAM,44,7/3/2022 7:30:00 AM,7/3/2022 7:30:00 AM,,Assessing,Investigating,-7837073.346532495,5430338.524266067
"DOVER-FOXCROFT,SANGERVILLE",18,7/3/2022 8:30:00 AM,7/3/2022 8:30:00 AM,,Assessing,Investigating,-7706890.111309405,5646831.078196556
