BgName,NumOut,EtrMin,EtrMax,Desc,Status,Cause,x,y
SIDNEY,29,4/12/2023 4:45:00 AM,4/12/2023 4:45:00 AM,,Assessing,Investigating,-7760521.448557589,5540166.17336942
BRIDGTON,6,4/14/2023 12:00:00 AM,4/14/2023 12:00:00 AM,,Assessing,Investigating,-7874263.329416,5475270.082540741
GREENE,66,4/12/2023 5:15:00 AM,4/12/2023 5:15:00 AM,,Assessing,Investigating,-7810550.876785063,5494003.388222603
LOVELL,22,4/12/2023 5:00:00 AM,4/12/2023 5:00:00 AM,,Assessing,Investigating,-7890687.830113537,5488262.6181321535
LOVELL,5,4/13/2023 12:00:00 AM,4/13/2023 12:00:00 AM,,Assessing,Investigating,-7891146.733541092,5499520.59041726
LOVELL,30,4/12/2023 5:00:00 AM,4/12/2023 5:00:00 AM,,Assessing,Tree,-7891909.56150233,5492559.115888462
LOVELL,46,4/12/2023 3:30:00 AM,4/12/2023 3:30:00 AM,,Assessing,Investigating,-7892943.5080720885,5492469.202731399
NORWAY,2,4/13/2023 12:00:00 AM,4/13/2023 12:00:00 AM,,Assessing,Investigating,-7859554.028328976,5501785.597179465
