BgName,NumOut,EtrMin,EtrMax,Desc,Status,Cause,x,y
WATERBORO,4,4/18/2021 9:30:00 PM,4/18/2021 9:30:00 PM,,Assessing,Equipment Interruption,-7879902.017845405,5402494.992219737
BATH,2,4/18/2021 8:45:00 PM,4/18/2021 8:45:00 PM,,Assessing,Investigating,-7771605.240804673,5454123.442141677
