BgName,NumOut,EtrMin,EtrMax,Desc,Status,Cause,x,y
WATERBORO,24,3/24/2021 3:30:00 PM,3/24/2021 3:30:00 PM,,Investigating,Investigating,-7873123.053213659,5395713.499125998
SQUIRREL ISLAND,27,3/24/2021 3:45:00 PM,3/24/2021 3:45:00 PM,,Assessing,Investigating,-7751256.093592249,5435498.631996371
FAYETTE,15,3/24/2021 3:30:00 PM,3/24/2021 3:30:00 PM,,Assessing,Investigating,-7797242.164111489,5528634.654673974
"WATERFORD,HARRISON,BRIDGTON,OTISFIELD",2456,Assessing,Assessing,,Assessing,Investigating,-7862928.533978956,5488986.116936365
