BgName,NumOut,EtrMin,EtrMax,Desc,Status,Cause,x,y
PERU,21,10/7/2023 5:30:00 AM,10/7/2023 5:30:00 AM,,Assessing,Investigating,-7837087.239284977,5537390.630631693
BENTON,39,10/7/2023 5:45:00 AM,10/7/2023 5:45:00 AM,,Assessing,Investigating,-7739484.224465333,5558754.62507808
