BgName,NumOut,EtrMin,EtrMax,Desc,Status,Cause,x,y
BRIDGTON,10,7/8/2024 3:30:00 PM,7/8/2024 3:30:00 PM,,Assessing,Investigating,-7881069.7259568805,5475775.888779576
STANDISH,2,7/8/2024 3:00:00 PM,7/8/2024 3:00:00 PM,,Repairs in Progress,Investigating,-7860701.05318622,5420354.538184904
FAIRFIELD,48,7/8/2024 3:45:00 PM,7/8/2024 3:45:00 PM,,Repairs in Progress,Investigating,-7748869.1476834705,5556185.263189834
NEW VINEYARD,2,7/8/2024 3:15:00 PM,7/8/2024 3:15:00 PM,,Assessing,Investigating,-7806070.968572656,5590342.032239622
