BgName,NumOut,EtrMin,EtrMax,Desc,Status,Cause,x,y
LOVELL,13,4/27/2021 12:00:00 PM,4/27/2021 12:00:00 PM,,Assessing,Tree,-7891665.103939994,5493344.0191921685
SO PORTLAND,86,4/27/2021 5:30:00 AM,4/27/2021 5:30:00 AM,,Assessing,Investigating,-7826963.032162418,5410067.346663644
