BgName,NumOut,EtrMin,EtrMax,Desc,Status,Cause,x,y
FRYE ISLAND,117,9/13/2023 8:30:00 AM,9/13/2023 8:30:00 AM,,Assessing,Investigating,-7850200.54170309,5441776.759402466
WILTON,15,9/13/2023 7:00:00 AM,9/13/2023 7:00:00 AM,,Assessing,Investigating,-7811352.276926618,5558201.864735652
OAKLAND,5,9/13/2023 7:45:00 AM,9/13/2023 7:45:00 AM,,Assessing,Investigating,-7761840.35082604,5545913.2934730565
