BgName,NumOut,EtrMin,EtrMax,Desc,Status,Cause,x,y
BRISTOL,23,1/12/2023 12:30:00 PM,1/12/2023 12:30:00 PM,,Assessing,Investigating,-7736843.815112427,5448048.960924342
JEFFERSON,4,1/12/2023 11:15:00 AM,1/12/2023 11:15:00 AM,,Assessing,Investigating,-7731665.878079317,5497049.03610991
"INDUSTRY,ANSON",5,1/12/2023 11:45:00 AM,1/12/2023 11:45:00 AM,,Assessing,Investigating,-7795187.039365778,5589270.602975362
