BgName,NumOut,EtrMin,EtrMax,Desc,Status,Cause,x,y
"THOMASTON,WARREN",158,8/6/2023 12:30:00 PM,8/6/2023 12:30:00 PM,,Assessing,Investigating,-7703748.931259891,5477466.341067454
BRIDGTON,241,8/6/2023 1:00:00 PM,8/6/2023 1:00:00 PM,,Assessing,Investigating,-7871736.176650179,5474062.559781864
