BgName,NumOut,EtrMin,EtrMax,Desc,Status,Cause,x,y
BRIDGTON,15,9/17/2021 10:00:00 AM,9/17/2021 10:00:00 AM,,Assessing,Investigating,-7867837.367259112,5467129.974178935
PHILLIPS,3,9/17/2021 11:00:00 AM,9/17/2021 11:00:00 AM,,Assessing,Investigating,-7826748.2968732,5596540.164357539
BIDDEFORD,1,9/17/2021 11:00:00 AM,9/17/2021 11:00:00 AM,,Assessing,Investigating,-7845533.850493156,5386420.435464019
