BgName,NumOut,EtrMin,EtrMax,Desc,Status,Cause,x,y
PORTER,3,1/7/2023 8:15:00 PM,1/7/2023 8:15:00 PM,,Investigating,Investigating,-7895659.480215094,5435749.545993682
PORTER,13,1/7/2023 8:15:00 PM,1/7/2023 8:15:00 PM,,Investigating,Investigating,-7897016.549109848,5437751.0411698185
PORTER,189,1/7/2023 8:15:00 PM,1/7/2023 8:15:00 PM,,Assessing,Investigating,-7893084.026678125,5434982.728708371
