BgName,NumOut,EtrMin,EtrMax,Desc,Status,Cause,x,y
"CAMDEN,ROCKPORT",12,8/25/2023 9:45:00 PM,8/25/2023 9:45:00 PM,,Assessing,Investigating,-7689506.682222541,5496670.6407161895
TOPSHAM,33,8/25/2023 9:15:00 PM,8/25/2023 9:15:00 PM,,Assessing,Investigating,-7780606.668411869,5457532.887988397
"NO YARMOUTH,NORTH YARMOUTH",66,8/25/2023 9:45:00 PM,8/25/2023 9:45:00 PM,,Assessing,Investigating,-7818368.432686162,5441186.989757288
"ELIOT,KITTERY,SHAPLEIGH",3077,8/25/2023 10:15:00 PM,8/25/2023 10:15:00 PM,,Assessing,Investigating,-7877960.828546737,5329641.407333967
