BgName,NumOut,EtrMin,EtrMax,Desc,Status,Cause,x,y
FAYETTE,8,9/12/2023 7:00:00 AM,9/12/2023 7:00:00 AM,,Assessing,Investigating,-7799263.648097462,5537422.05966008
NAPLES,44,9/12/2023 9:00:00 AM,9/12/2023 9:00:00 AM,,Assessing,Investigating,-7855595.284543293,5459129.840155813
PEAKS IS,12,9/12/2023 8:15:00 AM,9/12/2023 8:15:00 AM,,Assessing,Investigating,-7813046.915820071,5414501.518483593
CHESTERVILLE,72,9/12/2023 8:15:00 AM,9/12/2023 8:15:00 AM,,Assessing,Investigating,-7800695.339229397,5561674.055316086
"RIPLEY,HARMONY",35,9/12/2023 7:30:00 AM,9/12/2023 7:30:00 AM,,Assessing,Investigating,-7737513.279456118,5616805.972494746
