BgName,NumOut,EtrMin,EtrMax,Desc,Status,Cause,x,y
READFIELD,65,7/21/2021 1:15:00 PM,7/21/2021 1:15:00 PM,,Assessing,Investigating,-7788216.201638307,5523367.9825161
WATERBORO,3,7/21/2021 2:45:00 PM,7/21/2021 2:45:00 PM,,Crew Assigned,Investigating,-7873030.633052273,5410394.537838718
DEXTER,28,7/21/2021 12:15:00 PM,7/21/2021 12:15:00 PM,,Assessing,Investigating,-7711436.132132744,5624103.007216209
FAIRFIELD,2,7/21/2021 12:30:00 PM,7/21/2021 12:30:00 PM,,Assessing,Investigating,-7746065.098741333,5563281.703286549
BUXTON,1,7/21/2021 12:00:00 PM,7/21/2021 12:00:00 PM,,Assessing,Equipment Interruption,-7853699.558138874,5414762.39573537
