BgName,NumOut,EtrMin,EtrMax,Desc,Status,Cause,x,y
CHINA,2,3/30/2023 1:15:00 AM,3/30/2023 1:15:00 AM,,Assessing,Investigating,-7747712.326659735,5521158.370494514
STOCKTON SPRINGS,1,3/29/2023 11:00:00 PM,3/29/2023 11:00:00 PM,,Assessing,Tree,-7666577.3273510495,5542011.5590686
