BgName,NumOut,EtrMin,EtrMax,Desc,Status,Cause,x,y
READFIELD,3,3/10/2021 1:15:00 PM,3/10/2021 1:15:00 PM,,Assessing,System Upgrade,-7793442.128594584,5528140.079467008
GREENE,42,3/10/2021 12:45:00 PM,3/10/2021 12:45:00 PM,,Assessing,Investigating,-7813586.971194604,5497035.6347431475
BALDWIN,13,3/10/2021 1:15:00 PM,3/10/2021 1:15:00 PM,,Crew Assigned,Investigating,-7868526.780034425,5437997.331652717
RANGELEY,4,3/10/2021 12:45:00 PM,3/10/2021 12:45:00 PM,,Assessing,Investigating,-7875983.727646199,5616651.191301285
SHAPLEIGH,3,3/10/2021 1:45:00 PM,3/10/2021 1:45:00 PM,,Crew Assigned,Investigating,-7881860.906958434,5391535.760324821
SABATTUS,1,3/10/2021 12:30:00 PM,3/10/2021 12:30:00 PM,,Assessing,Tree,-7805111.784196756,5484662.621201962
