BgName,NumOut,EtrMin,EtrMax,Desc,Status,Cause,x,y
FALMOUTH,6,5/20/2023 12:00:00 PM,5/20/2023 12:00:00 PM,,Assessing,Equipment Interruption,-7822604.050323168,5429503.122104519
WELLS,98,5/20/2023 9:30:00 AM,5/20/2023 9:30:00 AM,,Assessing,Investigating,-7857812.702070528,5361234.682750966
NORTHPORT,18,5/20/2023 9:30:00 AM,5/20/2023 9:30:00 AM,,Assessing,Investigating,-7678880.157071179,5524784.595882668
ALFRED,4,5/20/2023 10:30:00 AM,5/20/2023 10:30:00 AM,,Assessing,Investigating,-7871287.291938259,5383829.587332255
