BgName,NumOut,EtrMin,EtrMax,Desc,Status,Cause,x,y
SO THOMASTON,11,7/14/2023 12:15:00 PM,7/14/2023 12:15:00 PM,,Investigating,Investigating,-7694463.935907774,5465163.051267671
SO THOMASTON; SOUTH THOMASTON,39,7/14/2023 12:00:00 PM,7/14/2023 12:00:00 PM,,Investigating,Investigating,-7694462.896744464,5465160.515210886
SO THOMASTON; SOUTH THOMASTON,91,7/14/2023 12:00:00 PM,7/14/2023 12:00:00 PM,,Investigating,Investigating,-7695467.775273492,5468489.768491417
JEFFERSON,14,7/14/2023 12:15:00 PM,7/14/2023 12:15:00 PM,,Assessing,Investigating,-7736013.215883442,5495187.211115832
WEST PARIS,46,7/14/2023 11:00:00 AM,7/14/2023 11:00:00 AM,,Assessing,Investigating,-7856244.277169556,5515806.647245
