BgName,NumOut,EtrMin,EtrMax,Desc,Status,Cause,x,y
LINCOLNVILLE,5,5/22/2024 2:30:00 PM,5/22/2024 2:30:00 PM,,Assessing,System Upgrade,-7687305.79570123,5519229.516222781
WATERVILLE,49,5/22/2024 11:45:00 AM,5/22/2024 11:45:00 AM,,Crew Assigned,Investigating,-7753199.409071097,5551856.401994438
SKOWHEGAN,5,5/22/2024 11:00:00 AM,5/22/2024 11:00:00 AM,,Assessing,Investigating,-7760224.214413571,5583220.380882278
