BgName,NumOut,EtrMin,EtrMax,Desc,Status,Cause,x,y
NEWPORT,10,9/27/2022 3:30:00 AM,9/27/2022 3:30:00 AM,,Assessing,Tree,-7711505.049984055,5600588.017633297
PALMYRA,56,9/27/2022 4:00:00 AM,9/27/2022 4:00:00 AM,,Assessing,Vehicle Accident,-7720920.318973296,5597532.849547894
