BgName,NumOut,EtrMin,EtrMax,Desc,Status,Cause,x,y
NEWCASTLE,6,7/2/2024 12:15:00 PM,7/2/2024 12:15:00 PM,,Assessing,Investigating,-7740820.358824552,5475331.027587767
KITTERY,9,7/2/2024 1:15:00 PM,7/2/2024 1:15:00 PM,,Crew Assigned,Investigating,-7872306.800344958,5327536.572572082
PITTSFIELD,53,7/2/2024 12:00:00 PM,7/2/2024 12:00:00 PM,,Assessing,Investigating,-7723862.114618415,5588158.833239955
