BgName,NumOut,EtrMin,EtrMax,Desc,Status,Cause,x,y
ANDOVER,3,7/29/2022 12:15:00 PM,7/29/2022 12:15:00 PM,,Assessing,Investigating,-7873039.928257958,5557272.205089982
FALMOUTH,5,7/29/2022 12:30:00 PM,7/29/2022 12:30:00 PM,,Assessing,Investigating,-7828524.555136903,5428310.501972598
"CASTINE,PENOBSCOT,BUCKSPORT,ORLAND",4287,7/29/2022 1:30:00 PM,7/29/2022 1:30:00 PM,,Assessing,Investigating,-7659486.041986341,5554890.1655449495
TROY,26,7/29/2022 1:00:00 PM,7/29/2022 1:00:00 PM,,Assessing,Investigating,-7704592.688518867,5571615.450844573
