BgName,NumOut,EtrMin,EtrMax,Desc,Status,Cause,x,y
ELIOT,11,2/7/2023 3:15:00 PM,2/7/2023 3:15:00 PM,,Crew Assigned,Investigating,-7879469.619589531,5336930.076564515
YORK,5,2/7/2023 2:00:00 PM,2/7/2023 2:00:00 PM,,Crew Assigned,Investigating,-7861893.140289194,5335734.760886227
