BgName,NumOut,EtrMin,EtrMax,Desc,Status,Cause,x,y
GARDINER,115,7/26/2022 8:00:00 AM,7/26/2022 8:00:00 AM,,Assessing,Investigating,-7767372.417395714,5500505.288899245
ANDOVER,42,7/26/2022 6:45:00 AM,7/26/2022 6:45:00 AM,,Assessing,Investigating,-7878596.217944632,5566116.828943653
TURNER,49,7/26/2022 8:00:00 AM,7/26/2022 8:00:00 AM,,Crew Assigned,Investigating,-7819090.963035528,5495282.693573349
ELIOT,10,7/26/2022 8:15:00 AM,7/26/2022 8:15:00 AM,,Assessing,Investigating,-7879886.165999771,5328329.434214198
KITTERY,2,7/26/2022 9:30:00 AM,7/26/2022 9:30:00 AM,,Crew Assigned,Investigating,-7868238.306697855,5329564.334964519
MOSCOW,47,7/26/2022 8:15:00 AM,7/26/2022 8:15:00 AM,,Assessing,Investigating,-7779984.459268851,5632513.601038349
BATH,18,7/26/2022 6:45:00 AM,7/26/2022 6:45:00 AM,,Assessing,Investigating,-7772306.687251292,5454078.402930831
