BgName,NumOut,EtrMin,EtrMax,Desc,Status,Cause,x,y
"HALLOWELL,FARMINGDALE",185,8/25/2021 1:30:00 AM,8/25/2021 1:30:00 AM,,Assessing,Investigating,-7768758.8793951,5507020.75448009
PENOBSCOT,5,8/26/2021 12:00:00 AM,8/26/2021 12:00:00 AM,,Assessing,Investigating,-7646383.348244304,5540283.175258468
