BgName,NumOut,EtrMin,EtrMax,Desc,Status,Cause,x,y
FRYE ISLAND,5,6/29/2023 8:00:00 PM,6/29/2023 8:00:00 PM,,Investigating,Investigating,-7851615.6945209205,5440293.09093996
YARMOUTH,11,6/29/2023 7:15:00 PM,6/29/2023 7:15:00 PM,,Assessing,Investigating,-7808358.973720449,5430051.508094962
"WAYNE,READFIELD",25,6/29/2023 7:45:00 PM,6/29/2023 7:45:00 PM,,Assessing,Investigating,-7794569.627993706,5523311.591133306
"READFIELD,ROME,VIENNA,MT VERNON,MOUNT VERNON,CHESTERVILLE,FAYETTE,AUGUSTA",2890,6/29/2023 7:45:00 PM,6/29/2023 7:45:00 PM,,Assessing,Investigating,-7787212.400415292,5526036.362733818
JAY,85,6/29/2023 7:30:00 PM,6/29/2023 7:30:00 PM,,Assessing,Investigating,-7809512.399543365,5546298.904764973
PORTLAND,668,6/29/2023 7:15:00 PM,6/29/2023 7:15:00 PM,,Assessing,Investigating,-7820775.961636985,5412397.932568894
"CHESTERVILLE,FARMINGTON,VIENNA,WILTON",378,6/29/2023 7:30:00 PM,6/29/2023 7:30:00 PM,,Assessing,Investigating,-7805035.274346449,5558071.156281089
