BgName,NumOut,EtrMin,EtrMax,Desc,Status,Cause,x,y
AUBURN,1,8/25/2021 5:15:00 PM,8/25/2021 5:15:00 PM,,Investigating,Investigating,-7821569.857978272,5479037.654934934
AUBURN,68,8/25/2021 5:30:00 PM,8/25/2021 5:30:00 PM,,Assessing,Investigating,-7821515.724177233,5479030.530742567
"MOSCOW,THE FORKS PLT,CARATUNK",332,8/25/2021 5:30:00 PM,8/25/2021 5:30:00 PM,,Assessing,Investigating,-7781951.953414939,5634830.842226232
