BgName,NumOut,EtrMin,EtrMax,Desc,Status,Cause,x,y
INDUSTRY; STARKS,12,8/1/2023 9:15:00 AM,8/1/2023 9:15:00 AM,,Investigating,Investigating,-7793010.230899073,5584580.028973111
PORTLAND,18,8/1/2023 9:15:00 AM,8/1/2023 9:15:00 AM,,Assessing,Investigating,-7825837.024333054,5417945.473520529
