BgName,NumOut,EtrMin,EtrMax,Desc,Status,Cause,x,y
HARPSWELL,42,8/23/2021 11:30:00 PM,8/23/2021 11:30:00 PM,,Assessing,Vehicle Accident,-7790632.469171694,5434854.787010004
FARMINGTON,47,8/23/2021 11:15:00 PM,8/23/2021 11:15:00 PM,,Assessing,Investigating,-7806454.37518396,5567038.866244496
ALFRED,1,8/23/2021 11:00:00 PM,8/23/2021 11:00:00 PM,,Crew Assigned,Investigating,-7874952.296892817,5391048.909290866
