BgName,NumOut,EtrMin,EtrMax,Desc,Status,Cause,x,y
YARMOUTH,49,6/26/2023 1:00:00 PM,6/26/2023 1:00:00 PM,,Assessing,Investigating,-7807710.782591435,5429315.940752789
BROWNFIELD,14,6/26/2023 1:00:00 PM,6/26/2023 1:00:00 PM,,Crew Assigned,Investigating,-7888191.212230532,5457792.651793506
HOLLIS,1,Assessing,Assessing,,Assessing,Investigating,-7859843.214063058,5411472.25858014
WATERBORO,19,Assessing,Assessing,,Assessing,Investigating,-7873150.134530317,5411327.073176522
STANDISH,5,6/26/2023 2:00:00 PM,6/26/2023 2:00:00 PM,,Crew Assigned,Investigating,-7855424.932339509,5438016.201574855
ANSON,5,6/26/2023 2:00:00 PM,6/26/2023 2:00:00 PM,,Assessing,Investigating,-7781258.087854875,5598737.258581682
HOLLIS,1,6/26/2023 12:00:00 PM,6/26/2023 12:00:00 PM,,Assessing,Investigating,-7865826.068975711,5408086.726046716
NEWFIELD,2,Assessing,Assessing,,Assessing,Investigating,-7894836.919084502,5410306.578154708
WATERBORO,2,Assessing,Assessing,,Assessing,Investigating,-7870457.293782153,5408903.027720186
