BgName,NumOut,EtrMin,EtrMax,Desc,Status,Cause,x,y
GRAY,43,6/14/2023 1:30:00 AM,6/14/2023 1:30:00 AM,,Assessing,Investigating,-7825208.982060031,5448647.65084401
RAYMOND,18,6/14/2023 1:30:00 AM,6/14/2023 1:30:00 AM,,Assessing,Investigating,-7850379.487727379,5444247.164194594
WESTBROOK,139,6/14/2023 2:00:00 AM,6/14/2023 2:00:00 AM,,Assessing,Tree,-7832188.458057773,5418412.464857177
