BgName,NumOut,EtrMin,EtrMax,Desc,Status,Cause,x,y
BOOTHBAY,5,6/22/2023 11:45:00 AM,6/22/2023 11:45:00 AM,,Assessing,Investigating,-7756517.575951649,5450516.044332097
YARMOUTH,89,6/22/2023 10:30:00 AM,6/22/2023 10:30:00 AM,,Assessing,Investigating,-7807670.763291121,5428164.619870612
ST GEORGE,17,6/22/2023 11:15:00 AM,6/22/2023 11:15:00 AM,,Assessing,Investigating,-7701297.420072376,5466319.686272189
AUBURN,75,6/22/2023 2:30:00 PM,6/22/2023 2:30:00 PM,,Assessing,System Upgrade,-7823027.142260918,5472130.057803364
NEWPORT,11,6/22/2023 12:15:00 PM,6/22/2023 12:15:00 PM,,Assessing,Investigating,-7710634.676328887,5599898.292867537
