BgName,NumOut,EtrMin,EtrMax,Desc,Status,Cause,x,y
OTISFIELD,1,9/13/2022 1:15:00 PM,9/13/2022 1:15:00 PM,,Crew Assigned,Investigating,-7850175.62841347,5473195.374862517
WELLS,3,9/13/2022 1:00:00 PM,9/13/2022 1:00:00 PM,,Crew Assigned,Investigating,-7865732.081960282,5366496.390208446
