BgName,NumOut,EtrMin,EtrMax,Desc,Status,Cause,x,y
NOBLEBORO,14,6/22/2024 6:00:00 AM,6/22/2024 6:00:00 AM,,Assessing,Investigating,-7731369.612419491,5478123.607339558
BROWNFIELD,1,6/22/2024 5:30:00 AM,6/22/2024 5:30:00 AM,,Crew Assigned,Investigating,-7886780.148590407,5453602.104630574
"BUCKFIELD,PARIS",13,6/22/2024 5:45:00 AM,6/22/2024 5:45:00 AM,,Crew Assigned,Investigating,-7839495.358096138,5504256.987065927
"WATERBORO,HOLLIS",615,6/22/2024 6:00:00 AM,6/22/2024 6:00:00 AM,,Repairs in Progress,Vehicle Accident,-7871225.58746209,5402160.672433296
