BgName,NumOut,EtrMin,EtrMax,Desc,Status,Cause,x,y
NOBLEBORO,7,7/7/2024 10:00:00 AM,7/7/2024 10:00:00 AM,,Crew Assigned,Investigating,-7733854.185518754,5479750.72785187
WHITEFIELD,37,7/7/2024 9:45:00 AM,7/7/2024 9:45:00 AM,,Crew Assigned,Investigating,-7750386.053810838,5491555.4230931
LEWISTON,25,7/7/2024 9:30:00 AM,7/7/2024 9:30:00 AM,,Crew Assigned,Investigating,-7812789.867963302,5477697.521660971
RUMFORD,17,7/7/2024 9:15:00 AM,7/7/2024 9:15:00 AM,,Repairs in Progress,Investigating,-7854921.334077532,5544143.2881937735
LEWISTON,129,7/7/2024 9:45:00 AM,7/7/2024 9:45:00 AM,,Crew Assigned,Investigating,-7816503.230152222,5480157.115200165
LIVERMORE,43,7/7/2024 10:00:00 AM,7/7/2024 10:00:00 AM,,Crew Assigned,Investigating,-7820532.828757586,5525352.340276373
ELIOT,29,7/7/2024 10:15:00 AM,7/7/2024 10:15:00 AM,,Crew Assigned,Investigating,-7879576.029812336,5333401.264609624
PLYMOUTH,1,7/7/2024 9:45:00 AM,7/7/2024 9:45:00 AM,,Assessing,Investigating,-7706842.188261102,5581465.155973138
LEWISTON,100,7/7/2024 12:00:00 PM,7/7/2024 12:00:00 PM,,Repairs in Progress,Investigating,-7816053.443730869,5480578.959463525
