BgName,NumOut,EtrMin,EtrMax,Desc,Status,Cause,x,y
FREEPORT,8,Assessing,Assessing,,Crew Assigned,Investigating,-7798137.250732021,5446353.581768806
PARIS,4,6/24/2024 6:00:00 PM,6/24/2024 6:00:00 PM,,Assessing,Investigating,-7849506.742917783,5497055.868633129
HARRISON,21,6/24/2024 5:15:00 PM,6/24/2024 5:15:00 PM,,Assessing,Investigating,-7862869.5457435325,5468765.9203527775
MECHANIC FALLS,4,6/24/2024 5:45:00 PM,6/24/2024 5:45:00 PM,,Crew Assigned,Investigating,-7837339.121859381,5480698.08369625
