BgName,NumOut,EtrMin,EtrMax,Desc,Status,Cause,x,y
HARPSWELL,59,6/5/2022 10:15:00 AM,6/5/2022 10:15:00 AM,,Assessing,Investigating,-7787698.944585761,5435843.431965951
LEWISTON,14,6/5/2022 10:00:00 AM,6/5/2022 10:00:00 AM,,Assessing,Investigating,-7811695.074177056,5480617.385980543
