BgName,NumOut,EtrMin,EtrMax,Desc,Status,Cause,x,y
JEFFERSON,19,5/27/2024 11:15:00 PM,5/27/2024 11:15:00 PM,,Crew Assigned,Investigating,-7738196.213378564,5494120.871034967
WATERFORD,11,5/27/2024 11:30:00 PM,5/27/2024 11:30:00 PM,,Crew Assigned,Investigating,-7873799.461130454,5489924.916740355
