BgName,NumOut,EtrMin,EtrMax,Desc,Status,Cause,x,y
AUGUSTA,76,7/19/2021 4:30:00 PM,7/19/2021 4:30:00 PM,,Assessing,Investigating,-7772512.182997138,5515033.753790034
MANCHESTER,57,7/19/2021 4:15:00 PM,7/19/2021 4:15:00 PM,,Assessing,Investigating,-7780006.333556405,5510813.838069962
CAPE ELIZABETH,872,7/19/2021 4:15:00 PM,7/19/2021 4:15:00 PM,,Assessing,Investigating,-7817529.5401731115,5402174.366569891
WELLS,30,7/19/2021 4:30:00 PM,7/19/2021 4:30:00 PM,,Crew Assigned,Investigating,-7866885.385246028,5369308.065676338
SHAPLEIGH,2,7/19/2021 4:45:00 PM,7/19/2021 4:45:00 PM,,Crew Assigned,Investigating,-7883076.371031169,5388977.384215041
