BgName,NumOut,EtrMin,EtrMax,Desc,Status,Cause,x,y
ELIOT,59,5/18/2024 5:00:00 AM,5/18/2024 5:00:00 AM,,Repairs in Progress,Investigating,-7882138.348545325,5332978.317413125
"ROME,MERCER",87,5/18/2024 7:15:00 AM,5/18/2024 7:15:00 AM,,Assessing,Investigating,-7781161.495923335,5555412.374068763
