BgName,NumOut,EtrMin,EtrMax,Desc,Status,Cause,x,y
BOOTHBAY,44,3/14/2021 1:00:00 PM,3/14/2021 1:00:00 PM,,Assessing,Vehicle Accident,-7748798.448638177,5446487.474715644
CASCO,4,3/14/2021 12:45:00 PM,3/14/2021 12:45:00 PM,,Assessing,Investigating,-7850930.8531631585,5458420.5373717975
"GORHAM,BUXTON",246,3/14/2021 12:15:00 PM,3/14/2021 12:15:00 PM,,Assessing,Investigating,-7843706.997490281,5415348.692503711
ORLAND,7,3/14/2021 11:45:00 AM,3/14/2021 11:45:00 AM,,Assessing,Investigating,-7654216.277455318,5551313.012159771
