BgName,NumOut,EtrMin,EtrMax,Desc,Status,Cause,x,y
LOVELL,29,2/3/2022 6:15:00 PM,2/3/2022 6:15:00 PM,,Assessing,Investigating,-7890821.836529385,5499259.284409751
"KENNEBUNKPORT,BIDDEFORD",1745,2/3/2022 8:15:00 PM,2/3/2022 8:15:00 PM,,Assessing,Investigating,-7844979.434942869,5386415.387559033
SCARBOROUGH,349,2/3/2022 7:00:00 PM,2/3/2022 7:00:00 PM,,Assessing,Investigating,-7826295.916648164,5396868.910929322
"YORK,KITTERY",666,2/3/2022 8:00:00 PM,2/3/2022 8:00:00 PM,,Crew Assigned,Investigating,-7869795.688636586,5333220.116814417
ISLESBORO,5,2/3/2022 7:30:00 PM,2/3/2022 7:30:00 PM,,Assessing,Investigating,-7670251.549523987,5515074.923796615
