BgName,NumOut,EtrMin,EtrMax,Desc,Status,Cause,x,y
WALES,1,1/3/2023 2:30:00 PM,1/3/2023 2:30:00 PM,,Assessing,Investigating,-7796206.280573362,5489761.4197456
"BUXTON,GORHAM,STANDISH,PORTLAND,CUMBERLAND",3000,1/3/2023 4:15:00 PM,1/3/2023 4:15:00 PM,,Assessing,Investigating,-7860374.041106769,5417163.39458152
WELLS,72,1/3/2023 3:30:00 PM,1/3/2023 3:30:00 PM,,Crew Assigned,Investigating,-7862660.86623357,5357438.872994132
O O BEACH,27,1/3/2023 4:30:00 PM,1/3/2023 4:30:00 PM,,Assessing,Equipment Interruption,-7834686.8348097745,5389456.713196239
