BgName,NumOut,EtrMin,EtrMax,Desc,Status,Cause,x,y
CAMDEN,23,6/17/2024 9:30:00 AM,6/17/2024 9:30:00 AM,,Repairs in Progress,Investigating,-7687516.968802693,5499089.640674464
GARDINER,112,6/17/2024 9:30:00 AM,6/17/2024 9:30:00 AM,,Repairs in Progress,Investigating,-7768001.862338979,5501581.167101516
WOOLWICH,18,6/17/2024 10:00:00 AM,6/17/2024 10:00:00 AM,,Assessing,Investigating,-7762488.263643487,5461249.322306487
"CUMBERLAND,WINDHAM,GRAY,FALMOUTH",105,6/17/2024 9:00:00 AM,6/17/2024 9:00:00 AM,,Assessing,Investigating,-7827266.856383806,5436919.115488983
"CUMBERLAND,WINDHAM,FALMOUTH",362,6/17/2024 9:00:00 AM,6/17/2024 9:00:00 AM,,Repairs in Progress,Investigating,-7828180.923051893,5436356.020429622
CORINNA,4,6/17/2024 10:30:00 AM,6/17/2024 10:30:00 AM,,Assessing,Investigating,-7707981.153595974,5609722.25614557
WATERVILLE,36,6/17/2024 9:45:00 AM,6/17/2024 9:45:00 AM,,Assessing,Investigating,-7754168.6233751755,5550493.161620339
BOOTHBAY,3,6/17/2024 9:15:00 AM,6/17/2024 9:15:00 AM,,Crew Assigned,Investigating,-7754681.795054285,5448056.961949376
