BgName,NumOut,EtrMin,EtrMax,Desc,Status,Cause,x,y
WALDOBORO,4,8/27/2021 7:00:00 PM,8/27/2021 7:00:00 PM,,Assessing,Investigating,-7727351.134663556,5490157.342973775
WINTERPORT,181,8/27/2021 8:00:00 PM,8/27/2021 8:00:00 PM,,Assessing,Investigating,-7663436.904248919,5565421.415875263
CAPE ELIZABETH,1,8/27/2021 7:30:00 PM,8/27/2021 7:30:00 PM,,Assessing,Investigating,-7820164.216508092,5402896.877372605
