BgName,NumOut,EtrMin,EtrMax,Desc,Status,Cause,x,y
ANDOVER,1,11/8/2023 7:45:00 AM,11/8/2023 7:45:00 AM,,Assessing,Tree,-7873062.570605334,5562702.640637626
BIDDEFORD,25,11/8/2023 9:15:00 AM,11/8/2023 9:15:00 AM,,Assessing,Investigating,-7837574.228653836,5383689.850544231
"FREEMAN,KINGFIELD",22,11/8/2023 9:00:00 AM,11/8/2023 9:00:00 AM,,Assessing,Investigating,-7808877.811642726,5612315.360054084
