BgName,NumOut,EtrMin,EtrMax,Desc,Status,Cause,x,y
AUGUSTA,14,2/27/2022 12:00:00 PM,2/27/2022 12:00:00 PM,,Assessing,Investigating,-7768475.35980408,5513300.2097158935
STANDISH,1,2/27/2022 11:45:00 AM,2/27/2022 11:45:00 AM,,Assessing,Investigating,-7861957.093282506,5423005.625172932
