BgName,NumOut,EtrMin,EtrMax,Desc,Status,Cause,x,y
BOWDOINHAM,2,7/3/2023 5:15:00 PM,7/3/2023 5:15:00 PM,,Assessing,Investigating,-7775934.979006611,5475128.256096422
READFIELD,18,7/3/2023 4:00:00 PM,7/3/2023 4:00:00 PM,,Assessing,Investigating,-7786790.254636735,5524549.792010646
SEBAGO,79,7/3/2023 5:00:00 PM,7/3/2023 5:00:00 PM,,Assessing,Tree,-7872025.217622205,5444941.184565965
