BgName,NumOut,EtrMin,EtrMax,Desc,Status,Cause,x,y
HALLOWELL,91,5/21/2024 12:00:00 AM,5/21/2024 12:00:00 AM,,Crew Assigned,Investigating,-7768754.137186346,5511077.823020794
LOVELL,31,5/19/2024 11:30:00 PM,5/19/2024 11:30:00 PM,,Crew Assigned,Investigating,-7893020.78608232,5496977.402525896
