BgName,NumOut,EtrMin,EtrMax,Desc,Status,Cause,x,y
BOOTHBAY HBR,32,7/24/2022 10:00:00 AM,7/24/2022 10:00:00 AM,,Assessing,Investigating,-7751403.558474415,5442377.3106468115
"ROXBURY,RUMFORD",88,7/24/2022 9:30:00 AM,7/24/2022 9:30:00 AM,,Assessing,Tree,-7867718.756378066,5565667.368738706
BRIDGTON,64,7/24/2022 10:15:00 AM,7/24/2022 10:15:00 AM,,Crew Assigned,Investigating,-7883154.294664158,5477229.076659531
