BgName,NumOut,EtrMin,EtrMax,Desc,Status,Cause,x,y
SCARBOROUGH,353,10/8/2024 7:30:00 PM,10/8/2024 7:30:00 PM,,Investigating,Investigating,-7832643.179904176,5403654.079039867
SCARBOROUGH,116,10/8/2024 7:30:00 PM,10/8/2024 7:30:00 PM,,Investigating,Investigating,-7831637.981316853,5403089.06206354
HIRAM,1,10/8/2024 6:45:00 PM,10/8/2024 6:45:00 PM,,Crew Assigned,Investigating,-7882084.981903093,5437251.734392168
