BgName,NumOut,EtrMin,EtrMax,Desc,Status,Cause,x,y
AUBURN,52,7/12/2024 11:30:00 AM,7/12/2024 11:30:00 AM,,Investigating,Investigating,-7817904.0667435005,5483744.130295863
APPLETON,1,7/12/2024 1:00:00 PM,7/12/2024 1:00:00 PM,,Crew Assigned,Investigating,-7717872.469204014,5512420.308367302
AUBURN,23,7/12/2024 11:30:00 AM,7/12/2024 11:30:00 AM,,Assessing,Investigating,-7817379.92678576,5483607.770963064
ELIOT,62,7/12/2024 11:00:00 AM,7/12/2024 11:00:00 AM,,Assessing,Investigating,-7879274.264996385,5328096.025470491
ELIOT,14,7/12/2024 11:00:00 AM,7/12/2024 11:00:00 AM,,Assessing,Investigating,-7879392.297029428,5328316.748161015
PORTER,16,7/12/2024 10:00:00 AM,7/12/2024 10:00:00 AM,,Crew Assigned,Investigating,-7894505.988418322,5441039.391264844
WILLIMANTIC,135,7/12/2024 10:30:00 AM,7/12/2024 10:30:00 AM,,Repairs in Progress,Investigating,-7718569.184554327,5668619.687854042
