BgName,NumOut,EtrMin,EtrMax,Desc,Status,Cause,x,y
NEWCASTLE,34,8/10/2021 2:00:00 PM,8/10/2021 2:00:00 PM,,Assessing,Investigating,-7740357.047162129,5478246.635935693
NO YARMOUTH,1,8/10/2021 2:00:00 PM,8/10/2021 2:00:00 PM,,Assessing,Investigating,-7816950.645419152,5440146.84304315
