BgName,NumOut,EtrMin,EtrMax,Desc,Status,Cause,x,y
HARPSWELL,4,8/1/2024 2:00:00 PM,8/1/2024 2:00:00 PM,,Assessing,Investigating,-7780814.757961396,5440375.419831127
FRYEBURG,123,8/1/2024 1:45:00 PM,8/1/2024 1:45:00 PM,,Assessing,Investigating,-7900515.270615462,5477174.580525178
"STONEHAM,LOVELL",26,8/1/2024 2:00:00 PM,8/1/2024 2:00:00 PM,,Assessing,Investigating,-7893419.3209291985,5503658.416361003
STONEHAM,36,8/1/2024 2:00:00 PM,8/1/2024 2:00:00 PM,,Assessing,Investigating,-7886704.484787221,5506983.134196132
THOMASTON,12,8/1/2024 1:30:00 PM,8/1/2024 1:30:00 PM,,Repairs in Progress,Investigating,-7701519.713923157,5477697.661158506
