BgName,NumOut,EtrMin,EtrMax,Desc,Status,Cause,x,y
CAMDEN,16,9/11/2024 8:45:00 AM,9/11/2024 8:45:00 AM,,Crew Assigned,Investigating,-7687671.803034611,5498850.992088029
CUMBERLAND,12,9/11/2024 9:30:00 AM,9/11/2024 9:30:00 AM,,Assessing,Investigating,-7814822.261261894,5427930.242511048
WINDHAM,3,9/11/2024 9:00:00 AM,9/11/2024 9:00:00 AM,,Assessing,Investigating,-7843801.518903943,5441620.3842215
LYMAN,26,9/11/2024 9:15:00 AM,9/11/2024 9:15:00 AM,,Crew Assigned,Investigating,-7869133.092781949,5385464.9698395105
"SANFORD,ALFRED",137,9/11/2024 9:00:00 AM,9/11/2024 9:00:00 AM,,Crew Assigned,Investigating,-7869200.196202058,5377534.322832028
ELIOT,21,9/11/2024 9:15:00 AM,9/11/2024 9:15:00 AM,,Assessing,Investigating,-7884534.255585798,5334746.619008295
