BgName,NumOut,EtrMin,EtrMax,Desc,Status,Cause,x,y
WESTBROOK,85,8/31/2023 3:00:00 PM,8/31/2023 3:00:00 PM,,Investigating,Investigating,-7831262.106737417,5415334.387241113
WATERFORD,48,8/31/2023 1:00:00 PM,8/31/2023 1:00:00 PM,,Assessing,Investigating,-7872100.514214306,5493528.147878344
BRIDGTON,97,8/31/2023 2:30:00 PM,8/31/2023 2:30:00 PM,,Assessing,Investigating,-7880598.521658903,5478465.6863518935
KENNEBUNKPORT,3,8/31/2023 1:15:00 PM,8/31/2023 1:15:00 PM,,Assessing,Investigating,-7842583.093616225,5367438.389935037
"ST ALBANS,SAINT ALBANS",27,8/31/2023 2:00:00 PM,8/31/2023 2:00:00 PM,,Assessing,Tree,-7716921.5558873005,5607356.51973457
"HARMONY,WELLINGTON",82,8/31/2023 3:00:00 PM,8/31/2023 3:00:00 PM,,Assessing,Investigating,-7741820.720296878,5618722.445552662
