BgName,NumOut,EtrMin,EtrMax,Desc,Status,Cause,x,y
BETHEL,15,12/6/2023 2:45:00 PM,12/6/2023 2:45:00 PM,,Assessing,Investigating,-7887521.13570152,5528549.13824466
"STARKS,SKOWHEGAN",58,12/6/2023 3:00:00 PM,12/6/2023 3:00:00 PM,,Assessing,Investigating,-7788506.0665326845,5579320.464559696
NEWPORT,3,12/6/2023 2:45:00 PM,12/6/2023 2:45:00 PM,,Assessing,Investigating,-7705071.328941344,5599977.102445844
