BgName,NumOut,EtrMin,EtrMax,Desc,Status,Cause,x,y
SIDNEY,53,10/9/2022 6:30:00 PM,10/9/2022 6:30:00 PM,,Assessing,Investigating,-7766495.90997399,5531816.127758736
THOMASTON,41,10/9/2022 7:00:00 PM,10/9/2022 7:00:00 PM,,Assessing,Investigating,-7702145.040055544,5478373.292409743
SANFORD,2,10/9/2022 7:00:00 PM,10/9/2022 7:00:00 PM,,Assessing,Investigating,-7873546.854945995,5367904.724686021
