BgName,NumOut,EtrMin,EtrMax,Desc,Status,Cause,x,y
UNION,4,8/17/2022 4:30:00 PM,8/17/2022 4:30:00 PM,,Assessing,Investigating,-7708698.006589724,5497407.057004345
NOBLEBORO,48,8/17/2022 4:30:00 PM,8/17/2022 4:30:00 PM,,Assessing,Investigating,-7733384.361566025,5487560.739135404
"AUBURN,MINOT",58,8/17/2022 5:15:00 PM,8/17/2022 5:15:00 PM,,Assessing,Investigating,-7823624.493776623,5489768.308926411
YARMOUTH,48,8/17/2022 3:30:00 PM,8/17/2022 3:30:00 PM,,Assessing,Investigating,-7812411.103348565,5436548.389238147
THOMASTON,10,8/17/2022 5:15:00 PM,8/17/2022 5:15:00 PM,,Assessing,Investigating,-7702084.805124482,5477742.645949433
