BgName,NumOut,EtrMin,EtrMax,Desc,Status,Cause,x,y
"ALNA,JEFFERSON",33,8/17/2024 5:00:00 PM,8/17/2024 5:00:00 PM,,Crew Assigned,Investigating,-7747857.053176387,5481683.053873664
WARREN,10,8/17/2024 5:00:00 PM,8/17/2024 5:00:00 PM,,Crew Assigned,Investigating,-7709578.543822688,5483330.095298863
SOUTH BERWICK,38,8/17/2024 5:30:00 PM,8/17/2024 5:30:00 PM,,Crew Assigned,Investigating,-7882444.209947275,5340847.249494162
WATERVILLE,2,8/17/2024 5:30:00 PM,8/17/2024 5:30:00 PM,,Crew Assigned,Investigating,-7755272.935016357,5554491.281950503
