BgName,NumOut,EtrMin,EtrMax,Desc,Status,Cause,x,y
ROCKLAND,16,6/8/2023 8:30:00 PM,6/8/2023 8:30:00 PM,,Assessing,Investigating,-7693363.000946679,5482425.025493444
YORK,71,6/8/2023 8:00:00 PM,6/8/2023 8:00:00 PM,,Assessing,Investigating,-7871714.101938252,5334264.701730509
SANDY RIVER PLT,191,6/8/2023 8:00:00 PM,6/8/2023 8:00:00 PM,,Assessing,Investigating,-7860468.540195446,5609475.386586241
