BgName,NumOut,EtrMin,EtrMax,Desc,Status,Cause,x,y
PHIPPSBURG,327,1/13/2023 7:15:00 AM,1/13/2023 7:15:00 AM,,Assessing,Investigating,-7774244.881997654,5427966.723397656
BRISTOL,14,1/13/2023 6:15:00 AM,1/13/2023 6:15:00 AM,,Assessing,Investigating,-7737543.769889169,5442307.337503268
ARROWSIC,8,1/13/2023 7:30:00 AM,1/13/2023 7:30:00 AM,,Assessing,Investigating,-7768126.528999271,5441022.953777695
WESTPORT,143,1/13/2023 6:00:00 AM,1/13/2023 6:00:00 AM,,Assessing,Investigating,-7759793.819900827,5450630.854843485
"MINOT,HEBRON",226,1/13/2023 5:45:00 AM,1/13/2023 5:45:00 AM,,Assessing,Investigating,-7833336.284512377,5491925.086399832
"CANTON,CARTHAGE,WELD,DIXFIELD,MEXICO,PERU,WILTON",1602,1/13/2023 7:00:00 AM,1/13/2023 7:00:00 AM,,Assessing,Investigating,-7829824.933768738,5542091.880426219
KENNEBUNK,100,1/13/2023 6:45:00 AM,1/13/2023 6:45:00 AM,,Assessing,Investigating,-7848297.5238361135,5364653.195415159
KENNEBUNK,3,1/13/2023 6:45:00 AM,1/13/2023 6:45:00 AM,,Assessing,Investigating,-7848406.405425535,5365100.209438815
"STANDISH,BALDWIN,LIMINGTON",972,1/13/2023 6:00:00 AM,1/13/2023 6:00:00 AM,,Assessing,Investigating,-7867521.286717168,5426819.161503971
