BgName,NumOut,EtrMin,EtrMax,Desc,Status,Cause,x,y
KENNEBUNK; KENNEBUNKPORT,15,4/12/2022 2:15:00 PM,4/12/2022 2:15:00 PM,,Investigating,Investigating,-7845920.6291793855,5367684.750117425
HARPSWELL,4,4/12/2022 1:15:00 PM,4/12/2022 1:15:00 PM,,Assessing,Investigating,-7788073.757276448,5438888.066823491
"BERWICK,NO BERWICK",700,4/12/2022 1:00:00 PM,4/12/2022 1:00:00 PM,,Assessing,Tree,-7878631.862447499,5353035.985122928
O O BEACH,16,4/12/2022 2:00:00 PM,4/12/2022 2:00:00 PM,,Crew Assigned,Investigating,-7833886.592364229,5390952.61369086
