BgName,NumOut,EtrMin,EtrMax,Desc,Status,Cause,x,y
"NO BERWICK,SO BERWICK,SOUTH BERWICK",25,1/22/2023 10:30:00 AM,1/22/2023 10:30:00 AM,,Assessing,Investigating,-7875373.051113567,5355207.999574751
"SO BERWICK,WELLS,SOUTH BERWICK",256,1/22/2023 9:00:00 AM,1/22/2023 9:00:00 AM,,Assessing,Investigating,-7871728.239564872,5356914.744749393
YORK,235,1/22/2023 10:30:00 AM,1/22/2023 10:30:00 AM,,Assessing,Investigating,-7864474.3386573205,5343378.246811027
