BgName,NumOut,EtrMin,EtrMax,Desc,Status,Cause,x,y
WALES,18,1/24/2022 4:15:00 AM,1/24/2022 4:15:00 AM,,Investigating,Investigating,-7800330.54225097,5492254.739202794
GREENE,8,1/24/2022 4:15:00 AM,1/24/2022 4:15:00 AM,,Investigating,Investigating,-7805361.618177818,5490881.579062388
ELIOT,1,1/25/2022 12:00:00 AM,1/25/2022 12:00:00 AM,,Assessing,Investigating,-7883250.55262183,5331173.119887942
