BgName,NumOut,EtrMin,EtrMax,Desc,Status,Cause,x,y
LEWISTON,44,7/25/2022 12:45:00 PM,7/25/2022 12:45:00 PM,,Investigating,Investigating,-7811379.887335575,5471332.494392817
CASCO; POLAND,104,7/25/2022 12:30:00 PM,7/25/2022 12:30:00 PM,,Investigating,Investigating,-7848364.780627917,5468769.475122998
BRIDGTON,7,7/25/2022 12:00:00 PM,7/25/2022 12:00:00 PM,,Assessing,Investigating,-7876204.073416166,5477225.605704081
CASCO,29,7/25/2022 12:30:00 PM,7/25/2022 12:30:00 PM,,Assessing,Investigating,-7848167.101933006,5468629.287517469
NAPLES,19,7/25/2022 1:00:00 PM,7/25/2022 1:00:00 PM,,Assessing,Investigating,-7862595.08759651,5457351.336042963
STANDISH,7,7/25/2022 11:45:00 AM,7/25/2022 11:45:00 AM,,Assessing,Investigating,-7848169.829286194,5432059.3905299
ELIOT,2,7/25/2022 1:15:00 PM,7/25/2022 1:15:00 PM,,Assessing,Investigating,-7879677.341727751,5335961.249557465
PORTLAND,4,7/25/2022 11:15:00 AM,7/25/2022 11:15:00 AM,,Assessing,Investigating,-7824857.000928535,5413898.71714975
