BgName,NumOut,EtrMin,EtrMax,Desc,Status,Cause,x,y
WASHINGTON,15,4/14/2023 5:30:00 PM,4/14/2023 5:30:00 PM,,Investigating,Investigating,-7724250.6501714075,5503614.825259166
BREMEN,41,4/14/2023 5:15:00 PM,4/14/2023 5:15:00 PM,,Investigating,Investigating,-7728772.77404288,5465618.159481259
BELMONT,10,4/14/2023 5:00:00 PM,4/14/2023 5:00:00 PM,,Assessing,Investigating,-7693545.709583088,5527289.812758351
RUMFORD,7,4/14/2023 6:00:00 PM,4/14/2023 6:00:00 PM,,Assessing,Vehicle Accident,-7853484.55575065,5550564.060817746
