BgName,NumOut,EtrMin,EtrMax,Desc,Status,Cause,x,y
CHINA,40,6/20/2021 4:00:00 PM,6/20/2021 4:00:00 PM,,Assessing,Investigating,-7739800.53876897,5541081.025393607
CANTON,1,6/20/2021 3:00:00 PM,6/20/2021 3:00:00 PM,,Assessing,Investigating,-7822632.425688475,5542255.3811802855
OAKLAND,19,6/20/2021 4:00:00 PM,6/20/2021 4:00:00 PM,,Assessing,Investigating,-7762391.382287946,5547538.970073752
SMITHFIELD,9,Assessing,Assessing,,Assessing,Investigating,-7769543.74863083,5557883.437294385
OAKLAND,22,6/20/2021 5:00:00 PM,6/20/2021 5:00:00 PM,,Assessing,Investigating,-7766770.69098245,5559033.026909148
OAKLAND,20,6/20/2021 4:00:00 PM,6/20/2021 4:00:00 PM,,Assessing,Investigating,-7765463.566398731,5552380.123535983
OAKLAND,4,6/20/2021 4:00:00 PM,6/20/2021 4:00:00 PM,,Assessing,Investigating,-7760661.566414996,5550441.428380777
