BgName,NumOut,EtrMin,EtrMax,Desc,Status,Cause,x,y
ROCKLAND,24,7/24/2023 1:30:00 PM,7/24/2023 1:30:00 PM,,Assessing,Equipment Interruption,-7694774.209248749,5481837.740735527
"ROCKLAND,ROCKPORT",55,7/24/2023 1:30:00 PM,7/24/2023 1:30:00 PM,,Assessing,Investigating,-7693078.212234923,5485493.344155755
LITCHFIELD,20,7/24/2023 1:00:00 PM,7/24/2023 1:00:00 PM,,Assessing,Investigating,-7788134.693592686,5494380.136331403
CANAAN,9,7/24/2023 2:15:00 PM,7/24/2023 2:15:00 PM,,Assessing,Investigating,-7736689.604278385,5580232.82844614
"CARRABASSETT VAL,KINGFIELD,CARRABASSETT VALLEY",91,7/24/2023 12:15:00 PM,7/24/2023 12:15:00 PM,,Assessing,Investigating,-7814448.762141708,5630500.0837313915
