BgName,NumOut,EtrMin,EtrMax,Desc,Status,Cause,x,y
ROCKPORT,46,9/27/2021 11:15:00 PM,9/27/2021 11:15:00 PM,,Assessing,Investigating,-7691599.165890357,5486832.513352447
JAY,4,9/27/2021 11:00:00 PM,9/27/2021 11:00:00 PM,,Assessing,Investigating,-7809769.447300021,5546036.145816821
STRONG,3,9/27/2021 11:00:00 PM,9/27/2021 11:00:00 PM,,Assessing,Investigating,-7817191.418356669,5589429.920170842
