BgName,NumOut,EtrMin,EtrMax,Desc,Status,Cause,x,y
ROCKLAND,8,9/7/2022 12:15:00 PM,9/7/2022 12:15:00 PM,,Assessing,Investigating,-7692581.326587506,5483960.583741053
PALMYRA,3,9/7/2022 11:45:00 AM,9/7/2022 11:45:00 AM,,Assessing,Investigating,-7726231.906223502,5591381.124619481
MADRID,18,9/7/2022 12:30:00 PM,9/7/2022 12:30:00 PM,,Assessing,Investigating,-7843966.828362539,5600898.179234251
LEEDS,1,9/7/2022 12:15:00 PM,9/7/2022 12:15:00 PM,,Assessing,Investigating,-7811902.584778463,5512149.456175524
GORHAM,7,9/7/2022 11:45:00 AM,9/7/2022 11:45:00 AM,,Crew Assigned,Investigating,-7839166.731909745,5423063.513859104
