BgName,NumOut,EtrMin,EtrMax,Desc,Status,Cause,x,y
"READFIELD,MT VERNON",49,5/31/2022 6:15:00 AM,5/31/2022 6:15:00 AM,,Assessing,Investigating,-7792767.387744012,5530515.095299431
GREENWOOD,7,5/31/2022 5:00:00 AM,5/31/2022 5:00:00 AM,,Assessing,Investigating,-7872818.146380312,5524715.407996011
