BgName,NumOut,EtrMin,EtrMax,Desc,Status,Cause,x,y
YORK,69,1/3/2024 1:30:00 PM,1/3/2024 1:30:00 PM,,Crew Assigned,Investigating,-7863502.196675801,5333395.070698789
CASTINE,5,1/3/2024 1:45:00 PM,1/3/2024 1:45:00 PM,,Assessing,Investigating,-7657946.370974419,5526750.707051713
