BgName,NumOut,EtrMin,EtrMax,Desc,Status,Cause,x,y
CANTON,12,8/19/2024 12:30:00 PM,8/19/2024 12:30:00 PM,,Repairs in Progress,Investigating,-7827960.94459312,5533556.063763228
"VIENNA,NEW SHARON",69,8/19/2024 12:45:00 PM,8/19/2024 12:45:00 PM,,Repairs in Progress,Investigating,-7790679.145424245,5548528.867141715
SOLON,5,8/19/2024 12:00:00 PM,8/19/2024 12:00:00 PM,,Crew Assigned,Investigating,-7772780.9638886545,5608210.0935429055
