BgName,NumOut,EtrMin,EtrMax,Desc,Status,Cause,x,y
CUMBERLAND,5,5/13/2021 6:30:00 PM,5/13/2021 6:30:00 PM,,Assessing,Investigating,-7826722.504099024,5434997.289046501
BUXTON,80,5/13/2021 5:30:00 PM,5/13/2021 5:30:00 PM,,Assessing,Vehicle Accident,-7855688.681598275,5408923.576239092
PITTSFIELD,46,5/13/2021 6:45:00 PM,5/13/2021 6:45:00 PM,,Assessing,Investigating,-7723660.615246383,5586318.972865921
