BgName,NumOut,EtrMin,EtrMax,Desc,Status,Cause,x,y
YORK,8,8/17/2021 11:15:00 AM,8/17/2021 11:15:00 AM,,Investigating,Investigating,-7871719.378345021,5336093.057925388
NEWCASTLE,3,8/17/2021 10:45:00 AM,8/17/2021 10:45:00 AM,,Assessing,Investigating,-7742463.167395636,5465391.981882304
"LYMAN,ALFRED,SHAPLEIGH,WATERBORO,HOLLIS",2083,8/17/2021 10:30:00 AM,8/17/2021 10:30:00 AM,,Assessing,Investigating,-7869799.306486649,5400261.44844823
SEBAGO,52,8/17/2021 10:45:00 AM,8/17/2021 10:45:00 AM,,Crew Assigned,Investigating,-7873441.502106896,5448096.797153378
