BgName,NumOut,EtrMin,EtrMax,Desc,Status,Cause,x,y
DIXFIELD,23,9/16/2022 1:30:00 PM,9/16/2022 1:30:00 PM,,Assessing,Investigating,-7842716.621396259,5549333.297461083
ARUNDEL,32,9/16/2022 1:30:00 PM,9/16/2022 1:30:00 PM,,Assessing,Investigating,-7852609.762648049,5382384.510954166
ARUNDEL,22,9/16/2022 1:30:00 PM,9/16/2022 1:30:00 PM,,Assessing,Investigating,-7852484.416927568,5381784.794650653
GREENVILLE,20,9/16/2022 9:00:00 AM,9/16/2022 9:00:00 AM,,Assessing,Investigating,-7748060.289092427,5694113.936045394
GREENVILLE,7,9/16/2022 9:00:00 AM,9/16/2022 9:00:00 AM,,Assessing,Investigating,-7748060.088768167,5694118.284554605
STRONG,32,9/16/2022 11:00:00 AM,9/16/2022 11:00:00 AM,,Assessing,Investigating,-7814488.926204072,5582607.329423244
BELGRADE,51,9/16/2022 9:15:00 AM,9/16/2022 9:15:00 AM,,Assessing,Investigating,-7767787.572348263,5544021.803661697
