BgName,NumOut,EtrMin,EtrMax,Desc,Status,Cause,x,y
GARDINER,33,7/29/2024 10:45:00 AM,7/29/2024 10:45:00 AM,,Investigating,Investigating,-7768496.490859614,5498796.198538642
BRUNSWICK,10,7/29/2024 11:00:00 AM,7/29/2024 11:00:00 AM,,Crew Assigned,Investigating,-7791284.901548645,5451849.022436916
FREEPORT,29,7/29/2024 10:45:00 AM,7/29/2024 10:45:00 AM,,Crew Assigned,Investigating,-7802458.617662595,5447554.826551723
GARDINER,31,7/29/2024 10:45:00 AM,7/29/2024 10:45:00 AM,,Crew Assigned,Investigating,-7768215.1727330685,5498820.643204811
SOUTH BERWICK,5,7/29/2024 11:00:00 AM,7/29/2024 11:00:00 AM,,Crew Assigned,Investigating,-7882391.778451912,5340070.009751814
