BgName,NumOut,EtrMin,EtrMax,Desc,Status,Cause,x,y
DAMARISCOTTA,105,8/26/2023 5:00:00 AM,8/26/2023 5:00:00 AM,,Assessing,Investigating,-7733159.741110684,5469119.277205481
LISBON,84,8/26/2023 4:45:00 AM,8/26/2023 4:45:00 AM,,Assessing,Investigating,-7796171.214918491,5471537.934700565
WISCASSET,3,8/26/2023 6:00:00 AM,8/26/2023 6:00:00 AM,,Assessing,Investigating,-7758638.345784911,5464028.676308514
BELGRADE,22,8/26/2023 4:30:00 AM,8/26/2023 4:30:00 AM,,Assessing,Investigating,-7771949.518612551,5539249.665980339
HALLOWELL,8,8/26/2023 4:30:00 AM,8/26/2023 4:30:00 AM,,Assessing,Investigating,-7769408.784843234,5510518.508528304
