BgName,NumOut,EtrMin,EtrMax,Desc,Status,Cause,x,y
NORWAY,1,9/23/2021 7:00:00 PM,9/23/2021 7:00:00 PM,,Assessing,Investigating,-7856881.547873506,5497111.057871945
YORK,1,9/23/2021 7:45:00 PM,9/23/2021 7:45:00 PM,,Repairs in Progress,Investigating,-7859433.0797309335,5338109.717196441
