BgName,NumOut,EtrMin,EtrMax,Desc,Status,Cause,x,y
JEFFERSON,2,1/2/2023 1:00:00 AM,1/2/2023 1:00:00 AM,,Assessing,Tree,-7738659.090955046,5497083.929164756
GEORGETOWN,3,1/2/2023 1:00:00 AM,1/2/2023 1:00:00 AM,,Assessing,Investigating,-7763638.973225664,5445055.724874066
