BgName,NumOut,EtrMin,EtrMax,Desc,Status,Cause,x,y
BOWDOIN,2,6/13/2024 5:30:00 PM,6/13/2024 5:30:00 PM,,Crew Assigned,Investigating,-7786470.01073404,5466806.379784235
NEWPORT,16,6/13/2024 5:15:00 PM,6/13/2024 5:15:00 PM,,Repairs in Progress,Investigating,-7712000.566498772,5601692.173558812
