BgName,NumOut,EtrMin,EtrMax,Desc,Status,Cause,x,y
HALLOWELL,23,7/16/2024 11:45:00 AM,7/16/2024 11:45:00 AM,,Assessing,Investigating,-7769680.426637442,5510858.099351718
SEBAGO,7,7/16/2024 1:15:00 PM,7/16/2024 1:15:00 PM,,Crew Assigned,Investigating,-7869313.9089998575,5454408.133973939
OXFORD,30,7/16/2024 1:15:00 PM,7/16/2024 1:15:00 PM,,Crew Assigned,Investigating,-7843283.415704164,5486305.343621602
RAYMOND,11,7/16/2024 12:30:00 PM,7/16/2024 12:30:00 PM,,Repairs in Progress,Equipment Interruption,-7841328.055441566,5459357.373593277
ACTON,8,7/16/2024 12:15:00 PM,7/16/2024 12:15:00 PM,,Repairs in Progress,Investigating,-7897681.477075208,5403414.387735567
CANAAN,38,7/16/2024 11:45:00 AM,7/16/2024 11:45:00 AM,,Repairs in Progress,Investigating,-7743587.928429251,5585141.61629554
