BgName,NumOut,EtrMin,EtrMax,Desc,Status,Cause,x,y
BETHEL,1,6/20/2022 5:15:00 PM,6/20/2022 5:15:00 PM,,Assessing,Investigating,-7871269.380587077,5536546.409232685
PARIS,4,6/20/2022 4:00:00 PM,6/20/2022 4:00:00 PM,,Assessing,Investigating,-7852316.090691793,5503349.006267744
