BgName,NumOut,EtrMin,EtrMax,Desc,Status,Cause,x,y
WINTHROP,2,7/24/2021 12:15:00 AM,7/24/2021 12:15:00 AM,,Assessing,Investigating,-7780778.156086781,5517046.491136672
"GRAY,RAYMOND,NEW GLOUCESTER",339,7/24/2021 1:45:00 AM,7/24/2021 1:45:00 AM,,Assessing,Investigating,-7833605.076516337,5454395.629499171
LOVELL,9,7/24/2021 2:00:00 AM,7/24/2021 2:00:00 AM,,Assessing,Tree,-7894191.065572378,5489395.443269301
YORK,12,7/24/2021 1:00:00 AM,7/24/2021 1:00:00 AM,,Repairs Complete,Investigating,-7862487.397040416,5334989.837593022
MONROE,28,7/24/2021 1:45:00 AM,7/24/2021 1:45:00 AM,,Assessing,Investigating,-7679097.007428141,5558951.32054174
