BgName,NumOut,EtrMin,EtrMax,Desc,Status,Cause,x,y
HARPSWELL,7,1/28/2022 5:45:00 PM,1/28/2022 5:45:00 PM,,Assessing,Investigating,-7786177.897322522,5437752.906852765
PARIS,17,1/28/2022 4:15:00 PM,1/28/2022 4:15:00 PM,,Assessing,Vehicle Accident,-7849540.906863212,5500084.607026229
