BgName,NumOut,EtrMin,EtrMax,Desc,Status,Cause,x,y
YORK,235,5/29/2021 2:00:00 AM,5/29/2021 2:00:00 AM,,Assessing,Investigating,-7864474.3386573205,5343378.246811027
YORK,21,5/29/2021 1:00:00 AM,5/29/2021 1:00:00 AM,,Assessing,Investigating,-7862255.318235699,5337339.070072954
YORK,10,5/29/2021 2:00:00 AM,5/29/2021 2:00:00 AM,,Assessing,Investigating,-7865324.118258111,5333475.607364274
