BgName,NumOut,EtrMin,EtrMax,Desc,Status,Cause,x,y
LITCHFIELD,15,7/23/2022 2:30:00 PM,7/23/2022 2:30:00 PM,,Assessing,Investigating,-7788244.0538179185,5496217.170793889
CONCORD,14,7/23/2022 3:30:00 PM,7/23/2022 3:30:00 PM,,Assessing,Investigating,-7784050.826735767,5620320.3158057835
WATERVILLE,2,7/23/2022 4:00:00 PM,7/23/2022 4:00:00 PM,,Assessing,Investigating,-7756247.470277075,5546508.071317474
