BgName,NumOut,EtrMin,EtrMax,Desc,Status,Cause,x,y
HOLLIS,7,7/28/2024 2:00:00 PM,7/28/2024 2:00:00 PM,,Crew Assigned,Investigating,-7865214.134634997,5411045.385858757
RAYMOND,10,7/28/2024 2:00:00 PM,7/28/2024 2:00:00 PM,,Repairs in Progress,Investigating,-7844619.338626686,5450227.394325869
