BgName,NumOut,EtrMin,EtrMax,Desc,Status,Cause,x,y
BRUNSWICK,67,5/29/2023 9:15:00 AM,5/29/2023 9:15:00 AM,,Investigating,Investigating,-7788681.801262034,5452165.676944861
NEWCASTLE,2,5/29/2023 10:15:00 AM,5/29/2023 10:15:00 AM,,Assessing,Investigating,-7740352.817026628,5479558.568487811
BRUNSWICK,43,5/29/2023 11:00:00 AM,5/29/2023 11:00:00 AM,,Assessing,Investigating,-7788667.223742969,5452186.724299116
BRIDGTON,76,5/29/2023 11:00:00 AM,5/29/2023 11:00:00 AM,,Assessing,Investigating,-7875417.244987178,5476366.116455619
PORTLAND,7,5/29/2023 1:30:00 PM,5/29/2023 1:30:00 PM,,Assessing,Investigating,-7821679.931502024,5416567.069374456
PORTLAND,2459,5/29/2023 12:00:00 PM,5/29/2023 12:00:00 PM,,Assessing,Investigating,-7822285.331427671,5411079.846256563
WELLS,1,5/29/2023 10:15:00 AM,5/29/2023 10:15:00 AM,,Assessing,Investigating,-7869566.214647871,5359024.652409184
