BgName,NumOut,EtrMin,EtrMax,Desc,Status,Cause,x,y
SEARSPORT,20,7/14/2022 3:45:00 PM,7/14/2022 3:45:00 PM,,Crew Assigned,Investigating,-7676058.1745529855,5532740.804476755
POLAND,14,7/14/2022 3:00:00 PM,7/14/2022 3:00:00 PM,,Assessing,Investigating,-7834044.988884013,5469994.995195344
