BgName,NumOut,EtrMin,EtrMax,Desc,Status,Cause,x,y
HARPSWELL,46,5/18/2022 9:15:00 AM,5/18/2022 9:15:00 AM,,Repairs in Progress,Investigating,-7780724.177359339,5437521.386616433
"ALNA,JEFFERSON",31,5/18/2022 10:00:00 AM,5/18/2022 10:00:00 AM,,Assessing,Investigating,-7747857.053176387,5481683.053873664
HOLLIS,1,5/18/2022 9:30:00 AM,5/18/2022 9:30:00 AM,,Crew Assigned,Investigating,-7861756.250645664,5418799.830644628
ATHENS,1,5/18/2022 9:30:00 AM,5/18/2022 9:30:00 AM,,Assessing,Investigating,-7759983.252264237,5612495.717996986
