BgName,NumOut,EtrMin,EtrMax,Desc,Status,Cause,x,y
ST GEORGE,1654,5/2/2024 10:45:00 AM,5/2/2024 10:45:00 AM,,Crew Assigned,Investigating,-7703184.196357424,5467912.31596715
NEW GLOUCESTER,39,5/2/2024 11:00:00 AM,5/2/2024 11:00:00 AM,,Assessing,Investigating,-7824981.021966077,5463581.877643517
WATERFORD,4,5/2/2024 11:00:00 AM,5/2/2024 11:00:00 AM,,Crew Assigned,Investigating,-7873676.742450859,5495521.388717208
LOVELL,12,5/2/2024 9:45:00 AM,5/2/2024 9:45:00 AM,,Crew Assigned,Investigating,-7893210.630306792,5499088.879535776
SOUTH BERWICK,4,5/2/2024 10:45:00 AM,5/2/2024 10:45:00 AM,,Crew Assigned,Investigating,-7881547.998968057,5348789.946242508
PORTLAND,127,5/2/2024 11:15:00 AM,5/2/2024 11:15:00 AM,,Assessing,Investigating,-7828461.069666973,5415329.714978756
STRONG,4,5/2/2024 5:30:00 PM,5/2/2024 5:30:00 PM,,Assessing,Investigating,-7816331.831476946,5583581.493712048
