BgName,NumOut,EtrMin,EtrMax,Desc,Status,Cause,x,y
BRUNSWICK,20,3/2/2024 11:00:00 AM,3/2/2024 11:00:00 AM,,Investigating,Investigating,-7790940.401892418,5450831.165337053
BRUNSWICK,6,3/2/2024 11:00:00 AM,3/2/2024 11:00:00 AM,,Crew Assigned,Investigating,-7788104.136384877,5448631.354240072
LEWISTON,31,3/2/2024 10:30:00 AM,3/2/2024 10:30:00 AM,,Crew Assigned,Investigating,-7812978.78825346,5479324.365134877
ELIOT,5,3/2/2024 10:00:00 AM,3/2/2024 10:00:00 AM,,Crew Assigned,Investigating,-7875680.949696073,5336309.493171076
"MADISON,CORNVILLE",57,3/2/2024 10:15:00 AM,3/2/2024 10:15:00 AM,,Crew Assigned,Investigating,-7765355.842605432,5597973.058945613
BELGRADE,53,3/2/2024 10:00:00 AM,3/2/2024 10:00:00 AM,,Crew Assigned,Investigating,-7779654.975822785,5546931.789867313
