BgName,NumOut,EtrMin,EtrMax,Desc,Status,Cause,x,y
BRUNSWICK,7,3/9/2024 9:00:00 AM,3/9/2024 9:00:00 AM,,Assessing,Investigating,-7789428.070185966,5450374.105256867
FARMINGTON,3,3/9/2024 8:30:00 AM,3/9/2024 8:30:00 AM,,Assessing,Investigating,-7809117.693983252,5567275.426758069
