BgName,NumOut,EtrMin,EtrMax,Desc,Status,Cause,x,y
WINDHAM,25,8/25/2024 12:15:00 AM,8/25/2024 12:15:00 AM,,Crew Assigned,Investigating,-7844399.571704724,5443283.120113131
HIRAM,2,8/24/2024 11:00:00 PM,8/24/2024 11:00:00 PM,,Crew Assigned,Investigating,-7889382.4198489515,5442169.78524087
SWANVILLE,1,8/24/2024 11:45:00 PM,8/24/2024 11:45:00 PM,,Crew Assigned,Investigating,-7681698.454864445,5546380.575410789
