BgName,NumOut,EtrMin,EtrMax,Desc,Status,Cause,x,y
NEWRY,37,1/19/2023 5:30:00 AM,1/19/2023 5:30:00 AM,,Assessing,Investigating,-7885100.860681885,5538743.438333063
TEMPLE,3,1/19/2023 6:45:00 AM,1/19/2023 6:45:00 AM,,Assessing,Investigating,-7818404.088401582,5570868.189308887
