BgName,NumOut,EtrMin,EtrMax,Desc,Status,Cause,x,y
BRIDGTON,27,7/7/2024 4:45:00 PM,7/7/2024 4:45:00 PM,,Repairs in Progress,Investigating,-7869695.5901796,5478606.588125988
PARIS,15,7/7/2024 5:15:00 PM,7/7/2024 5:15:00 PM,,Crew Assigned,Investigating,-7847056.077777387,5510126.305776835
SEARSMONT,2,7/7/2024 5:00:00 PM,7/7/2024 5:00:00 PM,,Repairs in Progress,Investigating,-7704408.298900649,5518296.075872321
WELLS,2,7/7/2024 4:45:00 PM,7/7/2024 4:45:00 PM,,Crew Assigned,Investigating,-7857599.235801939,5361827.671325436
