BgName,NumOut,EtrMin,EtrMax,Desc,Status,Cause,x,y
POLAND,25,7/8/2024 12:15:00 AM,7/8/2024 12:15:00 AM,,Crew Assigned,Equipment Interruption,-7829712.879627751,5472091.248737957
DENMARK,5,7/8/2024 12:15:00 AM,7/8/2024 12:15:00 AM,,Crew Assigned,Investigating,-7880240.340086212,5467349.765456793
