BgName,NumOut,EtrMin,EtrMax,Desc,Status,Cause,x,y
NOBLEBORO,7,10/8/2022 9:45:00 AM,10/8/2022 9:45:00 AM,,Assessing,Investigating,-7730113.171574581,5487140.589935601
STANDISH,16,10/8/2022 9:15:00 AM,10/8/2022 9:15:00 AM,,Assessing,Investigating,-7862679.322995314,5430793.917526447
DEXTER,39,10/8/2022 9:30:00 AM,10/8/2022 9:30:00 AM,,Assessing,Investigating,-7713331.591338047,5624274.136536448
