BgName,NumOut,EtrMin,EtrMax,Desc,Status,Cause,x,y
HARPSWELL,3,9/15/2023 9:15:00 AM,9/15/2023 9:15:00 AM,,Assessing,Investigating,-7782453.848470227,5434305.081723701
FREEPORT,6,9/15/2023 11:15:00 AM,9/15/2023 11:15:00 AM,,Assessing,Investigating,-7808648.8385147145,5443080.097638983
NEWCASTLE,14,9/15/2023 10:30:00 AM,9/15/2023 10:30:00 AM,,Assessing,Investigating,-7748640.920490504,5472748.1917438125
SACO,2,9/15/2023 10:30:00 AM,9/15/2023 10:30:00 AM,,Assessing,Investigating,-7848274.870376295,5396990.674812696
