BgName,NumOut,EtrMin,EtrMax,Desc,Status,Cause,x,y
STARKS,28,9/1/2021 5:15:00 AM,9/1/2021 5:15:00 AM,,Assessing,Investigating,-7788275.9691461,5574362.535511049
DALLAS PLT,18,9/1/2021 5:15:00 AM,9/1/2021 5:15:00 AM,,Assessing,Investigating,-7863148.22301373,5618340.962767175
