BgName,NumOut,EtrMin,EtrMax,Desc,Status,Cause,x,y
BREMEN,3,5/25/2021 1:30:00 PM,5/25/2021 1:30:00 PM,,Assessing,Investigating,-7730028.780301283,5461420.819396518
BRUNSWICK,11,5/25/2021 11:30:00 AM,5/25/2021 11:30:00 AM,,Assessing,Investigating,-7781496.177989087,5450312.120534999
LYMAN,7,5/25/2021 12:15:00 PM,5/25/2021 12:15:00 PM,,Assessing,Investigating,-7867388.838745947,5384739.430458816
