BgName,NumOut,EtrMin,EtrMax,Desc,Status,Cause,x,y
DRESDEN,13,7/7/2021 11:45:00 PM,7/7/2021 11:45:00 PM,,Assessing,Investigating,-7764067.408545153,5477617.377124181
OXFORD,3,7/7/2021 11:45:00 PM,7/7/2021 11:45:00 PM,,Assessing,Investigating,-7846078.002453682,5482192.810860661
