BgName,NumOut,EtrMin,EtrMax,Desc,Status,Cause,x,y
CASTINE,25,6/1/2023 5:30:00 PM,6/1/2023 5:30:00 PM,,Assessing,Investigating,-7658602.287651938,5525556.088280645
"FARMINGTON,WILTON",24,6/1/2023 1:15:00 PM,6/1/2023 1:15:00 PM,,Assessing,Investigating,-7813969.35365941,5567822.479878647
OTISFIELD,6,6/1/2023 12:45:00 PM,6/1/2023 12:45:00 PM,,Crew Assigned,Investigating,-7858471.991723978,5487941.1160241505
