BgName,NumOut,EtrMin,EtrMax,Desc,Status,Cause,x,y
SANFORD,33,12/5/2021 5:00:00 PM,12/5/2021 5:00:00 PM,,Crew Assigned,Investigating,-7878125.536932451,5378606.784156683
GREENVILLE,24,12/5/2021 5:00:00 PM,12/5/2021 5:00:00 PM,,Assessing,Investigating,-7741318.803016712,5695980.1727393055
