BgName,NumOut,EtrMin,EtrMax,Desc,Status,Cause,x,y
OLD ORCHARD BEACH,26,6/3/2024 8:15:00 AM,6/3/2024 8:15:00 AM,,Crew Assigned,Investigating,-7834802.718437751,5389646.281465983
ALFRED,10,6/3/2024 8:30:00 AM,6/3/2024 8:30:00 AM,,Assessing,Investigating,-7876830.011833986,5384761.842916939
WELLS,1,6/3/2024 8:15:00 AM,6/3/2024 8:15:00 AM,,Assessing,Investigating,-7855443.71196269,5363702.860849607
WELD,2,6/3/2024 7:30:00 AM,6/3/2024 7:30:00 AM,,Assessing,Investigating,-7839744.446642712,5573792.960030179
