BgName,NumOut,EtrMin,EtrMax,Desc,Status,Cause,x,y
AUGUSTA,93,6/14/2024 8:00:00 AM,6/14/2024 8:00:00 AM,,Crew Assigned,Investigating,-7764187.232784515,5519805.741603513
UNION,22,6/14/2024 8:45:00 AM,6/14/2024 8:45:00 AM,,Crew Assigned,Investigating,-7716731.911987088,5500270.191757174
WOOLWICH,5,6/14/2024 11:00:00 AM,6/14/2024 11:00:00 AM,,Repairs in Progress,Vehicle Accident,-7768197.740117815,5460363.023687442
WOOLWICH,24,6/14/2024 11:00:00 AM,6/14/2024 11:00:00 AM,,Assessing,Vehicle Accident,-7768194.289154578,5460362.930771842
WOOLWICH,132,6/14/2024 11:00:00 AM,6/14/2024 11:00:00 AM,,Repairs in Progress,Vehicle Accident,-7768236.7019343125,5460271.616053019
PARIS,52,6/14/2024 7:45:00 AM,6/14/2024 7:45:00 AM,,Crew Assigned,Investigating,-7849749.341499049,5499852.146000849
BIDDEFORD,31,6/14/2024 7:30:00 AM,6/14/2024 7:30:00 AM,,Crew Assigned,Investigating,-7846394.1053206185,5385343.940430529
