BgName,NumOut,EtrMin,EtrMax,Desc,Status,Cause,x,y
BOOTHBAY HBR,4,12/3/2021 5:30:00 PM,12/3/2021 5:30:00 PM,,Assessing,Investigating,-7752753.207162489,5443844.137883714
WALDOBORO,4,12/3/2021 5:15:00 PM,12/3/2021 5:15:00 PM,,Assessing,Investigating,-7717813.213869587,5492965.916711043
"WALDOBORO,JEFFERSON",142,12/3/2021 5:30:00 PM,12/3/2021 5:30:00 PM,,Assessing,Investigating,-7727494.213535733,5488427.810479714
ARROWSIC,54,12/3/2021 6:00:00 PM,12/3/2021 6:00:00 PM,,Assessing,Investigating,-7768941.153945561,5448299.374400967
SACO,284,12/3/2021 5:15:00 PM,12/3/2021 5:15:00 PM,,Repairs in Progress,Investigating,-7842234.530010537,5387597.811500249
ELIOT,1,12/3/2021 4:30:00 PM,12/3/2021 4:30:00 PM,,Crew Assigned,Investigating,-7878576.3362877555,5336089.237438374
NO BERWICK,1,12/3/2021 5:30:00 PM,12/3/2021 5:30:00 PM,,Crew Assigned,Investigating,-7877192.6349788755,5364391.949703919
JEFFERSON,1,12/3/2021 4:30:00 PM,12/3/2021 4:30:00 PM,,Assessing,Investigating,-7732152.077063363,5494834.338129704
