BgName,NumOut,EtrMin,EtrMax,Desc,Status,Cause,x,y
AUGUSTA,14,2/27/2022 5:30:00 PM,2/27/2022 5:30:00 PM,,Assessing,Equipment Interruption,-7768475.35980408,5513300.2097158935
DAYTON,1,2/27/2022 2:45:00 PM,2/27/2022 2:45:00 PM,,Crew Assigned,Investigating,-7856648.533921922,5394743.961900731
"WATERBORO,HOLLIS",599,2/27/2022 3:15:00 PM,2/27/2022 3:15:00 PM,,Crew Assigned,Investigating,-7871200.184424215,5402180.483498114
