BgName,NumOut,EtrMin,EtrMax,Desc,Status,Cause,x,y
MONROE,16,4/24/2021 3:45:00 PM,4/24/2021 3:45:00 PM,,Assessing,Investigating,-7679326.826503168,5559018.846262613
READFIELD,1,4/24/2021 4:00:00 PM,4/24/2021 4:00:00 PM,,Assessing,Investigating,-7789753.011747537,5528738.185283
