BgName,NumOut,EtrMin,EtrMax,Desc,Status,Cause,x,y
LINCOLNVILLE,18,1/13/2023 12:00:00 PM,1/13/2023 12:00:00 PM,,Assessing,Investigating,-7696524.207315006,5508069.663357482
BROWNFIELD,13,1/13/2023 11:45:00 AM,1/13/2023 11:45:00 AM,,Assessing,Investigating,-7897681.566174957,5454186.998258722
"WATERFORD,ALBANY",39,1/13/2023 2:00:00 PM,1/13/2023 2:00:00 PM,,Assessing,Equipment Interruption,-7878124.011825148,5502178.187866436
ISLESBORO,91,1/13/2023 12:30:00 PM,1/13/2023 12:30:00 PM,,Assessing,Investigating,-7671366.057980171,5505724.029400912
PORTLAND,11,1/13/2023 10:30:00 AM,1/13/2023 10:30:00 AM,,Assessing,Equipment Interruption,-7824220.2089605145,5417819.830887076
