BgName,NumOut,EtrMin,EtrMax,Desc,Status,Cause,x,y
BIDDEFORD,81,11/6/2023 12:30:00 PM,11/6/2023 12:30:00 PM,,Investigating,Investigating,-7843157.165971669,5387658.88777143
BIDDEFORD,107,11/6/2023 1:45:00 PM,11/6/2023 1:45:00 PM,,Repairs in Progress,Investigating,-7842705.444884516,5387847.250762308
SACO,28,11/6/2023 2:45:00 PM,11/6/2023 2:45:00 PM,,Crew Assigned,Investigating,-7835776.173989767,5383512.628873923
