BgName,NumOut,EtrMin,EtrMax,Desc,Status,Cause,x,y
BUXTON,14,9/4/2021 6:30:00 AM,9/4/2021 6:30:00 AM,,Assessing,Investigating,-7847386.128959014,5410052.902523063
"BROOKS,SWANVILLE,WALDO",312,9/4/2021 7:30:00 AM,9/4/2021 7:30:00 AM,,Assessing,Tree,-7694693.925573768,5550643.89540329
