BgName,NumOut,EtrMin,EtrMax,Desc,Status,Cause,x,y
BRISTOL,2,7/31/2023 9:45:00 AM,7/31/2023 9:45:00 AM,,Assessing,Investigating,-7738358.216635975,5458416.826123253
GORHAM,47,7/31/2023 9:00:00 AM,7/31/2023 9:00:00 AM,,Assessing,Investigating,-7843100.718180191,5419423.570003798
BOOTHBAY HBR,20,7/31/2023 10:15:00 AM,7/31/2023 10:15:00 AM,,Assessing,Investigating,-7751511.783328637,5443086.087358674
