BgName,NumOut,EtrMin,EtrMax,Desc,Status,Cause,x,y
BIDDEFORD,126,4/7/2021 7:45:00 PM,4/7/2021 7:45:00 PM,,Assessing,Investigating,-7844048.514507541,5387966.808993409
ISLESBORO,3,4/7/2021 6:00:00 PM,4/7/2021 6:00:00 PM,,Assessing,Investigating,-7671650.479280627,5506619.312795499
LEBANON,4,4/7/2021 7:00:00 PM,4/7/2021 7:00:00 PM,,Repairs in Progress,Investigating,-7899459.483195583,5377868.322210182
