BgName,NumOut,EtrMin,EtrMax,Desc,Status,Cause,x,y
"JEFFERSON,SOMERVILLE PLT",54,7/7/2023 8:30:00 AM,7/7/2023 8:30:00 AM,,Assessing,Investigating,-7740440.904137301,5506510.452080248
WATERVILLE,4,7/7/2023 8:30:00 AM,7/7/2023 8:30:00 AM,,Assessing,Investigating,-7752219.619428266,5553524.391989099
WINDSOR,2,7/7/2023 8:00:00 AM,7/7/2023 8:00:00 AM,,Assessing,Investigating,-7742187.106154005,5510402.214506194
WINDSOR,1,7/7/2023 8:00:00 AM,7/7/2023 8:00:00 AM,,Assessing,Investigating,-7741551.850405732,5510051.117400987
