BgName,NumOut,EtrMin,EtrMax,Desc,Status,Cause,x,y
FAYETTE,32,8/30/2021 11:15:00 AM,8/30/2021 11:15:00 AM,,Investigating,Investigating,-7801997.921528167,5527130.06854655
WARREN,1,8/30/2021 2:15:00 PM,8/30/2021 2:15:00 PM,,Assessing,Investigating,-7707755.186232816,5485099.700482722
WALES,1,8/30/2021 11:30:00 AM,8/30/2021 11:30:00 AM,,Assessing,Investigating,-7792335.757547965,5492825.849455557
LIMINGTON,24,8/30/2021 12:30:00 PM,8/30/2021 12:30:00 PM,,Assessing,Investigating,-7865659.768808049,5417798.47753725
YORK,3,8/30/2021 12:00:00 PM,8/30/2021 12:00:00 PM,,Assessing,Investigating,-7866853.726004531,5337439.970616497
CHESTERVILLE,4,8/30/2021 11:30:00 AM,8/30/2021 11:30:00 AM,,Assessing,Investigating,-7797292.525088972,5558503.403069412
"STRONG,PHILLIPS,FREEMAN,AVON",86,8/30/2021 12:00:00 PM,8/30/2021 12:00:00 PM,,Assessing,Investigating,-7817085.074808504,5594297.081946472
KENNEBUNKPORT,1,8/30/2021 10:45:00 AM,8/30/2021 10:45:00 AM,,Assessing,Investigating,-7844117.532671141,5366919.730120174
