BgName,NumOut,EtrMin,EtrMax,Desc,Status,Cause,x,y
THOMASTON,10,8/22/2024 11:00:00 AM,8/22/2024 11:00:00 AM,,Crew Assigned,Investigating,-7701193.536678271,5477606.669638566
SABATTUS,56,8/22/2024 11:00:00 AM,8/22/2024 11:00:00 AM,,Assessing,Investigating,-7798855.58428321,5476205.231590441
YORK,5,8/22/2024 9:00:00 AM,8/22/2024 9:00:00 AM,,Repairs in Progress,Investigating,-7865442.918451085,5332866.756148908
HOLLIS,17,8/22/2024 10:30:00 AM,8/22/2024 10:30:00 AM,,Crew Assigned,Investigating,-7854114.412554978,5403224.660335936
BUXTON,156,8/22/2024 1:00:00 PM,8/22/2024 1:00:00 PM,,Repairs in Progress,Vehicle Accident,-7852049.302430955,5404402.853393921
BUXTON,18,8/22/2024 1:00:00 PM,8/22/2024 1:00:00 PM,,Repairs in Progress,Vehicle Accident,-7852517.54561406,5403882.382352647
 ,2,8/22/2024 10:45:00 AM,8/22/2024 10:45:00 AM,,Crew Assigned,Investigating,-7887779.886664859,5436032.427308215
CUSHING,1,8/22/2024 10:30:00 AM,8/22/2024 10:30:00 AM,,Crew Assigned,Investigating,-7707763.53517919,5468733.132107053
WATERBORO,1,8/22/2024 10:45:00 AM,8/22/2024 10:45:00 AM,,Crew Assigned,Investigating,-7874029.792278727,5409581.549975098
