BgName,NumOut,EtrMin,EtrMax,Desc,Status,Cause,x,y
DURHAM,4,9/28/2024 9:15:00 AM,9/28/2024 9:15:00 AM,,Crew Assigned,Investigating,-7798593.794217695,5459436.322688877
FRYEBURG,25,9/28/2024 9:30:00 AM,9/28/2024 9:30:00 AM,,Crew Assigned,Investigating,-7889387.206607571,5475891.1395055745
TROY,1,9/28/2024 9:15:00 AM,9/28/2024 9:15:00 AM,,Assessing,Investigating,-7704466.452201388,5575813.289902966
