BgName,NumOut,EtrMin,EtrMax,Desc,Status,Cause,x,y
BRISTOL,14,9/17/2024 6:45:00 PM,9/17/2024 6:45:00 PM,,Crew Assigned,Investigating,-7740030.14630719,5446883.805978817
FALMOUTH,17,9/17/2024 5:15:00 PM,9/17/2024 5:15:00 PM,,Repairs in Progress,Investigating,-7827481.881097026,5427648.972732251
