BgName,NumOut,EtrMin,EtrMax,Desc,Status,Cause,x,y
WHITEFIELD,5,8/8/2023 6:45:00 PM,8/8/2023 6:45:00 PM,,Assessing,Investigating,-7746191.190296754,5504730.624958485
WHITEFIELD,1,8/8/2023 6:45:00 PM,8/8/2023 6:45:00 PM,,Assessing,Investigating,-7746267.499822801,5505243.408005399
"SWEDEN,LOVELL,STOW,FRYEBURG,STONEHAM",2017,8/8/2023 7:15:00 PM,8/8/2023 7:15:00 PM,,Assessing,Investigating,-7891297.827485875,5484304.927667209
READFIELD,2,8/8/2023 6:45:00 PM,8/8/2023 6:45:00 PM,,Assessing,Investigating,-7793684.40431442,5528618.028152683
