BgName,NumOut,EtrMin,EtrMax,Desc,Status,Cause,x,y
MANCHESTER,5,7/18/2022 12:45:00 AM,7/18/2022 12:45:00 AM,,Assessing,Investigating,-7776326.6789019825,5523635.009767448
PHILLIPS,22,7/17/2022 11:45:00 PM,7/17/2022 11:45:00 PM,,Assessing,Vehicle Accident,-7834045.155870944,5594906.7503575
