BgName,NumOut,EtrMin,EtrMax,Desc,Status,Cause,x,y
"WHITEFIELD,PITTSTON",248,8/18/2022 2:30:00 PM,8/18/2022 2:30:00 PM,,Assessing,Investigating,-7756760.79793079,5493762.854316432
HIRAM,1,8/18/2022 2:00:00 PM,8/18/2022 2:00:00 PM,,Assessing,Investigating,-7881882.814583312,5446320.240080881
RAYMOND,19,8/18/2022 2:00:00 PM,8/18/2022 2:00:00 PM,,Assessing,Investigating,-7844115.462053151,5447106.464995097
POLAND,1,8/18/2022 1:30:00 PM,8/18/2022 1:30:00 PM,,Assessing,Investigating,-7838455.812158069,5475106.67642359
LEBANON,1,8/18/2022 12:15:00 PM,8/18/2022 12:15:00 PM,,Crew Assigned,Investigating,-7899268.7928238725,5373406.562369217
HERMON,8,8/18/2022 2:00:00 PM,8/18/2022 2:00:00 PM,,Assessing,Investigating,-7672954.976823453,5595112.5355234165
