BgName,NumOut,EtrMin,EtrMax,Desc,Status,Cause,x,y
"CUMBERLAND,YARMOUTH",254,6/14/2024 4:00:00 PM,6/14/2024 4:00:00 PM,,Repairs in Progress,Investigating,-7814866.622122444,5430851.932204569
"CHESTERVILLE,NEW SHARON",17,6/14/2024 5:00:00 PM,6/14/2024 5:00:00 PM,,Assessing,Investigating,-7800554.3308751,5561833.044717763
TEMPLE,24,6/14/2024 4:30:00 PM,6/14/2024 4:30:00 PM,,Crew Assigned,Investigating,-7817577.429783987,5572083.46197576
SANDY RIVER PLT,9,6/14/2024 4:15:00 PM,6/14/2024 4:15:00 PM,,Crew Assigned,Investigating,-7858809.924328605,5603799.986738392
