BgName,NumOut,EtrMin,EtrMax,Desc,Status,Cause,x,y
LEBANON,591,6/18/2022 11:30:00 AM,6/18/2022 11:30:00 AM,,Assessing,Investigating,-7898223.313643731,5370338.528188797
SKOWHEGAN,25,6/18/2022 12:00:00 PM,6/18/2022 12:00:00 PM,,Assessing,Investigating,-7760649.432631622,5584283.114262979
LEWISTON,29,6/18/2022 11:45:00 AM,6/18/2022 11:45:00 AM,,Assessing,Investigating,-7814522.767388189,5480765.1412114315
SO BERWICK,1,6/18/2022 11:00:00 AM,6/18/2022 11:00:00 AM,,Crew Assigned,Equipment Interruption,-7881838.153186325,5342763.067515702
