BgName,NumOut,EtrMin,EtrMax,Desc,Status,Cause,x,y
MONMOUTH,6,9/6/2023 7:15:00 PM,9/6/2023 7:15:00 PM,,Assessing,Investigating,-7790081.72713379,5493879.340614638
MONMOUTH,1,9/6/2023 7:15:00 PM,9/6/2023 7:15:00 PM,,Assessing,Investigating,-7790079.445079101,5493880.6290254025
