BgName,NumOut,EtrMin,EtrMax,Desc,Status,Cause,x,y
AUGUSTA,34,7/25/2021 8:15:00 AM,7/25/2021 8:15:00 AM,,Assessing,Investigating,-7766642.651346214,5514196.827293184
TOPSHAM,40,7/25/2021 9:15:00 AM,7/25/2021 9:15:00 AM,,Crew Assigned,Investigating,-7784848.631252133,5455200.290704615
SANFORD,57,7/25/2021 8:45:00 AM,7/25/2021 8:45:00 AM,,Assessing,Investigating,-7873891.622502128,5368377.591075979
