BgName,NumOut,EtrMin,EtrMax,Desc,Status,Cause,x,y
CARTHAGE,22,9/2/2024 7:15:00 AM,9/2/2024 7:15:00 AM,,Crew Assigned,Investigating,-7832990.503922188,5556834.718020652
SOUTH PORTLAND,8,9/2/2024 8:15:00 AM,9/2/2024 8:15:00 AM,,Assessing,Investigating,-7825460.408223498,5408236.274462441
