BgName,NumOut,EtrMin,EtrMax,Desc,Status,Cause,x,y
WYMAN,7,3/6/2022 10:30:00 PM,3/6/2022 10:30:00 PM,,Assessing,Investigating,-7834383.912197704,5639056.8643335225
AUBURN,17,3/6/2022 10:45:00 PM,3/6/2022 10:45:00 PM,,Assessing,Equipment Interruption,-7819534.515578259,5481789.7593564205
