BgName,NumOut,EtrMin,EtrMax,Desc,Status,Cause,x,y
AUBURN,1,6/9/2024 11:15:00 PM,6/9/2024 11:15:00 PM,,Crew Assigned,Investigating,-7817943.459442354,5466806.782190744
"NORTH YARMOUTH,GRAY",132,6/10/2024 1:00:00 AM,6/10/2024 1:00:00 AM,,Assessing,Tree,-7819556.734852018,5446114.339953185
BUXTON,1,6/9/2024 11:00:00 PM,6/9/2024 11:00:00 PM,,Assessing,Investigating,-7854801.20930173,5408516.645863556
