BgName,NumOut,EtrMin,EtrMax,Desc,Status,Cause,x,y
ELIOT,13,6/28/2024 9:30:00 AM,6/28/2024 9:30:00 AM,,Investigating,Investigating,-7878304.344601858,5326870.329459862
FRYEBURG,780,6/28/2024 11:30:00 AM,6/28/2024 11:30:00 AM,,Repairs in Progress,Vehicle Accident,-7897919.990283037,5475061.735629907
HARRISON,42,6/28/2024 10:15:00 AM,6/28/2024 10:15:00 AM,,Assessing,Investigating,-7863657.231332083,5473294.113322585
BOWER BANK,34,6/28/2024 9:30:00 AM,6/28/2024 9:30:00 AM,,Assessing,Investigating,-7709662.512122489,5663532.3814383615
