BgName,NumOut,EtrMin,EtrMax,Desc,Status,Cause,x,y
WISCASSET,4,4/23/2023 11:15:00 AM,4/23/2023 11:15:00 AM,,Investigating,Investigating,-7755713.943811447,5471749.873247478
WATERVILLE,31,4/23/2023 12:00:00 PM,4/23/2023 12:00:00 PM,,Assessing,Fire/Emergency,-7751327.63858455,5550442.100122388
