BgName,NumOut,EtrMin,EtrMax,Desc,Status,Cause,x,y
LEBANON,1,7/16/2021 9:45:00 PM,7/16/2021 9:45:00 PM,,Crew Assigned,Investigating,-7887972.936978445,5377738.761709486
PARSONSFIELD,2,7/16/2021 10:45:00 PM,7/16/2021 10:45:00 PM,,Crew Assigned,Investigating,-7901109.805778359,5426495.194114552
