BgName,NumOut,EtrMin,EtrMax,Desc,Status,Cause,x,y
LEWISTON,9,4/26/2023 10:45:00 AM,4/26/2023 10:45:00 AM,,Assessing,Investigating,-7812863.8174473625,5485426.23640749
WINDHAM,5,4/26/2023 11:30:00 AM,4/26/2023 11:30:00 AM,,Assessing,Equipment Interruption,-7838263.596879277,5439630.86450997
