BgName,NumOut,EtrMin,EtrMax,Desc,Status,Cause,x,y
LITCHFIELD,13,1/18/2023 10:15:00 AM,1/18/2023 10:15:00 AM,,Assessing,Investigating,-7778069.57481761,5490916.481684705
SCARBOROUGH,60,1/18/2023 1:00:00 PM,1/18/2023 1:00:00 PM,,Assessing,Investigating,-7832225.037707509,5400591.658054394
NEW SHARON,16,1/18/2023 1:15:00 PM,1/18/2023 1:15:00 PM,,Assessing,Investigating,-7796524.643169993,5561355.521874431
WILTON,8,1/18/2023 1:00:00 PM,1/18/2023 1:00:00 PM,,Assessing,Investigating,-7820320.787384128,5560549.839099383
