BgName,NumOut,EtrMin,EtrMax,Desc,Status,Cause,x,y
GORHAM,19,6/5/2024 5:00:00 PM,6/5/2024 5:00:00 PM,,Investigating,Investigating,-7844688.355789168,5431917.850354884
WEST GARDINER,6,6/5/2024 4:30:00 PM,6/5/2024 4:30:00 PM,,Assessing,Investigating,-7778503.7764923535,5493750.327206998
"BRIDGTON,SWEDEN,HARRISON",1364,6/5/2024 4:15:00 PM,6/5/2024 4:15:00 PM,,Assessing,Investigating,-7868462.749053814,5473613.723567122
BRIDGTON,4,6/5/2024 4:30:00 PM,6/5/2024 4:30:00 PM,,Assessing,Investigating,-7875020.235147498,5469451.576680345
HARRISON,170,6/5/2024 4:30:00 PM,6/5/2024 4:30:00 PM,,Assessing,Investigating,-7867918.007132846,5481711.516819783
HARRISON,640,6/5/2024 4:30:00 PM,6/5/2024 4:30:00 PM,,Assessing,Investigating,-7867203.747842659,5478233.2620551735
OTISFIELD,50,6/5/2024 4:15:00 PM,6/5/2024 4:15:00 PM,,Assessing,Investigating,-7859007.661088511,5482257.0575792845
OTISFIELD,13,6/5/2024 4:45:00 PM,6/5/2024 4:45:00 PM,,Assessing,Investigating,-7849524.041983527,5480415.365582457
"NAPLES,HARRISON",781,6/5/2024 5:00:00 PM,6/5/2024 5:00:00 PM,,Assessing,Investigating,-7858479.795259782,5460918.17029468
STANDISH,8,6/5/2024 4:45:00 PM,6/5/2024 4:45:00 PM,,Crew Assigned,Investigating,-7848063.619387643,5432423.552389049
