BgName,NumOut,EtrMin,EtrMax,Desc,Status,Cause,x,y
LIMINGTON,32,1/29/2024 8:30:00 PM,1/29/2024 8:30:00 PM,,Crew Assigned,Investigating,-7865151.138913323,5418171.175880806
STANDISH,32,1/29/2024 9:45:00 PM,1/29/2024 9:45:00 PM,,Assessing,Investigating,-7860134.61507707,5424140.696095742
