BgName,NumOut,EtrMin,EtrMax,Desc,Status,Cause,x,y
WEST GARDINER,53,6/25/2021 12:30:00 PM,6/25/2021 12:30:00 PM,,Assessing,Investigating,-7782343.831409684,5500106.230129851
KITTERY,62,6/25/2021 2:00:00 PM,6/25/2021 2:00:00 PM,,Crew Assigned,Investigating,-7867665.801697011,5326944.131693319
"STARKS,INDUSTRY,NEW SHARON,SKOWHEGAN",388,6/25/2021 2:15:00 PM,6/25/2021 2:15:00 PM,,Assessing,Tree,-7782065.911186982,5585358.673235172
