BgName,NumOut,EtrMin,EtrMax,Desc,Status,Cause,x,y
CAMDEN,18,1/10/2022 6:45:00 AM,1/10/2022 6:45:00 AM,,Assessing,Investigating,-7691699.921082537,5503498.60523159
BROWNFIELD,110,1/10/2022 6:45:00 AM,1/10/2022 6:45:00 AM,,Assessing,Investigating,-7891219.458554393,5457351.382346487
