BgName,NumOut,EtrMin,EtrMax,Desc,Status,Cause,x,y
HALLOWELL,9,6/26/2021 11:45:00 AM,6/26/2021 11:45:00 AM,,Assessing,Investigating,-7770655.796932954,5509937.224120278
ROCKLAND,1,6/26/2021 11:45:00 AM,6/26/2021 11:45:00 AM,,Assessing,Investigating,-7695081.751632502,5482547.398645426
WINDHAM,66,6/26/2021 12:15:00 PM,6/26/2021 12:15:00 PM,,Assessing,Investigating,-7839310.033431168,5440427.892584535
ELIOT,3,6/26/2021 12:00:00 PM,6/26/2021 12:00:00 PM,,Crew Assigned,Investigating,-7882522.834865325,5337504.165211221
