BgName,NumOut,EtrMin,EtrMax,Desc,Status,Cause,x,y
AUBURN,17,4/28/2024 10:15:00 AM,4/28/2024 10:15:00 AM,,Assessing,Investigating,-7822801.341784579,5492968.710757877
BIDDEFORD,26,4/28/2024 10:15:00 AM,4/28/2024 10:15:00 AM,,Crew Assigned,Investigating,-7834516.916691932,5380187.12050782
ALFRED,2,4/28/2024 10:15:00 AM,4/28/2024 10:15:00 AM,,Crew Assigned,Investigating,-7872665.371553837,5385641.83009521
YORK,10,4/28/2024 10:00:00 AM,4/28/2024 10:00:00 AM,,Crew Assigned,Investigating,-7860655.7128291605,5341357.205045047
