BgName,NumOut,EtrMin,EtrMax,Desc,Status,Cause,x,y
POLAND,8,5/2/2021 12:15:00 PM,5/2/2021 12:15:00 PM,,Assessing,Investigating,-7844245.839506493,5471217.746419538
SCARBOROUGH,1,5/2/2021 10:45:00 AM,5/2/2021 10:45:00 AM,,Assessing,Investigating,-7825260.923707029,5403172.045214381
CAMDEN,3,5/2/2021 12:00:00 PM,5/2/2021 12:00:00 PM,,Assessing,Investigating,-7687658.7118794825,5496473.980086518
