BgName,NumOut,EtrMin,EtrMax,Desc,Status,Cause,x,y
NORTHPORT,133,6/29/2023 12:30:00 PM,6/29/2023 12:30:00 PM,,Assessing,Investigating,-7679510.281074628,5524899.0484715905
NEW SHARON,5,6/29/2023 12:00:00 PM,6/29/2023 12:00:00 PM,,Assessing,Investigating,-7794742.919087487,5568647.808886619
