BgName,NumOut,EtrMin,EtrMax,Desc,Status,Cause,x,y
BRUNSWICK,52,5/25/2024 8:00:00 AM,5/25/2024 8:00:00 AM,,Assessing,Investigating,-7789681.054894169,5451984.679691368
ST GEORGE,1,5/25/2024 7:15:00 AM,5/25/2024 7:15:00 AM,,Assessing,Investigating,-7709138.342031017,5458852.656852795
"TOPSHAM,BOWDOIN",147,5/25/2024 8:00:00 AM,5/25/2024 8:00:00 AM,,Crew Assigned,Investigating,-7790019.844558246,5464464.974463375
GREENWOOD,77,5/25/2024 8:15:00 AM,5/25/2024 8:15:00 AM,,Assessing,Investigating,-7864074.9799882015,5509552.525884642
NORTH BERWICK,41,5/25/2024 8:15:00 AM,5/25/2024 8:15:00 AM,,Assessing,Investigating,-7876207.836028293,5358804.2718597185
WATERVILLE,14,5/25/2024 7:45:00 AM,5/25/2024 7:45:00 AM,,Assessing,Investigating,-7751877.890874199,5550935.373442103
WATERVILLE,40,5/25/2024 7:45:00 AM,5/25/2024 7:45:00 AM,,Assessing,Investigating,-7751940.964483066,5550959.382445927
WATERVILLE,23,5/25/2024 7:30:00 AM,5/25/2024 7:30:00 AM,,Assessing,Investigating,-7753830.557221048,5550414.390470963
OLD ORCHARD BEACH,31,5/25/2024 8:00:00 AM,5/25/2024 8:00:00 AM,,Crew Assigned,Investigating,-7835024.867526469,5390771.661017893
