BgName,NumOut,EtrMin,EtrMax,Desc,Status,Cause,x,y
"DAMARISCOTTA,NOBLEBORO,BREMEN",740,9/23/2022 12:00:00 PM,9/23/2022 12:00:00 PM,,Assessing,Vehicle Accident,-7737862.522121988,5471164.24590077
"WALDOBORO,WARREN,UNION",178,9/23/2022 12:30:00 PM,9/23/2022 12:30:00 PM,,Assessing,Investigating,-7722326.028119241,5486791.423856684
DRESDEN,32,9/23/2022 12:00:00 PM,9/23/2022 12:00:00 PM,,Assessing,Investigating,-7765793.361593791,5472856.884097908
BRIDGTON,19,9/23/2022 12:45:00 PM,9/23/2022 12:45:00 PM,,Crew Assigned,Investigating,-7873370.213101162,5478713.645119015
"ALBANY,BETHEL,ALBANY TWP",319,9/23/2022 1:15:00 PM,9/23/2022 1:15:00 PM,,Assessing,Investigating,-7873051.95071671,5505258.515521149
KENNEBUNKPORT,6,9/23/2022 12:15:00 PM,9/23/2022 12:15:00 PM,,Assessing,Investigating,-7844709.819116668,5371697.96535479
HARTLAND,9,9/23/2022 12:45:00 PM,9/23/2022 12:45:00 PM,,Assessing,Investigating,-7739734.748919362,5604687.291630353
MORRILL,31,9/23/2022 12:30:00 PM,9/23/2022 12:30:00 PM,,Assessing,Investigating,-7694997.338034213,5531697.940697793
BALDWIN,1,9/23/2022 12:30:00 PM,9/23/2022 12:30:00 PM,,Crew Assigned,Investigating,-7870494.240743085,5440775.053218625
