BgName,NumOut,EtrMin,EtrMax,Desc,Status,Cause,x,y
CAMDEN,10,7/1/2023 11:00:00 AM,7/1/2023 11:00:00 AM,,Assessing,Investigating,-7691233.670530116,5497931.465512499
PORTLAND,102,7/1/2023 11:30:00 AM,7/1/2023 11:30:00 AM,,Assessing,Investigating,-7823892.573383077,5412018.128104989
TURNER,2,7/1/2023 10:30:00 AM,7/1/2023 10:30:00 AM,,Repairs in Progress,Investigating,-7817563.058495791,5513458.854631859
