BgName,NumOut,EtrMin,EtrMax,Desc,Status,Cause,x,y
BRUNSWICK,61,6/29/2023 3:00:00 AM,6/29/2023 3:00:00 AM,,Assessing,Investigating,-7778587.967441399,5451927.1498371465
ISLESBORO,1007,6/29/2023 1:45:00 AM,6/29/2023 1:45:00 AM,,Assessing,Investigating,-7673020.1098377565,5511763.607135136
