BgName,NumOut,EtrMin,EtrMax,Desc,Status,Cause,x,y
"CHELSEA,WHITEFIELD,AUGUSTA",250,8/25/2023 2:45:00 PM,8/25/2023 2:45:00 PM,,Assessing,Investigating,-7756369.732545732,5507946.901691947
TOPSHAM,33,8/25/2023 3:45:00 PM,8/25/2023 3:45:00 PM,,Assessing,Investigating,-7780606.668411869,5457532.887988397
NEWRY,34,8/25/2023 3:00:00 PM,8/25/2023 3:00:00 PM,,Assessing,Investigating,-7887897.462387082,5538486.076466489
BUXTON,148,8/25/2023 3:15:00 PM,8/25/2023 3:15:00 PM,,Assessing,Investigating,-7850251.26999177,5413518.358455183
YARMOUTH,162,8/25/2023 4:15:00 PM,8/25/2023 4:15:00 PM,,Assessing,Investigating,-7812509.420811788,5436679.131427426
MSHE JT TP,17,8/25/2023 4:00:00 PM,8/25/2023 4:00:00 PM,,Assessing,Investigating,-7751466.186884891,5696887.607390557
BELFAST,2,8/25/2023 4:15:00 PM,8/25/2023 4:15:00 PM,,Assessing,Investigating,-7679269.174163237,5539935.684398112
