BgName,NumOut,EtrMin,EtrMax,Desc,Status,Cause,x,y
HARRISON,1,5/23/2022 3:00:00 PM,5/23/2022 3:00:00 PM,,Assessing,Investigating,-7867560.248533659,5479361.221116242
BUXTON,2,5/23/2022 3:15:00 PM,5/23/2022 3:15:00 PM,,Crew Assigned,Investigating,-7850390.686464002,5416855.4982378585
DEXTER,41,Assessing,Assessing,,Assessing,Tree,-7717798.241408396,5625427.906995634
RIPLEY,15,5/23/2022 1:30:00 PM,5/23/2022 1:30:00 PM,,Assessing,Tree,-7722719.553658361,5623966.068427805
TROY,35,5/23/2022 1:45:00 PM,5/23/2022 1:45:00 PM,,Assessing,Vehicle Accident,-7707860.728183616,5568624.629557598
