BgName,NumOut,EtrMin,EtrMax,Desc,Status,Cause,x,y
MT VERNON,8,7/15/2022 3:00:00 PM,7/15/2022 3:00:00 PM,,Assessing,Investigating,-7793312.853275041,5534302.05734936
LISBON,18,7/15/2022 2:00:00 PM,7/15/2022 2:00:00 PM,,Assessing,Investigating,-7801996.352371545,5474248.330503754
AUGUSTA,1,Assessing,Assessing,,Assessing,Animal,-7759602.918092425,5510498.695860142
DOVER-FOXCROFT,1,7/15/2022 1:15:00 PM,7/15/2022 1:15:00 PM,,Assessing,Investigating,-7708897.646980686,5661844.242684866
