BgName,NumOut,EtrMin,EtrMax,Desc,Status,Cause,x,y
GILEAD,122,4/21/2021 9:45:00 PM,4/21/2021 9:45:00 PM,,Assessing,Investigating,-7892461.27202442,5529389.486540871
"DIXMONT,NEWBURGH",20,4/21/2021 10:00:00 PM,4/21/2021 10:00:00 PM,,Assessing,Investigating,-7692273.528217179,5576976.260121869
KITTERY,1,4/21/2021 8:45:00 PM,4/21/2021 8:45:00 PM,,Crew Assigned,Investigating,-7871624.923906329,5325143.301804035
