BgName,NumOut,EtrMin,EtrMax,Desc,Status,Cause,x,y
LISBON,126,5/30/2023 6:00:00 PM,5/30/2023 6:00:00 PM,,Assessing,Equipment Interruption,-7804824.346119122,5470280.705743152
LISBON,11,5/30/2023 5:00:00 PM,5/30/2023 5:00:00 PM,,Assessing,Investigating,-7804557.001235167,5469922.628346509
LEXINGTON,2,5/30/2023 6:00:00 PM,5/30/2023 6:00:00 PM,,Assessing,Investigating,-7798001.752646298,5619598.311689801
