BgName,NumOut,EtrMin,EtrMax,Desc,Status,Cause,x,y
SCARBOROUGH,55,Assessing,Assessing,,Assessing,Investigating,-7832612.418367629,5405092.560581259
MADISON,26,6/21/2022 2:00:00 PM,6/21/2022 2:00:00 PM,,Assessing,Investigating,-7766025.696485192,5599964.3496700665
NORWAY,1,6/21/2022 2:00:00 PM,6/21/2022 2:00:00 PM,,Repairs in Progress,Investigating,-7864617.751603478,5503373.744983167
