BgName,NumOut,EtrMin,EtrMax,Desc,Status,Cause,x,y
FREEPORT,103,9/25/2021 8:00:00 AM,9/25/2021 8:00:00 AM,,Assessing,Investigating,-7799537.683371091,5442720.82446116
WISCASSET,28,9/25/2021 9:00:00 AM,9/25/2021 9:00:00 AM,,Assessing,Investigating,-7761465.994446171,5470167.491882009
PITTSTON,18,9/25/2021 8:15:00 AM,9/25/2021 8:15:00 AM,,Assessing,Investigating,-7764353.098866231,5499913.27036317
SACO,13,9/25/2021 9:00:00 AM,9/25/2021 9:00:00 AM,,Crew Assigned,Investigating,-7843122.9486665,5390612.248088238
ELIOT,1,9/26/2021 12:45:00 PM,9/26/2021 12:45:00 PM,,Crew Assigned,Investigating,-7883635.250578752,5335677.033129553
VASSALBORO,1,9/25/2021 9:00:00 AM,9/25/2021 9:00:00 AM,,Assessing,Investigating,-7750407.026489076,5540967.820452316
