BgName,NumOut,EtrMin,EtrMax,Desc,Status,Cause,x,y
BREMEN,55,4/28/2021 7:30:00 PM,4/28/2021 7:30:00 PM,,Assessing,Investigating,-7728549.900843542,5465994.866837636
KITTERY,1,4/28/2021 6:30:00 PM,4/28/2021 6:30:00 PM,,Assessing,Investigating,-7871347.014796068,5324643.193874744
