BgName,NumOut,EtrMin,EtrMax,Desc,Status,Cause,x,y
HERMON,2,4/18/2021 9:45:00 AM,4/18/2021 9:45:00 AM,,Assessing,Investigating,-7670116.4745118795,5592769.9523182055
WHITEFIELD,36,4/18/2021 10:00:00 AM,4/18/2021 10:00:00 AM,,Assessing,Investigating,-7750386.053810838,5491555.4230931
MANCHESTER,1,4/18/2021 10:00:00 AM,4/18/2021 10:00:00 AM,,Assessing,Investigating,-7776403.155414965,5520351.598417998
JEFFERSON,6,4/18/2021 9:45:00 AM,4/18/2021 9:45:00 AM,,Crew Assigned,Investigating,-7733592.28412861,5492322.717470882
LEBANON,1,4/18/2021 9:45:00 AM,4/18/2021 9:45:00 AM,,Crew Assigned,Investigating,-7891564.159435885,5366987.527560218
