BgName,NumOut,EtrMin,EtrMax,Desc,Status,Cause,x,y
CHINA,24,11/8/2022 6:00:00 AM,11/8/2022 6:00:00 AM,,Assessing,Investigating,-7747651.924741736,5525243.645362113
"UNION,WARREN",137,11/8/2022 8:00:00 AM,11/8/2022 8:00:00 AM,,Assessing,Investigating,-7711596.4321834715,5498248.644103669
WARREN,1,11/8/2022 8:00:00 AM,11/8/2022 8:00:00 AM,,Assessing,Tree,-7706004.575881119,5483764.568131813
BETHEL,49,11/8/2022 7:45:00 AM,11/8/2022 7:45:00 AM,,Assessing,Investigating,-7876787.55450438,5540343.556875633
"RUMFORD,HANOVER",296,11/8/2022 6:45:00 AM,11/8/2022 6:45:00 AM,,Assessing,Investigating,-7866832.196803286,5543205.419510816
NORRIDGEWOCK,2,11/9/2022 12:00:00 PM,11/9/2022 12:00:00 PM,,Assessing,Investigating,-7765612.122302267,5574377.836339328
"SANDY RIVER PLT,RANGELEY PLT",161,11/8/2022 6:45:00 AM,11/8/2022 6:45:00 AM,,Assessing,Investigating,-7860555.558609747,5609556.889548393
