BgName,NumOut,EtrMin,EtrMax,Desc,Status,Cause,x,y
BOOTHBAY HARBOR,147,2/21/2024 10:45:00 AM,2/21/2024 10:45:00 AM,,Crew Assigned,Investigating,-7749973.748748649,5442807.179750625
LITCHFIELD,10,2/21/2024 11:00:00 AM,2/21/2024 11:00:00 AM,,Assessing,Investigating,-7785872.725993087,5494802.015236386
LINCOLNVILLE,5,2/21/2024 11:30:00 AM,2/21/2024 11:30:00 AM,,Assessing,Investigating,-7687305.79570123,5519229.516222781
