BgName,NumOut,EtrMin,EtrMax,Desc,Status,Cause,x,y
YARMOUTH,3,9/25/2023 11:30:00 AM,9/25/2023 11:30:00 AM,,Investigating,Investigating,-7814250.053293577,5432371.182198835
DENMARK,28,9/25/2023 12:15:00 PM,9/25/2023 12:15:00 PM,,Crew Assigned,Investigating,-7875206.606283959,5457697.4351475
DENMARK,13,9/25/2023 12:15:00 PM,9/25/2023 12:15:00 PM,,Assessing,Investigating,-7877037.299786148,5457913.583604053
"LITCHFIELD,BOWDOIN",128,9/25/2023 11:30:00 AM,9/25/2023 11:30:00 AM,,Assessing,Investigating,-7789894.821699196,5486265.140568975
