BgName,NumOut,EtrMin,EtrMax,Desc,Status,Cause,x,y
GREENVILLE,20,9/16/2022 9:00:00 AM,9/16/2022 9:00:00 AM,,Investigating,Investigating,-7748060.289392763,5694113.939042695
GREENVILLE,7,9/16/2022 9:00:00 AM,9/16/2022 9:00:00 AM,,Assessing,Investigating,-7748060.088768167,5694118.284554605
STRONG,32,9/16/2022 11:00:00 AM,9/16/2022 11:00:00 AM,,Assessing,Investigating,-7814488.926204072,5582607.329423244
"FARMINGTON,NEW SHARON",157,9/16/2022 12:00:00 PM,9/16/2022 12:00:00 PM,,Assessing,Investigating,-7808122.4754682975,5568621.687086636
BELGRADE,51,9/16/2022 9:15:00 AM,9/16/2022 9:15:00 AM,,Assessing,Investigating,-7767787.572348263,5544021.803661697
