BgName,NumOut,EtrMin,EtrMax,Desc,Status,Cause,x,y
WISCASSET,18,7/11/2024 4:00:00 PM,7/11/2024 4:00:00 PM,,Assessing,Investigating,-7758852.279576875,5464709.9091336895
ARUNDEL,44,7/11/2024 4:00:00 PM,7/11/2024 4:00:00 PM,,Crew Assigned,Investigating,-7847315.251814342,5381571.2648614645
"NORRIDGEWOCK,ROME,MERCER,NEW SHARON,SMITHFIELD",894,7/11/2024 3:30:00 PM,7/11/2024 3:30:00 PM,,Repairs in Progress,Investigating,-7770138.150144108,5576311.248822521
