BgName,NumOut,EtrMin,EtrMax,Desc,Status,Cause,x,y
NEWCASTLE,3,11/9/2023 12:00:00 PM,11/9/2023 12:00:00 PM,,Assessing,Investigating,-7748189.93182327,5473595.818320384
WOOLWICH,31,11/9/2023 11:00:00 AM,11/9/2023 11:00:00 AM,,Assessing,Investigating,-7770292.438965457,5452421.96720914
PROSPECT,2,11/9/2023 12:00:00 PM,11/9/2023 12:00:00 PM,,Crew Assigned,Investigating,-7664870.376474732,5549356.59939223
LEWISTON,13,11/9/2023 1:00:00 PM,11/9/2023 1:00:00 PM,,Assessing,Investigating,-7815496.122728025,5483994.031291078
