BgName,NumOut,EtrMin,EtrMax,Desc,Status,Cause,x,y
"WINTHROP,WAYNE",19,7/29/2022 11:45:00 PM,7/29/2022 11:45:00 PM,,Assessing,Investigating,-7795034.587300622,5515995.274755628
SCARBOROUGH,14,7/29/2022 11:00:00 PM,7/29/2022 11:00:00 PM,,Assessing,Investigating,-7834919.626112109,5404919.064317347
