BgName,NumOut,EtrMin,EtrMax,Desc,Status,Cause,x,y
VASSALBORO,23,11/6/2021 9:45:00 AM,11/6/2021 9:45:00 AM,,Assessing,Investigating,-7747565.3849632535,5537172.362081542
AUBURN,8,11/6/2021 10:45:00 AM,11/6/2021 10:45:00 AM,,Assessing,Investigating,-7819984.780635437,5470334.820339226
