BgName,NumOut,EtrMin,EtrMax,Desc,Status,Cause,x,y
LOVELL,3,9/28/2024 10:30:00 AM,9/28/2024 10:30:00 AM,,Investigating,Investigating,-7886117.39335735,5498725.548855073
PHIPPSBURG,6,9/28/2024 10:30:00 AM,9/28/2024 10:30:00 AM,,Crew Assigned,Investigating,-7770700.28023057,5427230.536351643
ROCKPORT,6,9/28/2024 10:15:00 AM,9/28/2024 10:15:00 AM,,Assessing,Investigating,-7690663.570021027,5488686.557954843
BOWDOINHAM,1,9/28/2024 11:15:00 AM,9/28/2024 11:15:00 AM,,Crew Assigned,Investigating,-7771501.235073621,5474733.446423667
HIRAM,43,9/28/2024 11:15:00 AM,9/28/2024 11:15:00 AM,,Crew Assigned,Investigating,-7880143.570055292,5447311.800480282
AUBURN,44,9/28/2024 10:30:00 AM,9/28/2024 10:30:00 AM,,Crew Assigned,Investigating,-7822388.546874023,5472434.156038542
ARUNDEL,11,9/28/2024 11:15:00 AM,9/28/2024 11:15:00 AM,,Crew Assigned,Investigating,-7848843.145241638,5382109.392788427
BATH,3,9/28/2024 11:15:00 AM,9/28/2024 11:15:00 AM,,Crew Assigned,Investigating,-7774041.701643817,5452012.80334242
