BgName,NumOut,EtrMin,EtrMax,Desc,Status,Cause,x,y
MONTVILLE,4,9/21/2021 5:15:00 PM,9/21/2021 5:15:00 PM,,Investigating,Investigating,-7709953.518995269,5538766.127437219
ROME,4,9/21/2021 4:00:00 PM,9/21/2021 4:00:00 PM,,Assessing,Investigating,-7782429.847902365,5547164.142452995
