BgName,NumOut,EtrMin,EtrMax,Desc,Status,Cause,x,y
UPTON,128,7/31/2021 3:30:00 AM,7/31/2021 3:30:00 AM,,Assessing,Investigating,-7907386.32143472,5574086.293924706
UPTON,14,7/31/2021 3:30:00 AM,7/31/2021 3:30:00 AM,,Assessing,Investigating,-7903750.40424297,5572643.034191517
UPTON,44,7/31/2021 3:30:00 AM,7/31/2021 3:30:00 AM,,Assessing,Investigating,-7904879.729385958,5573605.698630686
BRISTOL,127,7/31/2021 1:30:00 AM,7/31/2021 1:30:00 AM,,Assessing,Investigating,-7734753.724924032,5447134.68193519
"BREMEN,BRISTOL,DAMARISCOTTA,SO BRISTOL",1353,7/31/2021 3:00:00 AM,7/31/2021 3:00:00 AM,,Assessing,Investigating,-7738838.092741761,5457069.026798418
NEW GLOUCESTER,2,7/31/2021 3:45:00 AM,7/31/2021 3:45:00 AM,,Assessing,Investigating,-7827484.998086391,5456292.617088191
SUMNER,2,7/31/2021 1:30:00 AM,7/31/2021 1:30:00 AM,,Assessing,Investigating,-7841566.07880102,5523589.424825165
