BgName,NumOut,EtrMin,EtrMax,Desc,Status,Cause,x,y
UNION,8,7/7/2022 11:45:00 AM,7/7/2022 11:45:00 AM,,Assessing,System Upgrade,-7715352.106939941,5506993.985010328
READFIELD,8,7/7/2022 11:30:00 AM,7/7/2022 11:30:00 AM,,Assessing,Investigating,-7782061.669838925,5523565.114060243
HIRAM,73,7/7/2022 11:30:00 AM,7/7/2022 11:30:00 AM,,Assessing,Investigating,-7888187.972804096,5437986.191934058
NORRIDGEWOCK,10,7/7/2022 11:45:00 AM,7/7/2022 11:45:00 AM,,Assessing,Investigating,-7775784.597559446,5581441.426554607
BRIDGTON,1,7/7/2022 11:00:00 AM,7/7/2022 11:00:00 AM,,Crew Assigned,Investigating,-7879297.842490624,5475456.93129154
