BgName,NumOut,EtrMin,EtrMax,Desc,Status,Cause,x,y
WASHINGTON,62,8/5/2021 8:00:00 AM,8/5/2021 8:00:00 AM,,Investigating,Investigating,-7721963.883610171,5507862.926193605
"NEWCASTLE,EDGECOMB",107,8/5/2021 8:00:00 AM,8/5/2021 8:00:00 AM,,Assessing,Investigating,-7744862.247087795,5469046.00393379
WOOLWICH,1,8/5/2021 8:45:00 AM,8/5/2021 8:45:00 AM,,Assessing,Investigating,-7770103.028826931,5455912.545136039
BIDDEFORD,1,Assessing,Assessing,,Assessing,Investigating,-7852066.144985654,5388100.44108899
WASHINGTON,1,8/5/2021 8:00:00 AM,8/5/2021 8:00:00 AM,,Assessing,Investigating,-7721172.9473826345,5507960.55214222
