BgName,NumOut,EtrMin,EtrMax,Desc,Status,Cause,x,y
CAMDEN,77,8/11/2024 3:45:00 AM,8/11/2024 3:45:00 AM,,Repairs in Progress,Investigating,-7687727.39606921,5497928.048853404
NORTHPORT,2,8/11/2024 4:15:00 AM,8/11/2024 4:15:00 AM,,Repairs in Progress,Investigating,-7678176.261683048,5517513.898010582
