BgName,NumOut,EtrMin,EtrMax,Desc,Status,Cause,x,y
KITTERY,4,11/9/2023 2:00:00 PM,11/9/2023 2:00:00 PM,,Assessing,Investigating,-7871079.970448553,5332525.963166656
LEWISTON,13,11/9/2023 3:00:00 PM,11/9/2023 3:00:00 PM,,Assessing,Investigating,-7815496.122728025,5483994.031291078
