BgName,NumOut,EtrMin,EtrMax,Desc,Status,Cause,x,y
BOOTHBAY HBR,10,9/20/2021 2:45:00 PM,9/20/2021 2:45:00 PM,,Assessing,Investigating,-7750456.40776982,5440943.375423545
TURNER,14,9/20/2021 2:45:00 PM,9/20/2021 2:45:00 PM,,Assessing,Investigating,-7817866.8048299905,5515684.077221425
OGUNQUIT,62,9/20/2021 2:30:00 PM,9/20/2021 2:30:00 PM,,Assessing,Investigating,-7859146.576700051,5350264.10253017
SCARBOROUGH,19,9/20/2021 2:15:00 PM,9/20/2021 2:15:00 PM,,Assessing,Investigating,-7836845.252989144,5409860.5161714945
