BgName,NumOut,EtrMin,EtrMax,Desc,Status,Cause,x,y
HARPSWELL,10,5/31/2022 12:45:00 PM,5/31/2022 12:45:00 PM,,Assessing,Investigating,-7781018.62848786,5431703.985320898
JAY,225,5/31/2022 12:15:00 PM,5/31/2022 12:15:00 PM,,Assessing,Vehicle Accident,-7813116.089758059,5540513.907082023
GREENE,16,5/31/2022 1:30:00 PM,5/31/2022 1:30:00 PM,,Assessing,Investigating,-7808782.655718746,5495617.868416655
RANGELEY,5,5/31/2022 1:00:00 PM,5/31/2022 1:00:00 PM,,Assessing,Investigating,-7872919.569620351,5615046.93851482
