BgName,NumOut,EtrMin,EtrMax,Desc,Status,Cause,x,y
CUSHING,8,6/17/2023 11:45:00 PM,6/17/2023 11:45:00 PM,,Assessing,Investigating,-7713122.6446289625,5466186.572072712
GEORGETOWN,27,6/18/2023 12:30:00 AM,6/18/2023 12:30:00 AM,,Assessing,Investigating,-7766751.009749945,5435359.669772797
OAKLAND,14,6/18/2023 12:15:00 AM,6/18/2023 12:15:00 AM,,Assessing,Investigating,-7767054.366447956,5557946.828086853
