BgName,NumOut,EtrMin,EtrMax,Desc,Status,Cause,x,y
ELIOT,29,7/20/2024 11:00:00 AM,7/20/2024 11:00:00 AM,,Investigating,Investigating,-7882648.119417336,5336956.4235619055
WOOLWICH,11,7/20/2024 10:30:00 AM,7/20/2024 10:30:00 AM,,Crew Assigned,Investigating,-7770436.720183618,5452416.450316532
LYMAN,18,7/20/2024 10:30:00 AM,7/20/2024 10:30:00 AM,,Crew Assigned,Investigating,-7865403.778535216,5390144.663015405
SACO,20,7/20/2024 10:00:00 AM,7/20/2024 10:00:00 AM,,Assessing,Investigating,-7842798.897601813,5389470.158318694
GREENVILLE,72,7/20/2024 11:15:00 AM,7/20/2024 11:15:00 AM,,Assessing,Investigating,-7749669.49024109,5694491.967650418
