BgName,NumOut,EtrMin,EtrMax,Desc,Status,Cause,x,y
UNION,1,6/23/2023 11:00:00 AM,6/23/2023 11:00:00 AM,,Assessing,Investigating,-7712868.491112315,5501981.284553852
UNION,20,6/23/2023 11:30:00 AM,6/23/2023 11:30:00 AM,,Assessing,Investigating,-7709600.918970942,5495927.24996344
YORK,39,6/23/2023 11:30:00 AM,6/23/2023 11:30:00 AM,,Repairs in Progress,Investigating,-7858873.20947428,5341655.321957422
TOMHEGAN,3,6/23/2023 11:45:00 AM,6/23/2023 11:45:00 AM,,Assessing,Investigating,-7769174.72452027,5733945.1884918995
