BgName,NumOut,EtrMin,EtrMax,Desc,Status,Cause,x,y
YORK,18,2/10/2024 9:30:00 AM,2/10/2024 9:30:00 AM,,Assessing,Investigating,-7861342.44270105,5340657.7428381005
CARMEL,1,2/10/2024 10:30:00 AM,2/10/2024 10:30:00 AM,,Assessing,Investigating,-7685497.243585605,5588709.014852661
SKOWHEGAN,5,2/10/2024 9:15:00 AM,2/10/2024 9:15:00 AM,,Assessing,Investigating,-7760030.262490664,5584387.516093309
