BgName,NumOut,EtrMin,EtrMax,Desc,Status,Cause,x,y
BETHEL,50,2/5/2022 12:30:00 PM,2/5/2022 12:30:00 PM,,Assessing,Investigating,-7876787.55450438,5540343.556875633
SWEDEN,25,2/5/2022 6:00:00 PM,2/5/2022 6:00:00 PM,,Assessing,Investigating,-7878145.429701763,5483649.202890854
LOVELL,10,2/5/2022 6:00:00 PM,2/5/2022 6:00:00 PM,,Assessing,Investigating,-7894190.442174504,5489399.182561513
STONEHAM,1,2/5/2022 12:30:00 PM,2/5/2022 12:30:00 PM,,Assessing,Investigating,-7896261.619290326,5504734.012991658
SUMNER,17,2/5/2022 1:45:00 PM,2/5/2022 1:45:00 PM,,Assessing,Investigating,-7843798.335139827,5522202.8789002
PORTLAND,1,2/5/2022 2:00:00 PM,2/5/2022 2:00:00 PM,,Assessing,Investigating,-7823393.695104975,5411257.196701785
MEXICO,11,2/5/2022 12:30:00 PM,2/5/2022 12:30:00 PM,,Assessing,Investigating,-7852572.648700187,5551893.661292189
LOVELL,3,2/5/2022 6:00:00 PM,2/5/2022 6:00:00 PM,,Repairs Complete,Investigating,-7891188.712134768,5498918.493341331
