BgName,NumOut,EtrMin,EtrMax,Desc,Status,Cause,x,y
PERU,168,3/23/2022 12:15:00 PM,3/23/2022 12:15:00 PM,,Assessing,Investigating,-7835591.773259112,5539209.853207513
"GREENVILLE,FRENCHTOWN,BEAVER COVE PLT,LILY BAY",1223,3/23/2022 12:00:00 PM,3/23/2022 12:00:00 PM,,Assessing,Investigating,-7746834.37211801,5695851.260980738
GREENE,9,3/23/2022 10:30:00 AM,3/23/2022 10:30:00 AM,,Crew Assigned,Investigating,-7809646.294634592,5500964.486496766
ROCKLAND,3,3/23/2022 11:45:00 AM,3/23/2022 11:45:00 AM,,Crew Assigned,Investigating,-7693290.665469448,5481065.650510621
