BgName,NumOut,EtrMin,EtrMax,Desc,Status,Cause,x,y
BOOTHBAY HBR,1,4/22/2021 11:15:00 PM,4/22/2021 11:15:00 PM,,Assessing,Investigating,-7752518.4010045845,5445184.487843412
SANFORD,1,4/22/2021 10:15:00 PM,4/22/2021 10:15:00 PM,,Crew Assigned,Investigating,-7873678.623756922,5367459.85717354
WELLS,6,4/22/2021 10:45:00 PM,4/22/2021 10:45:00 PM,,Assessing,Investigating,-7859407.565268317,5360925.655673882
HARPSWELL,3,4/22/2021 11:00:00 PM,4/22/2021 11:00:00 PM,,Crew Assigned,Investigating,-7793642.804244482,5426113.977076742
