BgName,NumOut,EtrMin,EtrMax,Desc,Status,Cause,x,y
LYMAN,9,5/25/2023 11:30:00 AM,5/25/2023 11:30:00 AM,,Assessing,Investigating,-7859301.978767642,5383718.043247514
SCARBOROUGH,11,5/25/2023 10:45:00 AM,5/25/2023 10:45:00 AM,,Assessing,Investigating,-7828949.528480821,5402092.171646264
