BgName,NumOut,EtrMin,EtrMax,Desc,Status,Cause,x,y
"GARDINER,RICHMOND",47,7/5/2021 2:15:00 PM,7/5/2021 2:15:00 PM,,Assessing,Investigating,-7772237.490988317,5492272.290961003
PORTLAND,188,7/5/2021 3:00:00 PM,7/5/2021 3:00:00 PM,,Assessing,Investigating,-7826710.737626841,5414701.635080222
SO PORTLAND,101,7/5/2021 3:00:00 PM,7/5/2021 3:00:00 PM,,Assessing,Investigating,-7820801.331337543,5409846.579904317
"SO PORTLAND,SOUTH PORTLAND",2372,7/5/2021 3:00:00 PM,7/5/2021 3:00:00 PM,,Assessing,Investigating,-7820822.070153982,5408019.242441894
GREENVILLE,3,7/5/2021 2:30:00 PM,7/5/2021 2:30:00 PM,,Assessing,Investigating,-7748984.318813827,5695717.03349004
BALDWIN,1,7/5/2021 1:00:00 PM,7/5/2021 1:00:00 PM,,Assessing,Investigating,-7870747.325563355,5441126.7647405155
SEBAGO,2,7/5/2021 1:30:00 PM,7/5/2021 1:30:00 PM,,Assessing,Investigating,-7862410.8315278,5446423.585679362
WELLS,3,7/5/2021 1:30:00 PM,7/5/2021 1:30:00 PM,,Assessing,Investigating,-7857932.704509377,5355130.073209912
