BgName,NumOut,EtrMin,EtrMax,Desc,Status,Cause,x,y
LEBANON,5,4/5/2023 10:15:00 AM,4/5/2023 10:15:00 AM,,Repairs in Progress,Investigating,-7893767.094250185,5381694.0085453885
BELGRADE,1,4/5/2023 11:45:00 AM,4/5/2023 11:45:00 AM,,Assessing,Investigating,-7769946.124077133,5544034.602956237
