BgName,NumOut,EtrMin,EtrMax,Desc,Status,Cause,x,y
DIXMONT,2,4/21/2021 7:30:00 PM,4/21/2021 7:30:00 PM,,Assessing,Investigating,-7696151.253605383,5579235.033991645
DIXMONT,1,4/21/2021 7:30:00 PM,4/21/2021 7:30:00 PM,,Assessing,Investigating,-7694826.473757175,5576614.376500725
DIXMONT,1,4/21/2021 7:30:00 PM,4/21/2021 7:30:00 PM,,Assessing,Investigating,-7690178.907256733,5576783.481427596
"KINGFIELD,FREEMAN,NEW PORTLAND,SALEM,FREEMAN TOWNSHIP",1167,4/21/2021 6:45:00 PM,4/21/2021 6:45:00 PM,,Assessing,Investigating,-7810119.179814264,5614388.293634464
DIXMONT,66,4/21/2021 7:30:00 PM,4/21/2021 7:30:00 PM,,Assessing,Investigating,-7694668.088349834,5572648.765014545
UNITY,1,4/21/2021 7:00:00 PM,4/21/2021 7:00:00 PM,,Assessing,Investigating,-7713508.856480645,5553793.805138229
DIXMONT,3,4/21/2021 7:30:00 PM,4/21/2021 7:30:00 PM,,Assessing,Investigating,-7691659.167059726,5577021.831455897
THE FORKS PLT,3,4/21/2021 7:15:00 PM,4/21/2021 7:15:00 PM,,Assessing,Investigating,-7788820.52175514,5673712.77782453
