BgName,NumOut,EtrMin,EtrMax,Desc,Status,Cause,x,y
PARIS,53,8/6/2024 5:00:00 PM,8/6/2024 5:00:00 PM,,Repairs in Progress,Investigating,-7849749.341499049,5499852.146000849
SABATTUS,33,8/6/2024 4:00:00 PM,8/6/2024 4:00:00 PM,,Crew Assigned,Investigating,-7799411.970239303,5479488.032515293
MONROE,44,8/6/2024 5:00:00 PM,8/6/2024 5:00:00 PM,,Repairs in Progress,Investigating,-7682723.785288707,5555938.238435154
