BgName,NumOut,EtrMin,EtrMax,Desc,Status,Cause,x,y
BOOTHBAY HARBOR,40,5/10/2024 1:30:00 PM,5/10/2024 1:30:00 PM,,Assessing,Investigating,-7756833.701043465,5444663.949941877
HOLLIS,4,5/10/2024 1:00:00 PM,5/10/2024 1:00:00 PM,,Crew Assigned,System Upgrade,-7861128.575683837,5402659.282415437
ISLESBORO,4,5/10/2024 1:45:00 PM,5/10/2024 1:45:00 PM,,Assessing,Investigating,-7675912.479652254,5504139.684807896
LEEDS,2,5/10/2024 1:00:00 PM,5/10/2024 1:00:00 PM,,Assessing,Equipment Interruption,-7805325.85153822,5516568.168036367
