BgName,NumOut,EtrMin,EtrMax,Desc,Status,Cause,x,y
NOBLEBORO,27,6/25/2024 12:15:00 AM,6/25/2024 12:15:00 AM,,Crew Assigned,Investigating,-7731463.109686659,5476918.528752954
EDGECOMB,2,6/25/2024 12:45:00 AM,6/25/2024 12:45:00 AM,,Crew Assigned,Investigating,-7745713.217822023,5460371.638553573
"WALDO,BROOKS,SWANVILLE",55,6/25/2024 1:00:00 AM,6/25/2024 1:00:00 AM,,Crew Assigned,Investigating,-7689471.839216917,5545132.581614592
BELGRADE,21,6/25/2024 2:15:00 AM,6/25/2024 2:15:00 AM,,Assessing,Investigating,-7778977.362957091,5542019.595944116
