BgName,NumOut,EtrMin,EtrMax,Desc,Status,Cause,x,y
FREEPORT,71,4/6/2023 3:30:00 PM,4/6/2023 3:30:00 PM,,Assessing,Investigating,-7807771.908119489,5439141.348231047
WISCASSET,62,4/6/2023 3:30:00 PM,4/6/2023 3:30:00 PM,,Assessing,Tree,-7755394.150713411,5471025.130888581
ACTON,149,4/6/2023 2:30:00 PM,4/6/2023 2:30:00 PM,,Assessing,Equipment Interruption,-7889721.910898203,5390828.810793065
CARTHAGE,17,4/6/2023 3:00:00 PM,4/6/2023 3:00:00 PM,,Assessing,Investigating,-7839116.215057761,5568897.089190851
