BgName,NumOut,EtrMin,EtrMax,Desc,Status,Cause,x,y
"LEEDS,GREENE",90,9/22/2021 12:00:00 PM,9/22/2021 12:00:00 PM,,Assessing,Investigating,-7803197.845904715,5499092.001475917
BELFAST,2,9/22/2021 11:30:00 AM,9/22/2021 11:30:00 AM,,Assessing,Investigating,-7684628.829123691,5527527.834576381
