BgName,NumOut,EtrMin,EtrMax,Desc,Status,Cause,x,y
SWEDEN,85,1/27/2022 3:30:00 AM,1/27/2022 3:30:00 AM,,Investigating,Investigating,-7881333.994897416,5486657.141704444
SWEDEN,29,1/27/2022 3:30:00 AM,1/27/2022 3:30:00 AM,,Assessing,Investigating,-7882354.620054283,5486442.813988425
"PORTLAND,BUXTON",1457,1/27/2022 5:45:00 AM,1/27/2022 5:45:00 AM,,Assessing,Investigating,-7824876.838035534,5421453.428212289
