BgName,NumOut,EtrMin,EtrMax,Desc,Status,Cause,x,y
BRISTOL,2,11/9/2023 9:15:00 AM,11/9/2023 9:15:00 AM,,Assessing,Investigating,-7738700.835787035,5456082.675111194
BRUNSWICK,151,11/9/2023 8:45:00 AM,11/9/2023 8:45:00 AM,,Assessing,Investigating,-7781780.922150967,5448679.765147258
WOOLWICH,31,11/9/2023 9:45:00 AM,11/9/2023 9:45:00 AM,,Assessing,Investigating,-7770292.438965457,5452421.96720914
LEWISTON,73,11/9/2023 10:00:00 AM,11/9/2023 10:00:00 AM,,Assessing,Investigating,-7815466.222255409,5484126.520332894
LEWISTON,13,11/9/2023 9:30:00 AM,11/9/2023 9:30:00 AM,,Assessing,Investigating,-7815496.122728025,5483994.031291078
