BgName,NumOut,EtrMin,EtrMax,Desc,Status,Cause,x,y
BOOTHBAY,6,7/20/2023 9:45:00 AM,7/20/2023 9:45:00 AM,,Assessing,Investigating,-7746868.346851621,5446723.6683122385
BRUNSWICK,45,7/20/2023 10:30:00 AM,7/20/2023 10:30:00 AM,,Assessing,Investigating,-7783488.206901051,5451060.8779215645
MASON,2,7/20/2023 9:30:00 AM,7/20/2023 9:30:00 AM,,Assessing,Investigating,-7888543.26013678,5523898.665090588
NEW GLOUCESTER,350,7/20/2023 11:00:00 AM,7/20/2023 11:00:00 AM,,Assessing,Tree,-7823758.511304915,5459632.6853067735
HOLLIS,33,7/20/2023 10:00:00 AM,7/20/2023 10:00:00 AM,,Assessing,Equipment Interruption,-7866636.630773437,5411088.769073908
LIMINGTON,110,7/20/2023 10:30:00 AM,7/20/2023 10:30:00 AM,,Assessing,Tree,-7868393.118704893,5431620.447793224
