BgName,NumOut,EtrMin,EtrMax,Desc,Status,Cause,x,y
"NEWRY,RIILEY TWP",60,2/11/2023 7:00:00 AM,2/11/2023 7:00:00 AM,,Assessing,Investigating,-7887027.433718114,5542509.010494103
"BETHEL,GILEAD",227,2/11/2023 6:45:00 AM,2/11/2023 6:45:00 AM,,Assessing,Investigating,-7882918.275147935,5530837.4602569025
RANGELEY,3,2/11/2023 6:45:00 AM,2/11/2023 6:45:00 AM,,Assessing,Investigating,-7864660.999217783,5617371.606461283
