BgName,NumOut,EtrMin,EtrMax,Desc,Status,Cause,x,y
DAMARISCOTTA,8,7/12/2022 2:30:00 PM,7/12/2022 2:30:00 PM,,Assessing,Investigating,-7734313.812556363,5474639.076328395
"HOPE,ROCKPORT",90,7/12/2022 3:00:00 PM,7/12/2022 3:00:00 PM,,Assessing,Tree,-7702427.98079856,5498733.1068645455
NEW PORTLAND,10,7/12/2022 3:15:00 PM,7/12/2022 3:15:00 PM,,Assessing,Investigating,-7794942.737577823,5606156.729539229
