BgName,NumOut,EtrMin,EtrMax,Desc,Status,Cause,x,y
"POLAND,CASCO",31,9/2/2024 11:15:00 AM,9/2/2024 11:15:00 AM,,Assessing,Investigating,-7843396.694416021,5469016.9300814625
NAPLES,15,9/2/2024 12:15:00 PM,9/2/2024 12:15:00 PM,,Crew Assigned,Investigating,-7860931.462321798,5455808.536335723
NORRIDGEWOCK,82,9/2/2024 11:15:00 AM,9/2/2024 11:15:00 AM,,Assessing,Investigating,-7771554.67950293,5577576.883068374
