BgName,NumOut,EtrMin,EtrMax,Desc,Status,Cause,x,y
LEWISTON,29,4/15/2023 11:30:00 AM,4/15/2023 11:30:00 AM,,Investigating,Investigating,-7812406.146399419,5478915.172532884
BATH,5,4/15/2023 11:15:00 AM,4/15/2023 11:15:00 AM,,Crew Assigned,Investigating,-7772205.642534998,5455530.525767485
YARMOUTH,8,4/15/2023 9:30:00 AM,4/15/2023 9:30:00 AM,,Crew Assigned,Investigating,-7808055.171723935,5428616.653558419
