BgName,NumOut,EtrMin,EtrMax,Desc,Status,Cause,x,y
OWLS HEAD,39,8/11/2023 3:30:00 PM,8/11/2023 3:30:00 PM,,Investigating,Investigating,-7689079.382674511,5475945.295985854
PARSONSFIELD,1,8/11/2023 2:30:00 PM,8/11/2023 2:30:00 PM,,Crew Assigned,Investigating,-7899291.858244871,5417956.897122977
DOVER-FOXCROFT,14,8/11/2023 3:15:00 PM,8/11/2023 3:15:00 PM,,Assessing,Investigating,-7703891.186510045,5650994.129232938
