BgName,NumOut,EtrMin,EtrMax,Desc,Status,Cause,x,y
NEW PORTLAND,28,9/6/2021 2:30:00 PM,9/6/2021 2:30:00 PM,,Assessing,Investigating,-7802995.3000611905,5603524.605166285
BERWICK,3,9/6/2021 2:45:00 PM,9/6/2021 2:45:00 PM,,Assessing,Investigating,-7889164.389470989,5364931.66963095
