BgName,NumOut,EtrMin,EtrMax,Desc,Status,Cause,x,y
WOOLWICH,133,8/5/2023 6:30:00 PM,8/5/2023 6:30:00 PM,,Assessing,Investigating,-7768236.7019343125,5460271.616053019
GREENWOOD,23,8/5/2023 5:00:00 PM,8/5/2023 5:00:00 PM,,Assessing,Investigating,-7868537.110499047,5527375.457491752
LITCHFIELD,35,8/5/2023 5:15:00 PM,8/5/2023 5:15:00 PM,,Assessing,Investigating,-7785271.144341873,5496110.297191186
SHAPLEIGH,181,8/5/2023 7:00:00 PM,8/5/2023 7:00:00 PM,,Crew Assigned,Investigating,-7885117.547462196,5406394.2939907545
