BgName,NumOut,EtrMin,EtrMax,Desc,Status,Cause,x,y
SOUTHPORT,17,2/9/2024 12:00:00 PM,2/9/2024 12:00:00 PM,,Assessing,Investigating,-7755479.96698195,5441597.848807321
FREEPORT,23,2/9/2024 12:30:00 PM,2/9/2024 12:30:00 PM,,Assessing,Investigating,-7804254.857895465,5438929.85304659
WALDOBORO,7,2/9/2024 1:45:00 PM,2/9/2024 1:45:00 PM,,Assessing,Investigating,-7720634.227903594,5476081.161414417
WEST PARIS,22,2/9/2024 1:45:00 PM,2/9/2024 1:45:00 PM,,Assessing,Investigating,-7848112.288270888,5517720.241426077
