BgName,NumOut,EtrMin,EtrMax,Desc,Status,Cause,x,y
HARRISON,4,4/21/2021 12:45:00 AM,4/21/2021 12:45:00 AM,,Assessing,Investigating,-7863448.618596871,5485216.402285162
LOVELL,11,4/21/2021 12:15:00 AM,4/21/2021 12:15:00 AM,,Assessing,Investigating,-7893294.58749415,5492586.091599087
