BgName,NumOut,EtrMin,EtrMax,Desc,Status,Cause,x,y
WINDHAM,32,9/27/2023 7:30:00 AM,9/27/2023 7:30:00 AM,,Investigating,Investigating,-7838735.685166853,5438987.772843212
BATH,7,9/27/2023 9:30:00 AM,9/27/2023 9:30:00 AM,,Assessing,Investigating,-7775845.188789367,5458061.886134648
GORHAM,47,9/27/2023 9:30:00 AM,9/27/2023 9:30:00 AM,,Assessing,Equipment Interruption,-7843100.718180191,5419423.570003798
WINDHAM,27,9/27/2023 9:00:00 AM,9/27/2023 9:00:00 AM,,Assessing,Equipment Interruption,-7838785.384703877,5438489.718816309
