BgName,NumOut,EtrMin,EtrMax,Desc,Status,Cause,x,y
"ACTON,WATERBORO",46,2/10/2023 1:00:00 PM,2/10/2023 1:00:00 PM,,Assessing,Investigating,-7899107.5688388385,5403353.440364185
EMBDEN,1,2/10/2023 12:30:00 PM,2/10/2023 12:30:00 PM,,Assessing,Investigating,-7781150.864922266,5603554.661547194
