BgName,NumOut,EtrMin,EtrMax,Desc,Status,Cause,x,y
HARPSWELL,61,8/25/2023 11:00:00 AM,8/25/2023 11:00:00 AM,,Assessing,Investigating,-7786531.436898644,5436840.637136749
"SABATTUS,BOWDOIN,LISBON",1180,8/25/2023 2:15:00 PM,8/25/2023 2:15:00 PM,,Assessing,Investigating,-7803505.532950415,5483069.855647728
LYMAN,37,8/25/2023 12:30:00 PM,8/25/2023 12:30:00 PM,,Assessing,Investigating,-7859966.18872922,5382613.059031589
CAPE ELIZABETH,1524,8/25/2023 12:00:00 PM,8/25/2023 12:00:00 PM,,Assessing,Investigating,-7819841.300914523,5403223.86105717
OGUNQUIT,43,8/25/2023 12:00:00 PM,8/25/2023 12:00:00 PM,,Assessing,Investigating,-7861806.40008634,5352422.81215799
"ALFRED,SHAPLEIGH",61,8/25/2023 10:45:00 AM,8/25/2023 10:45:00 AM,,Assessing,Investigating,-7877697.680460967,5392234.626838827
