BgName,NumOut,EtrMin,EtrMax,Desc,Status,Cause,x,y
OLD ORCHARD BEACH,42,3/23/2024 8:15:00 PM,3/23/2024 8:15:00 PM,,Investigating,Investigating,-7835069.6538633285,5393902.388461426
BRUNSWICK,14,3/23/2024 8:15:00 PM,3/23/2024 8:15:00 PM,,Assessing,Investigating,-7784690.657705853,5441822.757197257
OLD ORCHARD BEACH,33,3/23/2024 8:15:00 PM,3/23/2024 8:15:00 PM,,Assessing,Investigating,-7834661.14224778,5394254.270189227
WELLS,41,3/23/2024 7:45:00 PM,3/23/2024 7:45:00 PM,,Assessing,Investigating,-7862218.616148898,5363122.838246838
ANSON,1,3/23/2024 7:45:00 PM,3/23/2024 7:45:00 PM,,Crew Assigned,Investigating,-7782381.679979938,5599961.50688685
OLD ORCHARD BEACH,7,3/23/2024 8:15:00 PM,3/23/2024 8:15:00 PM,,Assessing,Investigating,-7838565.205820735,5390043.6798987035
