BgName,NumOut,EtrMin,EtrMax,Desc,Status,Cause,x,y
ROCKPORT,3,7/15/2022 8:45:00 AM,7/15/2022 8:45:00 AM,,Assessing,Investigating,-7689739.9968106765,5496457.148091515
MT VERNON,28,Assessing,Assessing,,Assessing,Investigating,-7789445.847887527,5533988.160732149
MT VERNON,8,Assessing,Assessing,,Assessing,Investigating,-7793312.853275041,5534302.05734936
BELGRADE,48,Assessing,Assessing,,Assessing,Tree,-7780273.622778047,5538084.651522308
SCARBOROUGH,28,7/15/2022 8:45:00 AM,7/15/2022 8:45:00 AM,,Assessing,Investigating,-7829994.495587717,5398817.34010005
TROY,2,7/15/2022 9:15:00 AM,7/15/2022 9:15:00 AM,,Assessing,Investigating,-7704888.6202048175,5565161.20106341
