BgName,NumOut,EtrMin,EtrMax,Desc,Status,Cause,x,y
WINTHROP,5,5/13/2023 6:00:00 PM,5/13/2023 6:00:00 PM,,Assessing,Investigating,-7790439.129434105,5510142.69654929
BROWNFIELD,17,5/13/2023 5:00:00 PM,5/13/2023 5:00:00 PM,,Assessing,Investigating,-7901666.703707587,5452479.778249937
LIVERMORE,44,5/13/2023 5:45:00 PM,5/13/2023 5:45:00 PM,,Crew Assigned,Tree,-7820036.956044114,5524821.246161131
