BgName,NumOut,EtrMin,EtrMax,Desc,Status,Cause,x,y
DURHAM,2,7/6/2024 11:00:00 AM,7/6/2024 11:00:00 AM,,Crew Assigned,Animal,-7808410.125082745,5458591.115688136
JAY,81,7/6/2024 11:15:00 AM,7/6/2024 11:15:00 AM,,Crew Assigned,Investigating,-7813137.975158057,5540224.432222431
ACTON,3,7/6/2024 9:30:00 AM,7/6/2024 9:30:00 AM,,Crew Assigned,Investigating,-7897728.142215324,5404645.674047353
