BgName,NumOut,EtrMin,EtrMax,Desc,Status,Cause,x,y
PITTSTON,18,9/25/2021 6:15:00 AM,9/25/2021 6:15:00 AM,,Assessing,Investigating,-7764353.098866231,5499913.27036317
FRYEBURG,114,9/25/2021 6:00:00 AM,9/25/2021 6:00:00 AM,,Assessing,Tree,-7900483.956460281,5477271.905331265
"WINSLOW,VASSALBORO",306,9/25/2021 6:00:00 AM,9/25/2021 6:00:00 AM,,Assessing,Vehicle Accident,-7754606.353900349,5545309.094220668
ELIOT,1,9/26/2021 12:45:00 PM,9/26/2021 12:45:00 PM,,Crew Assigned,Investigating,-7883635.250578752,5335677.033129553
