BgName,NumOut,EtrMin,EtrMax,Desc,Status,Cause,x,y
BREMEN,3,8/29/2024 1:15:00 AM,8/29/2024 1:15:00 AM,,Crew Assigned,Investigating,-7730076.291388407,5461346.849661955
NORTH BERWICK,42,8/29/2024 2:00:00 AM,8/29/2024 2:00:00 AM,,Crew Assigned,Investigating,-7875915.332880474,5360557.379801211
WELD,11,8/29/2024 1:00:00 AM,8/29/2024 1:00:00 AM,,Assessing,Investigating,-7844482.404533396,5575064.679940201
