BgName,NumOut,EtrMin,EtrMax,Desc,Status,Cause,x,y
LYMAN,433,1/3/2023 5:00:00 PM,1/3/2023 5:00:00 PM,,Assessing,Investigating,-7862932.842001651,5389607.94078803
LYMAN,16,1/3/2023 5:00:00 PM,1/3/2023 5:00:00 PM,,Assessing,Investigating,-7863243.9021234,5387964.507157307
"BUXTON,GORHAM,STANDISH,PORTLAND,CUMBERLAND",3000,1/3/2023 4:15:00 PM,1/3/2023 4:15:00 PM,,Assessing,Investigating,-7860374.041106769,5417163.39458152
O O BEACH,27,1/3/2023 4:30:00 PM,1/3/2023 4:30:00 PM,,Assessing,Equipment Interruption,-7834686.8348097745,5389456.713196239
