BgName,NumOut,EtrMin,EtrMax,Desc,Status,Cause,x,y
WALDOBORO,41,9/29/2023 10:45:00 AM,9/29/2023 10:45:00 AM,,Assessing,Investigating,-7720857.078377492,5468441.819304892
FRYEBURG,2,9/29/2023 11:15:00 AM,9/29/2023 11:15:00 AM,,Assessing,Investigating,-7897932.157503843,5475210.532217015
