BgName,NumOut,EtrMin,EtrMax,Desc,Status,Cause,x,y
CHELSEA,6,6/18/2021 9:00:00 PM,6/18/2021 9:00:00 PM,,Assessing,Investigating,-7767519.92682775,5509324.022228918
BERWICK,1,6/18/2021 9:00:00 PM,6/18/2021 9:00:00 PM,,Assessing,Investigating,-7886643.7154579265,5352356.756571187
LEWISTON,16,6/18/2021 8:45:00 PM,6/18/2021 8:45:00 PM,,Assessing,Investigating,-7815600.818731816,5480743.8117413875
