BgName,NumOut,EtrMin,EtrMax,Desc,Status,Cause,x,y
AUBURN,22,5/5/2021 8:45:00 AM,5/5/2021 8:45:00 AM,,Assessing,Investigating,-7817437.05594,5487576.639463525
WATERFORD,3,5/5/2021 8:45:00 AM,5/5/2021 8:45:00 AM,,Assessing,Investigating,-7872893.420647423,5504766.262266342
LEEDS,5,5/5/2021 9:00:00 AM,5/5/2021 9:00:00 AM,,Assessing,Investigating,-7802188.868286893,5499975.218372172
