BgName,NumOut,EtrMin,EtrMax,Desc,Status,Cause,x,y
ELIOT,14,7/12/2024 11:00:00 AM,7/12/2024 11:00:00 AM,,Investigating,Investigating,-7879392.291623377,5328316.743910116
APPLETON,1,7/12/2024 1:00:00 PM,7/12/2024 1:00:00 PM,,Crew Assigned,Investigating,-7717872.469204014,5512420.308367302
ELIOT,62,7/12/2024 11:00:00 AM,7/12/2024 11:00:00 AM,,Assessing,Investigating,-7879274.264996385,5328096.025470491
PORTER,16,7/12/2024 10:00:00 AM,7/12/2024 10:00:00 AM,,Crew Assigned,Investigating,-7894505.988418322,5441039.391264844
WILLIMANTIC,135,7/12/2024 10:30:00 AM,7/12/2024 10:30:00 AM,,Repairs in Progress,Investigating,-7718569.184554327,5668619.687854042
WATERVILLE,3,7/12/2024 10:15:00 AM,7/12/2024 10:15:00 AM,,Assessing,Investigating,-7754220.219935861,5549506.314832257
