BgName,NumOut,EtrMin,EtrMax,Desc,Status,Cause,x,y
"RICHMOND,BOWDOINHAM",43,6/29/2024 8:15:00 PM,6/29/2024 8:15:00 PM,,Assessing,Investigating,-7770156.851779985,5478717.256011529
"RICHMOND,BOWDOINHAM",246,6/29/2024 8:15:00 PM,6/29/2024 8:15:00 PM,,Assessing,Investigating,-7770388.262737071,5478694.7225211905
NEWRY,993,6/29/2024 7:15:00 PM,6/29/2024 7:15:00 PM,,Repairs in Progress,Investigating,-7886004.886309344,5538339.1785008805
CAPE ELIZABETH,50,6/29/2024 6:45:00 PM,6/29/2024 6:45:00 PM,,Repairs Complete,Investigating,-7820307.651679129,5400007.802391654
NEWFIELD,12,6/29/2024 7:45:00 PM,6/29/2024 7:45:00 PM,,Crew Assigned,Investigating,-7896521.583712093,5405660.685688728
