BgName,NumOut,EtrMin,EtrMax,Desc,Status,Cause,x,y
LIMINGTON,11,2/1/2024 2:30:00 PM,2/1/2024 2:30:00 PM,,Repairs in Progress,Investigating,-7868997.472259154,5424408.070107803
FALMOUTH,1,2/1/2024 3:30:00 PM,2/1/2024 3:30:00 PM,,Assessing,Investigating,-7830929.991244862,5429309.482132386
