BgName,NumOut,EtrMin,EtrMax,Desc,Status,Cause,x,y
SOUTH BRISTOL,5,7/23/2024 11:00:00 PM,7/23/2024 11:00:00 PM,,Assessing,Investigating,-7743589.442324011,5447314.565104638
NEWCASTLE,8,7/23/2024 9:30:00 PM,7/23/2024 9:30:00 PM,,Assessing,Investigating,-7740475.379731611,5473236.403455493
"JEFFERSON,WALDOBORO",27,7/23/2024 9:30:00 PM,7/23/2024 9:30:00 PM,,Assessing,Investigating,-7730509.123830334,5495979.497790411
CASCO,20,7/23/2024 10:45:00 PM,7/23/2024 10:45:00 PM,,Crew Assigned,Investigating,-7855624.672942656,5452372.964860972
FALMOUTH,51,7/24/2024 3:00:00 AM,7/24/2024 3:00:00 AM,,Assessing,System Upgrade,-7822307.851438093,5430097.709416421
