BgName,NumOut,EtrMin,EtrMax,Desc,Status,Cause,x,y
FREEPORT,15,7/18/2023 1:15:00 PM,7/18/2023 1:15:00 PM,,Assessing,Investigating,-7801077.098296327,5439879.53672843
WOOLWICH,4,7/18/2023 1:00:00 PM,7/18/2023 1:00:00 PM,,Assessing,Tree,-7772244.68223869,5461650.822804129
