BgName,NumOut,EtrMin,EtrMax,Desc,Status,Cause,x,y
LEWISTON,1,9/18/2021 8:45:00 AM,9/18/2021 8:45:00 AM,,Assessing,Investigating,-7816240.148741091,5479958.700994764
OGUNQUIT,33,9/18/2021 9:15:00 AM,9/18/2021 9:15:00 AM,,Assessing,Investigating,-7859004.399437202,5351173.231708133
