BgName,NumOut,EtrMin,EtrMax,Desc,Status,Cause,x,y
BERWICK,81,2/28/2023 3:45:00 PM,2/28/2023 3:45:00 PM,,Assessing,Investigating,-7888497.953117037,5363416.112677738
STANDISH,3,2/28/2023 4:30:00 PM,2/28/2023 4:30:00 PM,,Crew Assigned,Investigating,-7863275.327603208,5431239.820524113
