BgName,NumOut,EtrMin,EtrMax,Desc,Status,Cause,x,y
LOVELL,60,1/22/2022 9:45:00 AM,1/22/2022 9:45:00 AM,,Assessing,Investigating,-7888120.958483735,5499010.799810076
SWEDEN,85,1/22/2022 10:00:00 AM,1/22/2022 10:00:00 AM,,Assessing,Investigating,-7887042.90714011,5482165.385144162
CASCO,12,1/23/2022 8:00:00 AM,1/23/2022 8:00:00 AM,,Assessing,Equipment Interruption,-7844515.121358826,5463444.115158049
LIMERICK,166,1/22/2022 9:45:00 AM,1/22/2022 9:45:00 AM,,Assessing,Investigating,-7879690.076684127,5419681.676147785
PORTLAND,3,1/22/2022 9:15:00 AM,1/22/2022 9:15:00 AM,,Assessing,Investigating,-7823353.9874535445,5411938.568800074
"JACKMAN,LONG POND TWP",217,1/22/2022 9:00:00 AM,1/22/2022 9:00:00 AM,,Assessing,Investigating,-7818824.675635389,5719649.971544209
VASSALBORO,27,1/22/2022 10:30:00 AM,1/22/2022 10:30:00 AM,,Assessing,Investigating,-7755684.950654546,5542937.708819124
