BgName,NumOut,EtrMin,EtrMax,Desc,Status,Cause,x,y
GARDINER,23,5/18/2022 7:30:00 PM,5/18/2022 7:30:00 PM,,Assessing,Investigating,-7765298.7579009505,5493930.769411511
YARMOUTH,3,5/18/2022 6:45:00 PM,5/18/2022 6:45:00 PM,,Crew Assigned,Investigating,-7810565.326060563,5430924.578104598
LINCOLNVILLE,19,5/18/2022 6:30:00 PM,5/18/2022 6:30:00 PM,,Repairs in Progress,Tree,-7693778.378448362,5510004.527314261
RANGELEY,12,5/18/2022 6:00:00 PM,5/18/2022 6:00:00 PM,,Assessing,Investigating,-7868385.393156389,5615257.304764319
