BgName,NumOut,EtrMin,EtrMax,Desc,Status,Cause,x,y
FREEPORT,9,6/9/2021 12:30:00 PM,6/9/2021 12:30:00 PM,,Assessing,Investigating,-7798137.250732021,5446353.581768806
CUSHING,33,6/9/2021 11:15:00 AM,6/9/2021 11:15:00 AM,,Assessing,Investigating,-7707754.306748262,5468414.9147000015
WARREN,5,6/9/2021 12:15:00 PM,6/9/2021 12:15:00 PM,,Assessing,Investigating,-7712371.215828717,5486390.512039999
SHAPLEIGH,16,6/9/2021 11:30:00 AM,6/9/2021 11:30:00 AM,,Assessing,Investigating,-7882585.674712505,5392666.681754761
CUMBERLAND,7,6/9/2021 12:00:00 PM,6/9/2021 12:00:00 PM,,Assessing,Investigating,-7826785.978456517,5435162.513349006
CORNVILLE,55,6/9/2021 12:30:00 PM,6/9/2021 12:30:00 PM,,Assessing,Investigating,-7760116.390307974,5603667.173502188
WINTHROP,2,6/9/2021 12:15:00 PM,6/9/2021 12:15:00 PM,,Assessing,Investigating,-7788007.644665517,5517669.020942406
NAPLES,3,6/9/2021 11:30:00 AM,6/9/2021 11:30:00 AM,,Assessing,Investigating,-7860607.645018801,5464259.750701384
