BgName,NumOut,EtrMin,EtrMax,Desc,Status,Cause,x,y
FAYETTE,68,12/2/2021 1:30:00 PM,12/2/2021 1:30:00 PM,,Assessing,Investigating,-7797339.423990783,5530875.179155549
SANFORD,10,12/2/2021 12:15:00 PM,12/2/2021 12:15:00 PM,,Crew Assigned,Investigating,-7884002.760694445,5382350.172527681
