BgName,NumOut,EtrMin,EtrMax,Desc,Status,Cause,x,y
BOWDOINHAM,3,5/18/2023 11:30:00 AM,5/18/2023 11:30:00 AM,,Assessing,Tree,-7779999.120081154,5465886.689125215
LOVELL,34,5/18/2023 11:45:00 AM,5/18/2023 11:45:00 AM,,Crew Assigned,Investigating,-7891553.428222639,5493167.670833938
SEARSPORT,31,5/18/2023 11:00:00 AM,5/18/2023 11:00:00 AM,,Repairs in Progress,Investigating,-7676754.856465865,5536735.715843266
TURNER,1,5/18/2023 11:45:00 AM,5/18/2023 11:45:00 AM,,Crew Assigned,Investigating,-7821646.235180084,5519799.4057094585
