BgName,NumOut,EtrMin,EtrMax,Desc,Status,Cause,x,y
WEST GARDINER,52,1/4/2023 11:15:00 PM,1/4/2023 11:15:00 PM,,Assessing,Investigating,-7782343.831409684,5500106.230129851
"MT VERNON,MOUNT VERNON",30,1/4/2023 11:15:00 PM,1/4/2023 11:15:00 PM,,Assessing,Investigating,-7790543.780888025,5543228.5340877175
LOVELL,17,1/4/2023 11:00:00 PM,1/4/2023 11:00:00 PM,,Assessing,Investigating,-7893190.080702176,5492715.98879132
NORWAY,67,1/4/2023 11:00:00 PM,1/4/2023 11:00:00 PM,,Assessing,Investigating,-7861411.928388027,5500046.890945004
CORNISH,30,1/5/2023 12:15:00 AM,1/5/2023 12:15:00 AM,,Assessing,Investigating,-7881129.827338434,5433840.647226328
