BgName,NumOut,EtrMin,EtrMax,Desc,Status,Cause,x,y
NEWFIELD,6,9/9/2024 9:15:00 AM,9/9/2024 9:15:00 AM,,Investigating,Investigating,-7893750.611498284,5413540.700395632
BOOTHBAY,13,9/9/2024 8:45:00 AM,9/9/2024 8:45:00 AM,,Crew Assigned,Investigating,-7753929.742856157,5452075.216714889
WELLS,98,9/9/2024 9:00:00 AM,9/9/2024 9:00:00 AM,,Crew Assigned,Investigating,-7870269.408750938,5362244.845575961
LINCOLNVILLE,19,9/9/2024 8:30:00 AM,9/9/2024 8:30:00 AM,,Assessing,Investigating,-7693972.964881582,5514757.720759261
WATERVILLE,63,9/9/2024 8:30:00 AM,9/9/2024 8:30:00 AM,,Crew Assigned,Investigating,-7756308.940891439,5550603.923448181
WELD,47,9/9/2024 7:45:00 AM,9/9/2024 7:45:00 AM,,Crew Assigned,Investigating,-7840776.868105159,5581888.9419785915
