BgName,NumOut,EtrMin,EtrMax,Desc,Status,Cause,x,y
HERMON,4,10/2/2021 10:15:00 AM,10/2/2021 10:15:00 AM,,Assessing,Investigating,-7671058.960995026,5591570.056127687
PORTLAND,1282,10/2/2021 9:15:00 AM,10/2/2021 9:15:00 AM,,Assessing,Investigating,-7829032.717508247,5415583.8587549105
NO YARMOUTH,1,10/2/2021 10:00:00 AM,10/2/2021 10:00:00 AM,,Assessing,Investigating,-7820836.118680853,5440777.26026662
OGUNQUIT,1,10/2/2021 9:15:00 AM,10/2/2021 9:15:00 AM,,Crew Assigned,Investigating,-7857767.662149789,5347457.658755941
DOVER-FOXCROFT,3,10/2/2021 9:45:00 AM,10/2/2021 9:45:00 AM,,Assessing,Investigating,-7695336.751096159,5641655.659102238
GUILFORD,13,10/2/2021 10:00:00 AM,10/2/2021 10:00:00 AM,,Assessing,Investigating,-7724194.102768415,5651039.538816197
"OAKLAND,WATERVILLE",16,10/2/2021 9:45:00 AM,10/2/2021 9:45:00 AM,,Assessing,Investigating,-7755809.839964087,5551870.649583439
WINSLOW,1,10/2/2021 10:15:00 AM,10/2/2021 10:15:00 AM,,Assessing,Investigating,-7749968.783890655,5552018.6410788
