BgName,NumOut,EtrMin,EtrMax,Desc,Status,Cause,x,y
LEVANT,1,8/14/2024 11:45:00 AM,8/14/2024 11:45:00 AM,,Assessing,Investigating,-7673177.248449348,5601718.186782125
RICHMOND,27,8/14/2024 12:00:00 PM,8/14/2024 12:00:00 PM,,Crew Assigned,Investigating,-7770384.912086124,5478053.159893186
SOUTH BERWICK,5,8/14/2024 10:45:00 AM,8/14/2024 10:45:00 AM,,Assessing,Investigating,-7882391.778451912,5340070.009751814
