BgName,NumOut,EtrMin,EtrMax,Desc,Status,Cause,x,y
LIBERTY,141,5/25/2021 9:00:00 PM,5/25/2021 9:00:00 PM,,Assessing,Investigating,-7720966.505377482,5525506.11665968
PARSONSFIELD,1,5/25/2021 8:15:00 PM,5/25/2021 8:15:00 PM,,Assessing,Investigating,-7886922.370403128,5424043.839463545
WATERBORO,76,5/25/2021 9:00:00 PM,5/25/2021 9:00:00 PM,,Assessing,Investigating,-7872821.029607996,5409801.064428694
DAYTON,3,5/25/2021 9:00:00 PM,5/25/2021 9:00:00 PM,,Assessing,Investigating,-7855033.922616764,5400822.899520232
NEW PORTLAND,1,5/25/2021 9:30:00 PM,5/25/2021 9:30:00 PM,,Assessing,Investigating,-7793404.00161266,5612284.252218681
