BgName,NumOut,EtrMin,EtrMax,Desc,Status,Cause,x,y
"NEW GLOUCESTER,POLAND,AUBURN",2974,6/9/2021 8:30:00 PM,6/9/2021 8:30:00 PM,,Assessing,Vehicle Accident,-7822101.598644763,5476029.600180674
WINDHAM,11,6/9/2021 9:00:00 PM,6/9/2021 9:00:00 PM,,Assessing,Investigating,-7833267.87863421,5427096.8768325355
BIDDEFORD,4,6/9/2021 8:30:00 PM,6/9/2021 8:30:00 PM,,Assessing,Investigating,-7841362.5311359875,5386018.129521468
