BgName,NumOut,EtrMin,EtrMax,Desc,Status,Cause,x,y
WINTHROP,8,3/1/2021 8:45:00 AM,3/1/2021 8:45:00 AM,,Assessing,Investigating,-7785867.471711085,5515302.186492122
GEORGETOWN,2,3/1/2021 9:00:00 AM,3/1/2021 9:00:00 AM,,Assessing,Investigating,-7767199.438050931,5436910.445416261
