BgName,NumOut,EtrMin,EtrMax,Desc,Status,Cause,x,y
SIDNEY,35,6/13/2022 8:30:00 AM,6/13/2022 8:30:00 AM,,Assessing,Investigating,-7762757.745820073,5535832.668920575
ST GEORGE,9,6/13/2022 12:00:00 PM,6/13/2022 12:00:00 PM,,Assessing,Investigating,-7710835.96426422,5454298.500458181
WELLS,26,6/13/2022 8:30:00 AM,6/13/2022 8:30:00 AM,,Assessing,Tree,-7865550.241595873,5358223.743982485
