BgName,NumOut,EtrMin,EtrMax,Desc,Status,Cause,x,y
BOOTHBAY,4,2/8/2024 12:30:00 PM,2/8/2024 12:30:00 PM,,Assessing,Investigating,-7746256.067324484,5450082.771498183
SOUTH BRISTOL,6,2/8/2024 1:00:00 PM,2/8/2024 1:00:00 PM,,Assessing,System Upgrade,-7742559.659114998,5452201.497402348
CHELSEA,7,2/8/2024 11:00:00 AM,2/8/2024 11:00:00 AM,,Assessing,Investigating,-7766198.085869534,5505826.414615124
PITTSTON,69,2/8/2024 11:00:00 AM,2/8/2024 11:00:00 AM,,Assessing,Investigating,-7758673.222227964,5491076.911223378
RAYMOND,25,2/8/2024 12:30:00 PM,2/8/2024 12:30:00 PM,,Crew Assigned,Investigating,-7849268.17414776,5445235.33564129
GORHAM,30,2/8/2024 11:15:00 AM,2/8/2024 11:15:00 AM,,Assessing,Investigating,-7839316.590171221,5409120.3265709765
LEBANON,23,2/8/2024 11:15:00 AM,2/8/2024 11:15:00 AM,,Crew Assigned,Investigating,-7895432.044207841,5365223.194782856
ETNA,94,2/8/2024 12:00:00 PM,2/8/2024 12:00:00 PM,,Assessing,Investigating,-7698093.210963866,5592762.372652498
