BgName,NumOut,EtrMin,EtrMax,Desc,Status,Cause,x,y
SOUTHPORT,3,3/2/2022 10:00:00 AM,3/2/2022 10:00:00 AM,,Assessing,Investigating,-7754351.910859592,5432633.680278727
HARPSWELL,34,3/2/2022 8:30:00 AM,3/2/2022 8:30:00 AM,,Assessing,Investigating,-7780729.9770519035,5432078.54116349
WARREN,1,3/2/2022 6:30:00 AM,3/2/2022 6:30:00 AM,,Assessing,Investigating,-7714468.3860429665,5483727.477314209
