BgName,NumOut,EtrMin,EtrMax,Desc,Status,Cause,x,y
RAYMOND,46,9/13/2024 9:00:00 AM,9/13/2024 9:00:00 AM,,Crew Assigned,Investigating,-7849538.6360210795,5444426.666567879
NORTH BERWICK,3,9/13/2024 9:30:00 AM,9/13/2024 9:30:00 AM,,Crew Assigned,Investigating,-7881863.68987382,5360007.051115206
"VIENNA,CHESTERVILLE",82,9/13/2024 8:30:00 AM,9/13/2024 8:30:00 AM,,Assessing,Tree,-7795664.043356325,5554207.003106596
