BgName,NumOut,EtrMin,EtrMax,Desc,Status,Cause,x,y
"WALDOBORO,FRIENDSHIP,WARREN",527,7/15/2021 7:00:00 AM,7/15/2021 7:00:00 AM,,Assessing,Investigating,-7715218.089411656,5483756.535928554
NORWAY,1,7/15/2021 8:30:00 AM,7/15/2021 8:30:00 AM,,Assessing,Investigating,-7856566.079616994,5496804.384726516
AUBURN,150,7/15/2021 8:30:00 AM,7/15/2021 8:30:00 AM,,Assessing,Investigating,-7817408.324375946,5483393.2957892055
WATERBORO,1,7/15/2021 8:00:00 AM,7/15/2021 8:00:00 AM,,Crew Assigned,Investigating,-7872676.692727526,5407983.716872994
