BgName,NumOut,EtrMin,EtrMax,Desc,Status,Cause,x,y
BRUNSWICK,16,1/4/2024 11:15:00 AM,1/4/2024 11:15:00 AM,,Assessing,Investigating,-7789205.442361311,5443430.15257349
THORNDIKE,1,1/4/2024 10:00:00 AM,1/4/2024 10:00:00 AM,,Repairs in Progress,Investigating,-7708041.043540832,5554086.743537017
"CAPE ELIZABETH,SOUTH PORTLAND",11,1/4/2024 11:15:00 AM,1/4/2024 11:15:00 AM,,Assessing,Investigating,-7817795.88323556,5408960.443542199
