BgName,NumOut,EtrMin,EtrMax,Desc,Status,Cause,x,y
HEBRON,2,7/5/2022 8:15:00 PM,7/5/2022 8:15:00 PM,,Assessing,Investigating,-7838996.902891651,5495775.352716461
LYMAN,1,7/5/2022 6:45:00 PM,7/5/2022 6:45:00 PM,,Crew Assigned,Investigating,-7860569.718461241,5382986.168018804
