BgName,NumOut,EtrMin,EtrMax,Desc,Status,Cause,x,y
MT VERNON,2,6/5/2023 12:30:00 PM,6/5/2023 12:30:00 PM,,Assessing,Investigating,-7784811.584079015,5545250.459265951
"LIVERMR FL,LIVERMORE FALLS,LEEDS,WAYNE",409,6/5/2023 12:15:00 PM,6/5/2023 12:15:00 PM,,Assessing,Investigating,-7810217.864488565,5535018.671597441
BUCKSPORT,25,6/5/2023 11:15:00 AM,6/5/2023 11:15:00 AM,,Repairs in Progress,Investigating,-7658090.518542962,5555725.447771273
NEW PORTLAND,3,6/5/2023 11:15:00 AM,6/5/2023 11:15:00 AM,,Assessing,Investigating,-7807224.1049715765,5610259.285945249
