BgName,NumOut,EtrMin,EtrMax,Desc,Status,Cause,x,y
ALFRED,56,3/15/2021 3:00:00 PM,3/15/2021 3:00:00 PM,,Assessing,Investigating,-7870399.006831799,5382877.180034742
WARREN,2,3/15/2021 2:00:00 PM,3/15/2021 2:00:00 PM,,Assessing,Investigating,-7712554.380976175,5490583.077424434
NO BERWICK,1,3/15/2021 3:00:00 PM,3/15/2021 3:00:00 PM,,Crew Assigned,Investigating,-7877108.499792255,5364242.602011246
