BgName,NumOut,EtrMin,EtrMax,Desc,Status,Cause,x,y
"OXFORD,POLAND",61,8/18/2024 10:30:00 AM,8/18/2024 10:30:00 AM,,Assessing,Investigating,-7846098.017660055,5477343.648330082
AUBURN,1167,8/18/2024 10:30:00 AM,8/18/2024 10:30:00 AM,,Repairs in Progress,Vehicle Accident,-7817399.051495259,5481054.721936277
CORINNA,12,8/18/2024 12:30:00 PM,8/18/2024 12:30:00 PM,,Assessing,Investigating,-7704232.636752554,5617887.910034696
