BgName,NumOut,EtrMin,EtrMax,Desc,Status,Cause,x,y
FRANKFORT,29,8/22/2023 7:30:00 PM,8/22/2023 7:30:00 PM,,Assessing,Investigating,-7676581.554259646,5553548.345300034
MONSON,6,8/22/2023 8:15:00 PM,8/22/2023 8:15:00 PM,,Assessing,Investigating,-7736318.120013763,5666213.208028193
