BgName,NumOut,EtrMin,EtrMax,Desc,Status,Cause,x,y
CUMBERLAND,10,6/15/2023 2:45:00 AM,6/15/2023 2:45:00 AM,,Assessing,Lightning,-7826083.4411887545,5434415.526092602
"BELFAST,NORTHPORT",1781,6/15/2023 3:15:00 AM,6/15/2023 3:15:00 AM,,Assessing,Investigating,-7683375.672255089,5532189.980904115
"CARRABASSETT VAL,CARRABASSETT VALLEY",12,6/15/2023 3:15:00 AM,6/15/2023 3:15:00 AM,,Assessing,Investigating,-7820068.882484733,5633484.28721103
CUMBERLAND,4,6/15/2023 3:45:00 AM,6/15/2023 3:45:00 AM,,Assessing,Investigating,-7825949.189898775,5437541.5513552055
