BgName,NumOut,EtrMin,EtrMax,Desc,Status,Cause,x,y
HARPSWELL,3,2/16/2024 1:00:00 PM,2/16/2024 1:00:00 PM,,Crew Assigned,Investigating,-7787138.317281619,5431619.815635671
WALDOBORO,1,2/16/2024 12:30:00 PM,2/16/2024 12:30:00 PM,,Assessing,Investigating,-7725506.782170566,5476633.138101162
OLD ORCHARD BEACH,7,2/16/2024 1:00:00 PM,2/16/2024 1:00:00 PM,,Crew Assigned,Investigating,-7835140.016431947,5392375.122023386
