BgName,NumOut,EtrMin,EtrMax,Desc,Status,Cause,x,y
SIDNEY,1,2/2/2023 10:15:00 PM,2/2/2023 10:15:00 PM,,Assessing,System Upgrade,-7762205.890636033,5542036.371713128
NEW GLOUCESTER,2,2/2/2023 5:15:00 PM,2/2/2023 5:15:00 PM,,Assessing,Equipment Interruption,-7823916.1174398875,5463695.5827612765
