BgName,NumOut,EtrMin,EtrMax,Desc,Status,Cause,x,y
POLAND,33,4/20/2024 8:30:00 PM,4/20/2024 8:30:00 PM,,Assessing,Investigating,-7841821.167364419,5476968.793343955
TURNER,256,4/20/2024 8:15:00 PM,4/20/2024 8:15:00 PM,,Assessing,Investigating,-7822292.800989602,5507204.194920981
"BUCKSPORT,ELLSWORTH,ORLAND,VERONA",2063,4/20/2024 8:15:00 PM,4/20/2024 8:15:00 PM,,Repairs in Progress,Investigating,-7659485.407476028,5554888.774744366
"CASTINE,PENOBSCOT,BUCKSPORT,ORLAND",4366,4/20/2024 7:45:00 PM,4/20/2024 7:45:00 PM,,Crew Assigned,Investigating,-7659486.041986341,5554890.1655449495
LEVANT,1,4/20/2024 8:15:00 PM,4/20/2024 8:15:00 PM,,Assessing,Investigating,-7682071.69799807,5610344.538254558
SANGERVILLE,18,4/20/2024 8:45:00 PM,4/20/2024 8:45:00 PM,,Assessing,Investigating,-7719739.475256935,5644937.23376173
ALFRED,1,4/20/2024 8:15:00 PM,4/20/2024 8:15:00 PM,,Crew Assigned,Investigating,-7875012.030963175,5386155.262247719
HARPSWELL,6,4/20/2024 8:30:00 PM,4/20/2024 8:30:00 PM,,Assessing,Investigating,-7791726.63956007,5424887.483203665
