BgName,NumOut,EtrMin,EtrMax,Desc,Status,Cause,x,y
BOOTHBAY,16,7/29/2023 11:00:00 AM,7/29/2023 11:00:00 AM,,Assessing,Investigating,-7756721.847226737,5448806.493504523
BOOTHBAY,3,7/29/2023 12:00:00 PM,7/29/2023 12:00:00 PM,,Assessing,Equipment Interruption,-7755534.769531634,5450545.028852714
WAYNE,48,7/29/2023 11:45:00 AM,7/29/2023 11:45:00 AM,,Assessing,Investigating,-7798883.2582633365,5518144.397722568
FALMOUTH,127,7/29/2023 11:15:00 AM,7/29/2023 11:15:00 AM,,Assessing,Investigating,-7822473.550432759,5425505.270494699
MERCER,30,7/29/2023 10:45:00 AM,7/29/2023 10:45:00 AM,,Assessing,Investigating,-7779933.541768354,5567540.86627889
