BgName,NumOut,EtrMin,EtrMax,Desc,Status,Cause,x,y
YARMOUTH,16,4/18/2024 6:45:00 PM,4/18/2024 6:45:00 PM,,Assessing,Investigating,-7807602.257200768,5429440.722769142
DAMARISCOTTA,50,4/18/2024 7:00:00 PM,4/18/2024 7:00:00 PM,,Assessing,System Upgrade,-7739801.952551658,5469475.991768941
