BgName,NumOut,EtrMin,EtrMax,Desc,Status,Cause,x,y
HARPSWELL,10,6/4/2023 10:45:00 AM,6/4/2023 10:45:00 AM,,Assessing,Investigating,-7788217.070010419,5431188.479500173
CASCO,32,6/4/2023 9:30:00 AM,6/4/2023 9:30:00 AM,,Assessing,Investigating,-7849980.162495695,5466571.093451543
WILTON,37,6/4/2023 10:00:00 AM,6/4/2023 10:00:00 AM,,Assessing,Investigating,-7814995.429918612,5560125.7822318105
