BgName,NumOut,EtrMin,EtrMax,Desc,Status,Cause,x,y
JEFFERSON,2,1/1/2023 11:00:00 PM,1/1/2023 11:00:00 PM,,Assessing,Tree,-7738659.090955046,5497083.929164756
GEORGETOWN,3,1/1/2023 11:00:00 PM,1/1/2023 11:00:00 PM,,Assessing,Investigating,-7763638.973225664,5445055.724874066
TOPSHAM,7,1/1/2023 11:30:00 PM,1/1/2023 11:30:00 PM,,Assessing,Investigating,-7785018.337833162,5460299.0846218765
