BgName,NumOut,EtrMin,EtrMax,Desc,Status,Cause,x,y
LOVELL,13,4/27/2021 12:00:00 PM,4/27/2021 12:00:00 PM,,Assessing,Tree,-7891665.103939994,5493344.0191921685
DURHAM,2,4/27/2021 2:15:00 AM,4/27/2021 2:15:00 AM,,Assessing,Investigating,-7810045.853627969,5454539.315567398
