BgName,NumOut,EtrMin,EtrMax,Desc,Status,Cause,x,y
WATERBORO,13,3/8/2024 2:15:00 PM,3/8/2024 2:15:00 PM,,Crew Assigned,Investigating,-7871915.812847094,5409652.982740572
BELGRADE,45,3/8/2024 12:00:00 PM,3/8/2024 12:00:00 PM,,Repairs in Progress,Tree,-7773969.522141198,5540416.046663963
