BgName,NumOut,EtrMin,EtrMax,Desc,Status,Cause,x,y
TURNER,1,5/21/2024 5:15:00 AM,5/21/2024 5:15:00 AM,,Repairs in Progress,Investigating,-7821797.473786812,5495510.970816443
GORHAM,49,5/21/2024 4:45:00 AM,5/21/2024 4:45:00 AM,,Repairs in Progress,Investigating,-7835718.621761912,5415639.022602269
