BgName,NumOut,EtrMin,EtrMax,Desc,Status,Cause,x,y
BRISTOL,11,3/23/2023 11:00:00 AM,3/23/2023 11:00:00 AM,,Assessing,Investigating,-7737258.313229666,5446803.126791264
O O BEACH,13,3/23/2023 10:45:00 AM,3/23/2023 10:45:00 AM,,Assessing,Investigating,-7834423.163438197,5391962.194351782
O O BEACH,121,3/23/2023 10:45:00 AM,3/23/2023 10:45:00 AM,,Assessing,Investigating,-7834928.476019293,5390674.876985734
