BgName,NumOut,EtrMin,EtrMax,Desc,Status,Cause,x,y
"WAYNE,TOPSHAM",629,9/10/2021 3:00:00 PM,9/10/2021 3:00:00 PM,,Assessing,Investigating,-7795356.924046187,5518504.3981117355
FRYEBURG,25,9/10/2021 3:30:00 PM,9/10/2021 3:30:00 PM,,Assessing,Investigating,-7889387.206607571,5475891.1395055745
TOPSHAM,8,9/10/2021 3:15:00 PM,9/10/2021 3:15:00 PM,,Assessing,Equipment Interruption,-7788378.627969334,5458895.492627422
