BgName,NumOut,EtrMin,EtrMax,Desc,Status,Cause,x,y
HARPSWELL,7,7/16/2022 10:00:00 AM,7/16/2022 10:00:00 AM,,Assessing,Investigating,-7783993.218845597,5433894.408978792
STANDISH,24,7/16/2022 8:00:00 AM,7/16/2022 8:00:00 AM,,Assessing,Investigating,-7851860.270716063,5427151.678091829
