BgName,NumOut,EtrMin,EtrMax,Desc,Status,Cause,x,y
NEW GLOUCESTER,14,8/22/2023 12:30:00 PM,8/22/2023 12:30:00 PM,,Investigating,Investigating,-7824309.1289035175,5463102.963696066
WALDOBORO,41,8/22/2023 11:45:00 AM,8/22/2023 11:45:00 AM,,Assessing,Investigating,-7727217.172797578,5490679.567042331
GEORGETOWN,4,8/22/2023 10:30:00 AM,8/22/2023 10:30:00 AM,,Assessing,Investigating,-7761672.302901816,5437061.83467988
READFIELD,3,8/22/2023 11:30:00 AM,8/22/2023 11:30:00 AM,,Assessing,Investigating,-7786598.90762995,5519795.965321954
STANDISH,6,8/22/2023 12:15:00 PM,8/22/2023 12:15:00 PM,,Assessing,Investigating,-7851278.069861027,5428917.466900452
