BgName,NumOut,EtrMin,EtrMax,Desc,Status,Cause,x,y
DAMARISCOTTA,3,3/21/2023 3:45:00 PM,3/21/2023 3:45:00 PM,,Assessing,Investigating,-7732331.334836645,5471178.244360004
WATERVILLE,1342,3/21/2023 2:30:00 PM,3/21/2023 2:30:00 PM,,Assessing,Investigating,-7752461.906360656,5550709.125698243
