BgName,NumOut,EtrMin,EtrMax,Desc,Status,Cause,x,y
PHIPPSBURG,12,9/8/2024 6:30:00 PM,9/8/2024 6:30:00 PM,,Repairs in Progress,Tree,-7770371.653944066,5443304.625313848
AUGUSTA,129,9/8/2024 6:15:00 PM,9/8/2024 6:15:00 PM,,Repairs in Progress,Investigating,-7765145.081365035,5512569.978158032
NOBLEBORO,60,9/8/2024 6:15:00 PM,9/8/2024 6:15:00 PM,,Repairs in Progress,Tree,-7736996.924012894,5482344.932609935
POLAND,42,9/8/2024 7:00:00 PM,9/8/2024 7:00:00 PM,,Crew Assigned,Investigating,-7839681.272821658,5474455.48177727
KENNEBUNKPORT,7,9/8/2024 5:45:00 PM,9/8/2024 5:45:00 PM,,Crew Assigned,Investigating,-7837021.605309864,5373675.33972532
