BgName,NumOut,EtrMin,EtrMax,Desc,Status,Cause,x,y
"SCARBOROUGH,SACO",138,7/24/2023 3:00:00 AM,7/24/2023 3:00:00 AM,,Assessing,Investigating,-7837969.590949141,5400005.389912183
PORTLAND,3,7/24/2023 2:00:00 AM,7/24/2023 2:00:00 AM,,Assessing,Investigating,-7821781.354742062,5412371.883623057
