BgName,NumOut,EtrMin,EtrMax,Desc,Status,Cause,x,y
"WEST BATH,NEWPORT,BRUNSWICK",1252,3/26/2021 10:45:00 AM,3/26/2021 10:45:00 AM,,Assessing,Investigating,-7773973.9971508235,5450483.089247924
STETSON,18,3/26/2021 10:45:00 AM,3/26/2021 10:45:00 AM,,Assessing,Investigating,-7698626.141862779,5599477.997309853
