BgName,NumOut,EtrMin,EtrMax,Desc,Status,Cause,x,y
NORWAY,129,9/8/2023 2:15:00 PM,9/8/2023 2:15:00 PM,,Assessing,Investigating,-7861963.382823443,5500265.966466817
CASCO,10,9/8/2023 1:45:00 PM,9/8/2023 1:45:00 PM,,Assessing,Investigating,-7850232.935667084,5452207.802136383
SO PORTLAND,19,9/8/2023 1:15:00 PM,9/8/2023 1:15:00 PM,,Assessing,Investigating,-7825509.2440936705,5408265.1724414015
