BgName,NumOut,EtrMin,EtrMax,Desc,Status,Cause,x,y
UNION,3,8/5/2021 10:00:00 AM,8/5/2021 10:00:00 AM,,Assessing,Investigating,-7713855.182581516,5498994.848315419
WOOLWICH,1,8/5/2021 10:00:00 AM,8/5/2021 10:00:00 AM,,Assessing,Investigating,-7770103.028826931,5455912.545136039
BIDDEFORD,1,Assessing,Assessing,,Assessing,Investigating,-7852066.144985654,5388100.44108899
FARMINGTON,20,8/5/2021 10:45:00 AM,8/5/2021 10:45:00 AM,,Assessing,Investigating,-7809229.481025236,5569682.052978091
LEBANON,2,8/5/2021 11:15:00 AM,8/5/2021 11:15:00 AM,,Assessing,Investigating,-7897285.513707019,5368957.40580991
