BgName,NumOut,EtrMin,EtrMax,Desc,Status,Cause,x,y
BRISTOL,9,1/30/2024 2:15:00 PM,1/30/2024 2:15:00 PM,,Crew Assigned,Investigating,-7734168.5406291345,5449427.045658362
OTISFIELD,105,1/30/2024 2:15:00 PM,1/30/2024 2:15:00 PM,,Crew Assigned,Investigating,-7847198.121390616,5473346.991091246
