BgName,NumOut,EtrMin,EtrMax,Desc,Status,Cause,x,y
PORTLAND,54,1/9/2023 2:00:00 PM,1/9/2023 2:00:00 PM,,Investigating,Investigating,-7821516.499044675,5410947.05968154
BRUNSWICK,7,1/9/2023 1:00:00 PM,1/9/2023 1:00:00 PM,,Assessing,Investigating,-7784053.843512952,5443397.439029373
PORTLAND,6,1/9/2023 2:00:00 PM,1/9/2023 2:00:00 PM,,Assessing,System Upgrade,-7821596.46416304,5411056.339385733
DENMARK,1,1/9/2023 1:30:00 PM,1/9/2023 1:30:00 PM,,Crew Assigned,Investigating,-7878358.250247485,5459510.122521926
