BgName,NumOut,EtrMin,EtrMax,Desc,Status,Cause,x,y
FAIRFIELD,5,4/3/2021 4:15:00 PM,4/3/2021 4:15:00 PM,,Assessing,Investigating,-7755439.157196714,5561253.683604444
DAVIS,1,4/4/2021 10:00:00 AM,4/4/2021 10:00:00 AM,,Assessing,Investigating,-7878988.352026056,5632653.664605257
HARRISON,2,4/3/2021 4:15:00 PM,4/3/2021 4:15:00 PM,,Assessing,Investigating,-7865886.938517192,5475392.49968129
