BgName,NumOut,EtrMin,EtrMax,Desc,Status,Cause,x,y
ROCKPORT,6,4/3/2023 3:15:00 PM,4/3/2023 3:15:00 PM,,Assessing,Investigating,-7690663.570021027,5488686.557954843
"JEFFERSON,WHITEFIELD",66,4/3/2023 3:30:00 PM,4/3/2023 3:30:00 PM,,Assessing,Investigating,-7740749.370455369,5498590.683644261
BROWNFIELD,51,4/3/2023 2:45:00 PM,4/3/2023 2:45:00 PM,,Assessing,Tree,-7898801.896648698,5455266.667575592
LITCHFIELD,37,4/3/2023 3:00:00 PM,4/3/2023 3:00:00 PM,,Assessing,Tree,-7787826.305161806,5494252.978822799
GORHAM,15,4/3/2023 3:30:00 PM,4/3/2023 3:30:00 PM,,Crew Assigned,Investigating,-7842709.5191455195,5428098.54607036
SCARBOROUGH,149,4/3/2023 3:15:00 PM,4/3/2023 3:15:00 PM,,Crew Assigned,Investigating,-7827933.047863632,5399939.947397362
