BgName,NumOut,EtrMin,EtrMax,Desc,Status,Cause,x,y
WINTHROP,8,3/1/2021 10:00:00 AM,3/1/2021 10:00:00 AM,,Assessing,Investigating,-7785867.471711085,5515302.186492122
"YARMOUTH,NO YARMOUTH,POWNAL,FREEPORT",328,3/1/2021 10:15:00 AM,3/1/2021 10:15:00 AM,,Crew Assigned,Investigating,-7813734.046440583,5438514.082767266
PORTLAND,133,3/1/2021 10:15:00 AM,3/1/2021 10:15:00 AM,,Assessing,Investigating,-7823122.88814534,5410347.342817956
