BgName,NumOut,EtrMin,EtrMax,Desc,Status,Cause,x,y
PITTSFIELD,33,7/5/2021 5:15:00 PM,7/5/2021 5:15:00 PM,,Assessing,Investigating,-7727719.368389309,5587499.744684659
GRAY,4,7/5/2021 4:45:00 PM,7/5/2021 4:45:00 PM,,Assessing,Investigating,-7828287.366712132,5450524.665536876
BALDWIN,1,7/5/2021 4:00:00 PM,7/5/2021 4:00:00 PM,,Assessing,Investigating,-7870747.325563355,5441126.7647405155
WEST GARDINER,2,7/5/2021 5:00:00 PM,7/5/2021 5:00:00 PM,,Assessing,Investigating,-7780509.096883699,5500751.204196915
