BgName,NumOut,EtrMin,EtrMax,Desc,Status,Cause,x,y
WATERVILLE,53,5/31/2024 8:15:00 AM,5/31/2024 8:15:00 AM,,Investigating,Investigating,-7756308.938688973,5550603.926398166
HARPSWELL,168,5/31/2024 9:00:00 AM,5/31/2024 9:00:00 AM,,Crew Assigned,Investigating,-7791716.810056257,5432373.068148437
CAPE ELIZABETH,6,5/31/2024 9:15:00 AM,5/31/2024 9:15:00 AM,,Crew Assigned,Investigating,-7817034.713931132,5402058.205688825
WATERVILLE,10,5/31/2024 8:15:00 AM,5/31/2024 8:15:00 AM,,Crew Assigned,Investigating,-7755454.296644837,5550854.114786825
