BgName,NumOut,EtrMin,EtrMax,Desc,Status,Cause,x,y
FREEPORT,1,8/19/2023 11:45:00 AM,8/19/2023 11:45:00 AM,,Assessing,Investigating,-7804764.300399877,5435257.127009747
CAPE ELIZABETH,60,8/19/2023 12:30:00 PM,8/19/2023 12:30:00 PM,,Assessing,Investigating,-7818868.101349075,5404491.648528407
PORTLAND,2,8/19/2023 12:15:00 PM,8/19/2023 12:15:00 PM,,Assessing,Investigating,-7823968.615710008,5412230.838239426
