BgName,NumOut,EtrMin,EtrMax,Desc,Status,Cause,x,y
AUBURN,72,5/5/2021 7:30:00 AM,5/5/2021 7:30:00 AM,,Assessing,Investigating,-7817512.085332986,5487833.051307956
WATERFORD,3,5/5/2021 8:45:00 AM,5/5/2021 8:45:00 AM,,Assessing,Investigating,-7872893.420647423,5504766.262266342
"WATERFORD,LOVELL,STONEHAM,ALBANY",1133,5/5/2021 7:30:00 AM,5/5/2021 7:30:00 AM,,Assessing,Investigating,-7872941.154383798,5504890.410945896
