BgName,NumOut,EtrMin,EtrMax,Desc,Status,Cause,x,y
AUBURN,35,4/11/2023 11:00:00 AM,4/11/2023 11:00:00 AM,,Crew Assigned,Investigating,-7817511.48415999,5479213.751805309
 ,1,4/11/2023 11:15:00 AM,4/11/2023 11:15:00 AM,,Crew Assigned,Investigating,-7858214.109032645,5359514.354788458
