BgName,NumOut,EtrMin,EtrMax,Desc,Status,Cause,x,y
BOOTHBAY,9,2/6/2024 1:30:00 PM,2/6/2024 1:30:00 PM,,Assessing,Investigating,-7750339.255121219,5455660.486620408
TOPSHAM,1,2/6/2024 3:00:00 PM,2/6/2024 3:00:00 PM,,Crew Assigned,Investigating,-7788526.07062662,5464535.890295523
