BgName,NumOut,EtrMin,EtrMax,Desc,Status,Cause,x,y
SANFORD,21,6/8/2023 9:30:00 AM,6/8/2023 9:30:00 AM,,Investigating,Investigating,-7878117.822996948,5377977.786244387
WATERVILLE,10,6/8/2023 9:30:00 AM,6/8/2023 9:30:00 AM,,Investigating,Investigating,-7750212.140220193,5554013.574592224
WATERVILLE,10,6/8/2023 9:30:00 AM,6/8/2023 9:30:00 AM,,Investigating,Investigating,-7750274.622667279,5553460.975832584
WATERVILLE,22,6/8/2023 9:30:00 AM,6/8/2023 9:30:00 AM,,Investigating,Investigating,-7749998.124136109,5554158.759737868
FAIRFIELD,47,6/8/2023 9:30:00 AM,6/8/2023 9:30:00 AM,,Investigating,Investigating,-7748728.315626532,5555647.54036487
WATERVILLE,10,6/8/2023 9:30:00 AM,6/8/2023 9:30:00 AM,,Investigating,Investigating,-7750373.800393537,5553480.535058374
SABATTUS,2,6/8/2023 9:00:00 AM,6/8/2023 9:00:00 AM,,Crew Assigned,Investigating,-7801153.129510814,5479894.53227544
FAIRFIELD,413,6/8/2023 9:30:00 AM,6/8/2023 9:30:00 AM,,Assessing,Investigating,-7748379.764935307,5555895.226690926
LEWISTON,25,6/8/2023 8:30:00 AM,6/8/2023 8:30:00 AM,,Assessing,Investigating,-7814490.2397745745,5478131.06112167
