BgName,NumOut,EtrMin,EtrMax,Desc,Status,Cause,x,y
"DENMARK,FRYEBURG,BRIDGTON,SWEDEN",1411,5/1/2021 1:00:00 PM,5/1/2021 1:00:00 PM,,Assessing,Investigating,-7883586.403596134,5475790.947606834
ACTON,188,5/1/2021 12:15:00 PM,5/1/2021 12:15:00 PM,,Assessing,Investigating,-7894323.647093102,5399046.386284467
YARMOUTH,1,5/1/2021 12:45:00 PM,5/1/2021 12:45:00 PM,,Crew Assigned,Investigating,-7810839.372346519,5430748.498990719
SO BERWICK,2,5/1/2021 1:15:00 PM,5/1/2021 1:15:00 PM,,Assessing,Investigating,-7880891.581329734,5344824.617223347
LEBANON,22,5/1/2021 1:15:00 PM,5/1/2021 1:15:00 PM,,Assessing,Investigating,-7895432.044207841,5365223.194782856
JACKSON,26,5/1/2021 1:00:00 PM,5/1/2021 1:00:00 PM,,Assessing,Investigating,-7698132.395429607,5563054.193737116
"NEW SHARON,INDUSTRY",102,5/1/2021 1:45:00 PM,5/1/2021 1:45:00 PM,,Assessing,Investigating,-7793884.267354627,5565012.854603814
PORTER,1,5/1/2021 12:45:00 PM,5/1/2021 12:45:00 PM,,Crew Assigned,Investigating,-7891631.207093569,5441007.025726163
