BgName,NumOut,EtrMin,EtrMax,Desc,Status,Cause,x,y
GRAY,8,7/4/2023 5:15:00 PM,7/4/2023 5:15:00 PM,,Investigating,Investigating,-7827936.177967683,5442315.434878857
WESTBROOK,207,7/4/2023 4:00:00 PM,7/4/2023 4:00:00 PM,,Assessing,Equipment Interruption,-7835341.538128972,5412417.334827684
NORTHPORT,94,7/4/2023 6:00:00 PM,7/4/2023 6:00:00 PM,,Assessing,Investigating,-7678062.615559889,5524664.958000398
