BgName,NumOut,EtrMin,EtrMax,Desc,Status,Cause,x,y
HIRAM,1,9/27/2021 6:00:00 AM,9/27/2021 6:00:00 AM,,Crew Assigned,Investigating,-7888271.573792701,5441222.581780572
FAIRFIELD,1,9/27/2021 5:30:00 AM,9/27/2021 5:30:00 AM,,Assessing,Investigating,-7756822.246220163,5561460.97385204
ELIOT,1,9/27/2021 3:00:00 PM,9/27/2021 3:00:00 PM,,Crew Assigned,Investigating,-7883635.250578752,5335677.033129553
