BgName,NumOut,EtrMin,EtrMax,Desc,Status,Cause,x,y
PHIPPSBURG,6,7/22/2023 8:15:00 AM,7/22/2023 8:15:00 AM,,Assessing,Investigating,-7770189.557492978,5443088.202358328
SACO,25,7/22/2023 8:00:00 AM,7/22/2023 8:00:00 AM,,Crew Assigned,Vehicle Accident,-7847817.848154692,5398159.88589997
