BgName,NumOut,EtrMin,EtrMax,Desc,Status,Cause,x,y
STONEHAM,7,9/23/2022 3:30:00 PM,9/23/2022 3:30:00 PM,,Investigating,Investigating,-7887031.196330234,5507833.879979886
"DAMARISCOTTA,NOBLEBORO,BREMEN",740,9/23/2022 3:00:00 PM,9/23/2022 3:00:00 PM,,Assessing,Vehicle Accident,-7737862.522121988,5471164.24590077
ST GEORGE,19,9/23/2022 3:00:00 PM,9/23/2022 3:00:00 PM,,Assessing,Tree,-7703036.185964578,5464829.121533134
FRYEBURG,114,9/23/2022 3:30:00 PM,9/23/2022 3:30:00 PM,,Assessing,Investigating,-7900483.956460281,5477271.905331265
STOW,22,9/23/2022 3:00:00 PM,9/23/2022 3:00:00 PM,,Assessing,Investigating,-7902882.724503553,5493848.418252199
"LOVELL,STONEHAM",173,9/23/2022 2:30:00 PM,9/23/2022 2:30:00 PM,,Assessing,Investigating,-7887713.150656058,5504859.606758088
"RUMFORD,HANOVER",329,9/23/2022 2:00:00 PM,9/23/2022 2:00:00 PM,,Assessing,Tree,-7861490.798180214,5544814.221468796
WEST PARIS,15,9/23/2022 3:00:00 PM,9/23/2022 3:00:00 PM,,Assessing,Investigating,-7848041.37768878,5516811.559400672
WAYNE,1,9/23/2022 3:15:00 PM,9/23/2022 3:15:00 PM,,Assessing,Investigating,-7796278.081652348,5524095.216182501
