BgName,NumOut,EtrMin,EtrMax,Desc,Status,Cause,x,y
YARMOUTH,19,8/22/2024 2:15:00 AM,8/22/2024 2:15:00 AM,,Assessing,Investigating,-7807997.908920074,5428732.640358436
WESTBROOK,82,8/22/2024 2:00:00 AM,8/22/2024 2:00:00 AM,,Repairs in Progress,Investigating,-7835397.142175908,5412481.127044073
