BgName,NumOut,EtrMin,EtrMax,Desc,Status,Cause,x,y
WOOLWICH,1,9/14/2023 7:45:00 PM,9/14/2023 7:45:00 PM,,Assessing,Investigating,-7762236.191757163,5458538.338272186
CASTINE,1,9/14/2023 7:45:00 PM,9/14/2023 7:45:00 PM,,Assessing,Investigating,-7659150.803297469,5528363.679019791
