BgName,NumOut,EtrMin,EtrMax,Desc,Status,Cause,x,y
READFIELD,12,2/17/2022 2:30:00 PM,2/17/2022 2:30:00 PM,,Assessing,Investigating,-7788557.484993986,5523944.59403698
LIVERMORE,6,2/17/2022 4:30:00 PM,2/17/2022 4:30:00 PM,,Assessing,Investigating,-7814929.517631932,5537889.451787392
CUMBERLAND,45,2/17/2022 3:30:00 PM,2/17/2022 3:30:00 PM,,Assessing,Investigating,-7821455.912219681,5431263.641193584
KITTERY,30,2/17/2022 3:45:00 PM,2/17/2022 3:45:00 PM,,Repairs in Progress,Investigating,-7870290.492653687,5327443.097345437
