BgName,NumOut,EtrMin,EtrMax,Desc,Status,Cause,x,y
MADISON,10,9/13/2022 4:45:00 PM,9/13/2022 4:45:00 PM,,Assessing,Investigating,-7768970.876218686,5597484.442858991
LIMERICK,1,9/13/2022 5:15:00 PM,9/13/2022 5:15:00 PM,,Assessing,Investigating,-7876446.304586131,5413286.291494281
HARRISON,1,9/13/2022 4:45:00 PM,9/13/2022 4:45:00 PM,,Repairs in Progress,Investigating,-7860431.047823951,5472045.548361004
