BgName,NumOut,EtrMin,EtrMax,Desc,Status,Cause,x,y
CASCO,8,8/27/2024 1:30:00 PM,8/27/2024 1:30:00 PM,,Investigating,Investigating,-7851896.145376585,5465252.404191623
DAMARISCOTTA,10,8/27/2024 1:15:00 PM,8/27/2024 1:15:00 PM,,Crew Assigned,Investigating,-7739720.366418619,5469019.06651027
PALERMO,9,8/27/2024 1:30:00 PM,8/27/2024 1:30:00 PM,,Crew Assigned,Investigating,-7730545.536493132,5519034.7666112
YARMOUTH,26,8/27/2024 12:00:00 PM,8/27/2024 12:00:00 PM,,Crew Assigned,Investigating,-7809838.231701934,5431171.026601014
SEBAGO,5,8/27/2024 12:00:00 PM,8/27/2024 12:00:00 PM,,Assessing,Investigating,-7862885.464464028,5442993.662737254
WINSLOW,17,8/27/2024 1:15:00 PM,8/27/2024 1:15:00 PM,,Assessing,Investigating,-7748209.512943703,5552270.902298863
"BELGRADE,NEW SHARON,ROME",1433,8/27/2024 12:45:00 PM,8/27/2024 12:45:00 PM,,Assessing,Investigating,-7773965.748416635,5538547.491461668
GORHAM,9298,8/27/2024 1:30:00 PM,8/27/2024 1:30:00 PM,,Crew Assigned,Investigating,-7840180.429411326,5408278.64491795
WASHINGTON,4,8/27/2024 12:00:00 PM,8/27/2024 12:00:00 PM,,Assessing,Investigating,-7722914.251416204,5508613.49726166
