BgName,NumOut,EtrMin,EtrMax,Desc,Status,Cause,x,y
NORWAY,17,8/27/2023 8:00:00 PM,8/27/2023 8:00:00 PM,,Assessing,Investigating,-7860992.721399354,5501288.35742678
"SUMNER,BUCKFIELD,HARTFORD,HARTLAND,TURNER,HEBRON",1342,8/27/2023 7:00:00 PM,8/27/2023 7:00:00 PM,,Assessing,Investigating,-7822281.067954853,5507192.535487395
ELIOT,3,8/27/2023 8:00:00 PM,8/27/2023 8:00:00 PM,,Assessing,Investigating,-7880977.586810085,5335700.151718531
