BgName,NumOut,EtrMin,EtrMax,Desc,Status,Cause,x,y
BOWDOIN,4,6/17/2024 7:30:00 PM,6/17/2024 7:30:00 PM,,Assessing,Investigating,-7785707.839608105,5472864.658969853
HARTFORD,6,6/17/2024 6:45:00 PM,6/17/2024 6:45:00 PM,,Assessing,Investigating,-7829576.312845657,5532972.8575126715
CUMBERLAND,8,6/17/2024 6:00:00 PM,6/17/2024 6:00:00 PM,,Crew Assigned,Investigating,-7814776.92090483,5426120.094495998
WATERFORD,2,6/17/2024 7:00:00 PM,6/17/2024 7:00:00 PM,,Crew Assigned,Investigating,-7870735.525653743,5491948.599336252
