BgName,NumOut,EtrMin,EtrMax,Desc,Status,Cause,x,y
PEAKS IS,8,8/27/2022 12:00:00 PM,8/27/2022 12:00:00 PM,,Assessing,Tree,-7813898.465402294,5413831.252535286
PEAKS IS,8,8/27/2022 12:00:00 PM,8/27/2022 12:00:00 PM,,Assessing,Tree,-7814404.779804906,5412427.751431916
SEARSPORT,47,8/27/2022 12:15:00 PM,8/27/2022 12:15:00 PM,,Assessing,Investigating,-7671372.314183792,5536772.944410389
