BgName,NumOut,EtrMin,EtrMax,Desc,Status,Cause,x,y
RAYMOND,29,2/16/2024 7:30:00 PM,2/16/2024 7:30:00 PM,,Investigating,Investigating,-7847527.900567748,5455597.643235716
RAYMOND,5,2/16/2024 7:30:00 PM,2/16/2024 7:30:00 PM,,Investigating,Investigating,-7844736.471453096,5457586.321523325
CASCO,69,2/16/2024 7:30:00 PM,2/16/2024 7:30:00 PM,,Investigating,Investigating,-7845420.18715072,5463417.576387573
RAYMOND,22,2/16/2024 7:30:00 PM,2/16/2024 7:30:00 PM,,Investigating,Investigating,-7843147.65832817,5456571.245372393
CASCO,5,2/16/2024 7:30:00 PM,2/16/2024 7:30:00 PM,,Investigating,Investigating,-7849227.40020264,5460909.551160233
CASCO,13,2/16/2024 7:30:00 PM,2/16/2024 7:30:00 PM,,Investigating,Investigating,-7848423.34268625,5458895.328938503
