BgName,NumOut,EtrMin,EtrMax,Desc,Status,Cause,x,y
YARMOUTH,8,5/26/2023 10:30:00 AM,5/26/2023 10:30:00 AM,,Assessing,Investigating,-7808055.171723935,5428616.653558419
GRAY,1,5/27/2023 12:00:00 AM,5/27/2023 12:00:00 AM,,Assessing,Investigating,-7828803.232407095,5447316.480229758
KENNEBUNKPORT,3,5/26/2023 8:30:00 AM,5/26/2023 8:30:00 AM,,Assessing,Investigating,-7842583.093616225,5367438.389935037
