BgName,NumOut,EtrMin,EtrMax,Desc,Status,Cause,x,y
ROME,12,10/7/2021 1:15:00 PM,10/7/2021 1:15:00 PM,,Assessing,Investigating,-7783821.98725737,5555213.395145518
SO PORTLAND,24,10/7/2021 1:45:00 PM,10/7/2021 1:45:00 PM,,Assessing,Investigating,-7821231.547750915,5407216.935597618
CORNISH,1,10/7/2021 2:15:00 PM,10/7/2021 2:15:00 PM,,Crew Assigned,Investigating,-7883327.6970825605,5424774.949822571
THOMASTON,4,10/7/2021 2:00:00 PM,10/7/2021 2:00:00 PM,,Assessing,Investigating,-7701383.3810028555,5476972.837476407
