BgName,NumOut,EtrMin,EtrMax,Desc,Status,Cause,x,y
GORHAM,24,9/13/2023 4:00:00 AM,9/13/2023 4:00:00 AM,,Assessing,Investigating,-7842862.9731322955,5418515.1593395015
"CARMEL,ETNA,NEWBURGH,DIXMONT",175,9/13/2023 3:00:00 AM,9/13/2023 3:00:00 AM,,Assessing,Investigating,-7688829.169569027,5582911.764995898
DIXMONT,7,9/13/2023 3:00:00 AM,9/13/2023 3:00:00 AM,,Assessing,Investigating,-7691991.867607229,5581111.963794287
"DIXMONT,NEWBURGH",162,9/13/2023 3:00:00 AM,9/13/2023 3:00:00 AM,,Assessing,Investigating,-7692156.041594706,5580874.5718590515
EMBDEN,31,9/13/2023 4:30:00 AM,9/13/2023 4:30:00 AM,,Assessing,Investigating,-7784841.061478009,5607571.548243118
OAKLAND,35,9/13/2023 5:00:00 AM,9/13/2023 5:00:00 AM,,Assessing,Investigating,-7766754.54971282,5557519.656794201
