BgName,NumOut,EtrMin,EtrMax,Desc,Status,Cause,x,y
NEW GLOUCESTER,174,10/8/2021 3:45:00 AM,10/8/2021 3:45:00 AM,,Assessing,Investigating,-7833101.08861818,5463758.911104672
LEBANON,20,10/8/2021 3:30:00 AM,10/8/2021 3:30:00 AM,,Assessing,Investigating,-7899443.174838905,5368998.4789654175
