BgName,NumOut,EtrMin,EtrMax,Desc,Status,Cause,x,y
BETHEL,1,12/6/2021 9:00:00 AM,12/6/2021 9:00:00 AM,,Assessing,Investigating,-7882457.623963833,5522722.701873925
BERWICK,1,12/6/2021 10:30:00 AM,12/6/2021 10:30:00 AM,,Crew Assigned,Investigating,-7888800.94250386,5359675.422084911
