BgName,NumOut,EtrMin,EtrMax,Desc,Status,Cause,x,y
FRYEBURG,23,9/30/2022 5:15:00 PM,9/30/2022 5:15:00 PM,,Investigating,Investigating,-7899833.353130886,5470854.372264837
FRYEBURG,12,9/30/2022 5:15:00 PM,9/30/2022 5:15:00 PM,,Investigating,Investigating,-7899271.685662315,5467997.3991866615
FRYEBURG,47,9/30/2022 5:15:00 PM,9/30/2022 5:15:00 PM,,Investigating,Investigating,-7899104.248521847,5472168.650879406
FRYEBURG,21,9/30/2022 5:15:00 PM,9/30/2022 5:15:00 PM,,Investigating,Investigating,-7900510.951079883,5468109.348402648
FRYEBURG,15,9/30/2022 5:15:00 PM,9/30/2022 5:15:00 PM,,Investigating,Investigating,-7898991.44023662,5467867.794336232
LITCHFIELD,12,9/30/2022 5:15:00 PM,9/30/2022 5:15:00 PM,,Assessing,Investigating,-7789059.5692610955,5484313.503124941
OGUNQUIT,24,9/30/2022 4:45:00 PM,9/30/2022 4:45:00 PM,,Assessing,Investigating,-7858745.626148871,5349090.486451416
