BgName,NumOut,EtrMin,EtrMax,Desc,Status,Cause,x,y
CASCO,249,4/30/2024 9:45:00 AM,4/30/2024 9:45:00 AM,,Repairs in Progress,Vehicle Accident,-7847533.838715311,5456824.666862973
YARMOUTH,21,4/30/2024 12:00:00 PM,4/30/2024 12:00:00 PM,,Repairs in Progress,Equipment Interruption,-7811597.424661581,5435281.436081754
STANDISH,4,4/30/2024 1:00:00 PM,4/30/2024 1:00:00 PM,,Repairs in Progress,System Upgrade,-7855506.117623812,5425015.933889142
STANDISH,4,4/30/2024 1:00:00 PM,4/30/2024 1:00:00 PM,,Repairs in Progress,System Upgrade,-7855404.649934008,5425130.257406877
STANDISH,3,4/30/2024 1:00:00 PM,4/30/2024 1:00:00 PM,,Repairs in Progress,System Upgrade,-7855293.664389281,5425135.496093827
