BgName,NumOut,EtrMin,EtrMax,Desc,Status,Cause,x,y
POLAND,35,9/20/2024 12:30:00 PM,9/20/2024 12:30:00 PM,,Assessing,Investigating,-7837547.055534404,5473303.7781924
"CANTON,HARTFORD",16,9/20/2024 12:45:00 PM,9/20/2024 12:45:00 PM,,Assessing,Investigating,-7824283.393894005,5530214.015377326
FARMINGTON,35,9/20/2024 12:30:00 PM,9/20/2024 12:30:00 PM,,Assessing,Investigating,-7809943.350679228,5568806.028366008
