BgName,NumOut,EtrMin,EtrMax,Desc,Status,Cause,x,y
PARIS,1,7/11/2022 9:00:00 AM,7/11/2022 9:00:00 AM,,Assessing,Investigating,-7847353.746107458,5503400.332937092
RUMFORD,582,7/11/2022 8:30:00 AM,7/11/2022 8:30:00 AM,,Assessing,Investigating,-7854586.663224335,5551212.629699129
"MEXICO,RUMFORD",1917,7/11/2022 8:30:00 AM,7/11/2022 8:30:00 AM,,Assessing,Investigating,-7853004.278896234,5548965.64226367
SCARBOROUGH,8,7/11/2022 7:45:00 AM,7/11/2022 7:45:00 AM,,Assessing,Investigating,-7821446.405477193,5401083.160513983
ROME,21,7/11/2022 9:15:00 AM,7/11/2022 9:15:00 AM,,Assessing,Investigating,-7778694.878625014,5554258.835775921
