BgName,NumOut,EtrMin,EtrMax,Desc,Status,Cause,x,y
OAKLAND,218,1/1/2022 2:30:00 AM,1/1/2022 2:30:00 AM,,Assessing,Vehicle Accident,-7762071.472259006,5549809.829629022
OAKLAND,10,1/1/2022 2:30:00 AM,1/1/2022 2:30:00 AM,,Assessing,Vehicle Accident,-7762819.817607434,5549644.33460723
