BgName,NumOut,EtrMin,EtrMax,Desc,Status,Cause,x,y
RAYMOND,42,7/18/2022 7:00:00 PM,7/18/2022 7:00:00 PM,,Assessing,Investigating,-7835313.819598975,5457906.269844125
PARIS,47,7/18/2022 6:45:00 PM,7/18/2022 6:45:00 PM,,Crew Assigned,Investigating,-7850126.803655733,5494523.767021285
PARSONSFIELD,81,7/18/2022 7:15:00 PM,7/18/2022 7:15:00 PM,,Assessing,Investigating,-7890293.369527667,5428145.816403036
