BgName,NumOut,EtrMin,EtrMax,Desc,Status,Cause,x,y
WAYNE,2,6/17/2023 5:00:00 AM,6/17/2023 5:00:00 AM,,Assessing,Investigating,-7804466.643182249,5523506.681232663
ACTON,438,6/17/2023 5:00:00 AM,6/17/2023 5:00:00 AM,,Assessing,Investigating,-7893999.8855525255,5396239.487940212
