BgName,NumOut,EtrMin,EtrMax,Desc,Status,Cause,x,y
BRISTOL,12,8/14/2021 9:00:00 AM,8/14/2021 9:00:00 AM,,Assessing,Investigating,-7731760.911566238,5455277.828372383
ARROWSIC,1,8/14/2021 9:15:00 AM,8/14/2021 9:15:00 AM,,Assessing,Investigating,-7770044.5861021895,5447372.421282532
GRAY,102,8/14/2021 9:45:00 AM,8/14/2021 9:45:00 AM,,Assessing,Investigating,-7831920.512100933,5446866.045391118
PORTLAND,58,8/14/2021 10:15:00 AM,8/14/2021 10:15:00 AM,,Assessing,Investigating,-7824547.699775896,5421550.149898019
PORTLAND,192,8/14/2021 10:15:00 AM,8/14/2021 10:15:00 AM,,Assessing,Investigating,-7824547.16537765,5421552.737406512
SCARBOROUGH,29,8/14/2021 9:45:00 AM,8/14/2021 9:45:00 AM,,Assessing,Investigating,-7828407.703124853,5402369.359590721
TEMPLE,9,8/14/2021 9:00:00 AM,8/14/2021 9:00:00 AM,,Assessing,Investigating,-7819915.617809885,5568388.487649918
HALLOWELL,14,8/14/2021 9:00:00 AM,8/14/2021 9:00:00 AM,,Assessing,Investigating,-7769660.912391873,5508894.398100505
