BgName,NumOut,EtrMin,EtrMax,Desc,Status,Cause,x,y
AUGUSTA,72,11/5/2021 4:45:00 PM,11/5/2021 4:45:00 PM,,Assessing,Investigating,-7767378.250525712,5515188.958976053
SO BRISTOL,12,11/5/2021 7:00:00 PM,11/5/2021 7:00:00 PM,,Assessing,Equipment Interruption,-7740987.037515959,5463818.557344067
 ,2,11/5/2021 5:15:00 PM,11/5/2021 5:15:00 PM,,Assessing,Investigating,-7818820.835136076,5455139.64928454
LINCOLNVILLE,1,11/5/2021 4:30:00 PM,11/5/2021 4:30:00 PM,,Crew Assigned,Investigating,-7693293.82700869,5508336.709775516
