BgName,NumOut,EtrMin,EtrMax,Desc,Status,Cause,x,y
ROCKPORT,23,8/16/2024 11:00:00 AM,8/16/2024 11:00:00 AM,,Crew Assigned,Investigating,-7691781.440340713,5485268.480369982
DOVER-FOXCROFT,5,8/16/2024 11:15:00 AM,8/16/2024 11:15:00 AM,,Crew Assigned,Investigating,-7706887.07230734,5646830.209857751
RANGELEY,19,8/16/2024 11:15:00 AM,8/16/2024 11:15:00 AM,,Assessing,Investigating,-7870232.417240134,5615360.302821394
