BgName,NumOut,EtrMin,EtrMax,Desc,Status,Cause,x,y
"BREMEN,BREMAN",57,1/22/2023 10:30:00 PM,1/22/2023 10:30:00 PM,,Assessing,Investigating,-7728549.900843542,5465994.866837636
BREMEN,7,1/22/2023 10:45:00 PM,1/22/2023 10:45:00 PM,,Assessing,Investigating,-7726435.89918703,5464707.464213371
SO BERWICK,6,1/22/2023 11:15:00 PM,1/22/2023 11:15:00 PM,,Assessing,Investigating,-7871304.52412914,5348238.9379975265
SO BERWICK,15,1/22/2023 10:45:00 PM,1/22/2023 10:45:00 PM,,Assessing,Investigating,-7882607.315238372,5341658.26902411
SO BERWICK,30,1/22/2023 11:00:00 PM,1/22/2023 11:00:00 PM,,Assessing,Investigating,-7882623.133746684,5341212.807147996
