BgName,NumOut,EtrMin,EtrMax,Desc,Status,Cause,x,y
PHIPPSBURG,17,12/8/2021 11:45:00 AM,12/8/2021 11:45:00 AM,,Assessing,Investigating,-7772631.840349677,5443486.888332649
CHESTERVILLE,7,12/8/2021 11:30:00 AM,12/8/2021 11:30:00 AM,,Assessing,Investigating,-7802250.12746456,5546069.68117026
WELD,21,12/8/2021 11:30:00 AM,12/8/2021 11:30:00 AM,,Assessing,Investigating,-7839787.972568577,5574025.7815741785
LOVELL,3,12/8/2021 11:00:00 AM,12/8/2021 11:00:00 AM,,Assessing,Investigating,-7893274.3384259725,5493043.106895984
CORNISH,4,12/8/2021 12:00:00 PM,12/8/2021 12:00:00 PM,,Assessing,Investigating,-7878886.739574201,5433929.109175228
