BgName,NumOut,EtrMin,EtrMax,Desc,Status,Cause,x,y
NEWCASTLE,2,3/10/2023 11:15:00 AM,3/10/2023 11:15:00 AM,,Assessing,Investigating,-7743354.669503429,5469605.763160947
DENMARK,17,3/10/2023 12:00:00 PM,3/10/2023 12:00:00 PM,,Repairs in Progress,Investigating,-7878427.557835087,5457643.34852489
