BgName,NumOut,EtrMin,EtrMax,Desc,Status,Cause,x,y
LOVELL,13,4/27/2021 2:00:00 PM,4/27/2021 2:00:00 PM,,Assessing,Tree,-7891746.166787231,5493374.101710672
"MOOSE RIVER,DENNISTOWN,LONG POND TWP,JACKMAN,EAST MOXIE,THE FORKS PLT,MOXIE GORE,PARLIN POND,WEST FORKS PLACE,WEST FORKS PLT,JOHNSON MT",296,4/27/2021 2:45:00 PM,4/27/2021 2:45:00 PM,,Assessing,Investigating,-7777309.6188715,5694096.510058552
"MOOSE RIVER,DENNISTOWN,LONG POND TWP,JACKMAN,PARLIN POND,JOHNSON MT,WEST FORKS",654,4/27/2021 2:45:00 PM,4/27/2021 2:45:00 PM,,Assessing,Investigating,-7797909.056876379,5688593.7394147
JACKMAN,64,4/27/2021 2:45:00 PM,4/27/2021 2:45:00 PM,,Assessing,Investigating,-7820519.047329726,5720349.686234381
WEST GARDINER,1,4/27/2021 2:30:00 PM,4/27/2021 2:30:00 PM,,Assessing,Investigating,-7773409.707546852,5495362.076879479
LIVERMORE,2,4/27/2021 1:30:00 PM,4/27/2021 1:30:00 PM,,Assessing,Investigating,-7819913.747616264,5525193.114697315
FRYEBURG,1,4/27/2021 2:30:00 PM,4/27/2021 2:30:00 PM,,Assessing,Investigating,-7899021.173822405,5473120.752477004
