BgName,NumOut,EtrMin,EtrMax,Desc,Status,Cause,x,y
AUGUSTA,4,2/15/2023 12:15:00 PM,2/15/2023 12:15:00 PM,,Assessing,Investigating,-7761744.849815744,5523557.825535379
LINCOLNVILLE,3,2/15/2023 12:15:00 PM,2/15/2023 12:15:00 PM,,Assessing,Investigating,-7695398.154935771,5508259.592709357
AVON,2,2/15/2023 1:45:00 PM,2/15/2023 1:45:00 PM,,Assessing,Investigating,-7828220.8755774535,5591463.908182624
SEARSPORT,5,2/15/2023 12:30:00 PM,2/15/2023 12:30:00 PM,,Assessing,Investigating,-7676288.98443719,5537104.826822504
