BgName,NumOut,EtrMin,EtrMax,Desc,Status,Cause,x,y
FREEPORT,37,6/21/2021 9:00:00 AM,6/21/2021 9:00:00 AM,,Assessing,Investigating,-7808631.528336529,5439061.724519238
FARMINGDALE,5,6/21/2021 10:00:00 AM,6/21/2021 10:00:00 AM,,Assessing,Investigating,-7769371.481683555,5503040.5545335505
"READFIELD,MT VERNON",48,6/21/2021 9:30:00 AM,6/21/2021 9:30:00 AM,,Assessing,Investigating,-7792767.387744012,5530515.095299431
"LITCHFIELD,SABATTUS",28,6/21/2021 10:15:00 AM,6/21/2021 10:15:00 AM,,Assessing,Investigating,-7794553.419949325,5486286.9637143
WINTERPORT,40,6/21/2021 9:15:00 AM,6/21/2021 9:15:00 AM,,Crew Assigned,Investigating,-7664603.488001715,5563670.7427317025
HARTFORD,7,6/21/2021 9:00:00 AM,6/21/2021 9:00:00 AM,,Assessing,Investigating,-7829108.459298733,5530768.273090996
