BgName,NumOut,EtrMin,EtrMax,Desc,Status,Cause,x,y
ARUNDEL,39,8/24/2021 6:00:00 AM,8/24/2021 6:00:00 AM,,Crew Assigned,Investigating,-7847190.907915364,5374309.928674088
ELIOT,36,8/24/2021 6:00:00 AM,8/24/2021 6:00:00 AM,,Crew Assigned,Investigating,-7881421.117027823,5337349.31119979
LINCOLNVILLE,64,8/24/2021 5:30:00 AM,8/24/2021 5:30:00 AM,,Assessing,Investigating,-7692755.073992109,5510846.964079212
"LINCOLNVILLE,CAMDEN",240,8/24/2021 5:30:00 AM,8/24/2021 5:30:00 AM,,Assessing,Investigating,-7686140.124770312,5508850.970370735
NO BERWICK,1,8/24/2021 4:30:00 AM,8/24/2021 4:30:00 AM,,Crew Assigned,Investigating,-7879028.983611802,5369725.055299973
WELLS,2,8/24/2021 9:15:00 AM,8/24/2021 9:15:00 AM,,Crew Assigned,Investigating,-7858158.070799656,5355155.426721447
