BgName,NumOut,EtrMin,EtrMax,Desc,Status,Cause,x,y
BRUNSWICK,19,8/20/2024 3:30:00 AM,8/20/2024 3:30:00 AM,,Assessing,Investigating,-7794426.426684469,5439246.588474398
FALMOUTH,3,8/20/2024 2:45:00 AM,8/20/2024 2:45:00 AM,,Repairs in Progress,Investigating,-7827606.280658314,5423606.741603211
