BgName,NumOut,EtrMin,EtrMax,Desc,Status,Cause,x,y
CAMDEN,20,9/1/2022 5:30:00 PM,9/1/2022 5:30:00 PM,,Assessing,Investigating,-7691737.836527654,5498085.790252256
LISBON,178,9/1/2022 6:00:00 PM,9/1/2022 6:00:00 PM,,Assessing,Investigating,-7802742.048253977,5468461.479362689
"DRESDEN,WOOLWICH",633,9/1/2022 5:45:00 PM,9/1/2022 5:45:00 PM,,Assessing,Investigating,-7763254.408918358,5484903.536513059
"POWNAL,DURHAM",63,9/1/2022 6:30:00 PM,9/1/2022 6:30:00 PM,,Assessing,Tree,-7813744.343567889,5455856.4748122245
KENNEBUNKPORT,2,9/1/2022 6:15:00 PM,9/1/2022 6:15:00 PM,,Assessing,Investigating,-7844728.932713725,5375511.146522456
O O BEACH,5,9/1/2022 6:45:00 PM,9/1/2022 6:45:00 PM,,Assessing,Investigating,-7833329.360461128,5391990.842040432
EMBDEN,4,9/1/2022 4:30:00 PM,9/1/2022 4:30:00 PM,,Assessing,Investigating,-7785686.265856988,5614980.551058015
