BgName,NumOut,EtrMin,EtrMax,Desc,Status,Cause,x,y
BELGRADE,1,9/14/2022 9:00:00 PM,9/14/2022 9:00:00 PM,,Assessing,Investigating,-7776513.751323512,5533259.077240622
BIDDEFORD,29,9/15/2022 12:45:00 AM,9/15/2022 12:45:00 AM,,Assessing,Investigating,-7846394.1053206185,5385343.940430529
"GORHAM,WESTBROOK",192,9/15/2022 12:45:00 AM,9/15/2022 12:45:00 AM,,Assessing,Investigating,-7835371.683475713,5416890.473025862
NEWPORT,3,9/14/2022 8:45:00 PM,9/14/2022 8:45:00 PM,,Assessing,Investigating,-7705071.328941344,5599977.102445844
