BgName,NumOut,EtrMin,EtrMax,Desc,Status,Cause,x,y
HARPSWELL,1494,3/31/2024 10:00:00 AM,3/31/2024 10:00:00 AM,,Repairs in Progress,Investigating,-7788432.873895892,5438009.227475137
"NOBLEBORO,DAMARISCOTTA",72,3/31/2024 10:00:00 AM,3/31/2024 10:00:00 AM,,Crew Assigned,Investigating,-7735107.275612598,5472300.271645415
