BgName,NumOut,EtrMin,EtrMax,Desc,Status,Cause,x,y
BOOTHBAY,2,Assessing,Assessing,,Assessing,Investigating,-7746480.665554944,5449662.34150455
BOOTHBAY,5,Assessing,Assessing,,Assessing,Investigating,-7753383.8989015,5445910.127618344
BRISTOL,4,7/30/2023 8:45:00 AM,7/30/2023 8:45:00 AM,,Assessing,Investigating,-7738715.140300478,5443618.5471248
AUGUSTA,30,7/30/2023 8:30:00 AM,7/30/2023 8:30:00 AM,,Assessing,Investigating,-7770307.511638827,5514178.780064817
ALNA,19,Assessing,Assessing,,Assessing,Investigating,-7750004.651042772,5474425.833126397
GEORGETOWN,12,7/30/2023 9:15:00 AM,7/30/2023 9:15:00 AM,,Assessing,Investigating,-7764557.425803633,5429418.910820264
LEWISTON,1,7/30/2023 8:15:00 AM,7/30/2023 8:15:00 AM,,Assessing,Investigating,-7807705.95138305,5474066.896980199
MONMOUTH,17,7/30/2023 7:45:00 AM,7/30/2023 7:45:00 AM,,Assessing,Investigating,-7789324.565315613,5503382.99095934
