BgName,NumOut,EtrMin,EtrMax,Desc,Status,Cause,x,y
"WAYNE,READFIELD",69,1/4/2022 4:15:00 PM,1/4/2022 4:15:00 PM,,Assessing,Investigating,-7795982.606377327,5523523.220563225
LIVERMORE,25,1/4/2022 4:30:00 PM,1/4/2022 4:30:00 PM,,Assessing,Investigating,-7816638.96199964,5534247.983755468
"SKOWHEGAN,MADISON,NORRIDGEWOCK",68,1/4/2022 4:00:00 PM,1/4/2022 4:00:00 PM,,Assessing,Vehicle Accident,-7762780.521817064,5586592.0119924685
DURHAM,4,1/4/2022 4:15:00 PM,1/4/2022 4:15:00 PM,,Assessing,Investigating,-7798645.66908994,5464199.358795863
NEWFIELD,1,1/4/2022 4:45:00 PM,1/4/2022 4:45:00 PM,,Crew Assigned,Investigating,-7887276.2661780035,5412107.057995555
