BgName,NumOut,EtrMin,EtrMax,Desc,Status,Cause,x,y
GORHAM,12,6/15/2024 2:15:00 AM,6/15/2024 2:15:00 AM,,Assessing,Investigating,-7838001.717714019,5420528.27829751
GORHAM,6,6/15/2024 2:00:00 AM,6/15/2024 2:00:00 AM,,Assessing,Investigating,-7841343.517751117,5411787.929653384
"ATHENS,BRIGHTON PLT",82,6/15/2024 2:15:00 AM,6/15/2024 2:15:00 AM,,Assessing,Investigating,-7756891.4869329035,5616085.885755838
