BgName,NumOut,EtrMin,EtrMax,Desc,Status,Cause,x,y
CUMBERLAND,8,3/21/2023 7:30:00 PM,3/21/2023 7:30:00 PM,,Crew Assigned,Investigating,-7814776.92090483,5426120.094495998
CLINTON,1,3/21/2023 6:30:00 PM,3/21/2023 6:30:00 PM,,Assessing,Investigating,-7747290.960153555,5566087.2564948965
