BgName,NumOut,EtrMin,EtrMax,Desc,Status,Cause,x,y
LEBANON,18,2/1/2024 12:30:00 PM,2/1/2024 12:30:00 PM,,Crew Assigned,Investigating,-7899523.669950576,5373557.237287143
HERMON,1,2/1/2024 12:45:00 PM,2/1/2024 12:45:00 PM,,Assessing,Investigating,-7671910.621801767,5596764.214313898
