BgName,NumOut,EtrMin,EtrMax,Desc,Status,Cause,x,y
PORTLAND,21,1/18/2022 1:00:00 PM,1/18/2022 1:00:00 PM,,Assessing,Investigating,-7826126.633140753,5415098.541364929
STETSONTOWN,1,1/18/2022 2:00:00 PM,1/18/2022 2:00:00 PM,,Assessing,Investigating,-7877672.255098094,5641638.460968787
