BgName,NumOut,EtrMin,EtrMax,Desc,Status,Cause,x,y
"BOOTHBAY HBR,BOOTHBAY HARBOR",1571,7/5/2023 10:00:00 PM,7/5/2023 10:00:00 PM,,Assessing,Vehicle Accident,-7750634.496734657,5443743.492187967
BRUNSWICK,88,7/5/2023 8:45:00 PM,7/5/2023 8:45:00 PM,,Assessing,Investigating,-7791194.499045969,5450676.433383635
"GORHAM,BUXTON",245,7/5/2023 8:30:00 PM,7/5/2023 8:30:00 PM,,Assessing,Investigating,-7843712.318547027,5415346.645452756
"STANDISH,LIMINGTON",434,7/5/2023 7:45:00 PM,7/5/2023 7:45:00 PM,,Crew Assigned,Investigating,-7864794.482447941,5433490.540057978
