BgName,NumOut,EtrMin,EtrMax,Desc,Status,Cause,x,y
AUGUSTA,24,4/10/2024 8:15:00 PM,4/10/2024 8:15:00 PM,,Investigating,Investigating,-7763026.815534922,5514784.113649892
"AUGUSTA,CHELSEA,WHITEFIELD",1109,4/10/2024 8:15:00 PM,4/10/2024 8:15:00 PM,,Assessing,Investigating,-7763683.879496783,5512669.577941668
BRIDGTON,63,Assessing,Assessing,,Assessing,Investigating,-7874543.832229836,5469749.454973427
LIMERICK,1,Assessing,Assessing,,Assessing,Investigating,-7883432.860609727,5413741.982898644
LEBANON,28,Assessing,Assessing,,Assessing,Investigating,-7899484.9307833295,5365108.108302967
MADISON,3,4/10/2024 8:00:00 PM,4/10/2024 8:00:00 PM,,Assessing,Investigating,-7767673.4030394135,5594782.653534144
MADISON,20,4/10/2024 8:00:00 PM,4/10/2024 8:00:00 PM,,Assessing,Investigating,-7767673.236052477,5594777.0969997775
