BgName,NumOut,EtrMin,EtrMax,Desc,Status,Cause,x,y
SO BERWICK,4,5/11/2021 12:30:00 PM,5/11/2021 12:30:00 PM,,Assessing,Investigating,-7872362.114967893,5350199.20857835
SANFORD,6,5/11/2021 1:00:00 PM,5/11/2021 1:00:00 PM,,Assessing,Investigating,-7874749.584062356,5369477.358696619
FREEPORT,11,5/11/2021 12:15:00 PM,5/11/2021 12:15:00 PM,,Assessing,Investigating,-7803399.022515424,5443085.639757397
