BgName,NumOut,EtrMin,EtrMax,Desc,Status,Cause,x,y
BRISTOL,13,5/17/2022 10:30:00 AM,5/17/2022 10:30:00 AM,,Assessing,Investigating,-7736990.90157096,5449032.551150533
WAYNE,139,5/17/2022 10:15:00 AM,5/17/2022 10:15:00 AM,,Assessing,Investigating,-7800296.336759032,5519933.115203481
WAYNE,124,5/17/2022 10:45:00 AM,5/17/2022 10:45:00 AM,,Assessing,Investigating,-7800296.336759032,5519933.115203481
ARROWSIC,5,5/17/2022 10:45:00 AM,5/17/2022 10:45:00 AM,,Assessing,Investigating,-7768597.844621874,5440984.816055646
ACTON,9,5/17/2022 10:30:00 AM,5/17/2022 10:30:00 AM,,Crew Assigned,Investigating,-7897384.432143014,5396363.685601438
KENNEBUNK,3,5/17/2022 11:15:00 AM,5/17/2022 11:15:00 AM,,Crew Assigned,Investigating,-7846068.406711559,5367451.114116737
