BgName,NumOut,EtrMin,EtrMax,Desc,Status,Cause,x,y
NEW GLOUCESTER,4,2/27/2024 11:00:00 AM,2/27/2024 11:00:00 AM,,Crew Assigned,Investigating,-7818747.586937086,5461161.1078242585
LIVERMORE FALLS,9,2/27/2024 11:15:00 AM,2/27/2024 11:15:00 AM,,Crew Assigned,Investigating,-7813176.480563609,5539813.039118313
MONMOUTH,22,2/27/2024 10:15:00 AM,2/27/2024 10:15:00 AM,,Crew Assigned,Investigating,-7797925.721431811,5501451.672249956
MONMOUTH,1,2/27/2024 10:00:00 AM,2/27/2024 10:00:00 AM,,Crew Assigned,Investigating,-7797811.41857346,5509403.807372714
