BgName,NumOut,EtrMin,EtrMax,Desc,Status,Cause,x,y
JAY,35,6/19/2023 7:15:00 PM,6/19/2023 7:15:00 PM,,Assessing,Investigating,-7817103.787656935,5545124.698244114
MERCER,22,6/19/2023 7:00:00 PM,6/19/2023 7:00:00 PM,,Assessing,Investigating,-7787248.011580835,5571176.2543627
