BgName,NumOut,EtrMin,EtrMax,Desc,Status,Cause,x,y
LINCOLNVILLE,3,8/3/2022 11:15:00 AM,8/3/2022 11:15:00 AM,,Assessing,Investigating,-7695398.154935771,5508259.592709357
MANCHESTER,3,8/3/2022 12:15:00 PM,8/3/2022 12:15:00 PM,,Assessing,Investigating,-7774389.241103004,5515369.747115601
O O BEACH,6,8/3/2022 12:00:00 PM,8/3/2022 12:00:00 PM,,Crew Assigned,Equipment Interruption,-7837889.630135599,5389782.24007407
ISLESBORO,8,8/3/2022 10:30:00 AM,8/3/2022 10:30:00 AM,,Assessing,Investigating,-7667572.089354954,5524374.304275582
LEVANT,43,8/3/2022 12:15:00 PM,8/3/2022 12:15:00 PM,,Assessing,Investigating,-7682802.621743571,5600283.64636804
BIDDEFORD,8,8/3/2022 11:45:00 AM,8/3/2022 11:45:00 AM,,Crew Assigned,Investigating,-7843007.343350088,5385424.928314426
WESTPORT,1,8/3/2022 12:15:00 PM,8/3/2022 12:15:00 PM,,Assessing,Investigating,-7757199.040429099,5457627.237041464
