BgName,NumOut,EtrMin,EtrMax,Desc,Status,Cause,x,y
WINDHAM,8,8/20/2021 3:00:00 PM,8/20/2021 3:00:00 PM,,Assessing,Investigating,-7838617.659641091,5443691.185751564
"CAMBRIDGE,PARKMAN",22,8/20/2021 3:00:00 PM,8/20/2021 3:00:00 PM,,Assessing,Investigating,-7725819.57883632,5629942.292414811
PITTSFIELD,13,8/20/2021 3:45:00 PM,8/20/2021 3:45:00 PM,,Assessing,Investigating,-7738245.828521115,5589358.167375133
