BgName,NumOut,EtrMin,EtrMax,Desc,Status,Cause,x,y
WEST GARDINER,1,Assessing,Assessing,,Assessing,Investigating,-7777725.219122547,5497159.7872969685
JAY,5,3/17/2022 12:45:00 PM,3/17/2022 12:45:00 PM,,Assessing,Investigating,-7809545.305580613,5546255.673087474
RAYMOND,280,3/17/2022 12:30:00 PM,3/17/2022 12:30:00 PM,,Assessing,Investigating,-7844917.797341567,5450560.66440286
SO BERWICK,4,3/17/2022 1:15:00 PM,3/17/2022 1:15:00 PM,,Assessing,Investigating,-7882197.080694062,5340273.092223019
SMITHFIELD,1,3/17/2022 12:45:00 PM,3/17/2022 12:45:00 PM,,Assessing,Investigating,-7767445.075634262,5567353.452142472
CAPE ELIZABETH,3,3/17/2022 1:30:00 PM,3/17/2022 1:30:00 PM,,Assessing,Investigating,-7819395.110118353,5400340.692173358
BRUNSWICK,1,3/17/2022 12:00:00 PM,3/17/2022 12:00:00 PM,,Assessing,Investigating,-7788821.289915067,5449912.613560638
WALDOBORO,3,3/17/2022 12:30:00 PM,3/17/2022 12:30:00 PM,,Assessing,Investigating,-7724464.764965993,5478986.779536442
