BgName,NumOut,EtrMin,EtrMax,Desc,Status,Cause,x,y
NAPLES,13,11/8/2024 9:15:00 AM,11/8/2024 9:15:00 AM,,Crew Assigned,Investigating,-7860837.39731907,5455252.848074821
WATERBORO,4,11/8/2024 9:15:00 AM,11/8/2024 9:15:00 AM,,Crew Assigned,Investigating,-7869252.059861749,5407329.778133962
"PITTSFIELD,DETROIT",83,11/8/2024 8:45:00 AM,11/8/2024 8:45:00 AM,,Assessing,Investigating,-7721854.222748381,5586559.455687629
BENTON,24,11/8/2024 8:45:00 AM,11/8/2024 8:45:00 AM,,Assessing,Investigating,-7747240.187315002,5555163.807452815
