BgName,NumOut,EtrMin,EtrMax,Desc,Status,Cause,x,y
STANDISH,2,4/5/2022 3:15:00 PM,4/5/2022 3:15:00 PM,,Assessing,Investigating,-7844714.527887988,5440004.616204396
SO BERWICK,47,4/5/2022 3:00:00 PM,4/5/2022 3:00:00 PM,,Repairs in Progress,Investigating,-7881046.916522456,5345447.967770199
