BgName,NumOut,EtrMin,EtrMax,Desc,Status,Cause,x,y
FARMINGTON,65,8/10/2023 1:15:00 PM,8/10/2023 1:15:00 PM,,Assessing,Tree,-7807069.092540166,5570813.0993481595
BELGRADE,20,8/10/2023 1:30:00 PM,8/10/2023 1:30:00 PM,,Assessing,Investigating,-7778052.453851247,5552199.724244099
