BgName,NumOut,EtrMin,EtrMax,Desc,Status,Cause,x,y
WALDOBORO,9,2/25/2024 3:30:00 PM,2/25/2024 3:30:00 PM,,Crew Assigned,Investigating,-7726773.386493161,5480685.233463103
PORTLAND,1,2/25/2024 4:15:00 PM,2/25/2024 4:15:00 PM,,Assessing,Investigating,-7824133.268433407,5418882.405273519
