BgName,NumOut,EtrMin,EtrMax,Desc,Status,Cause,x,y
LINCOLNVILLE,3,8/3/2022 11:15:00 AM,8/3/2022 11:15:00 AM,,Assessing,Investigating,-7695398.154935771,5508259.592709357
WATERFORD,2,8/3/2022 11:00:00 AM,8/3/2022 11:00:00 AM,,Assessing,Investigating,-7867475.924035112,5492742.390562792
O O BEACH,6,8/3/2022 11:15:00 AM,8/3/2022 11:15:00 AM,,Crew Assigned,Equipment Interruption,-7837889.630135599,5389782.24007407
ISLESBORO,8,8/3/2022 10:30:00 AM,8/3/2022 10:30:00 AM,,Assessing,Investigating,-7667572.089354954,5524374.304275582
RUMFORD,1,8/3/2022 11:15:00 AM,8/3/2022 11:15:00 AM,,Assessing,Investigating,-7860992.966273485,5547370.252741596
