BgName,NumOut,EtrMin,EtrMax,Desc,Status,Cause,x,y
PITTSTON,2,10/3/2021 7:15:00 PM,10/3/2021 7:15:00 PM,,Assessing,Investigating,-7763840.450372819,5491416.85166635
SWANVILLE,1,10/3/2021 7:15:00 PM,10/3/2021 7:15:00 PM,,Crew Assigned,Investigating,-7685735.6231438145,5548801.005852053
