BgName,NumOut,EtrMin,EtrMax,Desc,Status,Cause,x,y
PORTLAND,3273,1/29/2022 6:00:00 AM,1/29/2022 6:00:00 AM,,Assessing,Fire/Emergency,-7820778.733439928,5412399.548211473
PORTLAND,291,1/29/2022 6:00:00 AM,1/29/2022 6:00:00 AM,,Assessing,Fire/Emergency,-7820338.253336698,5414311.794087654
YORK,21,1/29/2022 5:30:00 AM,1/29/2022 5:30:00 AM,,Repairs in Progress,Investigating,-7864910.154438998,5330754.7422763435
