BgName,NumOut,EtrMin,EtrMax,Desc,Status,Cause,x,y
WISCASSET,14,8/26/2021 1:15:00 PM,8/26/2021 1:15:00 PM,,Assessing,Investigating,-7760155.341012028,5460424.720411431
WINDHAM,185,8/26/2021 1:45:00 PM,8/26/2021 1:45:00 PM,,Assessing,Vehicle Accident,-7837278.397079952,5435826.247976337
