BgName,NumOut,EtrMin,EtrMax,Desc,Status,Cause,x,y
NOBLEBORO,7,8/10/2022 1:00:00 PM,8/10/2022 1:00:00 PM,,Assessing,Equipment Interruption,-7736944.548179838,5483923.414733562
WALDOBORO,35,8/10/2022 12:00:00 PM,8/10/2022 12:00:00 PM,,Assessing,Investigating,-7722650.435382686,5478634.700476074
BERWICK,71,8/10/2022 12:00:00 PM,8/10/2022 12:00:00 PM,,Crew Assigned,Investigating,-7887369.7300077425,5358879.444745587
FALMOUTH,4,8/10/2022 12:15:00 PM,8/10/2022 12:15:00 PM,,Crew Assigned,Investigating,-7816788.063313738,5420498.094509489
"SO PORTLAND,CAPE ELIZABETH",67,8/10/2022 12:00:00 PM,8/10/2022 12:00:00 PM,,Assessing,Investigating,-7822726.501703529,5406482.831543452
NO BERWICK,23,8/10/2022 12:00:00 PM,8/10/2022 12:00:00 PM,,Crew Assigned,Investigating,-7878902.379983132,5371688.360437786
