BgName,NumOut,EtrMin,EtrMax,Desc,Status,Cause,x,y
AUGUSTA,2,9/3/2021 9:15:00 PM,9/3/2021 9:15:00 PM,,Assessing,Investigating,-7758628.694380477,5512106.775050278
NEW GLOUCESTER,1,9/3/2021 9:00:00 PM,9/3/2021 9:00:00 PM,,Assessing,Investigating,-7829315.636026383,5463410.866153169
