BgName,NumOut,EtrMin,EtrMax,Desc,Status,Cause,x,y
SIDNEY,7,7/22/2021 10:00:00 AM,7/22/2021 10:00:00 AM,,Assessing,Investigating,-7765362.811206552,5529834.1653126655
HIRAM,15,7/22/2021 11:00:00 AM,7/22/2021 11:00:00 AM,,Crew Assigned,Investigating,-7881233.254221488,5447814.030683037
PARSONSFIELD,3,7/22/2021 12:30:00 PM,7/22/2021 12:30:00 PM,,Assessing,Investigating,-7890824.8087567,5427505.767472725
WATERBORO,118,7/22/2021 10:45:00 AM,7/22/2021 10:45:00 AM,,Crew Assigned,Investigating,-7871633.361952451,5395712.994560736
OAKLAND,12,7/22/2021 10:30:00 AM,7/22/2021 10:30:00 AM,,Assessing,Investigating,-7765727.326870052,5550290.963443769
CORINNA,2,7/22/2021 9:45:00 AM,7/22/2021 9:45:00 AM,,Assessing,Investigating,-7710157.839325279,5621017.64704084
