BgName,NumOut,EtrMin,EtrMax,Desc,Status,Cause,x,y
HARPSWELL,58,4/28/2022 12:15:00 PM,4/28/2022 12:15:00 PM,,Assessing,Investigating,-7780952.081690868,5439401.16419198
DAMARISCOTTA,214,4/28/2022 12:30:00 PM,4/28/2022 12:30:00 PM,,Assessing,Investigating,-7733663.261485467,5470439.922839909
SEARSMONT,8,4/28/2022 11:45:00 AM,4/28/2022 11:45:00 AM,,Assessing,Investigating,-7701656.759341069,5524020.47332643
CORINTH,11,4/28/2022 1:15:00 PM,4/28/2022 1:15:00 PM,,Assessing,Investigating,-7682224.639811482,5611118.339110253
