BgName,NumOut,EtrMin,EtrMax,Desc,Status,Cause,x,y
YARMOUTH,42,8/16/2024 2:45:00 PM,8/16/2024 2:45:00 PM,,Crew Assigned,Investigating,-7810671.970145169,5434586.816814724
"LINCOLNVILLE,SEARSMONT",13,8/16/2024 3:00:00 PM,8/16/2024 3:00:00 PM,,Crew Assigned,Investigating,-7695379.230650651,5515180.401254191
"DAVIS,STETSONTOWN",72,8/16/2024 3:30:00 PM,8/16/2024 3:30:00 PM,,Assessing,Investigating,-7878811.4096447835,5637435.025140223
ARROWSIC,1,8/16/2024 2:45:00 PM,8/16/2024 2:45:00 PM,,Repairs in Progress,Investigating,-7770557.8246561615,5447744.911988071
ARROWSIC,3,8/16/2024 2:45:00 PM,8/16/2024 2:45:00 PM,,Repairs in Progress,Investigating,-7770700.725428952,5447762.195467738
