BgName,NumOut,EtrMin,EtrMax,Desc,Status,Cause,x,y
NORRIDGEWOCK,81,10/1/2021 4:15:00 AM,10/1/2021 4:15:00 AM,,Assessing,Investigating,-7771554.67950293,5577576.883068374
UNITY,6,10/1/2021 3:15:00 AM,10/1/2021 3:15:00 AM,,Assessing,Investigating,-7714045.716978613,5556904.4475151645
