BgName,NumOut,EtrMin,EtrMax,Desc,Status,Cause,x,y
"NOBLEBORO,DAMARISCOTTA,BREMEN,WALDOBORO,DAMRISCOTTA",2445,5/31/2021 1:00:00 AM,5/31/2021 1:00:00 AM,,Assessing,Investigating,-7739726.366535554,5474760.292244073
WALDOBORO,2,5/31/2021 1:00:00 AM,5/31/2021 1:00:00 AM,,Assessing,Investigating,-7721466.586001575,5485659.463614567
"NO YARMOUTH,POWNAL",80,5/31/2021 12:45:00 AM,5/31/2021 12:45:00 AM,,Assessing,Investigating,-7811767.531991235,5441243.171321394
OAKLAND,2,5/31/2021 1:30:00 AM,5/31/2021 1:30:00 AM,,Assessing,Investigating,-7757243.223190268,5554478.389791841
