BgName,NumOut,EtrMin,EtrMax,Desc,Status,Cause,x,y
LEWISTON,111,12/6/2021 11:45:00 AM,12/6/2021 11:45:00 AM,,Assessing,Investigating,-7814699.564907293,5478283.270450559
"RANGELEY PLT,RANGLEY",246,12/6/2021 11:15:00 AM,12/6/2021 11:15:00 AM,,Assessing,Investigating,-7877792.869722263,5608371.363920228
