BgName,NumOut,EtrMin,EtrMax,Desc,Status,Cause,x,y
HARPSWELL,1,8/16/2021 1:45:00 AM,8/16/2021 1:45:00 AM,,Assessing,Investigating,-7780734.496611408,5433572.552294438
BROWNFIELD,13,8/16/2021 2:30:00 AM,8/16/2021 2:30:00 AM,,Assessing,Investigating,-7890668.159993475,5458395.285558402
STONEHAM,11,8/16/2021 2:45:00 AM,8/16/2021 2:45:00 AM,,Assessing,Investigating,-7883112.0044216,5498370.809650655
SCARBOROUGH,1,8/16/2021 2:45:00 AM,8/16/2021 2:45:00 AM,,Assessing,Investigating,-7836255.281935621,5403939.920735225
JACKSON,2,8/16/2021 1:30:00 AM,8/16/2021 1:30:00 AM,,Assessing,Investigating,-7692778.64037391,5561864.417551349
KENNEBUNKPORT,5,8/16/2021 2:00:00 AM,8/16/2021 2:00:00 AM,,Repairs in Progress,Investigating,-7839465.680372884,5372317.298276292
