BgName,NumOut,EtrMin,EtrMax,Desc,Status,Cause,x,y
HARPSWELL,70,9/11/2021 10:45:00 AM,9/11/2021 10:45:00 AM,,Assessing,Investigating,-7784224.607577798,5435623.543935669
DURHAM,72,9/11/2021 10:15:00 AM,9/11/2021 10:15:00 AM,,Assessing,Investigating,-7812743.002498933,5462602.608183595
WATERBORO,28,9/11/2021 11:00:00 AM,9/11/2021 11:00:00 AM,,Assessing,Investigating,-7877082.595693452,5407766.967527363
FARMINGTON,1,9/11/2021 9:30:00 AM,9/11/2021 9:30:00 AM,,Assessing,Investigating,-7808626.3409293955,5566241.988964319
SCARBOROUGH,3,9/11/2021 10:00:00 AM,9/11/2021 10:00:00 AM,,Assessing,Investigating,-7837399.70197686,5409916.0766337635
