BgName,NumOut,EtrMin,EtrMax,Desc,Status,Cause,x,y
DURHAM,2,6/26/2023 6:00:00 PM,6/26/2023 6:00:00 PM,,Assessing,Investigating,-7799070.720321053,5461879.207627034
NEWRY,4,6/26/2023 6:30:00 PM,6/26/2023 6:30:00 PM,,Assessing,Equipment Interruption,-7888834.293839602,5541926.588062378
LOVELL,17,6/26/2023 8:00:00 PM,6/26/2023 8:00:00 PM,,Crew Assigned,Investigating,-7891271.222202121,5496446.977411769
PARSONSFIELD,78,6/26/2023 5:30:00 PM,6/26/2023 5:30:00 PM,,Assessing,Investigating,-7890428.589301831,5428189.511397148
HOLLIS,2,6/26/2023 6:45:00 PM,6/26/2023 6:45:00 PM,,Assessing,Investigating,-7863557.477961413,5407602.448261177
