BgName,NumOut,EtrMin,EtrMax,Desc,Status,Cause,x,y
JEFFERSON,45,4/20/2021 1:15:00 PM,4/20/2021 1:15:00 PM,,Assessing,Vehicle Accident,-7736294.0972210225,5487085.445295725
WALDOBORO,2,4/20/2021 12:30:00 PM,4/20/2021 12:30:00 PM,,Assessing,Investigating,-7724247.3023235975,5483186.454067183
"BUXTON,SCARBOROUGH",649,4/20/2021 1:45:00 PM,4/20/2021 1:45:00 PM,,Assessing,Investigating,-7850211.8628767785,5407100.08101791
