BgName,NumOut,EtrMin,EtrMax,Desc,Status,Cause,x,y
FRYEBURG,780,6/28/2024 11:30:00 AM,6/28/2024 11:30:00 AM,,Repairs in Progress,Vehicle Accident,-7897919.990283037,5475061.735629907
"SHAPLEIGH,ACTON",101,6/28/2024 8:30:00 AM,6/28/2024 8:30:00 AM,,Crew Assigned,Investigating,-7888460.616519924,5386614.912916489
SCARBOROUGH,22,6/28/2024 9:15:00 AM,6/28/2024 9:15:00 AM,,Assessing,Investigating,-7825589.293906853,5402782.244525479
SOUTH PORTLAND,35,6/28/2024 8:30:00 AM,6/28/2024 8:30:00 AM,,Crew Assigned,Investigating,-7820832.2558565475,5409985.4354106495
BOWER BANK,34,6/28/2024 9:30:00 AM,6/28/2024 9:30:00 AM,,Assessing,Investigating,-7709662.512122489,5663532.3814383615
