BgName,NumOut,EtrMin,EtrMax,Desc,Status,Cause,x,y
PITTSTON,2,5/14/2021 5:45:00 PM,5/14/2021 5:45:00 PM,,Assessing,Investigating,-7764164.8130863905,5490766.483217061
ROXBURY,14,5/14/2021 7:00:00 PM,5/14/2021 7:00:00 PM,,Assessing,Investigating,-7865837.156387712,5567781.665355845
