BgName,NumOut,EtrMin,EtrMax,Desc,Status,Cause,x,y
FAYETTE,23,5/29/2024 3:45:00 AM,5/29/2024 3:45:00 AM,,Crew Assigned,Investigating,-7803036.98923087,5537436.721330933
PLYMOUTH,2,5/29/2024 4:00:00 AM,5/29/2024 4:00:00 AM,,Repairs in Progress,Investigating,-7705751.324073912,5579825.887253024
