BgName,NumOut,EtrMin,EtrMax,Desc,Status,Cause,x,y
LOVELL,11,8/19/2022 11:30:00 AM,8/19/2022 11:30:00 AM,,Assessing,Investigating,-7893027.921670384,5502782.410856538
RAYMOND,61,8/19/2022 10:45:00 AM,8/19/2022 10:45:00 AM,,Assessing,Investigating,-7848792.639602208,5442076.44361803
SKOWHEGAN,10,8/19/2022 10:15:00 AM,8/19/2022 10:15:00 AM,,Assessing,Tree,-7758599.094544418,5576757.242076359
HARPSWELL,1,8/19/2022 12:00:00 PM,8/19/2022 12:00:00 PM,,Crew Assigned,Investigating,-7788549.102610183,5440200.039675169
