BgName,NumOut,EtrMin,EtrMax,Desc,Status,Cause,x,y
RAYMOND,31,12/7/2021 8:00:00 PM,12/7/2021 8:00:00 PM,,Assessing,Investigating,-7840950.181423821,5462463.901105172
ROME,99,12/7/2021 8:00:00 PM,12/7/2021 8:00:00 PM,,Assessing,Investigating,-7774160.089975724,5556181.871576369
"EUSTIS,COBURN GORE",598,12/7/2021 7:30:00 PM,12/7/2021 7:30:00 PM,,Assessing,Vehicle Accident,-7842007.371513942,5645080.537148186
