BgName,NumOut,EtrMin,EtrMax,Desc,Status,Cause,x,y
CAMDEN,16,9/11/2024 8:45:00 AM,9/11/2024 8:45:00 AM,,Crew Assigned,Investigating,-7687671.803034611,5498850.992088029
LYMAN,26,9/11/2024 9:15:00 AM,9/11/2024 9:15:00 AM,,Assessing,Investigating,-7869133.092781949,5385464.9698395105
"SANFORD,ALFRED",137,9/11/2024 9:00:00 AM,9/11/2024 9:00:00 AM,,Assessing,Investigating,-7869200.196202058,5377534.322832028
