BgName,NumOut,EtrMin,EtrMax,Desc,Status,Cause,x,y
HOLLIS,7,5/16/2024 3:00:00 PM,5/16/2024 3:00:00 PM,,Repairs in Progress,Investigating,-7861588.3697083825,5402287.132111038
MADISON,12,5/16/2024 4:45:00 PM,5/16/2024 4:45:00 PM,,Crew Assigned,Investigating,-7765994.404554887,5600363.260325683
