BgName,NumOut,EtrMin,EtrMax,Desc,Status,Cause,x,y
"ST GEORGE,PORT CLYDE",918,11/6/2021 5:00:00 PM,11/6/2021 5:00:00 PM,,Assessing,Investigating,-7705207.595086889,5459934.9469964225
WISCASSET,23,11/6/2021 5:15:00 PM,11/6/2021 5:15:00 PM,,Assessing,Investigating,-7756435.600282533,5465606.748405252
SEARSMONT,2,11/6/2021 4:30:00 PM,11/6/2021 4:30:00 PM,,Assessing,Investigating,-7702382.751666006,5528903.78389835
WILTON,1,11/6/2021 4:00:00 PM,11/6/2021 4:00:00 PM,,Assessing,Investigating,-7822642.466628983,5559778.095134083
