BgName,NumOut,EtrMin,EtrMax,Desc,Status,Cause,x,y
BOOTHBAY,9,2/6/2024 1:30:00 PM,2/6/2024 1:30:00 PM,,Assessing,Investigating,-7750339.255121219,5455660.486620408
NORRIDGEWOCK,32,2/6/2024 1:00:00 PM,2/6/2024 1:00:00 PM,,Assessing,Investigating,-7762429.197520877,5573475.692144577
