BgName,NumOut,EtrMin,EtrMax,Desc,Status,Cause,x,y
"CASCO,POLAND",31,11/2/2023 12:15:00 PM,11/2/2023 12:15:00 PM,,Repairs in Progress,Investigating,-7843396.694416021,5469016.9300814625
SOUTH BERWICK,3,11/2/2023 12:00:00 PM,11/2/2023 12:00:00 PM,,Crew Assigned,Investigating,-7880131.580933858,5344280.014052071
