BgName,NumOut,EtrMin,EtrMax,Desc,Status,Cause,x,y
BOOTHBAY,336,1/25/2024 1:15:00 AM,1/25/2024 1:15:00 AM,,Assessing,Investigating,-7746893.594115121,5438950.375847274
SOUTH BRISTOL,5,1/25/2024 12:45:00 AM,1/25/2024 12:45:00 AM,,Assessing,Investigating,-7742530.460027562,5442030.676104634
YARMOUTH,1,1/25/2024 2:15:00 AM,1/25/2024 2:15:00 AM,,Assessing,Investigating,-7811009.335014233,5431662.216462434
