BgName,NumOut,EtrMin,EtrMax,Desc,Status,Cause,x,y
ELIOT,40,6/26/2021 8:45:00 PM,6/26/2021 8:45:00 PM,,Investigating,Investigating,-7883708.767278324,5336768.166731706
ELIOT,39,6/26/2021 10:00:00 PM,6/26/2021 10:00:00 PM,,Crew Assigned,Investigating,-7883620.79019082,5336977.800287809
YORK,3,6/26/2021 10:00:00 PM,6/26/2021 10:00:00 PM,,Crew Assigned,Investigating,-7864979.506576472,5337425.394866984
