BgName,NumOut,EtrMin,EtrMax,Desc,Status,Cause,x,y
HARPSWELL,6,3/7/2022 6:30:00 PM,3/7/2022 6:30:00 PM,,Assessing,Investigating,-7791430.062151251,5424842.633020535
LEWISTON,24,3/7/2022 6:30:00 PM,3/7/2022 6:30:00 PM,,Crew Assigned,Investigating,-7815632.177336761,5482408.668827075
