BgName,NumOut,EtrMin,EtrMax,Desc,Status,Cause,x,y
NOBLEBORO,27,6/24/2024 11:15:00 PM,6/24/2024 11:15:00 PM,,Crew Assigned,Investigating,-7731463.109686659,5476918.528752954
EDGECOMB,2,6/24/2024 10:45:00 PM,6/24/2024 10:45:00 PM,,Crew Assigned,Investigating,-7745713.217822023,5460371.638553573
WHITEFIELD,1,6/25/2024 12:15:00 AM,6/25/2024 12:15:00 AM,,Assessing,Investigating,-7745818.73754794,5499392.926587151
"UNION,WASHINGTON",23,6/24/2024 10:45:00 PM,6/24/2024 10:45:00 PM,,Assessing,Investigating,-7717475.05861571,5509191.929753833
WALDOBORO,2,6/25/2024 12:00:00 AM,6/25/2024 12:00:00 AM,,Assessing,Investigating,-7725320.600346033,5475521.843468806
FAYETTE,38,6/24/2024 11:00:00 PM,6/24/2024 11:00:00 PM,,Repairs in Progress,Investigating,-7796664.126517093,5540490.378019482
ROCKLAND,20,6/24/2024 11:30:00 PM,6/24/2024 11:30:00 PM,,Assessing,Investigating,-7695701.756608033,5488988.2425362645
FALMOUTH,13,6/24/2024 10:45:00 PM,6/24/2024 10:45:00 PM,,Crew Assigned,Investigating,-7821236.835470345,5420662.78211975
INDUSTRY,3,6/24/2024 11:15:00 PM,6/24/2024 11:15:00 PM,,Repairs in Progress,Tree,-7801371.582862282,5580097.727861084
