BgName,NumOut,EtrMin,EtrMax,Desc,Status,Cause,x,y
BRIDGTON,3,4/21/2024 4:30:00 PM,4/21/2024 4:30:00 PM,,Assessing,Investigating,-7869337.519831419,5461768.185735231
AUBURN,7,4/21/2024 3:15:00 PM,4/21/2024 3:15:00 PM,,Crew Assigned,Investigating,-7823871.879116516,5477944.127074082
