BgName,NumOut,EtrMin,EtrMax,Desc,Status,Cause,x,y
BRISTOL,1,Assessing,Assessing,,Assessing,Investigating,-7739231.451293944,5448544.8207862
"O O BEACH,OLD ORCHARD BEACH",66,9/10/2023 1:00:00 PM,9/10/2023 1:00:00 PM,,Assessing,Investigating,-7838318.054342643,5390657.086014888
BATH,1,9/10/2023 2:00:00 PM,9/10/2023 2:00:00 PM,,Assessing,Investigating,-7775998.130602784,5455873.665380146
BATH,1,9/10/2023 2:00:00 PM,9/10/2023 2:00:00 PM,,Assessing,Investigating,-7775910.878426796,5455817.440696104
