BgName,NumOut,EtrMin,EtrMax,Desc,Status,Cause,x,y
ALBANY,27,3/7/2023 1:00:00 AM,3/7/2023 1:00:00 AM,,Assessing,Investigating,-7873554.702931559,5508393.879562366
"ROCKWOOD,TOMHEGAN",389,3/6/2023 10:00:00 PM,3/6/2023 10:00:00 PM,,Assessing,Investigating,-7767667.302710292,5729158.614209807
