BgName,NumOut,EtrMin,EtrMax,Desc,Status,Cause,x,y
FAYETTE,6,7/27/2024 11:45:00 AM,7/27/2024 11:45:00 AM,,Repairs Complete,Investigating,-7796094.682843306,5528942.445375099
RAYMOND,21,7/27/2024 12:30:00 PM,7/27/2024 12:30:00 PM,,Assessing,Investigating,-7841068.224669412,5461831.980189146
YARMOUTH,93,7/27/2024 11:00:00 AM,7/27/2024 11:00:00 AM,,Repairs in Progress,Investigating,-7811066.363956287,5435967.546461019
