BgName,NumOut,EtrMin,EtrMax,Desc,Status,Cause,x,y
PITTSTON,48,6/26/2022 8:00:00 PM,6/26/2022 8:00:00 PM,,Assessing,Tree,-7765167.300738906,5499056.681429816
"PORTLAND,FALMOUTH",724,6/26/2022 8:00:00 PM,6/26/2022 8:00:00 PM,,Assessing,Investigating,-7821268.016076022,5417690.156433108
FALMOUTH,466,6/26/2022 8:00:00 PM,6/26/2022 8:00:00 PM,,Crew Assigned,Investigating,-7819334.9419620475,5423663.278289858
MINOT,2,6/26/2022 8:00:00 PM,6/26/2022 8:00:00 PM,,Repairs in Progress,Investigating,-7827719.247721284,5483506.254307391
