BgName,NumOut,EtrMin,EtrMax,Desc,Status,Cause,x,y
DIXFIELD,13,7/14/2024 3:45:00 PM,7/14/2024 3:45:00 PM,,Repairs in Progress,Investigating,-7843281.489848229,5548009.849089146
KENNEBUNKPORT,142,7/14/2024 3:45:00 PM,7/14/2024 3:45:00 PM,,Crew Assigned,Investigating,-7842507.941886291,5366347.26891436
PORTLAND,20,7/14/2024 5:15:00 PM,7/14/2024 5:15:00 PM,,Crew Assigned,Investigating,-7824517.866078036,5422168.407064435
"CHESTERVILLE,LANG",77,7/14/2024 4:45:00 PM,7/14/2024 4:45:00 PM,,Crew Assigned,Investigating,-7805545.440360811,5552333.628998544
