BgName,NumOut,EtrMin,EtrMax,Desc,Status,Cause,x,y
FALMOUTH,80,9/22/2021 6:00:00 PM,9/22/2021 6:00:00 PM,,Assessing,Fire/Emergency,-7827065.7132105315,5423366.472065253
WESTBROOK,12,9/22/2021 6:45:00 PM,9/22/2021 6:45:00 PM,,Assessing,Investigating,-7827812.244027642,5423234.100929674
STETSON,1,9/22/2021 7:00:00 PM,9/22/2021 7:00:00 PM,,Assessing,Investigating,-7696250.617339873,5604654.984563981
"CORINNA,EXETER",85,9/22/2021 6:00:00 PM,9/22/2021 6:00:00 PM,,Assessing,Investigating,-7708982.004916668,5616008.933688509
