BgName,NumOut,EtrMin,EtrMax,Desc,Status,Cause,x,y
SACO,7,9/23/2023 7:30:00 PM,9/23/2023 7:30:00 PM,,Investigating,Investigating,-7843722.757533134,5389852.854822032
WISCASSET,8,9/23/2023 7:30:00 PM,9/23/2023 7:30:00 PM,,Assessing,Investigating,-7756814.364797164,5473125.0116462475
