BgName,NumOut,EtrMin,EtrMax,Desc,Status,Cause,x,y
BRIDGTON,1,2/10/2023 11:30:00 PM,2/10/2023 11:30:00 PM,,Assessing,Investigating,-7871535.044589341,5463981.6234426135
HARTLAND,19,2/10/2023 11:30:00 PM,2/10/2023 11:30:00 PM,,Assessing,Investigating,-7739801.24005404,5608617.590152187
"NEW PORTLAND,NEW VINEYARD,FREEMAN",61,2/11/2023 12:15:00 AM,2/11/2023 12:15:00 AM,,Assessing,Investigating,-7803800.062066241,5603383.2176267635
"PHILLIPS,MADRID",40,2/10/2023 11:45:00 PM,2/10/2023 11:45:00 PM,,Assessing,Investigating,-7834847.045860865,5603412.032250532
NORRIDGEWOCK,2,2/10/2023 11:45:00 PM,2/10/2023 11:45:00 PM,,Assessing,Investigating,-7763600.189508547,5577561.686455015
NEW PORTLAND,3,2/10/2023 11:30:00 PM,2/10/2023 11:30:00 PM,,Assessing,Investigating,-7805702.634634721,5607680.447652901
"FREEMAN,SALEM",125,2/10/2023 11:30:00 PM,2/10/2023 11:30:00 PM,,Assessing,Investigating,-7815624.5742253205,5610032.464187511
SKOWHEGAN,1,2/10/2023 11:45:00 PM,2/10/2023 11:45:00 PM,,Assessing,Investigating,-7761844.859172987,5580549.941106239
WILTON,50,2/10/2023 11:00:00 PM,2/10/2023 11:00:00 PM,,Assessing,Investigating,-7818464.657306512,5561795.619600903
