BgName,NumOut,EtrMin,EtrMax,Desc,Status,Cause,x,y
FALMOUTH,46,3/12/2022 2:15:00 AM,3/12/2022 2:15:00 AM,,Investigating,Investigating,-7828045.80819518,5428711.59040257
FALMOUTH,17,3/12/2022 2:15:00 AM,3/12/2022 2:15:00 AM,,Assessing,Investigating,-7827470.55992334,5427702.159087316
