BgName,NumOut,EtrMin,EtrMax,Desc,Status,Cause,x,y
GORHAM,48,8/16/2021 4:00:00 PM,8/16/2021 4:00:00 PM,,Assessing,Investigating,-7843100.718180191,5419423.570003798
"BELFAST,SEARSPORT,SWANVILLE,CAMDEN",1049,8/16/2021 3:30:00 PM,8/16/2021 3:30:00 PM,,Assessing,Vehicle Accident,-7684833.879671154,5536324.15284345
BREMEN,1,8/16/2021 3:45:00 PM,8/16/2021 3:45:00 PM,,Crew Assigned,Investigating,-7732679.04128277,5468114.958950473
