BgName,NumOut,EtrMin,EtrMax,Desc,Status,Cause,x,y
WINDHAM,2,6/12/2021 12:00:00 PM,6/12/2021 12:00:00 PM,,Assessing,Investigating,-7837300.28247995,5422933.565403351
WELLS,9,6/12/2021 12:45:00 PM,6/12/2021 12:45:00 PM,,Assessing,Investigating,-7856769.337858018,5361678.563689977
