BgName,NumOut,EtrMin,EtrMax,Desc,Status,Cause,x,y
WOOLWICH,36,7/27/2021 4:00:00 AM,7/27/2021 4:00:00 AM,,Assessing,Investigating,-7762764.625421564,5453645.178640665
PLYMOUTH,1,7/27/2021 4:00:00 AM,7/27/2021 4:00:00 AM,,Assessing,Investigating,-7705893.657111143,5582567.968665031
