BgName,NumOut,EtrMin,EtrMax,Desc,Status,Cause,x,y
STANDISH,48,6/25/2021 10:30:00 AM,6/25/2021 10:30:00 AM,,Investigating,Investigating,-7864728.937572576,5422073.267977406
CLINTON,98,6/25/2021 10:30:00 AM,6/25/2021 10:30:00 AM,,Investigating,Investigating,-7745242.873286516,5568859.232791106
CLINTON,19,6/25/2021 10:30:00 AM,6/25/2021 10:30:00 AM,,Investigating,Investigating,-7742982.321271617,5565649.340892663
CLINTON; BENTON,70,6/25/2021 10:30:00 AM,6/25/2021 10:30:00 AM,,Investigating,Investigating,-7741679.355743834,5565286.821230971
VASSALBORO,77,6/25/2021 10:30:00 AM,6/25/2021 10:30:00 AM,,Assessing,Investigating,-7752402.205627615,5533462.160253583
BERWICK,40,6/25/2021 9:45:00 AM,6/25/2021 9:45:00 AM,,Crew Assigned,Investigating,-7881485.548757064,5349283.75605369
CLINTON,92,6/25/2021 9:00:00 AM,6/25/2021 9:00:00 AM,,Assessing,Investigating,-7736495.2292818595,5564644.720831668
PALMYRA,4,6/25/2021 9:15:00 AM,6/25/2021 9:15:00 AM,,Assessing,Investigating,-7720612.008529723,5601789.8334056055
