BgName,NumOut,EtrMin,EtrMax,Desc,Status,Cause,x,y
NOBLEBORO,3,5/24/2021 1:00:00 AM,5/24/2021 1:00:00 AM,,Assessing,Investigating,-7732904.7082096,5485325.90939896
WOOLWICH,14,5/24/2021 1:00:00 AM,5/24/2021 1:00:00 AM,,Assessing,Investigating,-7772018.94863722,5464974.843327099
WINSLOW,59,5/24/2021 12:30:00 AM,5/24/2021 12:30:00 AM,,Assessing,Investigating,-7742614.806851108,5547252.972362995
CHESTERVILLE,3,5/24/2021 1:30:00 AM,5/24/2021 1:30:00 AM,,Assessing,Investigating,-7800511.862433057,5561727.087995488
