BgName,NumOut,EtrMin,EtrMax,Desc,Status,Cause,x,y
BATH,493,7/18/2021 7:00:00 AM,7/18/2021 7:00:00 AM,,Investigating,Investigating,-7771836.889027368,5450676.537734128
PARSONSFIELD,24,7/18/2021 7:45:00 AM,7/18/2021 7:45:00 AM,,Investigating,Investigating,-7889129.220200126,5435187.726871493
LIMINGTON; CORNISH,126,7/18/2021 4:30:00 AM,7/18/2021 4:30:00 AM,,Investigating,Investigating,-7876357.634222528,5431436.449065896
CORNISH,8,7/18/2021 6:30:00 AM,7/18/2021 6:30:00 AM,,Investigating,Investigating,-7882641.338826682,5435196.333733652
HIRAM,10,7/18/2021 7:00:00 AM,7/18/2021 7:00:00 AM,,Investigating,Investigating,-7887209.158553191,5436046.112821289
"BATH,WEST BATH",985,7/18/2021 7:00:00 AM,7/18/2021 7:00:00 AM,,Assessing,Investigating,-7773973.11776638,5450482.19318652
READFIELD,33,7/17/2021 3:30:00 AM,7/17/2021 3:30:00 AM,,Assessing,Investigating,-7785990.646801619,5522283.773210003
