BgName,NumOut,EtrMin,EtrMax,Desc,Status,Cause,x,y
SWANVILLE,29,9/21/2022 8:00:00 PM,9/21/2022 8:00:00 PM,,Assessing,Investigating,-7679740.5120107215,5554032.083432915
BELFAST,1,9/21/2022 6:45:00 PM,9/21/2022 6:45:00 PM,,Assessing,Investigating,-7688071.039266664,5527949.876319244
LISBON,3,9/21/2022 8:00:00 PM,9/21/2022 8:00:00 PM,,Assessing,Investigating,-7798351.730034667,5467042.972381114
