BgName,NumOut,EtrMin,EtrMax,Desc,Status,Cause,x,y
RANGELEY,2,1/3/2023 2:15:00 PM,1/3/2023 2:15:00 PM,,Investigating,Investigating,-7866988.470646803,5615747.694143166
FREEPORT,239,1/3/2023 2:00:00 PM,1/3/2023 2:00:00 PM,,Crew Assigned,Investigating,-7798280.084730068,5440083.862235545
SEARSPORT,13,1/3/2023 1:45:00 PM,1/3/2023 1:45:00 PM,,Assessing,Investigating,-7675728.646557049,5532850.882757546
