BgName,NumOut,EtrMin,EtrMax,Desc,Status,Cause,x,y
BRIDGTON,13,2/17/2023 3:30:00 PM,2/17/2023 3:30:00 PM,,Assessing,Investigating,-7875219.830988589,5476537.0751148695
"GORHAM,STANDISH",393,2/17/2023 3:00:00 PM,2/17/2023 3:00:00 PM,,Assessing,Investigating,-7844121.395395336,5421914.313012682
SO PORTLAND,34,2/17/2023 4:30:00 PM,2/17/2023 4:30:00 PM,,Assessing,Investigating,-7826394.06712445,5408418.2457549395
"GORHAM,STANDISH",1090,2/17/2023 3:00:00 PM,2/17/2023 3:00:00 PM,,Assessing,Investigating,-7850443.229283994,5425240.129674832
STANDISH,781,2/17/2023 3:00:00 PM,2/17/2023 3:00:00 PM,,Assessing,Investigating,-7850441.548402303,5425247.356009798
"GORHAM,BUXTON",1127,2/17/2023 3:00:00 PM,2/17/2023 3:00:00 PM,,Assessing,Investigating,-7850442.672660869,5425229.128546467
