BgName,NumOut,EtrMin,EtrMax,Desc,Status,Cause,x,y
ST GEORGE,9,6/13/2022 12:00:00 PM,6/13/2022 12:00:00 PM,,Assessing,Investigating,-7710835.96426422,5454298.500458181
MEXICO,67,6/13/2022 1:30:00 PM,6/13/2022 1:30:00 PM,,Assessing,Investigating,-7851781.512248503,5551323.056662249
NO BERWICK,16,6/13/2022 12:45:00 PM,6/13/2022 12:45:00 PM,,Assessing,Investigating,-7875492.330042472,5360203.301474488
BIDDEFORD,1,6/13/2022 1:15:00 PM,6/13/2022 1:15:00 PM,,Crew Assigned,Investigating,-7841622.027934267,5383890.191690204
WELLS,7,6/13/2022 12:30:00 PM,6/13/2022 12:30:00 PM,,Assessing,Investigating,-7857452.8729534615,5359313.514076248
