BgName,NumOut,EtrMin,EtrMax,Desc,Status,Cause,x,y
JEFFERSON,81,8/13/2022 5:30:00 PM,8/13/2022 5:30:00 PM,,Assessing,Vehicle Accident,-7737824.161378376,5500496.139016397
HARMONY,1,8/13/2022 1:30:00 PM,8/13/2022 1:30:00 PM,,Assessing,Investigating,-7742861.490805819,5612855.579478534
