BgName,NumOut,EtrMin,EtrMax,Desc,Status,Cause,x,y
"MOUNT VERNON,BELGRADE",27,8/25/2024 11:15:00 PM,8/25/2024 11:15:00 PM,,Crew Assigned,Investigating,-7779969.9988809135,5531309.144008697
OTISFIELD,14,8/25/2024 10:30:00 PM,8/25/2024 10:30:00 PM,,Assessing,Investigating,-7854252.704768642,5480507.5475889165
RAYMOND,8,8/25/2024 9:45:00 PM,8/25/2024 9:45:00 PM,,Assessing,Investigating,-7849901.8714514,5447527.380613593
NAPLES,11,8/25/2024 11:00:00 PM,8/25/2024 11:00:00 PM,,Assessing,Investigating,-7859359.708994766,5458134.345084704
