BgName,NumOut,EtrMin,EtrMax,Desc,Status,Cause,x,y
EDGECOMB,24,6/1/2023 8:15:00 PM,6/1/2023 8:15:00 PM,,Assessing,Investigating,-7745542.119783297,5460899.779284421
 ,2,6/1/2023 8:45:00 PM,6/1/2023 8:45:00 PM,,Assessing,Investigating,-7745706.115671393,5459751.414291473
LEWISTON,18,6/1/2023 8:30:00 PM,6/1/2023 8:30:00 PM,,Assessing,Investigating,-7813729.92762971,5483176.561802505
PERU,5,6/1/2023 8:15:00 PM,6/1/2023 8:15:00 PM,,Assessing,Investigating,-7838026.375017072,5535197.015330941
TURNER,1,6/1/2023 8:30:00 PM,6/1/2023 8:30:00 PM,,Assessing,Investigating,-7822579.081371234,5510576.484976183
WELLS,19,6/1/2023 8:30:00 PM,6/1/2023 8:30:00 PM,,Assessing,Investigating,-7871104.727963789,5363508.342491965
SO THOMASTON,6,6/1/2023 8:00:00 PM,6/1/2023 8:00:00 PM,,Assessing,Equipment Interruption,-7695219.542885356,5468534.9182328675
WALES,3,6/1/2023 8:45:00 PM,6/1/2023 8:45:00 PM,,Assessing,Investigating,-7802761.228625784,5489412.914057117
