BgName,NumOut,EtrMin,EtrMax,Desc,Status,Cause,x,y
RUMFORD,101,5/10/2022 7:30:00 AM,5/10/2022 7:30:00 AM,,Assessing,Equipment Interruption,-7861404.781687526,5545300.227099946
SHAPLEIGH,87,5/10/2022 8:30:00 AM,5/10/2022 8:30:00 AM,,Assessing,Investigating,-7888075.495589493,5386647.564091018
LEBANON,1,5/10/2022 8:30:00 AM,5/10/2022 8:30:00 AM,,Assessing,Investigating,-7891505.070988277,5367177.50997723
