BgName,NumOut,EtrMin,EtrMax,Desc,Status,Cause,x,y
SUMNER,25,11/7/2024 12:15:00 AM,11/7/2024 12:15:00 AM,,Assessing,Investigating,-7842881.073695295,5527517.925307085
GREENVILLE,3,11/6/2024 11:45:00 PM,11/6/2024 11:45:00 PM,,Assessing,Investigating,-7748511.62284597,5704863.648292154
