BgName,NumOut,EtrMin,EtrMax,Desc,Status,Cause,x,y
BOWDOINHAM,1,8/19/2021 8:45:00 AM,8/19/2021 8:45:00 AM,,Assessing,Investigating,-7770459.050882112,5477474.755166469
AUBURN,1,8/19/2021 8:45:00 AM,8/19/2021 8:45:00 AM,,Assessing,Investigating,-7823110.242288712,5474929.935221794
HEBRON,17,8/19/2021 8:45:00 AM,8/19/2021 8:45:00 AM,,Assessing,Investigating,-7829768.216475566,5501476.079584308
HOLLIS,9,8/19/2021 9:00:00 AM,8/19/2021 9:00:00 AM,,Assessing,Investigating,-7863610.388092593,5411001.064267117
OGUNQUIT,19,8/19/2021 9:00:00 AM,8/19/2021 9:00:00 AM,,Assessing,Investigating,-7861487.80372802,5352101.955469236
