BgName,NumOut,EtrMin,EtrMax,Desc,Status,Cause,x,y
"PHILLIPS,AVON",49,3/23/2023 12:30:00 PM,3/23/2023 12:30:00 PM,,Assessing,Investigating,-7829626.696048019,5593874.221517727
HOPE,2,3/23/2023 12:00:00 PM,3/23/2023 12:00:00 PM,,Assessing,Investigating,-7699024.153624078,5504692.174783536
