BgName,NumOut,EtrMin,EtrMax,Desc,Status,Cause,x,y
TOPSHAM,273,3/5/2024 12:45:00 PM,3/5/2024 12:45:00 PM,,Crew Assigned,Investigating,-7787798.842618377,5454103.9674535105
DENMARK,9,3/5/2024 12:30:00 PM,3/5/2024 12:30:00 PM,,Assessing,Investigating,-7878713.370593232,5460545.624970073
RICHMOND,1,3/5/2024 11:45:00 AM,3/5/2024 11:45:00 AM,,Assessing,Investigating,-7769852.448710592,5479447.440929383
