BgName,NumOut,EtrMin,EtrMax,Desc,Status,Cause,x,y
NEWCASTLE,20,7/26/2023 5:00:00 AM,7/26/2023 5:00:00 AM,,Assessing,Investigating,-7740488.237125051,5473209.871875725
AUBURN,2,7/26/2023 4:30:00 AM,7/26/2023 4:30:00 AM,,Assessing,Investigating,-7817453.2640845,5477916.109656233
"NEWFIELD,ACTON,WATERBORO",507,7/26/2023 5:45:00 AM,7/26/2023 5:45:00 AM,,Assessing,Investigating,-7891575.747808689,5406155.778794547
ACTON,5,7/26/2023 4:45:00 AM,7/26/2023 4:45:00 AM,,Assessing,Investigating,-7897780.150737183,5403424.994093106
