BgName,NumOut,EtrMin,EtrMax,Desc,Status,Cause,x,y
"ACTON,LEBANON",34,8/19/2023 9:30:00 AM,8/19/2023 9:30:00 AM,,Assessing,Investigating,-7897724.680239755,5385119.543872202
PHIPPSBURG,8,8/19/2023 8:45:00 AM,8/19/2023 8:45:00 AM,,Assessing,Investigating,-7774176.810193471,5422900.785860555
SCARBOROUGH,398,8/19/2023 8:45:00 AM,8/19/2023 8:45:00 AM,,Assessing,Investigating,-7829565.347870722,5402098.119478465
WELLS,17,8/19/2023 9:30:00 AM,8/19/2023 9:30:00 AM,,Crew Assigned,Investigating,-7856516.620348939,5362017.563554391
