BgName,NumOut,EtrMin,EtrMax,Desc,Status,Cause,x,y
BOOTHBAY,4,6/15/2021 10:15:00 AM,6/15/2021 10:15:00 AM,,Assessing,Investigating,-7755519.31843463,5453509.496887136
FREEPORT,35,6/15/2021 10:00:00 AM,6/15/2021 10:00:00 AM,,Assessing,Investigating,-7799268.278981582,5437837.132577364
SIDNEY,51,6/15/2021 8:45:00 AM,6/15/2021 8:45:00 AM,,Assessing,Investigating,-7766495.90997399,5531816.127758736
BRIDGTON,13,6/15/2021 9:45:00 AM,6/15/2021 9:45:00 AM,,Assessing,Investigating,-7870394.932570797,5472757.019643277
BIDDEFORD,82,6/15/2021 10:00:00 AM,6/15/2021 10:00:00 AM,,Crew Assigned,Investigating,-7843157.168274247,5387658.8855633745
YORK,8,6/15/2021 10:00:00 AM,6/15/2021 10:00:00 AM,,Assessing,Investigating,-7860542.879315686,5338444.3184010135
PORTER,2,6/15/2021 9:45:00 AM,6/15/2021 9:45:00 AM,,Crew Assigned,Investigating,-7891284.35790712,5439339.978715509
