BgName,NumOut,EtrMin,EtrMax,Desc,Status,Cause,x,y
MEXICO,10,9/7/2023 9:15:00 PM,9/7/2023 9:15:00 PM,,Investigating,Investigating,-7852143.343406792,5551765.4388092095
LITCHFIELD,25,9/7/2023 8:15:00 PM,9/7/2023 8:15:00 PM,,Assessing,Investigating,-7780861.022352882,5492352.610291718
MEXICO,860,9/7/2023 9:15:00 PM,9/7/2023 9:15:00 PM,,Assessing,Investigating,-7852865.81969564,5552168.97837651
"SO BERWICK,SOUTH BERWICK",19,9/7/2023 8:15:00 PM,9/7/2023 8:15:00 PM,,Crew Assigned,Investigating,-7880621.38665553,5342243.628419094
