BgName,NumOut,EtrMin,EtrMax,Desc,Status,Cause,x,y
AUGUSTA,14,8/17/2022 8:30:00 AM,8/17/2022 8:30:00 AM,,Assessing,Investigating,-7762485.536290306,5522315.586128027
LEBANON,1,8/17/2022 12:15:00 PM,8/17/2022 12:15:00 PM,,Assessing,Investigating,-7897861.959419361,5378144.694324421
WINTERPORT,2,8/17/2022 9:30:00 AM,8/17/2022 9:30:00 AM,,Assessing,Investigating,-7666234.518888062,5572097.631788544
