BgName,NumOut,EtrMin,EtrMax,Desc,Status,Cause,x,y
NOBLEBORO,7,8/10/2022 1:00:00 PM,8/10/2022 1:00:00 PM,,Assessing,Equipment Interruption,-7736944.548179838,5483923.414733562
EDGECOMB,9,8/10/2022 1:15:00 PM,8/10/2022 1:15:00 PM,,Assessing,Investigating,-7747579.967788256,5456150.743415459
AUBURN,72,8/10/2022 1:00:00 PM,8/10/2022 1:00:00 PM,,Crew Assigned,Investigating,-7817704.434261391,5478326.723954713
BERWICK,71,8/10/2022 12:00:00 PM,8/10/2022 12:00:00 PM,,Repairs in Progress,Investigating,-7887369.7300077425,5358879.444745587
ARUNDEL,4,8/10/2022 1:00:00 PM,8/10/2022 1:00:00 PM,,Crew Assigned,Investigating,-7854970.437146836,5387284.238138053
NO BERWICK,23,8/10/2022 12:00:00 PM,8/10/2022 12:00:00 PM,,Crew Assigned,Investigating,-7878902.379983132,5371688.360437786
LEBANON,18,8/10/2022 12:30:00 PM,8/10/2022 12:30:00 PM,,Assessing,Investigating,-7890272.140862862,5379300.445125899
