BgName,NumOut,EtrMin,EtrMax,Desc,Status,Cause,x,y
FREEPORT,22,7/27/2022 5:00:00 PM,7/27/2022 5:00:00 PM,,Assessing,Equipment Interruption,-7804420.056029433,5439040.692172898
ST ALBANS,7,7/27/2022 6:15:00 PM,7/27/2022 6:15:00 PM,,Assessing,Investigating,-7733396.105813328,5606550.475618745
