BgName,NumOut,EtrMin,EtrMax,Desc,Status,Cause,x,y
DAMARISCOTTA,19,6/21/2024 4:30:00 PM,6/21/2024 4:30:00 PM,,Crew Assigned,Investigating,-7740082.277266114,5468109.231464069
ST GEORGE,3,6/21/2024 5:15:00 PM,6/21/2024 5:15:00 PM,,Crew Assigned,Investigating,-7708961.343987429,5459954.140288049
HIRAM,14,6/21/2024 4:00:00 PM,6/21/2024 4:00:00 PM,,Assessing,Investigating,-7877128.392561569,5448320.257882977
WINDHAM,2,Assessing,Assessing,,Assessing,Investigating,-7835623.733037047,5421168.875340233
ELIOT,175,6/21/2024 5:00:00 PM,6/21/2024 5:00:00 PM,,Repairs in Progress,Tree,-7880480.122214553,5336382.82127139
MERCER,13,6/21/2024 5:15:00 PM,6/21/2024 5:15:00 PM,,Assessing,Investigating,-7779808.151498003,5571278.564186825
ROME,11,6/21/2024 3:45:00 PM,6/21/2024 3:45:00 PM,,Assessing,Investigating,-7774023.289431935,5556205.863238239
BRUNSWICK,15,6/21/2024 5:00:00 PM,6/21/2024 5:00:00 PM,,Crew Assigned,Investigating,-7791870.197168171,5453777.508571465
