BgName,NumOut,EtrMin,EtrMax,Desc,Status,Cause,x,y
DRESDEN,22,1/5/2024 9:45:00 AM,1/5/2024 9:45:00 AM,,Assessing,Investigating,-7762225.349219292,5482585.554273117
MADISON,200,1/5/2024 10:30:00 AM,1/5/2024 10:30:00 AM,,Assessing,Investigating,-7766294.833575461,5592332.240025816
