BgName,NumOut,EtrMin,EtrMax,Desc,Status,Cause,x,y
ROCKPORT,86,9/9/2022 11:45:00 AM,9/9/2022 11:45:00 AM,,Assessing,Investigating,-7688950.31859144,5494565.636502046
OGUNQUIT,7,9/9/2022 11:30:00 AM,9/9/2022 11:30:00 AM,,Crew Assigned,Investigating,-7858103.435136794,5347856.006421768
YORK,1,9/9/2022 12:15:00 PM,9/9/2022 12:15:00 PM,,Crew Assigned,Investigating,-7864431.402792009,5328622.850182849
MORRILL,3,9/9/2022 11:45:00 AM,9/9/2022 11:45:00 AM,,Assessing,Investigating,-7700021.765518343,5530068.68457631
