BgName,NumOut,EtrMin,EtrMax,Desc,Status,Cause,x,y
UNION,4,5/22/2024 10:15:00 AM,5/22/2024 10:15:00 AM,,Assessing,Investigating,-7706467.408907729,5494170.096902206
CAPE ELIZABETH,6,5/22/2024 10:30:00 AM,5/22/2024 10:30:00 AM,,Crew Assigned,Investigating,-7817034.713931132,5402058.205688825
LINCOLNVILLE,5,5/22/2024 2:30:00 PM,5/22/2024 2:30:00 PM,,Assessing,System Upgrade,-7687305.79570123,5519229.516222781
SKOWHEGAN,5,5/22/2024 11:00:00 AM,5/22/2024 11:00:00 AM,,Assessing,Investigating,-7760224.214413571,5583220.380882278
