BgName,NumOut,EtrMin,EtrMax,Desc,Status,Cause,x,y
BRUNSWICK,22,7/26/2022 3:30:00 AM,7/26/2022 3:30:00 AM,,Assessing,Investigating,-7790946.211996641,5450796.916327883
KITTERY,2,7/26/2022 3:30:00 AM,7/26/2022 3:30:00 AM,,Crew Assigned,Investigating,-7868238.306697855,5329564.334964519
