BgName,NumOut,EtrMin,EtrMax,Desc,Status,Cause,x,y
NEWPORT,25,9/12/2022 2:15:00 PM,9/12/2022 2:15:00 PM,,Assessing,Investigating,-7710134.762791844,5603939.856829582
NEW SHARON,3,9/12/2022 12:15:00 PM,9/12/2022 12:15:00 PM,,Assessing,Investigating,-7795030.412827434,5563691.140729442
FREEPORT,2,9/12/2022 12:30:00 PM,9/12/2022 12:30:00 PM,,Crew Assigned,Investigating,-7808914.123993227,5439004.013110338
