BgName,NumOut,EtrMin,EtrMax,Desc,Status,Cause,x,y
HERMON,2,8/18/2023 5:00:00 PM,8/18/2023 5:00:00 PM,,Assessing,Investigating,-7666784.515091031,5592998.240310666
WHITEFIELD,116,8/18/2023 4:45:00 PM,8/18/2023 4:45:00 PM,,Assessing,Investigating,-7748570.633306273,5500310.5496999705
PERU,195,8/18/2023 5:00:00 PM,8/18/2023 5:00:00 PM,,Assessing,Investigating,-7835635.83348311,5539158.698983645
ELIOT,15,8/18/2023 4:45:00 PM,8/18/2023 4:45:00 PM,,Assessing,Investigating,-7883921.2303238325,5337004.06589151
NORTHPORT,116,8/18/2023 5:30:00 PM,8/18/2023 5:30:00 PM,,Assessing,Investigating,-7677488.696776364,5523802.446901663
MADISON,27,8/18/2023 4:45:00 PM,8/18/2023 4:45:00 PM,,Assessing,Investigating,-7764747.014041538,5593241.097872754
