BgName,NumOut,EtrMin,EtrMax,Desc,Status,Cause,x,y
LEWISTON,2,4/16/2023 5:15:00 PM,4/16/2023 5:15:00 PM,,Investigating,Investigating,-7810286.5801134845,5481667.565296635
PENOBSCOT,2,4/16/2023 5:15:00 PM,4/16/2023 5:15:00 PM,,Assessing,Investigating,-7656176.24637716,5540173.100692477
