BgName,NumOut,EtrMin,EtrMax,Desc,Status,Cause,x,y
NOBLEBORO,21,2/28/2021 1:15:00 AM,2/28/2021 1:15:00 AM,,Assessing,Investigating,-7733910.891699489,5477306.537082954
SUMNER,35,2/28/2021 1:00:00 AM,2/28/2021 1:00:00 AM,,Assessing,Investigating,-7835315.48936823,5521791.395378426
WELLINGTON,20,2/28/2021 2:00:00 AM,2/28/2021 2:00:00 AM,,Assessing,Investigating,-7747576.205176131,5627853.729975368
