BgName,NumOut,EtrMin,EtrMax,Desc,Status,Cause,x,y
CUSHING,25,9/8/2023 5:15:00 PM,9/8/2023 5:15:00 PM,,Assessing,Investigating,-7703855.219145742,5474560.492046653
FRIENDSHIP,5,9/8/2023 5:15:00 PM,9/8/2023 5:15:00 PM,,Assessing,Investigating,-7719124.1232902985,5461986.301699508
FRYEBURG,5,9/8/2023 4:00:00 PM,9/8/2023 4:00:00 PM,,Assessing,Investigating,-7897461.008868182,5472206.917657712
HARRISON,15,9/8/2023 4:45:00 PM,9/8/2023 4:45:00 PM,,Assessing,Investigating,-7865308.032650788,5477226.519986057
