BgName,NumOut,EtrMin,EtrMax,Desc,Status,Cause,x,y
TURNER,9,7/18/2021 9:15:00 AM,7/18/2021 9:15:00 AM,,Assessing,Investigating,-7816522.87804741,5516204.151430177
NAPLES,4,7/18/2021 9:00:00 AM,7/18/2021 9:00:00 AM,,Assessing,Investigating,-7864276.434910469,5456222.213376462
SHAPLEIGH,3,7/18/2021 9:00:00 AM,7/18/2021 9:00:00 AM,,Crew Assigned,Investigating,-7883110.1120030945,5403810.948122671
"BALDWIN,HIRAM,PORTER,PARSONSFIELD,PARSONFIELD,LIMINGTON,CORNISH",2847,7/18/2021 8:30:00 AM,7/18/2021 8:30:00 AM,,Assessing,Investigating,-7878457.847843775,5437401.601921186
EMBDEN,69,7/18/2021 9:00:00 AM,7/18/2021 9:00:00 AM,,Assessing,Investigating,-7785359.031128293,5613712.363026836
ELIOT,8,7/18/2021 9:15:00 AM,7/18/2021 9:15:00 AM,,Crew Assigned,Investigating,-7879112.462063227,5331322.441515526
