BgName,NumOut,EtrMin,EtrMax,Desc,Status,Cause,x,y
BELGRADE,48,10/7/2023 7:15:00 PM,10/7/2023 7:15:00 PM,,Investigating,Investigating,-7781687.92194024,5538907.902965629
BELGRADE,10,10/7/2023 7:15:00 PM,10/7/2023 7:15:00 PM,,Investigating,Investigating,-7779893.37610419,5538194.135074487
BOOTHBAY,4,10/7/2023 6:30:00 PM,10/7/2023 6:30:00 PM,,Assessing,Investigating,-7746256.067324484,5450082.771498183
BELGRADE,13,10/7/2023 7:00:00 PM,10/7/2023 7:00:00 PM,,Assessing,Investigating,-7781436.265819349,5534922.64782198
MONMOUTH,15,10/7/2023 6:15:00 PM,10/7/2023 6:15:00 PM,,Assessing,Investigating,-7786435.156615986,5506128.074378495
"GORHAM,STANDISH",30,10/7/2023 7:00:00 PM,10/7/2023 7:00:00 PM,,Assessing,Investigating,-7842658.334445899,5434769.5397675885
