BgName,NumOut,EtrMin,EtrMax,Desc,Status,Cause,x,y
"CAMDEN,HOPE,LINCOLNVILLE",561,9/18/2023 9:00:00 PM,9/18/2023 9:00:00 PM,,Assessing,Investigating,-7694254.258180334,5500517.530063667
HARPSWELL,61,9/18/2023 8:30:00 PM,9/18/2023 8:30:00 PM,,Assessing,Investigating,-7786531.436898644,5436840.637136749
NEWCASTLE,2,9/18/2023 8:30:00 PM,9/18/2023 8:30:00 PM,,Assessing,Investigating,-7743622.58212294,5479830.720566503
ST GEORGE,32,9/18/2023 9:15:00 PM,9/18/2023 9:15:00 PM,,Assessing,Investigating,-7710624.958149699,5454090.845118994
NOBLEBORO,3,9/18/2023 8:30:00 PM,9/18/2023 8:30:00 PM,,Assessing,Investigating,-7732904.7082096,5485325.90939896
JAY,5,9/18/2023 8:30:00 PM,9/18/2023 8:30:00 PM,,Assessing,Investigating,-7816790.389918297,5551988.473968153
KITTERY,31,9/18/2023 8:15:00 PM,9/18/2023 8:15:00 PM,,Assessing,Investigating,-7870290.492653687,5327443.097345437
BELGRADE,4,9/18/2023 8:00:00 PM,9/18/2023 8:00:00 PM,,Assessing,Investigating,-7770893.252556848,5540393.5476472005
