BgName,NumOut,EtrMin,EtrMax,Desc,Status,Cause,x,y
SCARBOROUGH,32,7/5/2024 9:00:00 AM,7/5/2024 9:00:00 AM,,Crew Assigned,Investigating,-7826109.545611816,5401944.151857268
SANFORD,53,7/5/2024 8:30:00 AM,7/5/2024 8:30:00 AM,,Crew Assigned,Investigating,-7869401.350487776,5372642.224084285
WATERVILLE,60,7/5/2024 9:30:00 AM,7/5/2024 9:30:00 AM,,Assessing,Investigating,-7751433.369847282,5552005.81494801
