BgName,NumOut,EtrMin,EtrMax,Desc,Status,Cause,x,y
CUMBERLAND,149,6/15/2023 5:45:00 AM,6/15/2023 5:45:00 AM,,Assessing,Vehicle Accident,-7827191.148030754,5436939.124767649
CUMBERLAND,4,6/15/2023 5:45:00 AM,6/15/2023 5:45:00 AM,,Assessing,Vehicle Accident,-7825949.189898775,5437541.5513552055
