BgName,NumOut,EtrMin,EtrMax,Desc,Status,Cause,x,y
STRONG,32,9/16/2022 11:00:00 AM,9/16/2022 11:00:00 AM,,Assessing,Investigating,-7814488.926204072,5582607.329423244
"FARMINGTON,NEW SHARON",157,9/16/2022 12:00:00 PM,9/16/2022 12:00:00 PM,,Assessing,Investigating,-7808122.4754682975,5568621.687086636
