BgName,NumOut,EtrMin,EtrMax,Desc,Status,Cause,x,y
"NOBLEBORO,DAMARISCOTTA",68,9/6/2021 10:00:00 AM,9/6/2021 10:00:00 AM,,Assessing,Investigating,-7736115.629832546,5476814.85496773
VASSALBORO,28,9/6/2021 10:15:00 AM,9/6/2021 10:15:00 AM,,Assessing,Investigating,-7753818.078251245,5533645.867963749
BRIDGTON,40,9/6/2021 10:15:00 AM,9/6/2021 10:15:00 AM,,Assessing,Investigating,-7877043.010479087,5482189.276119778
TURNER,3,9/6/2021 9:45:00 AM,9/6/2021 9:45:00 AM,,Assessing,Investigating,-7822204.413342491,5499554.825038207
SO BERWICK,5,9/6/2021 10:30:00 AM,9/6/2021 10:30:00 AM,,Crew Assigned,Investigating,-7880971.018957589,5345903.974238759
LITCHFIELD,1,9/6/2021 8:15:00 AM,9/6/2021 8:15:00 AM,,Assessing,Investigating,-7788393.255344203,5486358.839396603
