BgName,NumOut,EtrMin,EtrMax,Desc,Status,Cause,x,y
WINTHROP,28,11/1/2023 5:00:00 PM,11/1/2023 5:00:00 PM,,Assessing,Investigating,-7789473.555305088,5512502.827140785
FREEPORT,4,11/1/2023 8:45:00 AM,11/1/2023 8:45:00 AM,,Assessing,Equipment Interruption,-7799249.176597081,5437886.02665111
