BgName,NumOut,EtrMin,EtrMax,Desc,Status,Cause,x,y
"AUGUSTA,CHELSEA,WHITEFIELD,WINDSOR,VASSALBORO",2289,3/29/2021 10:00:00 AM,3/29/2021 10:00:00 AM,,Assessing,Vehicle Accident,-7760279.48458674,5522371.862401592
NEW GLOUCESTER,4,3/29/2021 8:00:00 AM,3/29/2021 8:00:00 AM,,Assessing,Investigating,-7820252.069857078,5451036.588980454
DALLAS PLT,21,3/29/2021 8:00:00 AM,3/29/2021 8:00:00 AM,,Assessing,Investigating,-7860159.751015941,5615208.881686413
HARPSWELL,1,3/29/2021 8:00:00 AM,3/29/2021 8:00:00 AM,,Assessing,Investigating,-7793394.071996772,5428859.063642738
