BgName,NumOut,EtrMin,EtrMax,Desc,Status,Cause,x,y
AUBURN,9,5/26/2021 2:15:00 PM,5/26/2021 2:15:00 PM,,Assessing,Investigating,-7822570.086701992,5472601.324437934
NORWAY,19,5/26/2021 2:30:00 PM,5/26/2021 2:30:00 PM,,Assessing,Investigating,-7857051.254454535,5492514.027292877
NEWRY,16,5/26/2021 12:15:00 PM,5/26/2021 12:15:00 PM,,Assessing,Investigating,-7887430.788761039,5539331.21109205
SANFORD,25,5/26/2021 2:00:00 PM,5/26/2021 2:00:00 PM,,Crew Assigned,Investigating,-7877142.507863191,5376761.091880178
PORTLAND,162,5/26/2021 1:45:00 PM,5/26/2021 1:45:00 PM,,Assessing,Investigating,-7825017.490291191,5420056.113624097
WELLS,1,5/26/2021 1:30:00 PM,5/26/2021 1:30:00 PM,,Crew Assigned,Investigating,-7869801.989289961,5355767.54107162
