BgName,NumOut,EtrMin,EtrMax,Desc,Status,Cause,x,y
BIDDEFORD,7,8/20/2021 8:45:00 PM,8/20/2021 8:45:00 PM,,Crew Assigned,Investigating,-7840341.397409793,5381338.034644692
YORK,9,8/21/2021 3:00:00 AM,8/21/2021 3:00:00 AM,,Repairs in Progress,Equipment Interruption,-7860204.646174623,5340320.558185355
DOVER-FOXCROFT,51,8/20/2021 10:30:00 PM,8/20/2021 10:30:00 PM,,Assessing,Investigating,-7699715.347493268,5650871.595979291
