BgName,NumOut,EtrMin,EtrMax,Desc,Status,Cause,x,y
DRESDEN,1,6/2/2024 10:45:00 PM,6/2/2024 10:45:00 PM,,Crew Assigned,Investigating,-7767183.66409249,5472588.237766266
RANGELEY PLT,1,6/2/2024 10:00:00 PM,6/2/2024 10:00:00 PM,,Repairs in Progress,Investigating,-7874062.397779527,5601336.77752397
