BgName,NumOut,EtrMin,EtrMax,Desc,Status,Cause,x,y
SEARSPORT,3,3/8/2021 10:15:00 AM,3/8/2021 10:15:00 AM,,Assessing,Investigating,-7677559.54058372,5550541.036881471
WELLS,1,3/8/2021 9:00:00 AM,3/8/2021 9:00:00 AM,,Crew Assigned,Investigating,-7855559.9740143,5357937.700151334
