BgName,NumOut,EtrMin,EtrMax,Desc,Status,Cause,x,y
BUCKFIELD,2,1/25/2024 10:15:00 PM,1/25/2024 10:15:00 PM,,Assessing,Investigating,-7835949.075347249,5512205.6542715365
ALFRED,49,1/25/2024 11:15:00 PM,1/25/2024 11:15:00 PM,,Assessing,Investigating,-7878791.283113783,5385797.950978121
