BgName,NumOut,EtrMin,EtrMax,Desc,Status,Cause,x,y
SACO,192,1/29/2023 11:00:00 AM,1/29/2023 11:00:00 AM,,Assessing,Investigating,-7842657.6888231505,5390575.576540752
BIDDEFORD,383,1/29/2023 12:15:00 PM,1/29/2023 12:15:00 PM,,Assessing,Investigating,-7843099.560384077,5385778.941938721
