BgName,NumOut,EtrMin,EtrMax,Desc,Status,Cause,x,y
HARRISON,5,6/7/2021 1:45:00 AM,6/7/2021 1:45:00 AM,,Assessing,Investigating,-7866351.964498746,5484857.462048791
WINDHAM,26,6/7/2021 12:30:00 AM,6/7/2021 12:30:00 AM,,Assessing,Investigating,-7841230.6063504545,5437953.34342677
FREEPORT,1,6/7/2021 12:45:00 AM,6/7/2021 12:45:00 AM,,Assessing,Investigating,-7800274.028385524,5443459.74775296
