BgName,NumOut,EtrMin,EtrMax,Desc,Status,Cause,x,y
HARRISON,95,7/18/2023 7:30:00 PM,7/18/2023 7:30:00 PM,,Assessing,Investigating,-7863699.555012075,5477443.996550055
BYRON,40,7/18/2023 6:00:00 PM,7/18/2023 6:00:00 PM,,Assessing,Investigating,-7862777.985444741,5577585.9853530675
DIXFIELD,17,7/18/2023 7:15:00 PM,7/18/2023 7:15:00 PM,,Assessing,Investigating,-7841815.6904331725,5547538.017549942
ACTON,1,7/18/2023 7:30:00 PM,7/18/2023 7:30:00 PM,,Assessing,Investigating,-7895312.409080183,5392544.944070902
FALMOUTH,15,7/18/2023 5:15:00 PM,7/18/2023 5:15:00 PM,,Assessing,Tree,-7815928.309447085,5424086.9295261195
CORNISH,1,7/18/2023 6:30:00 PM,7/18/2023 6:30:00 PM,,Assessing,Investigating,-7884313.976590582,5435541.158596849
