BgName,NumOut,EtrMin,EtrMax,Desc,Status,Cause,x,y
RAYMOND,19,2/18/2024 3:00:00 PM,2/18/2024 3:00:00 PM,,Crew Assigned,Investigating,-7845347.401469501,5457410.7241936745
WINDHAM,12,2/18/2024 3:15:00 PM,2/18/2024 3:15:00 PM,,Crew Assigned,Investigating,-7834579.289015737,5423030.98030379
