BgName,NumOut,EtrMin,EtrMax,Desc,Status,Cause,x,y
LITCHFIELD,3,5/21/2024 4:45:00 PM,5/21/2024 4:45:00 PM,,Assessing,Investigating,-7777070.6939027235,5491883.399836178
WATERFORD,21,5/21/2024 5:45:00 PM,5/21/2024 5:45:00 PM,,Crew Assigned,Investigating,-7869679.226160607,5491995.252583205
