BgName,NumOut,EtrMin,EtrMax,Desc,Status,Cause,x,y
POLAND,104,5/1/2021 11:30:00 AM,5/1/2021 11:30:00 AM,,Assessing,Vehicle Accident,-7826073.478035327,5475658.4860606445
OXFORD,2,5/1/2021 12:30:00 PM,5/1/2021 12:30:00 PM,,Assessing,Investigating,-7842760.09165981,5493108.205914863
ACTON,188,5/1/2021 12:15:00 PM,5/1/2021 12:15:00 PM,,Assessing,Investigating,-7894323.647093102,5399046.386284467
