BgName,NumOut,EtrMin,EtrMax,Desc,Status,Cause,x,y
FREEPORT,8,5/12/2021 11:00:00 AM,5/12/2021 11:00:00 AM,,Assessing,Investigating,-7803722.361082499,5443589.229395938
FREEPORT,85,5/12/2021 11:00:00 AM,5/12/2021 11:00:00 AM,,Assessing,Investigating,-7803802.143796668,5443631.608156631
NEWFIELD,30,5/12/2021 11:15:00 AM,5/12/2021 11:15:00 AM,,Assessing,Investigating,-7899154.445515761,5406152.718945854
