BgName,NumOut,EtrMin,EtrMax,Desc,Status,Cause,x,y
BOWDOINHAM,102,9/10/2023 4:30:00 AM,9/10/2023 4:30:00 AM,,Assessing,Investigating,-7777596.455876255,5469097.572295059
UNION,21,9/10/2023 4:30:00 AM,9/10/2023 4:30:00 AM,,Assessing,Investigating,-7716731.911987088,5500270.191757174
YORK,1,Assessing,Assessing,,Assessing,Investigating,-7857552.693098889,5347085.683449368
YORK,51,9/10/2023 3:00:00 AM,9/10/2023 3:00:00 AM,,Crew Assigned,Investigating,-7865603.975449184,5338838.052485138
YARMOUTH,2,Assessing,Assessing,,Assessing,Tree,-7809807.540844512,5430729.952436613
