BgName,NumOut,EtrMin,EtrMax,Desc,Status,Cause,x,y
SACO,4,3/17/2021 10:45:00 AM,3/17/2021 10:45:00 AM,,Crew Assigned,Investigating,-7842257.1279081525,5391787.055750461
KITTERY,15,3/17/2021 11:00:00 AM,3/17/2021 11:00:00 AM,,Assessing,Investigating,-7871926.69993484,5325242.454635078
CASTINE,119,3/17/2021 10:00:00 AM,3/17/2021 10:00:00 AM,,Assessing,Investigating,-7658563.45938495,5526714.812461613
