BgName,NumOut,EtrMin,EtrMax,Desc,Status,Cause,x,y
ROCKPORT,16,11/1/2024 7:15:00 PM,11/1/2024 7:15:00 PM,,Investigating,Investigating,-7690969.628743875,5495647.931741622
NAPLES,1,11/1/2024 6:30:00 PM,11/1/2024 6:30:00 PM,,Crew Assigned,Investigating,-7863083.835834361,5463021.789471827
LOVELL,46,11/1/2024 7:00:00 PM,11/1/2024 7:00:00 PM,,Crew Assigned,Investigating,-7892943.5080720885,5492469.202731399
"KENNEBUNKPORT,BIDDEFORD",1525,11/1/2024 6:00:00 PM,11/1/2024 6:00:00 PM,,Assessing,Investigating,-7845465.055078911,5370322.8898945935
BUXTON,16,11/1/2024 6:45:00 PM,11/1/2024 6:45:00 PM,,Crew Assigned,Investigating,-7853315.684004187,5400550.736544942
"BELFAST,NORTHPORT",935,11/1/2024 6:30:00 PM,11/1/2024 6:30:00 PM,,Repairs in Progress,Investigating,-7680038.56997698,5528461.970995883
THORNDIKE,9,11/1/2024 6:00:00 PM,11/1/2024 6:00:00 PM,,Repairs in Progress,Investigating,-7707030.741240064,5558292.350238719
