BgName,NumOut,EtrMin,EtrMax,Desc,Status,Cause,x,y
SOUTHPORT,3,6/14/2022 3:00:00 PM,6/14/2022 3:00:00 PM,,Assessing,Investigating,-7754876.893660863,5438799.233220315
"SABATTUS,LEWISTON",24,6/14/2022 4:15:00 PM,6/14/2022 4:15:00 PM,,Assessing,Investigating,-7805495.11282076,5477228.162516654
CARMEL,1,6/14/2022 4:30:00 PM,6/14/2022 4:30:00 PM,,Crew Assigned,Investigating,-7683883.511765003,5587283.844041875
GEORGETOWN,3,6/14/2022 3:30:00 PM,6/14/2022 3:30:00 PM,,Assessing,Investigating,-7765963.880784512,5430425.734628227
