BgName,NumOut,EtrMin,EtrMax,Desc,Status,Cause,x,y
CASCO,7,7/11/2024 6:30:00 PM,7/11/2024 6:30:00 PM,,Investigating,Investigating,-7851149.5624010805,5462260.811277933
BRUNSWICK,34,7/11/2024 4:00:00 PM,7/11/2024 4:00:00 PM,,Assessing,Investigating,-7788172.564487926,5452249.370658108
BRUNSWICK,7,7/11/2024 6:15:00 PM,7/11/2024 6:15:00 PM,,Assessing,Investigating,-7788190.9766998,5451028.121812692
DENMARK,68,7/11/2024 6:30:00 PM,7/11/2024 6:30:00 PM,,Crew Assigned,Investigating,-7881837.663438063,5460888.781919942
WEST PARIS,10,7/11/2024 4:45:00 PM,7/11/2024 4:45:00 PM,,Assessing,Investigating,-7847449.45855445,5516037.771704387
SOUTH PORTLAND,24,7/11/2024 6:00:00 PM,7/11/2024 6:00:00 PM,,Assessing,Investigating,-7818475.199207831,5410622.486378613
"BIG MOOSE TWP,HARFORD'S POINT",190,7/11/2024 4:45:00 PM,7/11/2024 4:45:00 PM,,Repairs in Progress,Investigating,-7751828.542930772,5697206.696686552
