BgName,NumOut,EtrMin,EtrMax,Desc,Status,Cause,x,y
WINDHAM,13,2/17/2024 11:15:00 AM,2/17/2024 11:15:00 AM,,Crew Assigned,Investigating,-7834110.689633879,5432616.7489786865
EUSTIS,20,2/17/2024 11:45:00 AM,2/17/2024 11:45:00 AM,,Crew Assigned,Investigating,-7843858.05799763,5652313.135070984
