BgName,NumOut,EtrMin,EtrMax,Desc,Status,Cause,x,y
SOUTHPORT,2,7/4/2021 9:30:00 AM,7/4/2021 9:30:00 AM,,Assessing,Investigating,-7753979.046249713,5438229.604557823
MANCHESTER,56,7/4/2021 9:30:00 AM,7/4/2021 9:30:00 AM,,Assessing,Investigating,-7779915.931053729,5510827.959250134
WOOLWICH,2,7/4/2021 10:15:00 AM,7/4/2021 10:15:00 AM,,Assessing,Investigating,-7766191.061606098,5459084.498114884
ST ALBANS,65,7/4/2021 10:00:00 AM,7/4/2021 10:00:00 AM,,Assessing,Investigating,-7726577.787025877,5607731.958332001
