BgName,NumOut,EtrMin,EtrMax,Desc,Status,Cause,x,y
RAYMOND,18,4/16/2024 11:45:00 PM,4/16/2024 11:45:00 PM,,Crew Assigned,Investigating,-7842151.5747448,5450180.08777563
WINDHAM,2,4/16/2024 11:45:00 PM,4/16/2024 11:45:00 PM,,Assessing,Investigating,-7838901.20145699,5444220.870587449
