BgName,NumOut,EtrMin,EtrMax,Desc,Status,Cause,x,y
LIVERMORE,116,5/2/2022 12:15:00 PM,5/2/2022 12:15:00 PM,,Assessing,Investigating,-7819314.603894239,5525661.951754174
ELIOT,113,5/2/2022 11:45:00 AM,5/2/2022 11:45:00 AM,,Assessing,Investigating,-7882572.34979569,5337250.945265304
CASTINE,3,5/2/2022 12:00:00 PM,5/2/2022 12:00:00 PM,,Assessing,Investigating,-7660006.827989438,5530719.784749948
HARTLAND,4,5/2/2022 12:00:00 PM,5/2/2022 12:00:00 PM,,Assessing,Investigating,-7739139.278709715,5606693.720274179
BERWICK,5,5/2/2022 12:15:00 PM,5/2/2022 12:15:00 PM,,Crew Assigned,Investigating,-7888777.565333875,5355686.918575426
