BgName,NumOut,EtrMin,EtrMax,Desc,Status,Cause,x,y
FREEPORT,32,6/23/2023 3:45:00 PM,6/23/2023 3:45:00 PM,,Assessing,Investigating,-7800561.388475857,5448614.084547394
"FREEPORT,POWNAL",82,6/23/2023 4:45:00 PM,6/23/2023 4:45:00 PM,,Assessing,Investigating,-7806443.46587134,5445156.817346504
FRYEBURG,46,6/23/2023 4:45:00 PM,6/23/2023 4:45:00 PM,,Crew Assigned,Investigating,-7899191.704125569,5481186.641372577
SKOWHEGAN,175,6/23/2023 5:30:00 PM,6/23/2023 5:30:00 PM,,Assessing,Tree,-7755852.163644079,5585856.169016349
