BgName,NumOut,EtrMin,EtrMax,Desc,Status,Cause,x,y
PHIPPSBURG,3,5/8/2024 8:00:00 AM,5/8/2024 8:00:00 AM,,Crew Assigned,Investigating,-7775813.22891132,5436490.539439085
PORTLAND,29,5/8/2024 9:15:00 AM,5/8/2024 9:15:00 AM,,Crew Assigned,Investigating,-7823709.809084355,5419606.6857557325
FALMOUTH,67,5/8/2024 7:45:00 AM,5/8/2024 7:45:00 AM,,Crew Assigned,Investigating,-7827674.909185725,5424624.60946121
