BgName,NumOut,EtrMin,EtrMax,Desc,Status,Cause,x,y
POLAND,2,7/1/2022 8:45:00 AM,7/1/2022 8:45:00 AM,,Assessing,Investigating,-7830014.277132512,5468811.774808546
JAY,40,7/1/2022 9:15:00 AM,7/1/2022 9:15:00 AM,,Assessing,Investigating,-7813466.234033251,5540514.2347286
PORTLAND,24,7/1/2022 12:00:00 PM,7/1/2022 12:00:00 PM,,Assessing,Equipment Interruption,-7825865.789334542,5418039.356493259
NAPLES,1,7/1/2022 9:30:00 AM,7/1/2022 9:30:00 AM,,Crew Assigned,Investigating,-7868201.515611423,5457443.70411867
