BgName,NumOut,EtrMin,EtrMax,Desc,Status,Cause,x,y
CHESTERVILLE,18,2/14/2023 1:45:00 PM,2/14/2023 1:45:00 PM,,Investigating,Investigating,-7807307.892368854,5552769.465679814
WASHINGTON,2,2/14/2023 12:00:00 PM,2/14/2023 12:00:00 PM,,Assessing,Investigating,-7725728.953584282,5508372.594379361
"WILTON,CHESTERVILLE,JAY,FARMINGTON",737,2/14/2023 1:45:00 PM,2/14/2023 1:45:00 PM,,Assessing,Investigating,-7814767.62569915,5560874.302252387
