BgName,NumOut,EtrMin,EtrMax,Desc,Status,Cause,x,y
ARROWSIC,1,8/14/2021 3:15:00 PM,8/14/2021 3:15:00 PM,,Assessing,Investigating,-7770044.5861021895,5447372.421282532
BRIDGTON,18,8/14/2021 11:15:00 AM,8/14/2021 11:15:00 AM,,Assessing,Investigating,-7872614.075529597,5474406.222276637
"PORTLAND,BUXTON",632,8/14/2021 11:15:00 AM,8/14/2021 11:15:00 AM,,Assessing,Investigating,-7824832.165526104,5421197.536660306
TEMPLE,9,8/14/2021 10:00:00 AM,8/14/2021 10:00:00 AM,,Assessing,Investigating,-7819915.617809885,5568388.487649918
RANGELEY PLT,74,8/14/2021 10:45:00 AM,8/14/2021 10:45:00 AM,,Assessing,Investigating,-7878311.1955713,5608815.7488645455
LITCHFIELD,1,8/14/2021 10:30:00 AM,8/14/2021 10:30:00 AM,,Assessing,Investigating,-7785837.40435165,5499220.080582815
