BgName,NumOut,EtrMin,EtrMax,Desc,Status,Cause,x,y
FALMOUTH,21,6/29/2024 11:30:00 PM,6/29/2024 11:30:00 PM,,Investigating,Investigating,-7822392.280253422,5425681.4874529885
SACO,2,6/29/2024 11:15:00 PM,6/29/2024 11:15:00 PM,,Investigating,Investigating,-7843305.6870361995,5399747.381779848
EDGECOMB,13,6/29/2024 10:15:00 PM,6/29/2024 10:15:00 PM,,Repairs in Progress,Investigating,-7753333.682686068,5463770.035746801
UNION,37,6/29/2024 10:45:00 PM,6/29/2024 10:45:00 PM,,Repairs in Progress,Investigating,-7712354.75169765,5501600.944936392
WEST PARIS,7,6/29/2024 11:00:00 PM,6/29/2024 11:00:00 PM,,Assessing,Investigating,-7849260.938347509,5521431.607778399
GREENE,23,6/29/2024 10:30:00 PM,6/29/2024 10:30:00 PM,,Repairs in Progress,Investigating,-7804871.345233111,5487713.8652387615
NEWFIELD,31,6/29/2024 10:45:00 PM,6/29/2024 10:45:00 PM,,Crew Assigned,Investigating,-7897546.6803746605,5408134.447824818
NORRIDGEWOCK,1,6/29/2024 11:30:00 PM,6/29/2024 11:30:00 PM,,Assessing,Investigating,-7764492.6155506475,5583770.560448209
