BgName,NumOut,EtrMin,EtrMax,Desc,Status,Cause,x,y
HARRISON,3,3/12/2023 3:30:00 PM,3/12/2023 3:30:00 PM,,Assessing,Investigating,-7861825.747445082,5486828.883776393
NORRIDGEWOCK,4,3/12/2023 3:15:00 PM,3/12/2023 3:15:00 PM,,Assessing,Investigating,-7766042.349828069,5575095.378083419
