BgName,NumOut,EtrMin,EtrMax,Desc,Status,Cause,x,y
WINDHAM,46,6/22/2021 5:00:00 PM,6/22/2021 5:00:00 PM,,Assessing,Investigating,-7836156.81981046,5423442.278665126
BENTON,14,6/22/2021 6:00:00 PM,6/22/2021 6:00:00 PM,,Assessing,Investigating,-7745225.0150948465,5561850.936292925
HARTLAND,1,6/22/2021 6:30:00 PM,6/22/2021 6:30:00 PM,,Assessing,Investigating,-7733352.913861336,5597047.82118901
