BgName,NumOut,EtrMin,EtrMax,Desc,Status,Cause,x,y
TOPSHAM,399,4/21/2021 11:30:00 PM,4/21/2021 11:30:00 PM,,Assessing,Investigating,-7790001.899869748,5456404.531488158
ORLAND,5,4/22/2021 12:30:00 AM,4/22/2021 12:30:00 AM,,Assessing,Investigating,-7648453.011365253,5557302.499115431
"RANGELEY,RANGELY",10,4/21/2021 11:30:00 PM,4/21/2021 11:30:00 PM,,Assessing,Investigating,-7870618.484429872,5615348.220587827
DALLAS PLT,18,4/22/2021 12:45:00 AM,4/22/2021 12:45:00 AM,,Assessing,Investigating,-7863148.22301373,5618340.962767175
SANDY RIVER PLT,2,4/21/2021 11:45:00 PM,4/21/2021 11:45:00 PM,,Assessing,Investigating,-7860174.556590307,5605380.383434322
COPLIN PLT,8,4/21/2021 11:15:00 PM,4/21/2021 11:15:00 PM,,Assessing,Investigating,-7839690.078178971,5642253.766412303
