BgName,NumOut,EtrMin,EtrMax,Desc,Status,Cause,x,y
FREEPORT,22,8/25/2021 2:00:00 PM,8/25/2021 2:00:00 PM,,Assessing,Investigating,-7804420.056029433,5439040.692172898
OTISFIELD,4,8/25/2021 2:45:00 PM,8/25/2021 2:45:00 PM,,Assessing,Investigating,-7853411.919736981,5473023.456251388
WESTBROOK,7,8/25/2021 2:00:00 PM,8/25/2021 2:00:00 PM,,Assessing,Investigating,-7834247.946588599,5411051.924132297
DURHAM,1,8/25/2021 2:45:00 PM,8/25/2021 2:45:00 PM,,Assessing,Investigating,-7806945.906337196,5462479.804590549
WELLS,1,8/25/2021 2:15:00 PM,8/25/2021 2:15:00 PM,,Assessing,Investigating,-7857284.635817427,5356561.875718582
