BgName,NumOut,EtrMin,EtrMax,Desc,Status,Cause,x,y
CAMDEN,2,9/3/2024 9:15:00 AM,9/3/2024 9:15:00 AM,,Crew Assigned,Investigating,-7690985.628455033,5499543.45487876
ACTON,44,9/3/2024 8:45:00 AM,9/3/2024 8:45:00 AM,,Crew Assigned,Investigating,-7898262.1641355995,5401881.1699630665
SANFORD,41,9/3/2024 10:00:00 AM,9/3/2024 10:00:00 AM,,Repairs in Progress,Investigating,-7872218.813346359,5373464.647205956
YORK,12,9/3/2024 8:30:00 AM,9/3/2024 8:30:00 AM,,Crew Assigned,Investigating,-7863812.188101178,5332710.087405967
GREENVILLE,6,9/3/2024 8:15:00 AM,9/3/2024 8:15:00 AM,,Crew Assigned,Investigating,-7745298.641817588,5701473.3209251175
