BgName,NumOut,EtrMin,EtrMax,Desc,Status,Cause,x,y
GORHAM,131,7/16/2024 7:30:00 AM,7/16/2024 7:30:00 AM,,Assessing,Investigating,-7839194.149903303,5410140.921353588
MOSCOW,7,7/16/2024 8:30:00 AM,7/16/2024 8:30:00 AM,,Assessing,Investigating,-7778616.0867200205,5635606.794185287
