BgName,NumOut,EtrMin,EtrMax,Desc,Status,Cause,x,y
WAYNE,48,2/27/2021 6:30:00 PM,2/27/2021 6:30:00 PM,,Investigating,Investigating,-7798883.525362346,5518146.518775439
WAYNE,10,2/27/2021 5:45:00 PM,2/27/2021 5:45:00 PM,,Assessing,Investigating,-7797676.6217728,5516465.257878775
YORK,20,2/27/2021 6:00:00 PM,2/27/2021 6:00:00 PM,,Crew Assigned,Investigating,-7864851.544727318,5335956.564662147
HEBRON,1,2/27/2021 6:15:00 PM,2/27/2021 6:15:00 PM,,Assessing,Investigating,-7834216.209359797,5498145.147860982
YORK,1,2/27/2021 6:45:00 PM,2/27/2021 6:45:00 PM,,Assessing,Investigating,-7866498.02681078,5334853.259069602
