BgName,NumOut,EtrMin,EtrMax,Desc,Status,Cause,x,y
BRUNSWICK,7,1/19/2024 1:30:00 PM,1/19/2024 1:30:00 PM,,Crew Assigned,Investigating,-7794639.670303812,5439085.7659463985
ST GEORGE,1655,1/19/2024 1:30:00 PM,1/19/2024 1:30:00 PM,,Assessing,Vehicle Accident,-7703184.196357424,5467912.31596715
