BgName,NumOut,EtrMin,EtrMax,Desc,Status,Cause,x,y
"WAYNE,READFIELD",69,1/4/2022 6:30:00 PM,1/4/2022 6:30:00 PM,,Assessing,Investigating,-7795982.606377327,5523523.220563225
DURHAM,4,1/4/2022 7:30:00 PM,1/4/2022 7:30:00 PM,,Assessing,Investigating,-7798645.66908994,5464199.358795863
