BgName,NumOut,EtrMin,EtrMax,Desc,Status,Cause,x,y
FREEPORT,29,5/10/2023 8:15:00 AM,5/10/2023 8:15:00 AM,,Assessing,Investigating,-7803541.010466345,5441236.287638948
WESTBROOK,76,5/10/2023 7:45:00 AM,5/10/2023 7:45:00 AM,,Assessing,Investigating,-7835546.3771396205,5412277.873653116
