BgName,NumOut,EtrMin,EtrMax,Desc,Status,Cause,x,y
DENMARK,13,7/9/2021 11:15:00 AM,7/9/2021 11:15:00 AM,,Assessing,Investigating,-7879560.634377646,5463552.3105723355
NAPLES,5,7/9/2021 12:30:00 PM,7/9/2021 12:30:00 PM,,Assessing,Investigating,-7860616.851124738,5460800.849242587
SACO,32,7/9/2021 12:00:00 PM,7/9/2021 12:00:00 PM,,Assessing,Investigating,-7843214.653627242,5390767.915450252
O O BEACH,99,7/9/2021 12:30:00 PM,7/9/2021 12:30:00 PM,,Crew Assigned,Investigating,-7835444.965112138,5390013.610774733
NO BERWICK,21,7/9/2021 12:30:00 PM,7/9/2021 12:30:00 PM,,Assessing,Investigating,-7886341.939429415,5369043.626123565
