BgName,NumOut,EtrMin,EtrMax,Desc,Status,Cause,x,y
GORHAM,76,7/29/2022 2:30:00 PM,7/29/2022 2:30:00 PM,,Assessing,Investigating,-7847435.844213632,5424020.484249371
SHAPLEIGH,1,7/29/2022 3:00:00 PM,7/29/2022 3:00:00 PM,,Crew Assigned,Investigating,-7889841.523700871,5401955.571040281
SCARBOROUGH,144,7/29/2022 2:15:00 PM,7/29/2022 2:15:00 PM,,Assessing,Investigating,-7839308.09646279,5404235.964906878
TROY,26,7/29/2022 1:00:00 PM,7/29/2022 1:00:00 PM,,Assessing,Investigating,-7704592.688518867,5571615.450844573
