BgName,NumOut,EtrMin,EtrMax,Desc,Status,Cause,x,y
SO THOMASTON,11,6/18/2023 6:00:00 PM,6/18/2023 6:00:00 PM,,Assessing,Investigating,-7700968.125838126,5472383.095391365
LEWISTON,56,6/18/2023 4:45:00 PM,6/18/2023 4:45:00 PM,,Assessing,Investigating,-7811457.562890848,5480463.494779745
"AVON,PHILLIPS",67,6/18/2023 5:15:00 PM,6/18/2023 5:15:00 PM,,Assessing,Investigating,-7829986.925913712,5591171.8153913645
LEWISTON,9,6/18/2023 6:15:00 PM,6/18/2023 6:15:00 PM,,Assessing,Investigating,-7811205.75820364,5480139.491713839
