BgName,NumOut,EtrMin,EtrMax,Desc,Status,Cause,x,y
FAYETTE,19,6/21/2021 11:15:00 PM,6/21/2021 11:15:00 PM,,Assessing,Investigating,-7797239.002672358,5540073.075261237
ALFRED,164,6/22/2021 12:30:00 AM,6/22/2021 12:30:00 AM,,Crew Assigned,Investigating,-7876530.707071983,5382882.594154903
"JACKMAN,LONG POND TWP",109,6/21/2021 11:45:00 PM,6/21/2021 11:45:00 PM,,Assessing,Investigating,-7808939.070720282,5720305.483919392
