BgName,NumOut,EtrMin,EtrMax,Desc,Status,Cause,x,y
ROCKPORT,27,8/5/2022 7:30:00 PM,8/5/2022 7:30:00 PM,,Assessing,Investigating,-7691781.440340713,5485268.480369982
BERWICK,14,8/5/2022 8:30:00 PM,8/5/2022 8:30:00 PM,,Crew Assigned,Vehicle Accident,-7888066.834994238,5353159.055738502
PARSONSFIELD,31,8/5/2022 7:15:00 PM,8/5/2022 7:15:00 PM,,Assessing,Investigating,-7889161.47290599,5429125.23341886
BUCKFIELD,3,8/5/2022 7:30:00 PM,8/5/2022 7:30:00 PM,,Assessing,Equipment Interruption,-7831271.486037236,5506780.966146582
