BgName,NumOut,EtrMin,EtrMax,Desc,Status,Cause,x,y
SUMNER,18,4/1/2021 9:30:00 PM,4/1/2021 9:30:00 PM,,Assessing,Investigating,-7842846.041377741,5527657.621917184
BELFAST,577,4/1/2021 9:30:00 PM,4/1/2021 9:30:00 PM,,Assessing,Investigating,-7683374.514559087,5532190.526529577
BELFAST,985,4/1/2021 9:30:00 PM,4/1/2021 9:30:00 PM,,Assessing,Investigating,-7682258.247233905,5532255.59358127
BUCKSPORT,3,4/1/2021 9:00:00 PM,4/1/2021 9:00:00 PM,,Assessing,Investigating,-7650999.600589561,5566090.9647602495
