BgName,NumOut,EtrMin,EtrMax,Desc,Status,Cause,x,y
CASCO,12,8/27/2024 12:15:00 PM,8/27/2024 12:15:00 PM,,Investigating,Investigating,-7851690.869977411,5464664.965231341
AUGUSTA,16,8/27/2024 10:45:00 AM,8/27/2024 10:45:00 AM,,Crew Assigned,Investigating,-7753086.208246432,5517347.79029104
BATH,31,8/27/2024 11:15:00 AM,8/27/2024 11:15:00 AM,,Crew Assigned,Investigating,-7772228.774730747,5455413.7371108215
CUSHING,5,8/27/2024 11:30:00 AM,8/27/2024 11:30:00 AM,,Assessing,Investigating,-7703297.163420401,5475303.560532637
"PERU,CANTON,HARTFORD",1007,8/27/2024 11:30:00 AM,8/27/2024 11:30:00 AM,,Repairs in Progress,Investigating,-7843824.884861378,5547227.286658846
YARMOUTH,26,8/27/2024 12:00:00 PM,8/27/2024 12:00:00 PM,,Assessing,Investigating,-7809838.231701934,5431171.026601014
"BUXTON,SACO",85,8/27/2024 11:15:00 AM,8/27/2024 11:15:00 AM,,Assessing,Investigating,-7848960.520439376,5404770.169175319
SEBAGO,5,8/27/2024 12:00:00 PM,8/27/2024 12:00:00 PM,,Crew Assigned,Investigating,-7862885.464464028,5442993.662737254
WASHINGTON,4,8/27/2024 12:00:00 PM,8/27/2024 12:00:00 PM,,Assessing,Investigating,-7722914.251416204,5508613.49726166
