BgName,NumOut,EtrMin,EtrMax,Desc,Status,Cause,x,y
TURNER,3,9/11/2022 10:30:00 AM,9/11/2022 10:30:00 AM,,Assessing,Investigating,-7822694.18572684,5496727.39587842
YORK,25,9/11/2022 9:30:00 AM,9/11/2022 9:30:00 AM,,Crew Assigned,Investigating,-7862225.217438829,5336570.4402200105
WATERVILLE,9,9/11/2022 10:15:00 AM,9/11/2022 10:15:00 AM,,Assessing,Investigating,-7753325.255752387,5549533.615649776
BINGHAM,1,9/11/2022 10:30:00 AM,9/11/2022 10:30:00 AM,,Assessing,Investigating,-7779100.037086808,5630493.417890394
