BgName,NumOut,EtrMin,EtrMax,Desc,Status,Cause,x,y
AUBURN,9,9/5/2024 1:30:00 PM,9/5/2024 1:30:00 PM,,Assessing,Investigating,-7821984.3903338425,5479440.140933237
GORHAM,20,9/5/2024 12:45:00 PM,9/5/2024 12:45:00 PM,,Repairs in Progress,Investigating,-7842378.332592881,5417624.711672625
