BgName,NumOut,EtrMin,EtrMax,Desc,Status,Cause,x,y
UNION,14,8/24/2024 8:30:00 PM,8/24/2024 8:30:00 PM,,Assessing,Investigating,-7711074.276947564,5495310.810661155
KENNEBUNKPORT,7,8/24/2024 8:00:00 PM,8/24/2024 8:00:00 PM,,Assessing,Investigating,-7837015.404768564,5375288.995211902
BRUNSWICK,6,8/24/2024 7:30:00 PM,8/24/2024 7:30:00 PM,,Repairs in Progress,Equipment Interruption,-7778323.505685008,5455479.543589326
