BgName,NumOut,EtrMin,EtrMax,Desc,Status,Cause,x,y
GARDINER,1,9/20/2023 3:45:00 PM,9/20/2023 3:45:00 PM,,Assessing,Investigating,-7765968.923529704,5498551.1410358865
HARPSWELL,14,9/20/2023 4:00:00 PM,9/20/2023 4:00:00 PM,,Assessing,Investigating,-7785824.647170395,5435559.4835876245
WHITEFIELD,116,9/20/2023 3:00:00 PM,9/20/2023 3:00:00 PM,,Assessing,Investigating,-7748570.633306273,5500310.5496999705
BYRON,40,9/20/2023 4:30:00 PM,9/20/2023 4:30:00 PM,,Assessing,Investigating,-7862777.985444741,5577585.9853530675
WATERBORO,3,9/20/2023 4:45:00 PM,9/20/2023 4:45:00 PM,,Crew Assigned,Investigating,-7871409.04203355,5402030.12627591
