BgName,NumOut,EtrMin,EtrMax,Desc,Status,Cause,x,y
WATERFORD,11,7/5/2024 2:30:00 PM,7/5/2024 2:30:00 PM,,Investigating,Investigating,-7868978.614148113,5499246.791957177
WATERFORD,93,7/5/2024 2:30:00 PM,7/5/2024 2:30:00 PM,,Investigating,Investigating,-7868531.0828512935,5497526.909710721
WATERFORD,20,7/5/2024 2:30:00 PM,7/5/2024 2:30:00 PM,,Investigating,Investigating,-7868547.1468344,5497530.706375329
WALDOBORO,1,7/5/2024 1:15:00 PM,7/5/2024 1:15:00 PM,,Crew Assigned,Investigating,-7716485.951542321,5479938.008890479
WATERFORD,83,7/5/2024 2:30:00 PM,7/5/2024 2:30:00 PM,,Assessing,Investigating,-7874687.901911183,5501554.273696422
WATERFORD,113,7/5/2024 2:30:00 PM,7/5/2024 2:30:00 PM,,Assessing,Investigating,-7873730.331742336,5503550.134822698
PEAKS ISLAND,15,7/5/2024 1:30:00 PM,7/5/2024 1:30:00 PM,,Crew Assigned,Investigating,-7813834.812845317,5413911.320552433
