BgName,NumOut,EtrMin,EtrMax,Desc,Status,Cause,x,y
LIVERMORE FALLS,24,8/12/2024 5:30:00 PM,8/12/2024 5:30:00 PM,,Repairs in Progress,Investigating,-7813822.701286817,5539593.402034009
ELIOT,9,8/12/2024 4:15:00 PM,8/12/2024 4:15:00 PM,,Crew Assigned,Investigating,-7877303.587186286,5330745.606638945
