BgName,NumOut,EtrMin,EtrMax,Desc,Status,Cause,x,y
SANFORD,21,9/2/2021 5:15:00 AM,9/2/2021 5:15:00 AM,,Investigating,Investigating,-7874804.147744635,5373469.124220689
HARPSWELL,3,9/2/2021 4:30:00 AM,9/2/2021 4:30:00 AM,,Assessing,Investigating,-7781313.213265993,5435535.250910577
YARMOUTH,8,9/2/2021 5:00:00 AM,9/2/2021 5:00:00 AM,,Assessing,Investigating,-7808055.171723935,5428616.653558419
GEORGETOWN,4,9/2/2021 4:30:00 AM,9/2/2021 4:30:00 AM,,Assessing,Investigating,-7766434.18337306,5438014.164889093
"HARTFORD,SUMNER,LIVERMORE,BUCKFIELD,HARTFORRD,CANTON,TURNER,LEEDS",2238,9/2/2021 4:45:00 AM,9/2/2021 4:45:00 AM,,Assessing,Investigating,-7811050.055599609,5517615.092511975
LYMAN,17,9/2/2021 4:00:00 AM,9/2/2021 4:00:00 AM,,Crew Assigned,Investigating,-7865403.778535216,5390144.663015405
