BgName,NumOut,EtrMin,EtrMax,Desc,Status,Cause,x,y
OTISFIELD,13,2/10/2023 8:45:00 AM,2/10/2023 8:45:00 AM,,Assessing,Investigating,-7850607.882007393,5480136.841112531
SCARBOROUGH,41,2/10/2023 9:30:00 AM,2/10/2023 9:30:00 AM,,Assessing,Investigating,-7835556.629616938,5405377.049268885
SCARBOROUGH,89,2/10/2023 9:30:00 AM,2/10/2023 9:30:00 AM,,Assessing,Investigating,-7836366.835215917,5403758.652464776
DEXTER,20,2/10/2023 9:30:00 AM,2/10/2023 9:30:00 AM,,Assessing,Investigating,-7714018.8333833,5624157.2731941445
