BgName,NumOut,EtrMin,EtrMax,Desc,Status,Cause,x,y
YORK,20,9/20/2022 7:30:00 PM,9/20/2022 7:30:00 PM,,Investigating,Investigating,-7861868.675902102,5332851.688439748
YORK,39,9/20/2022 7:30:00 PM,9/20/2022 7:30:00 PM,,Assessing,Investigating,-7862125.675504847,5332659.700854767
MOSCOW,52,9/20/2022 7:00:00 PM,9/20/2022 7:00:00 PM,,Assessing,Investigating,-7779125.1508008,5634315.648531134
