BgName,NumOut,EtrMin,EtrMax,Desc,Status,Cause,x,y
ANSON,4,6/25/2022 3:30:00 PM,6/25/2022 3:30:00 PM,,Investigating,Investigating,-7782627.035747785,5602064.78690297
BRUNSWICK,1,6/25/2022 2:00:00 PM,6/25/2022 2:00:00 PM,,Assessing,Investigating,-7792668.224333781,5441363.65436466
"BIG MOOSE TWP,HARFORD'S POINT",25,6/25/2022 2:30:00 PM,6/25/2022 2:30:00 PM,,Assessing,Investigating,-7750518.980417878,5699938.559576147
NEWFIELD,1,6/25/2022 1:45:00 PM,6/25/2022 1:45:00 PM,,Crew Assigned,Investigating,-7899228.027688625,5413961.857784683
