BgName,NumOut,EtrMin,EtrMax,Desc,Status,Cause,x,y
DURHAM,2,Assessing,Assessing,,Repairs in Progress,Animal,-7808410.125082745,5458591.115688136
WATERFORD,83,7/6/2024 8:00:00 AM,7/6/2024 8:00:00 AM,,Assessing,Investigating,-7874687.901911183,5501554.273696422
WATERFORD,237,7/6/2024 8:00:00 AM,7/6/2024 8:00:00 AM,,Crew Assigned,Weather,-7873730.331742336,5503550.134822698
SUMNER,10,7/6/2024 2:45:00 AM,7/6/2024 2:45:00 AM,,Crew Assigned,Investigating,-7845747.049562621,5525476.28648679
WILLIMANTIC,218,7/6/2024 1:30:00 AM,7/6/2024 1:30:00 AM,,Repairs in Progress,Investigating,-7728255.961688158,5666458.473839638
