BgName,NumOut,EtrMin,EtrMax,Desc,Status,Cause,x,y
LEWISTON,114,11/7/2021 10:15:00 AM,11/7/2021 10:15:00 AM,,Investigating,Investigating,-7814498.705651852,5480384.206362473
BRIDGTON,74,11/7/2021 9:15:00 AM,11/7/2021 9:15:00 AM,,Assessing,Investigating,-7871096.690666297,5463761.819965821
LEWISTON,713,11/7/2021 10:15:00 AM,11/7/2021 10:15:00 AM,,Crew Assigned,Investigating,-7814836.176239263,5480622.16024105
CORINNA,5,11/7/2021 10:00:00 AM,11/7/2021 10:00:00 AM,,Assessing,Investigating,-7710098.149804785,5608883.269994465
HARTLAND,2,11/7/2021 10:00:00 AM,11/7/2021 10:00:00 AM,,Assessing,Investigating,-7733806.86364344,5601795.488478167
