BgName,NumOut,EtrMin,EtrMax,Desc,Status,Cause,x,y
BRUNSWICK,40,8/15/2024 8:45:00 PM,8/15/2024 8:45:00 PM,,Crew Assigned,Investigating,-7794718.317446742,5438791.903694279
STONEHAM,19,8/15/2024 8:15:00 PM,8/15/2024 8:15:00 PM,,Assessing,Investigating,-7891975.952424821,5506142.903353542
"BIDDEFORD,DAYTON",121,8/15/2024 7:45:00 PM,8/15/2024 7:45:00 PM,,Crew Assigned,Investigating,-7849713.541221795,5388308.381781173
SOUTH BERWICK,38,8/15/2024 7:15:00 PM,8/15/2024 7:15:00 PM,,Crew Assigned,Investigating,-7882444.209947275,5340847.249494162
WATERBORO,63,8/15/2024 8:30:00 PM,8/15/2024 8:30:00 PM,,Crew Assigned,Investigating,-7868842.381940557,5407662.285695604
WELLS,3,8/15/2024 8:00:00 PM,8/15/2024 8:00:00 PM,,Crew Assigned,Investigating,-7865780.416869653,5353818.313689347
