BgName,NumOut,EtrMin,EtrMax,Desc,Status,Cause,x,y
ALBANY,6,4/22/2022 8:00:00 PM,4/22/2022 8:00:00 PM,,Assessing,Investigating,-7873435.357328014,5507000.700682904
NEWPORT,25,4/22/2022 8:00:00 PM,4/22/2022 8:00:00 PM,,Assessing,Tree,-7707246.522900661,5593962.144526801
MOSCOW,94,4/22/2022 8:30:00 PM,4/22/2022 8:30:00 PM,,Assessing,Investigating,-7778740.530731066,5632450.489460604
CARRABASSETT VAL,9,4/22/2022 8:00:00 PM,4/22/2022 8:00:00 PM,,Assessing,Investigating,-7822708.401240647,5635648.5310783
