BgName,NumOut,EtrMin,EtrMax,Desc,Status,Cause,x,y
ALBANY,2,6/30/2021 1:15:00 AM,6/30/2021 1:15:00 AM,,Assessing,Investigating,-7873490.638613626,5507364.785992609
LEEDS,2,6/30/2021 2:00:00 AM,6/30/2021 2:00:00 AM,,Assessing,Investigating,-7805637.35685836,5500976.417554357
WALDOBORO,1,6/30/2021 12:45:00 AM,6/30/2021 12:45:00 AM,,Assessing,Investigating,-7721650.018248044,5493700.249792734
YORK,3,6/30/2021 12:15:00 AM,6/30/2021 12:15:00 AM,,Assessing,Investigating,-7875432.729521615,5340630.703511105
BERWICK,2,6/30/2021 12:15:00 AM,6/30/2021 12:15:00 AM,,Assessing,Investigating,-7886462.654265775,5363715.2432299275
