BgName,NumOut,EtrMin,EtrMax,Desc,Status,Cause,x,y
GREENVILLE,190,6/11/2022 11:15:00 AM,6/11/2022 11:15:00 AM,,Assessing,Investigating,-7741971.369043285,5695554.077526771
PORTLAND,7,6/11/2022 11:45:00 AM,6/11/2022 11:45:00 AM,,Assessing,Investigating,-7828039.191087539,5418955.141840339
