BgName,NumOut,EtrMin,EtrMax,Desc,Status,Cause,x,y
CAPE ELIZABETH,5,12/7/2021 5:00:00 PM,12/7/2021 5:00:00 PM,,Investigating,Investigating,-7819104.601803686,5398779.568129489
RAYMOND,31,12/7/2021 4:30:00 PM,12/7/2021 4:30:00 PM,,Assessing,Investigating,-7840950.181423821,5462463.901105172
"EUSTIS,COBURN GORE",598,12/7/2021 6:30:00 PM,12/7/2021 6:30:00 PM,,Assessing,Vehicle Accident,-7842007.371513942,5645080.537148186
