BgName,NumOut,EtrMin,EtrMax,Desc,Status,Cause,x,y
JAY,72,7/11/2024 12:15:00 PM,7/11/2024 12:15:00 PM,,Investigating,Investigating,-7808976.341143321,5547379.607893532
"WOODSTOCK,GREENWOOD",289,7/11/2024 10:30:00 AM,7/11/2024 10:30:00 AM,,Repairs in Progress,Tree,-7864227.454278238,5524083.955635587
WOODSTOCK,37,7/11/2024 10:30:00 AM,7/11/2024 10:30:00 AM,,Repairs in Progress,Investigating,-7863298.91620989,5522251.571095112
WATERBORO,79,7/11/2024 12:45:00 PM,7/11/2024 12:45:00 PM,,Crew Assigned,Investigating,-7872821.029607996,5409801.064428694
OAKLAND,132,7/11/2024 11:45:00 AM,7/11/2024 11:45:00 AM,,Repairs in Progress,Investigating,-7760630.99809475,5553463.547763264
WILTON,15,7/11/2024 12:00:00 PM,7/11/2024 12:00:00 PM,,Repairs in Progress,Tree,-7816718.0767660625,5558386.010170677
