BgName,NumOut,EtrMin,EtrMax,Desc,Status,Cause,x,y
CORNVILLE,13,4/21/2024 3:00:00 AM,4/21/2024 3:00:00 AM,,Repairs in Progress,Investigating,-7759628.054031296,5596658.397923179
LEWISTON,9,4/21/2024 3:15:00 AM,4/21/2024 3:15:00 AM,,Assessing,Investigating,-7814314.7223885385,5483303.456961933
