BgName,NumOut,EtrMin,EtrMax,Desc,Status,Cause,x,y
BOOTHBAY,13,9/9/2024 8:45:00 AM,9/9/2024 8:45:00 AM,,Crew Assigned,Investigating,-7753929.742856157,5452075.216714889
AUBURN,14,9/9/2024 9:15:00 AM,9/9/2024 9:15:00 AM,,Crew Assigned,Investigating,-7818678.012250472,5493186.732097788
BERWICK,129,9/9/2024 9:15:00 AM,9/9/2024 9:15:00 AM,,Crew Assigned,Investigating,-7885502.10065706,5352257.39134582
NEWFIELD,6,9/9/2024 9:15:00 AM,9/9/2024 9:15:00 AM,,Crew Assigned,Investigating,-7893750.607794133,5413540.702194698
WELLS,98,9/9/2024 9:00:00 AM,9/9/2024 9:00:00 AM,,Crew Assigned,Investigating,-7870269.408750938,5362244.845575961
LINCOLNVILLE,19,9/9/2024 8:30:00 AM,9/9/2024 8:30:00 AM,,Assessing,Investigating,-7693972.964881582,5514757.720759261
WATERVILLE,63,9/9/2024 8:30:00 AM,9/9/2024 8:30:00 AM,,Crew Assigned,Investigating,-7756308.940891439,5550603.923448181
WELD,47,9/9/2024 7:45:00 AM,9/9/2024 7:45:00 AM,,Repairs in Progress,Investigating,-7840776.868105159,5581888.9419785915
