BgName,NumOut,EtrMin,EtrMax,Desc,Status,Cause,x,y
BRISTOL,6,6/27/2022 3:30:00 PM,6/27/2022 3:30:00 PM,,Assessing,Investigating,-7738311.473608664,5460267.269928232
BELGRADE,28,6/27/2022 4:30:00 PM,6/27/2022 4:30:00 PM,,Assessing,Investigating,-7770111.032686995,5541573.073540571
READFIELD,1,6/27/2022 5:00:00 PM,6/27/2022 5:00:00 PM,,Assessing,Investigating,-7781483.298270655,5528104.070385753
