BgName,NumOut,EtrMin,EtrMax,Desc,Status,Cause,x,y
ROCKPORT,55,9/28/2021 5:00:00 PM,9/28/2021 5:00:00 PM,,Assessing,Investigating,-7691542.626696558,5486852.662624364
MINOT,12,9/28/2021 4:15:00 PM,9/28/2021 4:15:00 PM,,Assessing,Investigating,-7827660.515572546,5492496.736929728
GREENE,8,9/28/2021 3:15:00 PM,9/28/2021 3:15:00 PM,,Assessing,Investigating,-7806142.0794790145,5485871.572385123
BIDDEFORD,7,9/28/2021 3:15:00 PM,9/28/2021 3:15:00 PM,,Assessing,Investigating,-7840136.914597897,5381545.348310405
