BgName,NumOut,EtrMin,EtrMax,Desc,Status,Cause,x,y
CHINA,54,4/3/2024 1:45:00 PM,4/3/2024 1:45:00 PM,,Crew Assigned,Investigating,-7741973.7512100395,5534899.3359804135
BELFAST,7,4/3/2024 1:45:00 PM,4/3/2024 1:45:00 PM,,Crew Assigned,Investigating,-7679637.886524806,5527112.106685824
