BgName,NumOut,EtrMin,EtrMax,Desc,Status,Cause,x,y
AUGUSTA,55,4/18/2024 5:00:00 PM,4/18/2024 5:00:00 PM,,Assessing,Investigating,-7767986.8453279175,5513767.004941812
YARMOUTH,16,4/18/2024 5:45:00 PM,4/18/2024 5:45:00 PM,,Assessing,Investigating,-7807602.257200768,5429440.722769142
DAMARISCOTTA,50,4/18/2024 5:00:00 PM,4/18/2024 5:00:00 PM,,Assessing,System Upgrade,-7739801.952551658,5469475.991768941
"NORRIDGEWOCK,FAIRFIELD,SKOWHEGAN",340,4/18/2024 6:45:00 PM,4/18/2024 6:45:00 PM,,Assessing,Investigating,-7768858.966739643,5576454.156673707
NORRIDGEWOCK,15,4/18/2024 7:00:00 PM,4/18/2024 7:00:00 PM,,Assessing,Investigating,-7769714.334596309,5576474.113471024
