BgName,NumOut,EtrMin,EtrMax,Desc,Status,Cause,x,y
HARPSWELL,36,9/6/2022 2:45:00 PM,9/6/2022 2:45:00 PM,,Assessing,Investigating,-7779933.708755291,5439235.555212543
ROCKLAND,99,9/6/2022 3:15:00 PM,9/6/2022 3:15:00 PM,,Assessing,Investigating,-7692142.026505263,5484535.071268962
BRIDGTON,239,9/6/2022 3:30:00 PM,9/6/2022 3:30:00 PM,,Assessing,Investigating,-7871736.176650179,5474062.559781864
"PARIS,SUMNER,WEST PARIS,BUCKFIELD",775,9/6/2022 2:30:00 PM,9/6/2022 2:30:00 PM,,Assessing,Investigating,-7848829.063277332,5502719.713546639
WATERFORD,5,9/6/2022 1:15:00 PM,9/6/2022 1:15:00 PM,,Assessing,Investigating,-7862538.48162796,5494454.140322184
WATERFORD,3,9/6/2022 1:15:00 PM,9/6/2022 1:15:00 PM,,Assessing,Investigating,-7863108.44848743,5495021.850106596
SACO,8,9/6/2022 2:30:00 PM,9/6/2022 2:30:00 PM,,Assessing,Investigating,-7840906.644385513,5388510.556958728
