BgName,NumOut,EtrMin,EtrMax,Desc,Status,Cause,x,y
RANDOLPH,34,6/11/2021 7:00:00 PM,6/11/2021 7:00:00 PM,,Assessing,Investigating,-7763460.761823762,5501891.061185339
WYMAN,28,6/11/2021 6:45:00 PM,6/11/2021 6:45:00 PM,,Assessing,Investigating,-7833445.566850423,5638671.128856565
