BgName,NumOut,EtrMin,EtrMax,Desc,Status,Cause,x,y
NEW GLOUCESTER,37,8/18/2021 5:15:00 PM,8/18/2021 5:15:00 PM,,Assessing,Investigating,-7827563.289130687,5466791.2272642935
WATERVILLE,2,8/18/2021 5:15:00 PM,8/18/2021 5:15:00 PM,,Assessing,Investigating,-7756173.554130338,5545281.447094958
PLYMOUTH,2,8/18/2021 3:30:00 PM,8/18/2021 3:30:00 PM,,Assessing,Investigating,-7701876.248051585,5579662.77437263
