BgName,NumOut,EtrMin,EtrMax,Desc,Status,Cause,x,y
BRIDGTON,10,7/8/2024 3:30:00 PM,7/8/2024 3:30:00 PM,,Assessing,Investigating,-7881069.7259568805,5475775.888779576
STANDISH,2,7/8/2024 3:00:00 PM,7/8/2024 3:00:00 PM,,Crew Assigned,Investigating,-7860701.05318622,5420354.538184904
HOLLIS,459,7/8/2024 2:00:00 PM,7/8/2024 2:00:00 PM,,Crew Assigned,Investigating,-7858213.908608274,5404470.694956019
NEW VINEYARD,2,7/8/2024 3:15:00 PM,7/8/2024 3:15:00 PM,,Assessing,Investigating,-7806070.968572656,5590342.032239622
