BgName,NumOut,EtrMin,EtrMax,Desc,Status,Cause,x,y
"MECHANIC FALLS,TURNER,HEBRON,BUCKFIELD,MINOT,OXFORD",1471,9/11/2021 12:00:00 PM,9/11/2021 12:00:00 PM,,Assessing,Investigating,-7836134.377787339,5483249.529462823
WATERBORO,28,9/11/2021 12:00:00 PM,9/11/2021 12:00:00 PM,,Assessing,Investigating,-7877082.595693452,5407766.967527363
OAKLAND,3,9/11/2021 12:15:00 PM,9/11/2021 12:15:00 PM,,Assessing,Investigating,-7756836.428396653,5550561.108739634
