BgName,NumOut,EtrMin,EtrMax,Desc,Status,Cause,x,y
PARIS,8,6/7/2024 7:15:00 PM,6/7/2024 7:15:00 PM,,Repairs in Progress,Investigating,-7851319.43616927,5504891.374539379
PERU,153,6/7/2024 8:15:00 PM,6/7/2024 8:15:00 PM,,Repairs in Progress,Tree,-7844726.6283340445,5546211.379993395
"NORTH BERWICK,WELLS,SOUTH BERWICK,BIDDEFORD,SANFORD,YORK",2277,6/7/2024 9:00:00 PM,6/7/2024 9:00:00 PM,,Crew Assigned,Investigating,-7873005.118589657,5359525.03336869
WATERVILLE,5,6/7/2024 8:15:00 PM,6/7/2024 8:15:00 PM,,Repairs in Progress,Investigating,-7751481.426545199,5552147.372087694
