BgName,NumOut,EtrMin,EtrMax,Desc,Status,Cause,x,y
BRUNSWICK,28,9/8/2021 3:15:00 PM,9/8/2021 3:15:00 PM,,Repairs in Progress,Investigating,-7777681.158798436,5455110.603985301
FALMOUTH,2,9/8/2021 4:45:00 PM,9/8/2021 4:45:00 PM,,Assessing,Investigating,-7828282.379629252,5426493.545237422
CARMEL,1,9/8/2021 4:00:00 PM,9/8/2021 4:00:00 PM,,Assessing,Investigating,-7684339.910488619,5587606.583280104
CHINA,2,9/8/2021 4:00:00 PM,9/8/2021 4:00:00 PM,,Assessing,Investigating,-7737491.471943314,5521397.602480311
