BgName,NumOut,EtrMin,EtrMax,Desc,Status,Cause,x,y
YORK,1,5/6/2021 9:00:00 AM,5/6/2021 9:00:00 AM,,Repairs in Progress,Investigating,-7860476.677605012,5337713.525964873
ACTON,1,5/6/2021 2:00:00 AM,5/6/2021 2:00:00 AM,,Assessing,Investigating,-7889315.750614895,5387113.5150661
