BgName,NumOut,EtrMin,EtrMax,Desc,Status,Cause,x,y
NOBLEBORO,2,8/6/2024 5:45:00 PM,8/6/2024 5:45:00 PM,,Crew Assigned,Investigating,-7732329.832054328,5489840.584378601
WEST BATH,24,8/6/2024 5:45:00 PM,8/6/2024 5:45:00 PM,,Crew Assigned,Investigating,-7779894.913925731,5445061.190973766
SABATTUS,33,8/6/2024 5:00:00 PM,8/6/2024 5:00:00 PM,,Crew Assigned,Investigating,-7799411.970239303,5479488.032515293
