BgName,NumOut,EtrMin,EtrMax,Desc,Status,Cause,x,y
"SIDNEY,BELGRADE",72,7/25/2023 6:45:00 PM,7/25/2023 6:45:00 PM,,Assessing,Investigating,-7770479.533611866,5527024.610462961
LIVERMR FL,14,7/25/2023 5:45:00 PM,7/25/2023 5:45:00 PM,,Assessing,Investigating,-7810021.240874788,5534976.429105847
"LIVERMR FL,LIVERMORE FALLS",25,7/25/2023 6:15:00 PM,7/25/2023 6:15:00 PM,,Assessing,Investigating,-7808435.138484439,5531046.910946781
"GUILFORD,WILLIMANTIC",10,7/25/2023 6:30:00 PM,7/25/2023 6:30:00 PM,,Assessing,Investigating,-7727580.441665334,5659511.6850882685
INDUSTRY,65,7/25/2023 6:45:00 PM,7/25/2023 6:45:00 PM,,Assessing,Investigating,-7800469.906164367,5577578.98238095
