BgName,NumOut,EtrMin,EtrMax,Desc,Status,Cause,x,y
HIRAM,26,6/8/2024 1:00:00 AM,6/8/2024 1:00:00 AM,,Crew Assigned,Investigating,-7881374.963960961,5448041.454144195
CASCO,3,6/8/2024 1:15:00 AM,6/8/2024 1:15:00 AM,,Crew Assigned,Investigating,-7850357.479890316,5465904.130623462
