BgName,NumOut,EtrMin,EtrMax,Desc,Status,Cause,x,y
GREENVILLE,12,9/28/2023 10:45:00 AM,9/28/2023 10:45:00 AM,,Investigating,Investigating,-7741292.274218581,5704940.3914184235
FREEPORT,3,9/28/2023 11:30:00 AM,9/28/2023 11:30:00 AM,,Assessing,Investigating,-7799057.25064218,5438499.424313623
ST GEORGE,56,Assessing,Assessing,,Assessing,Fire/Emergency,-7709814.474339271,5454075.589985603
ST GEORGE,19,Assessing,Assessing,,Assessing,Fire/Emergency,-7709813.594854716,5454077.506519028
"LIVERMORE,JAY,CANTON",85,9/28/2023 11:15:00 AM,9/28/2023 11:15:00 AM,,Assessing,Investigating,-7813839.109855681,5538861.170828702
ROCKWOOD,21,9/28/2023 11:00:00 AM,9/28/2023 11:00:00 AM,,Assessing,Investigating,-7768679.185780671,5728133.077610677
STANDISH,8,9/28/2023 10:30:00 AM,9/28/2023 10:30:00 AM,,Assessing,Investigating,-7843604.160567666,5438962.504372289
