BgName,NumOut,EtrMin,EtrMax,Desc,Status,Cause,x,y
"GORHAM,SCARBOROUGH",178,1/1/2022 6:00:00 PM,1/1/2022 6:00:00 PM,,Assessing,Vehicle Accident,-7839396.784746459,5409074.630010247
RIPLEY,32,1/1/2022 6:15:00 PM,1/1/2022 6:15:00 PM,,Assessing,Investigating,-7728773.374715318,5619405.472141829
