BgName,NumOut,EtrMin,EtrMax,Desc,Status,Cause,x,y
DENMARK,81,7/2/2022 1:45:00 AM,7/2/2022 1:45:00 AM,,Repairs in Progress,Investigating,-7874319.467861176,5458284.506705511
EMBDEN,5,7/2/2022 1:45:00 AM,7/2/2022 1:45:00 AM,,Assessing,Investigating,-7778743.848144802,5610060.136584536
BRIDGTON,2,7/2/2022 2:00:00 AM,7/2/2022 2:00:00 AM,,Assessing,Equipment Interruption,-7871445.176284679,5468976.539627498
