BgName,NumOut,EtrMin,EtrMax,Desc,Status,Cause,x,y
WARREN,384,8/11/2024 7:45:00 AM,8/11/2024 7:45:00 AM,,Crew Assigned,Investigating,-7707917.033615726,5484354.14736986
"POLAND,NEW GLOUCESTER",34,8/11/2024 8:00:00 AM,8/11/2024 8:00:00 AM,,Crew Assigned,Investigating,-7827981.449647866,5471969.355713936
HARRISON,8,8/11/2024 7:15:00 AM,8/11/2024 7:15:00 AM,,Assessing,Investigating,-7862777.718345731,5489143.750888116
PARSONSFIELD,19,8/11/2024 6:30:00 AM,8/11/2024 6:30:00 AM,,Repairs Complete,Investigating,-7886783.599553646,5420342.372483222
BIDDEFORD,45,8/11/2024 8:00:00 AM,8/11/2024 8:00:00 AM,,Crew Assigned,Investigating,-7845329.623767938,5385080.731038638
ARUNDEL,139,8/11/2024 8:15:00 AM,8/11/2024 8:15:00 AM,,Crew Assigned,Investigating,-7849632.645261388,5376870.590545454
SCARBOROUGH,42,8/11/2024 8:30:00 AM,8/11/2024 8:30:00 AM,,Repairs in Progress,Vehicle Accident,-7830109.043420311,5404947.967415236
SCARBOROUGH,2,8/11/2024 8:30:00 AM,8/11/2024 8:30:00 AM,,Repairs in Progress,Vehicle Accident,-7830113.20678106,5404948.074982645
