BgName,NumOut,EtrMin,EtrMax,Desc,Status,Cause,x,y
CAMDEN,9,7/12/2022 1:30:00 PM,7/12/2022 1:30:00 PM,,Assessing,Investigating,-7685667.885313503,5502328.699974535
DAMARISCOTTA,8,7/12/2022 2:30:00 PM,7/12/2022 2:30:00 PM,,Assessing,Investigating,-7734313.812556363,5474639.076328395
HARPSWELL,6,7/12/2022 1:45:00 PM,7/12/2022 1:45:00 PM,,Assessing,Investigating,-7782489.437310785,5433352.610545626
