BgName,NumOut,EtrMin,EtrMax,Desc,Status,Cause,x,y
LITCHFIELD,20,9/2/2021 12:00:00 PM,9/2/2021 12:00:00 PM,,Assessing,Tree,-7788134.693592686,5494380.136331403
"PORTLAND,FALMOUTH",1187,9/2/2021 1:00:00 PM,9/2/2021 1:00:00 PM,,Assessing,Investigating,-7821268.016076022,5417690.156433108
KITTERY,4,9/2/2021 11:15:00 AM,9/2/2021 11:15:00 AM,,Assessing,Investigating,-7869176.796807187,5323286.844439388
YORK,436,9/2/2021 12:00:00 PM,9/2/2021 12:00:00 PM,,Crew Assigned,Investigating,-7866294.167496872,5335064.131946227
PITTSTON,4,9/2/2021 11:45:00 AM,9/2/2021 11:45:00 AM,,Assessing,Investigating,-7761819.945883363,5497343.325085069
KENNEBUNKPORT,1,9/2/2021 10:15:00 AM,9/2/2021 10:15:00 AM,,Repairs in Progress,Equipment Interruption,-7844791.616686404,5365665.321994859
YORK,1,9/2/2021 1:30:00 PM,9/2/2021 1:30:00 PM,,Crew Assigned,Investigating,-7859461.588645742,5347709.506078252
