BgName,NumOut,EtrMin,EtrMax,Desc,Status,Cause,x,y
BOOTHBAY,5,4/10/2021 9:45:00 AM,4/10/2021 9:45:00 AM,,Assessing,Investigating,-7753352.751633139,5445873.560192482
"LIMINGTON,CORNISH",124,4/10/2021 10:00:00 AM,4/10/2021 10:00:00 AM,,Assessing,Investigating,-7876357.8723891415,5431438.5428123325
LIMINGTON,1,4/10/2021 10:00:00 AM,4/10/2021 10:00:00 AM,,Crew Assigned,Investigating,-7874817.600304344,5428956.695287075
NORRIDGEWOCK,1,4/10/2021 10:45:00 AM,4/10/2021 10:45:00 AM,,Assessing,Investigating,-7776142.322721198,5573497.004777197
