BgName,NumOut,EtrMin,EtrMax,Desc,Status,Cause,x,y
WINTHROP,23,8/16/2021 4:30:00 AM,8/16/2021 4:30:00 AM,,Assessing,Investigating,-7796448.611955505,5511753.823796457
MONMOUTH,1,8/16/2021 4:15:00 AM,8/16/2021 4:15:00 AM,,Assessing,Investigating,-7787643.674412586,5499415.386888333
SCARBOROUGH,1,8/16/2021 4:45:00 AM,8/16/2021 4:45:00 AM,,Assessing,Investigating,-7836255.281935621,5403939.920735225
PHILLIPS,1,8/16/2021 5:15:00 AM,8/16/2021 5:15:00 AM,,Assessing,Investigating,-7839169.069626741,5593823.982420041
