BgName,NumOut,EtrMin,EtrMax,Desc,Status,Cause,x,y
"CASCO,POLAND",32,8/15/2022 2:00:00 PM,8/15/2022 2:00:00 PM,,Assessing,Investigating,-7843396.694416021,5469016.9300814625
CASCO,2,8/15/2022 2:00:00 PM,8/15/2022 2:00:00 PM,,Crew Assigned,Investigating,-7843625.567331846,5464240.780519565
