BgName,NumOut,EtrMin,EtrMax,Desc,Status,Cause,x,y
WESTPORT,12,2/17/2023 11:00:00 AM,2/17/2023 11:00:00 AM,,Assessing,Investigating,-7756393.198615242,5458498.782527224
O O BEACH,6,2/17/2023 10:00:00 AM,2/17/2023 10:00:00 AM,,Crew Assigned,Investigating,-7834083.126978375,5390809.131411008
