BgName,NumOut,EtrMin,EtrMax,Desc,Status,Cause,x,y
POLAND,2,8/18/2023 3:00:00 PM,8/18/2023 3:00:00 PM,,Assessing,Investigating,-7832877.24743521,5478094.11726901
"YORK,OGUNQUIT",716,8/18/2023 2:30:00 PM,8/18/2023 2:30:00 PM,,Assessing,Investigating,-7858796.7886236105,5348772.632771281
OGUNQUIT,30,8/18/2023 2:45:00 PM,8/18/2023 2:45:00 PM,,Assessing,Investigating,-7859079.673704313,5351183.732601244
DAYTON,3,8/18/2023 2:30:00 PM,8/18/2023 2:30:00 PM,,Assessing,Investigating,-7854890.776969841,5397121.564602581
