BgName,NumOut,EtrMin,EtrMax,Desc,Status,Cause,x,y
DURHAM,23,11/4/2021 6:30:00 PM,11/4/2021 6:30:00 PM,,Assessing,Investigating,-7805246.881533854,5453758.992710607
RAYMOND,8,11/4/2021 5:30:00 PM,11/4/2021 5:30:00 PM,,Assessing,Investigating,-7840403.023898657,5450315.488519128
