BgName,NumOut,EtrMin,EtrMax,Desc,Status,Cause,x,y
FRYE ISLND,13,5/6/2022 1:15:00 PM,5/6/2022 1:15:00 PM,,Assessing,Investigating,-7851009.556068521,5440937.278971101
KITTERY,38,5/6/2022 1:30:00 PM,5/6/2022 1:30:00 PM,,Assessing,Investigating,-7871563.174980406,5325081.325959235
KITTERY,4,5/6/2022 1:15:00 PM,5/6/2022 1:15:00 PM,,Assessing,Investigating,-7871878.532012407,5325215.353306844
 ,3,5/6/2022 2:00:00 PM,5/6/2022 2:00:00 PM,,Assessing,Investigating,-7808269.161178213,5448169.7182587935
