BgName,NumOut,EtrMin,EtrMax,Desc,Status,Cause,x,y
BRUNSWICK,50,11/1/2023 6:30:00 PM,11/1/2023 6:30:00 PM,,Investigating,Investigating,-7778366.951921667,5455352.817634059
BRUNSWICK,55,11/1/2023 7:00:00 PM,11/1/2023 7:00:00 PM,,Assessing,Investigating,-7778336.518952943,5455490.735507358
