BgName,NumOut,EtrMin,EtrMax,Desc,Status,Cause,x,y
PARIS,2,8/7/2024 8:00:00 AM,8/7/2024 8:00:00 AM,,Assessing,Investigating,-7853028.524338224,5508002.312196537
BRIDGTON,27,8/7/2024 12:00:00 PM,8/7/2024 12:00:00 PM,,Repairs in Progress,Investigating,-7879668.068847064,5471403.4595424365
