BgName,NumOut,EtrMin,EtrMax,Desc,Status,Cause,x,y
NEW GLOUCESTER,40,1/30/2024 11:15:00 PM,1/30/2024 11:15:00 PM,,Assessing,Investigating,-7830453.0205916315,5463073.045456259
AUBURN,4,1/30/2024 9:30:00 PM,1/30/2024 9:30:00 PM,,Assessing,Investigating,-7818226.656272049,5480616.455886636
