BgName,NumOut,EtrMin,EtrMax,Desc,Status,Cause,x,y
"PARIS,OXFORD",133,4/2/2022 5:15:00 AM,4/2/2022 5:15:00 AM,,Assessing,Investigating,-7847980.708571666,5499564.455495387
WATERFORD,92,4/2/2022 5:00:00 AM,4/2/2022 5:00:00 AM,,Assessing,Investigating,-7868531.08805712,5497526.912922904
YORK,6,4/2/2022 5:15:00 AM,4/2/2022 5:15:00 AM,,Crew Assigned,Investigating,-7861317.640736053,5336790.402075502
