BgName,NumOut,EtrMin,EtrMax,Desc,Status,Cause,x,y
RICHMOND,7,3/19/2021 5:45:00 AM,3/19/2021 5:45:00 AM,,Assessing,Investigating,-7776200.375809753,5490924.256402484
LYMAN,29,3/19/2021 6:00:00 AM,3/19/2021 6:00:00 AM,,Crew Assigned,Investigating,-7858406.001550111,5387697.095353346
