BgName,NumOut,EtrMin,EtrMax,Desc,Status,Cause,x,y
SO BRISTOL,1,1/7/2023 10:00:00 AM,1/7/2023 10:00:00 AM,,Assessing,Investigating,-7743795.58379272,5446416.342855523
PARSONSFIELD,18,1/7/2023 8:30:00 AM,1/7/2023 8:30:00 AM,,Crew Assigned,Investigating,-7888837.599940678,5429516.949171336
