BgName,NumOut,EtrMin,EtrMax,Desc,Status,Cause,x,y
DAMARISCOTTA,6,11/8/2024 1:30:00 PM,11/8/2024 1:30:00 PM,,Crew Assigned,Investigating,-7740806.455059738,5468433.150365727
DALLAS PLT,3,11/8/2024 1:30:00 PM,11/8/2024 1:30:00 PM,,Crew Assigned,Investigating,-7857557.2683207,5621626.035746266
"LANG,COPLIN PLT",116,11/8/2024 1:30:00 PM,11/8/2024 1:30:00 PM,,Crew Assigned,Investigating,-7848961.054837614,5636283.1539780395
DALLAS PLT,4,11/8/2024 1:30:00 PM,11/8/2024 1:30:00 PM,,Crew Assigned,Investigating,-7856966.473545049,5622557.243054868
