BgName,NumOut,EtrMin,EtrMax,Desc,Status,Cause,x,y
JEFFERSON,24,10/8/2024 12:00:00 AM,10/8/2024 12:00:00 AM,,Repairs in Progress,Vehicle Accident,-7738315.625756861,5485683.921900834
FREEPORT,80,10/8/2024 12:00:00 AM,10/8/2024 12:00:00 AM,,Repairs in Progress,Tree,-7804851.118489925,5438189.287375531
WATERFORD,38,10/8/2024 1:00:00 AM,10/8/2024 1:00:00 AM,,Assessing,Investigating,-7867332.332989575,5496078.761677895
