BgName,NumOut,EtrMin,EtrMax,Desc,Status,Cause,x,y
"PITTSTON,WHITEFIELD,PITTSON",650,4/21/2021 5:00:00 PM,4/21/2021 5:00:00 PM,,Assessing,Investigating,-7763856.8254041355,5492145.038510471
BUXTON,70,4/21/2021 4:30:00 PM,4/21/2021 4:30:00 PM,,Assessing,Investigating,-7857208.025754942,5416373.793001943
WINDHAM,41,4/21/2021 4:45:00 PM,4/21/2021 4:45:00 PM,,Assessing,Investigating,-7837838.679197666,5439746.388114611
"KINGFIELD,FREEMAN,NEW PORTLAND,SALEM,FREEMAN TOWNSHIP",1167,4/21/2021 4:45:00 PM,4/21/2021 4:45:00 PM,,Assessing,Investigating,-7810119.179814264,5614388.293634464
