BgName,NumOut,EtrMin,EtrMax,Desc,Status,Cause,x,y
AUGUSTA,1,7/13/2024 3:30:00 PM,7/13/2024 3:30:00 PM,,Assessing,Investigating,-7768969.351111382,5522713.202697665
NEW GLOUCESTER,2,7/13/2024 3:00:00 PM,7/13/2024 3:00:00 PM,,Assessing,Equipment Interruption,-7820525.4037455255,5462451.710663805
