BgName,NumOut,EtrMin,EtrMax,Desc,Status,Cause,x,y
FREEPORT,69,9/1/2022 4:15:00 AM,9/1/2022 4:15:00 AM,,Assessing,Investigating,-7806655.028508875,5434828.473875456
MEXICO,68,9/1/2022 4:45:00 AM,9/1/2022 4:45:00 AM,,Assessing,Investigating,-7851781.512248503,5551323.056662249
SCARBOROUGH,3,9/1/2022 3:45:00 AM,9/1/2022 3:45:00 AM,,Assessing,Investigating,-7824911.681041151,5402739.80704943
