BgName,NumOut,EtrMin,EtrMax,Desc,Status,Cause,x,y
WOOLWICH,3,9/12/2023 10:45:00 PM,9/12/2023 10:45:00 PM,,Assessing,Investigating,-7770328.15024308,5458152.776868002
PHILLIPS,1,9/12/2023 9:30:00 PM,9/12/2023 9:30:00 PM,,Assessing,Investigating,-7834984.9038884705,5603536.326119949
