BgName,NumOut,EtrMin,EtrMax,Desc,Status,Cause,x,y
LOVELL,36,7/14/2024 8:00:00 PM,7/14/2024 8:00:00 PM,,Crew Assigned,Investigating,-7891709.754124432,5493265.522789428
SABATTUS,4,7/14/2024 8:00:00 PM,7/14/2024 8:00:00 PM,,Repairs in Progress,Investigating,-7800056.610292999,5477681.483499938
SABATTUS,4,7/14/2024 8:00:00 PM,7/14/2024 8:00:00 PM,,Crew Assigned,Investigating,-7800048.806757195,5477788.6535814805
FALMOUTH,5,7/14/2024 9:15:00 PM,7/14/2024 9:15:00 PM,,Assessing,Investigating,-7821130.124610983,5421141.769647722
BERWICK,2,7/14/2024 8:45:00 PM,7/14/2024 8:45:00 PM,,Assessing,Investigating,-7884802.7693783045,5355915.468134227
