BgName,NumOut,EtrMin,EtrMax,Desc,Status,Cause,x,y
"ST GEORGE,SO THOMASTON,SOUTH THOMASTON,SPRUCE HEAD",971,5/16/2022 2:00:00 PM,5/16/2022 2:00:00 PM,,Assessing,Investigating,-7702873.14744823,5467891.7284202995
"LISBON,SABATTUS",145,5/16/2022 2:00:00 PM,5/16/2022 2:00:00 PM,,Assessing,Investigating,-7805089.1084119445,5472558.61061007
"CARATUNK,THE FORKS PLT",158,5/16/2022 12:45:00 PM,5/16/2022 12:45:00 PM,,Assessing,Investigating,-7791145.830162725,5658699.791323444
POLAND,4,5/16/2022 1:15:00 PM,5/16/2022 1:15:00 PM,,Assessing,Investigating,-7839980.8335702345,5473089.265078746
ROCKLAND,1,5/16/2022 1:15:00 PM,5/16/2022 1:15:00 PM,,Assessing,Investigating,-7694046.669591623,5483976.710569291
