BgName,NumOut,EtrMin,EtrMax,Desc,Status,Cause,x,y
"FARMINGDALE,MANCHESTER",20,7/2/2021 2:45:00 PM,7/2/2021 2:45:00 PM,,Assessing,Investigating,-7774973.078490083,5509609.9831104
ROME,4,Assessing,Assessing,,Assessing,Investigating,-7779279.985032717,5548151.96869783
AUBURN,20,7/2/2021 2:45:00 PM,7/2/2021 2:45:00 PM,,Assessing,Investigating,-7822145.614418995,5481038.321292288
AUBURN,16,7/2/2021 2:45:00 PM,7/2/2021 2:45:00 PM,,Assessing,Investigating,-7822222.881216678,5481028.601703787
LYMAN,9,7/2/2021 2:45:00 PM,7/2/2021 2:45:00 PM,,Assessing,Investigating,-7859681.967853137,5383082.227629192
FREEDOM,8,7/2/2021 2:30:00 PM,7/2/2021 2:30:00 PM,,Assessing,Investigating,-7716697.458617651,5543576.697004335
ROME,2,Assessing,Assessing,,Assessing,Investigating,-7778829.0965776695,5548924.084706993
KITTERY,1,7/2/2021 2:45:00 PM,7/2/2021 2:45:00 PM,,Assessing,Investigating,-7871754.177000992,5327174.233771606
ELIOT,3,7/2/2021 1:30:00 PM,7/2/2021 1:30:00 PM,,Crew Assigned,Investigating,-7880304.627053396,5330899.984956202
