BgName,NumOut,EtrMin,EtrMax,Desc,Status,Cause,x,y
PHILLIPS,3,6/5/2024 8:45:00 AM,6/5/2024 8:45:00 AM,,Investigating,Investigating,-7830957.6073602075,5595583.796591377
ARROWSIC,1,6/5/2024 9:00:00 AM,6/5/2024 9:00:00 AM,,Crew Assigned,Investigating,-7770165.9911111705,5450459.914229787
GRAY,3,6/5/2024 8:00:00 AM,6/5/2024 8:00:00 AM,,Repairs in Progress,Investigating,-7827741.945730974,5438834.244977626
NEW GLOUCESTER,7,6/5/2024 8:30:00 AM,6/5/2024 8:30:00 AM,,Assessing,Investigating,-7822281.156954484,5453986.145948593
"SOUTH PORTLAND,GREAT DIAMOND ISLAND,PEAKS ISLAND,LITTLE DIAMOND ISLAND,CUSHING ISLAND,HOUSE ISLAND,CAPE ELIZABETH",2396,6/5/2024 7:30:00 AM,6/5/2024 7:30:00 AM,,Repairs in Progress,Investigating,-7818504.287070749,5409234.069052581
WATERVILLE,44,6/5/2024 8:45:00 AM,6/5/2024 8:45:00 AM,,Crew Assigned,Investigating,-7750953.048543111,5553705.598883328
