BgName,NumOut,EtrMin,EtrMax,Desc,Status,Cause,x,y
LIMINGTON,29,7/23/2022 7:30:00 PM,7/23/2022 7:30:00 PM,,Investigating,Investigating,-7873685.2428668,5430392.116693823
GARDINER; RICHMOND,27,7/23/2022 7:30:00 PM,7/23/2022 7:30:00 PM,,Investigating,Investigating,-7771133.137199953,5490843.779342594
LIMINGTON,16,7/23/2022 7:30:00 PM,7/23/2022 7:30:00 PM,,Investigating,Investigating,-7869564.659306717,5427912.755998272
"EDGECOMB,NEWCASTLE,BOOTHBAY",363,7/23/2022 7:15:00 PM,7/23/2022 7:15:00 PM,,Assessing,Vehicle Accident,-7751068.653859523,5458149.637966513
GREENWOOD,9,7/23/2022 7:30:00 PM,7/23/2022 7:30:00 PM,,Assessing,Investigating,-7868698.067284966,5527120.566599417
ACTON,7,7/23/2022 7:30:00 PM,7/23/2022 7:30:00 PM,,Crew Assigned,Investigating,-7897681.477075208,5403414.387735567
"YORK,KITTERY",671,7/23/2022 7:00:00 PM,7/23/2022 7:00:00 PM,,Assessing,Tree,-7869795.688636586,5333220.116814417
WELD,20,7/23/2022 7:15:00 PM,7/23/2022 7:15:00 PM,,Assessing,Investigating,-7839787.972568577,5574025.7815741785
