BgName,NumOut,EtrMin,EtrMax,Desc,Status,Cause,x,y
PHIPPSBURG,23,7/17/2023 6:30:00 AM,7/17/2023 6:30:00 AM,,Assessing,Tree,-7776925.29953843,5426818.437236449
HARPSWELL,89,7/17/2023 5:45:00 AM,7/17/2023 5:45:00 AM,,Assessing,Investigating,-7788930.282829116,5437240.904007588
EDGECOMB,35,7/17/2023 8:00:00 AM,7/17/2023 8:00:00 AM,,Assessing,Tree,-7751023.54716404,5458271.935211825
TURNER,22,7/17/2023 9:00:00 AM,7/17/2023 9:00:00 AM,,Assessing,Investigating,-7818214.244076998,5513472.10885952
LINCOLNVILLE,87,7/17/2023 6:45:00 AM,7/17/2023 6:45:00 AM,,Assessing,Investigating,-7686345.153092888,5517387.647794881
"PHILLIPS,AVON",133,7/17/2023 5:00:00 AM,7/17/2023 5:00:00 AM,,Assessing,Tree,-7830017.527671385,5593956.196103495
