BgName,NumOut,EtrMin,EtrMax,Desc,Status,Cause,x,y
BRISTOL,28,9/22/2021 12:00:00 AM,9/22/2021 12:00:00 AM,,Assessing,Investigating,-7735282.971198126,5458332.535557316
BELGRADE,27,9/21/2021 12:30:00 AM,9/21/2021 12:30:00 AM,,Assessing,Investigating,-7775996.661157789,5535612.379343353
"AUBURN,TURNER,MINOT",1107,9/21/2021 12:15:00 AM,9/21/2021 12:15:00 AM,,Assessing,Investigating,-7817445.493986123,5486145.028763482
GORHAM,21,9/21/2021 12:15:00 AM,9/21/2021 12:15:00 AM,,Assessing,Investigating,-7848974.68029087,5427002.608961739
