BgName,NumOut,EtrMin,EtrMax,Desc,Status,Cause,x,y
NEW GLOUCESTER,33,12/2/2021 5:45:00 PM,12/2/2021 5:45:00 PM,,Assessing,Investigating,-7827568.654637198,5466785.624485099
AUGUSTA,9,12/2/2021 4:30:00 PM,12/2/2021 4:30:00 PM,,Assessing,Investigating,-7768422.672222036,5516727.071986787
