BgName,NumOut,EtrMin,EtrMax,Desc,Status,Cause,x,y
"VASSALBORO,CHINA",676,2/17/2024 12:15:00 AM,2/17/2024 12:15:00 AM,,Assessing,Investigating,-7752349.284383997,5533267.698773856
VASSALBORO,346,2/17/2024 12:30:00 AM,2/17/2024 12:30:00 AM,,Assessing,Investigating,-7752369.17715331,5533225.370882975
