BgName,NumOut,EtrMin,EtrMax,Desc,Status,Cause,x,y
WISCASSET,1,8/14/2022 12:00:00 PM,8/14/2022 12:00:00 PM,,Assessing,Equipment Interruption,-7755470.115153147,5466200.655638456
READFIELD,28,8/14/2022 12:30:00 PM,8/14/2022 12:30:00 PM,,Assessing,Investigating,-7789813.335778343,5525787.740334666
GREENVILLE,26,8/14/2022 11:15:00 AM,8/14/2022 11:15:00 AM,,Assessing,Investigating,-7747543.733324943,5694354.681527533
