BgName,NumOut,EtrMin,EtrMax,Desc,Status,Cause,x,y
VASSALBORO,3,3/8/2021 4:00:00 PM,3/8/2021 4:00:00 PM,,Assessing,Investigating,-7751712.625965479,5522055.526748664
LOVELL,2,3/8/2021 4:30:00 PM,3/8/2021 4:30:00 PM,,Assessing,Investigating,-7886849.400515696,5494445.726248283
CARRABASSETT VAL,3,3/8/2021 4:45:00 PM,3/8/2021 4:45:00 PM,,Assessing,Investigating,-7815611.783606639,5633267.268735747
