BgName,NumOut,EtrMin,EtrMax,Desc,Status,Cause,x,y
GARDINER,2,7/5/2022 11:00:00 AM,7/5/2022 11:00:00 AM,,Assessing,Investigating,-7766111.6128658,5492436.484657226
ISLESBORO,22,7/5/2022 12:30:00 PM,7/5/2022 12:30:00 PM,,Assessing,Investigating,-7672517.446622538,5502635.775862709
MADRID,2,7/5/2022 12:00:00 PM,7/5/2022 12:00:00 PM,,Assessing,Investigating,-7835968.021957368,5608105.714966756
PORTLAND,9,7/5/2022 11:30:00 AM,7/5/2022 11:30:00 AM,,Assessing,Investigating,-7823090.984029712,5413194.241850935
