BgName,NumOut,EtrMin,EtrMax,Desc,Status,Cause,x,y
STRONG,4,5/13/2022 10:00:00 PM,5/13/2022 10:00:00 PM,,Assessing,Investigating,-7812437.998156435,5580797.96590773
SEBAGO,2,5/13/2022 9:00:00 PM,5/13/2022 9:00:00 PM,,Assessing,Equipment Interruption,-7862410.8315278,5446423.585679362
LIMERICK,2,5/13/2022 9:15:00 PM,5/13/2022 9:15:00 PM,,Crew Assigned,Investigating,-7884768.972744066,5411724.480796695
