BgName,NumOut,EtrMin,EtrMax,Desc,Status,Cause,x,y
EDGECOMB,8,10/5/2021 9:00:00 PM,10/5/2021 9:00:00 PM,,Investigating,Investigating,-7747570.070508568,5464355.387871293
BATH,20,10/5/2021 7:45:00 PM,10/5/2021 7:45:00 PM,,Assessing,Investigating,-7771599.685986234,5454305.687773827
HARPSWELL,76,10/5/2021 7:30:00 PM,10/5/2021 7:30:00 PM,,Assessing,Investigating,-7785327.238237176,5433099.087149211
"ST ALBANS,SAINT ALBANS,HARTLAND",822,10/5/2021 7:45:00 PM,10/5/2021 7:45:00 PM,,Assessing,Investigating,-7730849.605688768,5603150.8024344575
