BgName,NumOut,EtrMin,EtrMax,Desc,Status,Cause,x,y
"OXFORD,POLAND",61,8/18/2024 8:30:00 AM,8/18/2024 8:30:00 AM,,Assessing,Investigating,-7846098.017660055,5477343.648330082
AUBURN,1167,8/18/2024 9:30:00 AM,8/18/2024 9:30:00 AM,,Repairs in Progress,Vehicle Accident,-7817399.051495259,5481054.721936277
