BgName,NumOut,EtrMin,EtrMax,Desc,Status,Cause,x,y
PARSONSFIELD,2,5/23/2023 4:45:00 AM,5/23/2023 4:45:00 AM,,Crew Assigned,Investigating,-7891665.22637706,5431374.927797494
PARSONSFIELD,13,5/23/2023 5:00:00 AM,5/23/2023 5:00:00 AM,,Assessing,Investigating,-7891729.335244863,5431277.609695951
PARSONSFIELD,40,5/23/2023 4:45:00 AM,5/23/2023 4:45:00 AM,,Crew Assigned,Investigating,-7891502.098760963,5431536.232696902
CARMEL,41,5/23/2023 5:45:00 AM,5/23/2023 5:45:00 AM,,Assessing,Investigating,-7680663.740234868,5586183.18550117
"CARMEL,ETNA",142,5/23/2023 5:45:00 AM,5/23/2023 5:45:00 AM,,Assessing,Investigating,-7687977.753536304,5589402.655914986
