BgName,NumOut,EtrMin,EtrMax,Desc,Status,Cause,x,y
WEST BATH,96,10/9/2022 7:30:00 PM,10/9/2022 7:30:00 PM,,Assessing,Investigating,-7779580.03562966,5446980.856611097
WISCASSET,1,10/9/2022 8:15:00 PM,10/9/2022 8:15:00 PM,,Assessing,Investigating,-7757608.473576266,5464343.631449793
