BgName,NumOut,EtrMin,EtrMax,Desc,Status,Cause,x,y
PORTLAND,54,8/16/2022 8:15:00 AM,8/16/2022 8:15:00 AM,,Assessing,Investigating,-7826745.146446401,5418828.422991075
PORTLAND,21,8/16/2022 8:15:00 AM,8/16/2022 8:15:00 AM,,Assessing,Investigating,-7827186.227722627,5418964.426340129
