BgName,NumOut,EtrMin,EtrMax,Desc,Status,Cause,x,y
WAYNE,5,6/24/2022 8:00:00 PM,6/24/2022 8:00:00 PM,,Assessing,Investigating,-7797637.593181551,5515260.595386132
CHESTERVILLE,55,6/24/2022 8:15:00 PM,6/24/2022 8:15:00 PM,,Assessing,Investigating,-7801011.352996591,5543335.9142851
"SO BERWICK,ELIOT,YORK,SOUTH BERWICK",663,6/24/2022 9:00:00 PM,6/24/2022 9:00:00 PM,,Assessing,Investigating,-7879888.815365654,5344229.137185609
