BgName,NumOut,EtrMin,EtrMax,Desc,Status,Cause,x,y
YORK,2,5/29/2024 2:45:00 AM,5/29/2024 2:45:00 AM,,Crew Assigned,Investigating,-7864561.846919989,5341694.870074314
CASTINE,15,5/29/2024 1:45:00 AM,5/29/2024 1:45:00 AM,,Crew Assigned,Investigating,-7657854.643688692,5526863.1122419685
PLYMOUTH,2,5/29/2024 3:00:00 AM,5/29/2024 3:00:00 AM,,Assessing,Investigating,-7705751.324073912,5579825.887253024
