BgName,NumOut,EtrMin,EtrMax,Desc,Status,Cause,x,y
RUMFORD,20,7/30/2024 12:15:00 PM,7/30/2024 12:15:00 PM,,Repairs in Progress,Tree,-7853797.407978602,5546619.23731417
PERU,1,7/30/2024 1:15:00 PM,7/30/2024 1:15:00 PM,,Crew Assigned,Investigating,-7844148.0453290725,5539698.040263231
ACTON,9,7/30/2024 12:45:00 PM,7/30/2024 12:45:00 PM,,Crew Assigned,Investigating,-7898032.556497277,5397598.350599924
"BROOKS,NEWBURGH,MONROE,WINTERPORT,JACKSON,DIXMONT,SWANVILLE,WALDO,KNOX",1743,7/30/2024 1:00:00 PM,7/30/2024 1:00:00 PM,,Repairs in Progress,Investigating,-7694568.1902171,5550778.9332382325
ABBOT,11,7/30/2024 1:15:00 PM,7/30/2024 1:15:00 PM,,Crew Assigned,Investigating,-7731711.452298181,5653882.15480366
