BgName,NumOut,EtrMin,EtrMax,Desc,Status,Cause,x,y
PHIPPSBURG,1,6/30/2021 12:30:00 PM,6/30/2021 12:30:00 PM,,Crew Assigned,Investigating,-7776944.947433618,5432147.727360478
MANCHESTER,1,6/30/2021 12:00:00 PM,6/30/2021 12:00:00 PM,,Assessing,Investigating,-7778090.391521238,5519654.3030957
BERWICK,2,6/30/2021 12:45:00 PM,6/30/2021 12:45:00 PM,,Assessing,Investigating,-7888506.090526603,5363949.92905017
