BgName,NumOut,EtrMin,EtrMax,Desc,Status,Cause,x,y
CUSHING,2,7/26/2024 1:45:00 AM,7/26/2024 1:45:00 AM,,Repairs in Progress,Investigating,-7709699.191884291,5466412.005389872
CUMBERLAND,11,7/26/2024 2:00:00 AM,7/26/2024 2:00:00 AM,,Crew Assigned,Investigating,-7821172.06976723,5432122.825284012
PORTLAND,52,7/26/2024 4:00:00 AM,7/26/2024 4:00:00 AM,,Crew Assigned,System Upgrade,-7823296.112464364,5414031.939478976
