BgName,NumOut,EtrMin,EtrMax,Desc,Status,Cause,x,y
WARREN,32,4/17/2024 1:15:00 AM,4/17/2024 1:15:00 AM,,Assessing,Investigating,-7711935.912120286,5482527.754938136
CARTHAGE,22,4/17/2024 1:15:00 AM,4/17/2024 1:15:00 AM,,Assessing,Investigating,-7832990.503922188,5556834.718020652
WINDHAM,2,4/16/2024 11:45:00 PM,4/16/2024 11:45:00 PM,,Assessing,Investigating,-7838901.20145699,5444220.870587449
