BgName,NumOut,EtrMin,EtrMax,Desc,Status,Cause,x,y
BOOTHBAY,32,8/26/2022 3:00:00 PM,8/26/2022 3:00:00 PM,,Assessing,Investigating,-7745211.857164973,5442524.15885692
WEST PARIS,12,8/26/2022 4:00:00 PM,8/26/2022 4:00:00 PM,,Assessing,Investigating,-7850952.349027087,5519270.300300374
NO BERWICK,42,8/26/2022 4:00:00 PM,8/26/2022 4:00:00 PM,,Assessing,Investigating,-7875915.332880474,5360557.379801211
