BgName,NumOut,EtrMin,EtrMax,Desc,Status,Cause,x,y
GRAY,71,6/15/2024 3:45:00 PM,6/15/2024 3:45:00 PM,,Assessing,Investigating,-7832730.951361489,5453316.86595592
"POLAND,OXFORD",12,6/15/2024 2:30:00 PM,6/15/2024 2:30:00 PM,,Assessing,Investigating,-7844750.127941095,5476453.718081091
RAYMOND,75,6/15/2024 4:15:00 PM,6/15/2024 4:15:00 PM,,Assessing,Investigating,-7841206.461120649,5455187.6925670635
WESTBROOK,7,6/15/2024 4:15:00 PM,6/15/2024 4:15:00 PM,,Assessing,Investigating,-7828421.707101853,5422117.085481128
