BgName,NumOut,EtrMin,EtrMax,Desc,Status,Cause,x,y
ALFRED,13,5/20/2021 7:30:00 PM,5/20/2021 7:30:00 PM,,Assessing,Investigating,-7872257.418964102,5381801.126959477
"BUCKSPORT,ELLSWORTH,ORLAND",403,5/20/2021 7:30:00 PM,5/20/2021 7:30:00 PM,,Assessing,Vehicle Accident,-7654131.296121467,5554752.972580722
SANGERVILLE,1,5/20/2021 7:15:00 PM,5/20/2021 7:15:00 PM,,Assessing,Investigating,-7718402.928836425,5633953.715681702
