BgName,NumOut,EtrMin,EtrMax,Desc,Status,Cause,x,y
HEBRON,33,4/10/2023 1:15:00 PM,4/10/2023 1:15:00 PM,,Investigating,Investigating,-7835861.446950093,5491323.282502433
HEBRON,44,4/10/2023 1:15:00 PM,4/10/2023 1:15:00 PM,,Investigating,Investigating,-7836922.233966864,5494860.475849441
HEBRON,14,4/10/2023 1:15:00 PM,4/10/2023 1:15:00 PM,,Investigating,Investigating,-7836910.096579446,5494599.076601753
HEBRON,8,4/10/2023 1:15:00 PM,4/10/2023 1:15:00 PM,,Investigating,Investigating,-7835799.19095652,5491285.471468324
HEBRON,70,4/10/2023 1:15:00 PM,4/10/2023 1:15:00 PM,,Crew Assigned,Investigating,-7836943.392252881,5494962.233377072
STONEHAM,19,4/10/2023 12:00:00 PM,4/10/2023 12:00:00 PM,,Assessing,Tree,-7882365.150843158,5498255.5863269875
