BgName,NumOut,EtrMin,EtrMax,Desc,Status,Cause,x,y
TURNER,1,9/5/2022 11:30:00 AM,9/5/2022 11:30:00 AM,,Assessing,Investigating,-7816670.053505574,5505139.6460932465
FALMOUTH,1,9/5/2022 10:30:00 AM,9/5/2022 10:30:00 AM,,Assessing,Investigating,-7829762.639432246,5425410.864939055
YORK,6,9/5/2022 11:30:00 AM,9/5/2022 11:30:00 AM,,Assessing,Investigating,-7862867.820311969,5332475.760617169
