BgName,NumOut,EtrMin,EtrMax,Desc,Status,Cause,x,y
HARTFORD,4,9/28/2022 9:00:00 AM,9/28/2022 9:00:00 AM,,Assessing,Tree,-7830754.9858319545,5532530.130042778
MOSCOW,2,9/28/2022 9:30:00 AM,9/28/2022 9:30:00 AM,,Assessing,Investigating,-7778229.496344593,5632952.020444125
PORTLAND,6,9/28/2022 1:30:00 PM,9/28/2022 1:30:00 PM,,Assessing,Vehicle Accident,-7819995.80127268,5414184.446524521
PORTLAND,9,9/28/2022 1:30:00 PM,9/28/2022 1:30:00 PM,,Assessing,Vehicle Accident,-7819965.088190378,5414126.459723168
