BgName,NumOut,EtrMin,EtrMax,Desc,Status,Cause,x,y
ACTON,4,8/20/2023 10:30:00 AM,8/20/2023 10:30:00 AM,,Assessing,Investigating,-7895286.182220061,5394519.368199258
YARMOUTH,4,8/20/2023 11:15:00 AM,8/20/2023 11:15:00 AM,,Assessing,Investigating,-7809640.828815788,5433844.795729261
"LINCOLNVILLE,NORTHPORT,BELFAST",555,8/20/2023 11:15:00 AM,8/20/2023 11:15:00 AM,,Assessing,Investigating,-7683373.36787541,5532191.072155065
