BgName,NumOut,EtrMin,EtrMax,Desc,Status,Cause,x,y
CAMDEN,7,4/8/2023 4:15:00 PM,4/8/2023 4:15:00 PM,,Assessing,Investigating,-7692093.068198022,5497644.301186693
ANDOVER,43,4/8/2023 3:30:00 PM,4/8/2023 3:30:00 PM,,Assessing,Investigating,-7878596.217944632,5566116.828943653
NO BERWICK,1,4/8/2023 3:45:00 PM,4/8/2023 3:45:00 PM,,Assessing,Investigating,-7879573.035360148,5374262.258335572
