BgName,NumOut,EtrMin,EtrMax,Desc,Status,Cause,x,y
ELIOT,14,4/18/2024 10:00:00 AM,4/18/2024 10:00:00 AM,,Investigating,Investigating,-7877724.484567298,5335426.8324599415
DAMARISCOTTA,50,4/18/2024 10:30:00 AM,4/18/2024 10:30:00 AM,,Assessing,Investigating,-7739801.952551658,5469475.991768941
