BgName,NumOut,EtrMin,EtrMax,Desc,Status,Cause,x,y
LEEDS,9,7/5/2024 4:45:00 PM,7/5/2024 4:45:00 PM,,Investigating,Investigating,-7808522.046174789,5519089.471278465
WISCASSET,42,7/5/2024 4:15:00 PM,7/5/2024 4:15:00 PM,,Crew Assigned,Investigating,-7758470.175423629,5476617.117268719
"WALDOBORO,WARREN",59,7/5/2024 4:15:00 PM,7/5/2024 4:15:00 PM,,Crew Assigned,Investigating,-7718546.352895024,5491810.487433456
POLAND,47,7/5/2024 4:30:00 PM,7/5/2024 4:30:00 PM,,Repairs in Progress,Investigating,-7842451.681004058,5472637.3944653
"LEEDS,WAYNE,MONMOUTH",786,7/5/2024 4:45:00 PM,7/5/2024 4:45:00 PM,,Crew Assigned,Investigating,-7810854.856880956,5517533.072404712
