BgName,NumOut,EtrMin,EtrMax,Desc,Status,Cause,x,y
NAPLES,46,8/10/2024 7:30:00 PM,8/10/2024 7:30:00 PM,,Crew Assigned,Investigating,-7855595.284543293,5459129.840155813
NEWBURGH,47,8/10/2024 6:00:00 PM,8/10/2024 6:00:00 PM,,Assessing,Investigating,-7688315.70836581,5580445.160253632
