BgName,NumOut,EtrMin,EtrMax,Desc,Status,Cause,x,y
PARIS,28,5/27/2024 9:30:00 PM,5/27/2024 9:30:00 PM,,Investigating,Investigating,-7849474.825687477,5500051.191292099
BRUNSWICK,62,5/27/2024 9:00:00 PM,5/27/2024 9:00:00 PM,,Repairs in Progress,Investigating,-7782035.031117743,5449519.982970211
PARIS,3,5/27/2024 9:30:00 PM,5/27/2024 9:30:00 PM,,Assessing,Investigating,-7849486.8055986,5500098.245740185
