BgName,NumOut,EtrMin,EtrMax,Desc,Status,Cause,x,y
MADISON,1,9/13/2022 4:45:00 PM,9/13/2022 4:45:00 PM,,Assessing,Investigating,-7769864.0258708475,5597291.415407679
HARRISON,1,9/13/2022 4:45:00 PM,9/13/2022 4:45:00 PM,,Assessing,Investigating,-7860431.047823951,5472045.548361004
