BgName,NumOut,EtrMin,EtrMax,Desc,Status,Cause,x,y
BOOTHBAY HARBOR,45,11/5/2023 1:45:00 PM,11/5/2023 1:45:00 PM,,Assessing,Investigating,-7750390.183834265,5439074.238981683
BRUNSWICK,12,11/5/2023 1:15:00 PM,11/5/2023 1:15:00 PM,,Assessing,Investigating,-7790954.527605699,5452535.163396841
DAMARISCOTTA,6,11/5/2023 1:30:00 PM,11/5/2023 1:30:00 PM,,Assessing,Investigating,-7737410.809844702,5473954.209473646
SOUTH PORTLAND,34,11/5/2023 2:00:00 PM,11/5/2023 2:00:00 PM,,Assessing,Investigating,-7820650.515704319,5407046.444260652
SMITHFIELD,9,11/5/2023 12:15:00 PM,11/5/2023 12:15:00 PM,,Assessing,Investigating,-7769543.74863083,5557883.437294385
