BgName,NumOut,EtrMin,EtrMax,Desc,Status,Cause,x,y
PHIPPSBURG,5,1/11/2023 2:15:00 PM,1/11/2023 2:15:00 PM,,Assessing,Investigating,-7768741.068256103,5427000.836785607
JEFFERSON,4,1/11/2023 2:45:00 PM,1/11/2023 2:45:00 PM,,Assessing,Tree,-7733567.760475177,5492846.679295754
