BgName,NumOut,EtrMin,EtrMax,Desc,Status,Cause,x,y
BATH,42,11/5/2024 1:00:00 PM,11/5/2024 1:00:00 PM,,Assessing,Investigating,-7773143.475809034,5453321.67246159
SHAPLEIGH,47,11/5/2024 12:00:00 PM,11/5/2024 12:00:00 PM,,Crew Assigned,Investigating,-7887393.463376481,5395736.093954052
