BgName,NumOut,EtrMin,EtrMax,Desc,Status,Cause,x,y
GRAY,11,5/8/2024 2:00:00 PM,5/8/2024 2:00:00 PM,,Crew Assigned,Investigating,-7835829.17312058,5451296.030197694
YARMOUTH,142,5/8/2024 3:30:00 PM,5/8/2024 3:30:00 PM,,Assessing,Investigating,-7812509.420811788,5436679.131427426
YARMOUTH,20,5/8/2024 3:30:00 PM,5/8/2024 3:30:00 PM,,Repairs in Progress,Vehicle Accident,-7812411.003236493,5435716.172347593
