BgName,NumOut,EtrMin,EtrMax,Desc,Status,Cause,x,y
HEBRON,9,8/28/2022 3:15:00 AM,8/28/2022 3:15:00 AM,,Assessing,Investigating,-7832329.56662425,5496295.475239235
EMBDEN,29,8/28/2022 3:30:00 AM,8/28/2022 3:30:00 AM,,Assessing,Investigating,-7784841.061478009,5607571.548243118
