BgName,NumOut,EtrMin,EtrMax,Desc,Status,Cause,x,y
LISBON,30,5/26/2023 3:15:00 PM,5/26/2023 3:15:00 PM,,Assessing,Investigating,-7800622.714428276,5466229.4575141845
KENNEBUNKPORT,3,5/26/2023 3:30:00 PM,5/26/2023 3:30:00 PM,,Assessing,Tree,-7842583.093616225,5367438.389935037
