BgName,NumOut,EtrMin,EtrMax,Desc,Status,Cause,x,y
BRIDGTON,9,9/29/2024 11:45:00 AM,9/29/2024 11:45:00 AM,,Crew Assigned,Investigating,-7867636.301973025,5465691.833083997
WATERFORD,93,9/29/2024 12:30:00 PM,9/29/2024 12:30:00 PM,,Crew Assigned,Investigating,-7868531.08805712,5497526.912922904
CARMEL,4,9/29/2024 11:45:00 AM,9/29/2024 11:45:00 AM,,Assessing,Investigating,-7680532.873033269,5591177.291257825
BELGRADE,42,9/29/2024 11:45:00 AM,9/29/2024 11:45:00 AM,,Assessing,Investigating,-7769986.009827945,5544523.204992655
PORTLAND,6,9/29/2024 10:45:00 AM,9/29/2024 10:45:00 AM,,Crew Assigned,Investigating,-7824125.186586037,5417929.523671364
