BgName,NumOut,EtrMin,EtrMax,Desc,Status,Cause,x,y
"WALDOBORO,CUSHING,FRIENDSHIP",1378,2/17/2023 12:45:00 PM,2/17/2023 12:45:00 PM,,Assessing,Investigating,-7722885.263865576,5478433.979068357
"LOVELL,STONEHAM",130,2/17/2023 12:15:00 PM,2/17/2023 12:15:00 PM,,Assessing,Investigating,-7890108.70159789,5503148.053047426
LIVERMORE,32,2/17/2023 11:45:00 AM,2/17/2023 11:45:00 AM,,Assessing,Investigating,-7815421.137884918,5525146.9301141035
SO PORTLAND,34,2/17/2023 2:30:00 PM,2/17/2023 2:30:00 PM,,Assessing,Investigating,-7826394.06712445,5408418.2457549395
"PHILLIPS,MADRID",96,2/17/2023 12:00:00 PM,2/17/2023 12:00:00 PM,,Assessing,Investigating,-7833626.661379896,5599663.156058236
O O BEACH,6,2/17/2023 12:00:00 PM,2/17/2023 12:00:00 PM,,Crew Assigned,Investigating,-7834083.126978375,5390809.131411008
