BgName,NumOut,EtrMin,EtrMax,Desc,Status,Cause,x,y
LIVERMORE,415,7/9/2021 9:30:00 AM,7/9/2021 9:30:00 AM,,Assessing,Investigating,-7813720.153788212,5538579.907214399
WEST GARDINER,2,7/9/2021 9:30:00 AM,7/9/2021 9:30:00 AM,,Assessing,Investigating,-7773990.0828582505,5500915.5657886965
