BgName,NumOut,EtrMin,EtrMax,Desc,Status,Cause,x,y
"DENMARK,BRIDGTON",40,6/5/2023 1:30:00 PM,6/5/2023 1:30:00 PM,,Crew Assigned,Investigating,-7879082.506028416,5465059.922150358
NAPLES,2,6/5/2023 1:30:00 PM,6/5/2023 1:30:00 PM,,Repairs in Progress,Investigating,-7856428.644562894,5455459.26206965
ELIOT,2,6/5/2023 1:15:00 PM,6/5/2023 1:15:00 PM,,Crew Assigned,Investigating,-7882990.321101054,5333626.232104832
CORNISH,131,6/5/2023 1:45:00 PM,6/5/2023 1:45:00 PM,,Assessing,Tree,-7881792.835054139,5434754.609576018
EMBDEN,3,6/5/2023 1:15:00 PM,6/5/2023 1:15:00 PM,,Assessing,Investigating,-7785295.912969555,5614613.84054278
