BgName,NumOut,EtrMin,EtrMax,Desc,Status,Cause,x,y
ROCKPORT,513,6/2/2024 9:15:00 AM,6/2/2024 9:15:00 AM,,Assessing,Investigating,-7689883.587756101,5495044.237546285
LITCHFIELD,13,6/2/2024 9:45:00 AM,6/2/2024 9:45:00 AM,,Assessing,Investigating,-7780535.134532004,5492840.88985088
RAYMOND,32,6/2/2024 10:15:00 AM,6/2/2024 10:15:00 AM,,Crew Assigned,Investigating,-7849498.460746161,5450761.34908856
PORTLAND,6,6/2/2024 9:45:00 AM,6/2/2024 9:45:00 AM,,Crew Assigned,Investigating,-7828022.0923460545,5413291.000225858
BUXTON,35,6/2/2024 8:00:00 AM,6/2/2024 8:00:00 AM,,Repairs Complete,Investigating,-7852409.643621268,5405183.960752082
CASTINE,15,6/2/2024 8:00:00 AM,6/2/2024 8:00:00 AM,,Assessing,Investigating,-7657854.643688692,5526863.1122419685
