BgName,NumOut,EtrMin,EtrMax,Desc,Status,Cause,x,y
PALERMO,52,5/23/2022 3:45:00 PM,5/23/2022 3:45:00 PM,,Assessing,Investigating,-7731642.089148383,5518658.168001258
BUXTON,2,5/23/2022 3:15:00 PM,5/23/2022 3:15:00 PM,,Crew Assigned,Investigating,-7850390.686464002,5416855.4982378585
DEXTER,41,Assessing,Assessing,,Assessing,Tree,-7717798.241408396,5625427.906995634
TROY,35,5/23/2022 2:45:00 PM,5/23/2022 2:45:00 PM,,Assessing,Vehicle Accident,-7707860.728183616,5568624.629557598
