BgName,NumOut,EtrMin,EtrMax,Desc,Status,Cause,x,y
PHIPPSBURG,6,9/13/2023 11:15:00 AM,9/13/2023 11:15:00 AM,,Assessing,Investigating,-7775598.3155227285,5421318.35842555
PORTLAND,36,9/13/2023 11:00:00 AM,9/13/2023 11:00:00 AM,,Assessing,Equipment Interruption,-7824735.529144803,5420639.158329344
JACKSON,14,9/13/2023 10:15:00 AM,9/13/2023 10:15:00 AM,,Repairs in Progress,Investigating,-7694432.091058494,5560978.106717651
"CARMEL,HERMON",709,9/13/2023 9:30:00 AM,9/13/2023 9:30:00 AM,,Assessing,Vehicle Accident,-7686086.223930064,5589873.516298817
