BgName,NumOut,EtrMin,EtrMax,Desc,Status,Cause,x,y
"SCARBOROUGH,SACO",138,1/7/2024 10:15:00 PM,1/7/2024 10:15:00 PM,,Assessing,Tree,-7837969.590949141,5400005.389912183
OLD ORCHARD BEACH,61,1/7/2024 11:45:00 PM,1/7/2024 11:45:00 PM,,Assessing,Weather,-7838272.101700146,5389826.444816507
BRISTOL,2,1/7/2024 11:15:00 PM,1/7/2024 11:15:00 PM,,Assessing,Investigating,-7736046.255570304,5444927.828399339
