BgName,NumOut,EtrMin,EtrMax,Desc,Status,Cause,x,y
LIVERMORE,42,6/22/2021 4:45:00 PM,6/22/2021 4:45:00 PM,,Assessing,Investigating,-7820532.828757586,5525352.340276373
DEXTER,71,6/22/2021 3:30:00 PM,6/22/2021 3:30:00 PM,,Assessing,Investigating,-7713100.414142654,5625551.685250625
BOOTHBAY,5,6/22/2021 4:45:00 PM,6/22/2021 4:45:00 PM,,Assessing,Investigating,-7747011.592710729,5449038.22049722
