BgName,NumOut,EtrMin,EtrMax,Desc,Status,Cause,x,y
JAY,6,7/25/2023 1:45:00 PM,7/25/2023 1:45:00 PM,,Assessing,Investigating,-7812696.237146632,5541992.62978896
NEWRY,986,7/25/2023 2:30:00 PM,7/25/2023 2:30:00 PM,,Assessing,Investigating,-7886004.886309344,5538339.1785008805
AUBURN,8,7/25/2023 1:30:00 PM,7/25/2023 1:30:00 PM,,Assessing,Investigating,-7819629.137104,5480077.290255761
