BgName,NumOut,EtrMin,EtrMax,Desc,Status,Cause,x,y
UNION,4,1/27/2024 10:00:00 AM,1/27/2024 10:00:00 AM,,Assessing,Investigating,-7706467.408907729,5494170.096902206
NAPLES,21,1/27/2024 9:45:00 AM,1/27/2024 9:45:00 AM,,Crew Assigned,Investigating,-7857505.115136896,5452173.295767191
FALMOUTH,20,1/27/2024 10:00:00 AM,1/27/2024 10:00:00 AM,,Assessing,Investigating,-7821217.588323787,5422629.95897658
OGUNQUIT,13,1/27/2024 10:00:00 AM,1/27/2024 10:00:00 AM,,Assessing,Investigating,-7858883.885025213,5352641.467107355
BUCKSPORT,1,1/27/2024 10:00:00 AM,1/27/2024 10:00:00 AM,,Assessing,Investigating,-7656206.959359351,5555708.052747883
STOCKTON SPRINGS,26,1/27/2024 9:30:00 AM,1/27/2024 9:30:00 AM,,Repairs in Progress,Investigating,-7663697.102432375,5542169.081354185
SMITHFIELD,1,1/27/2024 10:00:00 AM,1/27/2024 10:00:00 AM,,Assessing,Investigating,-7767079.669373764,5562483.826237617
