BgName,NumOut,EtrMin,EtrMax,Desc,Status,Cause,x,y
EMBDEN,69,4/9/2023 4:00:00 PM,4/9/2023 4:00:00 PM,,Assessing,Investigating,-7777542.265511895,5610387.950853797
BELGRADE,13,4/9/2023 5:30:00 PM,4/9/2023 5:30:00 PM,,Assessing,Tree,-7772861.414550573,5550921.377233311
BUCKSPORT,3,4/9/2023 3:15:00 PM,4/9/2023 3:15:00 PM,,Assessing,Investigating,-7655513.5503103435,5567156.292826211
