BgName,NumOut,EtrMin,EtrMax,Desc,Status,Cause,x,y
SANFORD,20,8/20/2022 9:30:00 PM,8/20/2022 9:30:00 PM,,Assessing,Vehicle Accident,-7877333.977407152,5376248.424754307
"PALMYRA,NEWPORT",65,8/20/2022 9:30:00 PM,8/20/2022 9:30:00 PM,,Assessing,Investigating,-7716226.499293912,5602762.435986621
NEWFIELD,1,8/20/2022 8:15:00 PM,8/20/2022 8:15:00 PM,,Crew Assigned,Investigating,-7892745.748987183,5410041.119606088
