BgName,NumOut,EtrMin,EtrMax,Desc,Status,Cause,x,y
"LEVANT,GLENBURN,KENDUSKEAG",237,4/20/2022 6:15:00 PM,4/20/2022 6:15:00 PM,,Assessing,Investigating,-7673479.959524611,5601050.208939926
BELGRADE,45,4/20/2022 5:30:00 PM,4/20/2022 5:30:00 PM,,Assessing,Investigating,-7775584.957168484,5546330.864148329
