BgName,NumOut,EtrMin,EtrMax,Desc,Status,Cause,x,y
BOOTHBAY,14,7/29/2024 10:15:00 PM,7/29/2024 10:15:00 PM,,Repairs in Progress,Investigating,-7745118.2151357485,5442465.2063068105
"NOBLEBORO,DAMARISCOTTA",69,7/29/2024 9:00:00 PM,7/29/2024 9:00:00 PM,,Repairs in Progress,Investigating,-7736115.629832546,5476814.85496773
WAYNE,15,7/29/2024 7:30:00 PM,7/29/2024 7:30:00 PM,,Crew Assigned,Investigating,-7798089.728432343,5519672.625612671
