BgName,NumOut,EtrMin,EtrMax,Desc,Status,Cause,x,y
CHINA,24,11/8/2022 6:00:00 AM,11/8/2022 6:00:00 AM,,Assessing,Investigating,-7747651.924741736,5525243.645362113
"UNION,WARREN",137,11/8/2022 8:00:00 AM,11/8/2022 8:00:00 AM,,Assessing,Investigating,-7711596.4321834715,5498248.644103669
WARREN,1,11/8/2022 8:00:00 AM,11/8/2022 8:00:00 AM,,Assessing,Tree,-7706004.575881119,5483764.568131813
"EMBDEN,LEXINGTON",30,11/8/2022 5:00:00 AM,11/8/2022 5:00:00 AM,,Assessing,Tree,-7793295.019911165,5612875.412348025
NORRIDGEWOCK,2,11/9/2022 12:00:00 PM,11/9/2022 12:00:00 PM,,Assessing,Investigating,-7765612.122302267,5574377.836339328
