BgName,NumOut,EtrMin,EtrMax,Desc,Status,Cause,x,y
BATH,6,8/17/2022 10:45:00 AM,8/17/2022 10:45:00 AM,,Assessing,Investigating,-7776396.064376779,5454437.115196372
OXFORD,7,8/17/2022 10:30:00 AM,8/17/2022 10:30:00 AM,,Crew Assigned,Investigating,-7844292.905395233,5488907.657892746
"SEBAGO,NAPLES",82,8/17/2022 10:00:00 AM,8/17/2022 10:00:00 AM,,Crew Assigned,Investigating,-7864110.4686165685,5454037.938969669
SCARBOROUGH,3,8/17/2022 10:45:00 AM,8/17/2022 10:45:00 AM,,Assessing,Investigating,-7826860.518001123,5395903.136257374
LEBANON,1,8/17/2022 12:15:00 PM,8/17/2022 12:15:00 PM,,Assessing,Investigating,-7897861.959419361,5378144.694324421
GREENVILLE,7,8/17/2022 10:45:00 AM,8/17/2022 10:45:00 AM,,Assessing,Investigating,-7748060.088768167,5694118.284554605
WINTERPORT,2,8/17/2022 9:30:00 AM,8/17/2022 9:30:00 AM,,Assessing,Investigating,-7666234.518888062,5572097.631788544
