BgName,NumOut,EtrMin,EtrMax,Desc,Status,Cause,x,y
KENNEBUNKPORT,151,7/22/2021 12:45:00 PM,7/22/2021 12:45:00 PM,,Investigating,Investigating,-7839048.398439251,5372670.864226579
WAYNE,3,7/22/2021 12:30:00 PM,7/22/2021 12:30:00 PM,,Assessing,Investigating,-7795736.211746507,5523017.881497804
MT VERNON,8,7/22/2021 12:30:00 PM,7/22/2021 12:30:00 PM,,Assessing,Investigating,-7793312.853275041,5534302.05734936
PARSONSFIELD,3,7/22/2021 12:30:00 PM,7/22/2021 12:30:00 PM,,Assessing,Investigating,-7890774.381004464,5427484.607358679
OAKLAND,12,7/22/2021 11:30:00 AM,7/22/2021 11:30:00 AM,,Assessing,Investigating,-7765771.453868803,5550286.199524662
