BgName,NumOut,EtrMin,EtrMax,Desc,Status,Cause,x,y
SCARBOROUGH,30,4/19/2021 12:30:00 AM,4/19/2021 12:30:00 AM,,Investigating,Investigating,-7824363.931052751,5402920.035622023
WINDHAM,77,4/18/2021 11:00:00 PM,4/18/2021 11:00:00 PM,,Assessing,Vehicle Accident,-7833058.019103247,5424742.533548795
