BgName,NumOut,EtrMin,EtrMax,Desc,Status,Cause,x,y
WARREN,7,6/23/2021 5:15:00 PM,6/23/2021 5:15:00 PM,,Assessing,Investigating,-7707975.643327405,5493732.770659636
BERWICK,168,6/23/2021 6:00:00 PM,6/23/2021 6:00:00 PM,,Crew Assigned,Investigating,-7889157.7770686215,5357614.037685785
