BgName,NumOut,EtrMin,EtrMax,Desc,Status,Cause,x,y
FREEPORT,1,8/4/2022 5:15:00 PM,8/4/2022 5:15:00 PM,,Assessing,Investigating,-7801903.64548919,5438532.861052689
SO PORTLAND,23,8/4/2022 1:45:00 PM,8/4/2022 1:45:00 PM,,Assessing,Investigating,-7820405.557181172,5408744.040464364
SO PORTLAND,10,8/4/2022 2:00:00 PM,8/4/2022 2:00:00 PM,,Assessing,Investigating,-7820547.834556093,5408714.879429333
