BgName,NumOut,EtrMin,EtrMax,Desc,Status,Cause,x,y
BRISTOL,20,6/12/2023 2:15:00 PM,6/12/2023 2:15:00 PM,,Assessing,Investigating,-7737557.640216555,5440504.040184589
NOBLEBORO,13,6/12/2023 5:30:00 PM,6/12/2023 5:30:00 PM,,Assessing,Investigating,-7732655.931412019,5485365.456982038
