BgName,NumOut,EtrMin,EtrMax,Desc,Status,Cause,x,y
BRISTOL,53,5/23/2021 10:30:00 PM,5/23/2021 10:30:00 PM,,Assessing,Investigating,-7739374.318729418,5447467.793597285
NOBLEBORO,3,5/23/2021 11:00:00 PM,5/23/2021 11:00:00 PM,,Assessing,Investigating,-7732904.7082096,5485325.90939896
WOOLWICH,14,5/23/2021 11:00:00 PM,5/23/2021 11:00:00 PM,,Assessing,Investigating,-7772018.94863722,5464974.843327099
TEMPLE,10,5/23/2021 10:30:00 PM,5/23/2021 10:30:00 PM,,Assessing,Investigating,-7818768.080879394,5572622.9290955225
WINSLOW,59,5/23/2021 11:45:00 PM,5/23/2021 11:45:00 PM,,Assessing,Investigating,-7742614.806851108,5547252.972362995
CHESTERVILLE,3,5/23/2021 11:15:00 PM,5/23/2021 11:15:00 PM,,Assessing,Investigating,-7800511.862433057,5561727.087995488
