BgName,NumOut,EtrMin,EtrMax,Desc,Status,Cause,x,y
WATERFORD,16,1/19/2023 3:30:00 PM,1/19/2023 3:30:00 PM,,Assessing,Investigating,-7870428.729205037,5494659.202938888
SUMNER,1,1/19/2023 3:00:00 PM,1/19/2023 3:00:00 PM,,Assessing,Investigating,-7844256.81559387,5522241.0135774175
ACTON,437,1/19/2023 2:15:00 PM,1/19/2023 2:15:00 PM,,Assessing,Vehicle Accident,-7893999.8855525255,5396239.487940212
PORTLAND,2,1/19/2023 1:30:00 PM,1/19/2023 1:30:00 PM,,Assessing,Investigating,-7822946.70281155,5413109.994773917
TEMPLE,1,1/19/2023 3:00:00 PM,1/19/2023 3:00:00 PM,,Assessing,Investigating,-7819376.085621046,5570745.532857565
PHIPPSBURG,1,1/19/2023 3:00:00 PM,1/19/2023 3:00:00 PM,,Assessing,Investigating,-7776996.610769048,5428035.940426795
