BgName,NumOut,EtrMin,EtrMax,Desc,Status,Cause,x,y
"CAMDEN,HOPE",101,9/19/2022 12:30:00 PM,9/19/2022 12:30:00 PM,,Assessing,Investigating,-7694912.879886045,5500057.562677092
HARPSWELL,7,9/19/2022 11:15:00 AM,9/19/2022 11:15:00 AM,,Assessing,Investigating,-7783993.218845597,5433894.408978792
NORRIDGEWOCK,5,9/19/2022 4:15:00 PM,9/19/2022 4:15:00 PM,,Assessing,Investigating,-7765279.332655014,5587474.117313509
SCARBOROUGH,6,9/19/2022 12:30:00 PM,9/19/2022 12:30:00 PM,,Assessing,Animal,-7830594.485456974,5394720.926302947
