BgName,NumOut,EtrMin,EtrMax,Desc,Status,Cause,x,y
NAPLES,2,4/8/2021 12:00:00 PM,4/8/2021 12:00:00 PM,,Assessing,Investigating,-7866977.446505628,5459027.434215094
WELLS,29,4/8/2021 12:30:00 PM,4/8/2021 12:30:00 PM,,Assessing,Investigating,-7855540.114682414,5358574.412193441
GORHAM,3,4/8/2021 11:45:00 AM,4/8/2021 11:45:00 AM,,Assessing,Investigating,-7850574.79777066,5419003.119887773
