BgName,NumOut,EtrMin,EtrMax,Desc,Status,Cause,x,y
WISCASSET,24,4/3/2022 11:45:00 AM,4/3/2022 11:45:00 AM,,Crew Assigned,Investigating,-7759033.563418277,5471910.554640829
RANGELEY,3,4/3/2022 11:30:00 AM,4/3/2022 11:30:00 AM,,Assessing,Investigating,-7865213.689336501,5620738.701820888
