BgName,NumOut,EtrMin,EtrMax,Desc,Status,Cause,x,y
WINDHAM,101,7/24/2022 4:15:00 PM,7/24/2022 4:15:00 PM,,Assessing,Investigating,-7839821.001042889,5440192.4622646775
YORK,20,7/24/2022 4:00:00 PM,7/24/2022 4:00:00 PM,,Assessing,Investigating,-7864160.339745685,5332964.5875766985
