BgName,NumOut,EtrMin,EtrMax,Desc,Status,Cause,x,y
GORHAM,69,2/25/2024 3:15:00 PM,2/25/2024 3:15:00 PM,,Investigating,Investigating,-7845518.789432781,5430746.046024576
GORHAM,8,2/25/2024 3:15:00 PM,2/25/2024 3:15:00 PM,,Assessing,Investigating,-7845520.392026837,5430744.67562483
ELIOT,17,2/25/2024 2:30:00 PM,2/25/2024 2:30:00 PM,,Assessing,Investigating,-7876785.5062113805,5332832.966094923
RANGELEY PLT,1,2/25/2024 2:00:00 PM,2/25/2024 2:00:00 PM,,Crew Assigned,Investigating,-7877834.113593447,5609203.40086592
