BgName,NumOut,EtrMin,EtrMax,Desc,Status,Cause,x,y
WELLS,17,7/17/2023 7:15:00 PM,7/17/2023 7:15:00 PM,,Investigating,Investigating,-7867471.494476363,5353366.62995463
APPLETON,5,7/17/2023 6:15:00 PM,7/17/2023 6:15:00 PM,,Assessing,Investigating,-7706821.315795048,5508710.239667176
WOOLWICH,4,7/17/2023 9:00:00 PM,7/17/2023 9:00:00 PM,,Assessing,Tree,-7772244.68223869,5461650.822804129
CANTON,44,7/17/2023 5:00:00 PM,7/17/2023 5:00:00 PM,,Assessing,Investigating,-7827390.576884909,5533595.867530519
CANTON,9,7/17/2023 6:00:00 PM,7/17/2023 6:00:00 PM,,Assessing,Investigating,-7826939.610542667,5531222.106234263
SACO,155,7/17/2023 7:15:00 PM,7/17/2023 7:15:00 PM,,Assessing,Investigating,-7843855.82049282,5392254.0175038325
