BgName,NumOut,EtrMin,EtrMax,Desc,Status,Cause,x,y
HARPSWELL,28,2/8/2022 2:45:00 AM,2/8/2022 2:45:00 AM,,Assessing,Investigating,-7781680.745706679,5438747.78816937
"DRESDEN,WOOLWICH",624,2/8/2022 2:15:00 AM,2/8/2022 2:15:00 AM,,Assessing,Investigating,-7763254.408918358,5484903.536513059
LOVELL,12,2/8/2022 2:45:00 AM,2/8/2022 2:45:00 AM,,Assessing,Investigating,-7891122.977947468,5496818.903787847
STOW,3,2/8/2022 2:00:00 AM,2/8/2022 2:00:00 AM,,Assessing,Investigating,-7901487.123172985,5488261.858032932
LOVELL,9,2/8/2022 3:15:00 AM,2/8/2022 3:15:00 AM,,Assessing,Investigating,-7888925.030316153,5503549.10918085
"WATERFORD,ALBANY",21,2/8/2022 3:45:00 AM,2/8/2022 3:45:00 AM,,Assessing,Investigating,-7877533.261499256,5503103.3782775905
