BgName,NumOut,EtrMin,EtrMax,Desc,Status,Cause,x,y
WILTON,20,8/31/2022 1:45:00 PM,8/31/2022 1:45:00 PM,,Investigating,Investigating,-7816731.076418753,5557274.517045133
FRYEBURG,35,8/31/2022 1:15:00 PM,8/31/2022 1:15:00 PM,,Assessing,Investigating,-7902264.044110855,5466998.999639378
KENNEBUNK,57,8/31/2022 12:45:00 PM,8/31/2022 12:45:00 PM,,Assessing,Investigating,-7847007.297569522,5366555.39635671
"WILTON,JAY",85,8/31/2022 1:45:00 PM,8/31/2022 1:45:00 PM,,Assessing,Investigating,-7815887.588861701,5556817.633504575
