BgName,NumOut,EtrMin,EtrMax,Desc,Status,Cause,x,y
BOOTHBAY,50,8/19/2023 12:15:00 AM,8/19/2023 12:15:00 AM,,Assessing,Investigating,-7746050.449141578,5440451.721336676
LITCHFIELD,13,8/18/2023 11:00:00 PM,8/18/2023 11:00:00 PM,,Assessing,Investigating,-7778069.57481761,5490916.481684705
POWNAL,20,8/18/2023 11:15:00 PM,8/18/2023 11:15:00 PM,,Assessing,Investigating,-7812884.010853225,5448762.407058751
