BgName,NumOut,EtrMin,EtrMax,Desc,Status,Cause,x,y
"LISBON,LEWISTON",418,6/22/2024 4:00:00 PM,6/22/2024 4:00:00 PM,,Crew Assigned,Investigating,-7804427.859465132,5469626.184267784
"DURHAM,FREEPORT,BRUNSWICK",1792,6/22/2024 3:00:00 PM,6/22/2024 3:00:00 PM,,Repairs in Progress,Investigating,-7798391.226149291,5463371.01086246
WINTHROP,59,6/22/2024 4:30:00 PM,6/22/2024 4:30:00 PM,,Crew Assigned,Investigating,-7790439.340970914,5510324.348974558
NEW GLOUCESTER,4,6/22/2024 3:30:00 PM,6/22/2024 3:30:00 PM,,Assessing,Investigating,-7824439.775458112,5456315.2812638935
BIDDEFORD,15,6/22/2024 2:45:00 PM,6/22/2024 2:45:00 PM,,Crew Assigned,Investigating,-7844235.575816628,5384716.695919048
