BgName,NumOut,EtrMin,EtrMax,Desc,Status,Cause,x,y
MADISON; SOLON,201,4/28/2022 2:00:00 PM,4/28/2022 2:00:00 PM,,Investigating,Investigating,-7765509.5618892,5598517.225738517
GR CHEB IS,14,4/28/2022 2:15:00 PM,4/28/2022 2:15:00 PM,,Assessing,Investigating,-7803763.193092614,5427234.373783424
DAMARISCOTTA,214,4/28/2022 12:30:00 PM,4/28/2022 12:30:00 PM,,Assessing,Investigating,-7733663.261485467,5470439.922839909
RUMFORD,19,4/28/2022 2:00:00 PM,4/28/2022 2:00:00 PM,,Assessing,Investigating,-7857713.527547855,5551574.939347001
RUMFORD,18,4/28/2022 2:00:00 PM,4/28/2022 2:00:00 PM,,Assessing,Investigating,-7854955.342248584,5545614.592087511
CORINTH,11,4/28/2022 1:15:00 PM,4/28/2022 1:15:00 PM,,Assessing,Investigating,-7682224.639811482,5611118.339110253
"MADISON,SOLON",7,4/28/2022 2:00:00 PM,4/28/2022 2:00:00 PM,,Assessing,Investigating,-7765386.199388869,5598003.4737700345
