BgName,NumOut,EtrMin,EtrMax,Desc,Status,Cause,x,y
LISBON,5,8/19/2022 8:45:00 PM,8/19/2022 8:45:00 PM,,Assessing,Investigating,-7805441.74627864,5467275.345521128
"LOVELL,STONEHAM,ALBANY,BETHEL,WATERFORD,ALBANY TWP",1465,8/19/2022 9:00:00 PM,8/19/2022 9:00:00 PM,,Crew Assigned,Tree,-7873052.585227021,5505070.94882071
SANFORD,52,8/19/2022 8:45:00 PM,8/19/2022 8:45:00 PM,,Assessing,Investigating,-7877749.900419523,5377276.898999303
YORK,14,8/19/2022 8:15:00 PM,8/19/2022 8:15:00 PM,,Assessing,Investigating,-7864022.392718451,5329360.341931418
