BgName,NumOut,EtrMin,EtrMax,Desc,Status,Cause,x,y
"NAPLES,BRIDGTON",332,8/2/2021 5:15:00 AM,8/2/2021 5:15:00 AM,,Assessing,Investigating,-7864814.096905694,5463845.866344097
"LOVELL,STONEHAM,ALBANY,BETHEL,WATERFORD,ALBANY TWP",1142,8/2/2021 6:00:00 AM,8/2/2021 6:00:00 AM,,Assessing,Investigating,-7873030.788926773,5505077.94291106
"ALBANY,BETHEL,ALBANY TWP",313,8/2/2021 6:00:00 AM,8/2/2021 6:00:00 AM,,Assessing,Investigating,-7873051.95071671,5505258.515521149
BIDDEFORD,1,Assessing,Assessing,,Assessing,Investigating,-7852066.144985654,5388100.44108899
BELFAST,15,8/2/2021 4:30:00 AM,8/2/2021 4:30:00 AM,,Assessing,Investigating,-7686152.603740113,5530136.619568073
HIRAM,2,8/2/2021 2:00:00 AM,8/2/2021 2:00:00 AM,,Repairs Complete,Equipment Interruption,-7888094.69818618,5440910.146045166
