BgName,NumOut,EtrMin,EtrMax,Desc,Status,Cause,x,y
BATH,11,5/16/2023 9:15:00 AM,5/16/2023 9:15:00 AM,,Investigating,Investigating,-7771995.723036908,5454823.3851352865
"MT VERNON,MOUNT VERNON",30,5/16/2023 8:45:00 AM,5/16/2023 8:45:00 AM,,Assessing,Investigating,-7790543.780888025,5543228.5340877175
ORLAND,14,5/16/2023 9:15:00 AM,5/16/2023 9:15:00 AM,,Assessing,Investigating,-7635976.267153473,5553099.553528176
