BgName,NumOut,EtrMin,EtrMax,Desc,Status,Cause,x,y
ROCKPORT,29,5/30/2024 8:30:00 AM,5/30/2024 8:30:00 AM,,Assessing,Investigating,-7692489.677289078,5495851.308774449
NOBLEBORO,20,5/30/2024 8:30:00 AM,5/30/2024 8:30:00 AM,,Assessing,Investigating,-7737587.908000362,5481472.747376795
SACO,64,5/30/2024 8:00:00 AM,5/30/2024 8:00:00 AM,,Assessing,Investigating,-7842648.616266716,5393984.895423286
FAIRFIELD,123,5/30/2024 8:15:00 AM,5/30/2024 8:15:00 AM,,Crew Assigned,Investigating,-7750261.465037735,5558359.167381337
