BgName,NumOut,EtrMin,EtrMax,Desc,Status,Cause,x,y
FRYEBURG,74,6/17/2024 11:15:00 AM,6/17/2024 11:15:00 AM,,Assessing,Investigating,-7903901.487075316,5482161.230246738
ROCKLAND,28,6/17/2024 11:30:00 AM,6/17/2024 11:30:00 AM,,Assessing,Investigating,-7693349.575817676,5480681.792285802
ROCKLAND,11,6/17/2024 11:30:00 AM,6/17/2024 11:30:00 AM,,Repairs in Progress,Investigating,-7693264.18262276,5480860.0550554115
"ORLAND,ELLSWORTH",71,6/17/2024 12:15:00 PM,6/17/2024 12:15:00 PM,,Crew Assigned,Investigating,-7646154.14145471,5563000.652811984
BOOTHBAY,3,6/17/2024 11:45:00 AM,6/17/2024 11:45:00 AM,,Repairs in Progress,Investigating,-7754681.795054285,5448056.961949376
HALLOWELL,30,6/17/2024 12:00:00 PM,6/17/2024 12:00:00 PM,,Crew Assigned,System Upgrade,-7769711.473693617,5510760.883279301
