BgName,NumOut,EtrMin,EtrMax,Desc,Status,Cause,x,y
ROCKPORT,2,5/10/2021 10:00:00 AM,5/10/2021 10:00:00 AM,,Assessing,Investigating,-7690087.914693496,5490206.687217875
ROCKPORT,13,5/10/2021 10:00:00 AM,5/10/2021 10:00:00 AM,,Assessing,Investigating,-7690088.727303188,5491298.270706401
WINSLOW,1,5/10/2021 10:15:00 AM,5/10/2021 10:15:00 AM,,Assessing,Investigating,-7747330.834791922,5550608.859335332
LONG IS,1,5/10/2021 12:00:00 PM,5/10/2021 12:00:00 PM,,Assessing,Investigating,-7810319.421278111,5416714.38451279
