BgName,NumOut,EtrMin,EtrMax,Desc,Status,Cause,x,y
"ACTON,LEBANON",32,3/24/2021 6:15:00 PM,3/24/2021 6:15:00 PM,,Crew Assigned,Investigating,-7897721.229276517,5385129.914343149
CUSHING,9,3/24/2021 6:00:00 PM,3/24/2021 6:00:00 PM,,Assessing,Investigating,-7704509.009643069,5471446.570602674
BETHEL,468,3/24/2021 7:15:00 PM,3/24/2021 7:15:00 PM,,Assessing,Investigating,-7879968.84295395,5529604.280454183
RAYMOND,44,3/24/2021 6:00:00 PM,3/24/2021 6:00:00 PM,,Assessing,Investigating,-7835414.441241652,5457924.113509573
