BgName,NumOut,EtrMin,EtrMax,Desc,Status,Cause,x,y
WILTON,10,4/23/2022 7:30:00 AM,4/23/2022 7:30:00 AM,,Assessing,Investigating,-7814240.438830493,5563542.724319216
LIMERICK,1,4/23/2022 8:30:00 AM,4/23/2022 8:30:00 AM,,Crew Assigned,Investigating,-7877611.3298943,5413113.687679527
