BgName,NumOut,EtrMin,EtrMax,Desc,Status,Cause,x,y
"BOOTHBAY HBR,BOOTHBAY HARBOR",30,7/28/2021 1:00:00 PM,7/28/2021 1:00:00 PM,,Assessing,Investigating,-7749814.929155248,5440156.797055517
YARMOUTH,8,7/28/2021 12:00:00 PM,7/28/2021 12:00:00 PM,,Assessing,Investigating,-7810556.910339433,5434492.503119206
YORK,135,7/28/2021 11:45:00 AM,7/28/2021 11:45:00 AM,,Crew Assigned,Investigating,-7867331.765254014,5337793.703102355
BERWICK,1,7/28/2021 12:30:00 PM,7/28/2021 12:30:00 PM,,Crew Assigned,Investigating,-7882561.896894009,5360195.17726784
