BgName,NumOut,EtrMin,EtrMax,Desc,Status,Cause,x,y
JACKSON,3,8/9/2022 9:15:00 PM,8/9/2022 9:15:00 PM,,Investigating,Investigating,-7695239.941721194,5561266.016210054
BUCKFIELD,89,8/9/2022 9:00:00 PM,8/9/2022 9:00:00 PM,,Assessing,Vehicle Accident,-7834108.285142125,5509395.084044102
PARSONSFIELD,11,8/9/2022 7:45:00 PM,8/9/2022 7:45:00 PM,,Assessing,Investigating,-7896976.4462159565,5428620.892306881
"JACKSON,DIXMONT",44,8/9/2022 9:15:00 PM,8/9/2022 9:15:00 PM,,Assessing,Investigating,-7695269.013265848,5561478.020128909
