BgName,NumOut,EtrMin,EtrMax,Desc,Status,Cause,x,y
WHITEFIELD,37,5/13/2023 10:45:00 PM,5/13/2023 10:45:00 PM,,Assessing,Investigating,-7750386.053810838,5491555.4230931
"PALMYRA,ST ALBANS",19,5/13/2023 10:30:00 PM,5/13/2023 10:30:00 PM,,Assessing,Tree,-7720675.616436716,5601868.219553358
