BgName,NumOut,EtrMin,EtrMax,Desc,Status,Cause,x,y
BRIDGTON,1,4/11/2022 11:15:00 AM,4/11/2022 11:15:00 AM,,Assessing,Investigating,-7874181.108872761,5471471.81181957
PORTLAND,14,4/11/2022 11:00:00 AM,4/11/2022 11:00:00 AM,,Crew Assigned,Investigating,-7822272.28482242,5417736.803881845
ALFRED,4,4/11/2022 11:45:00 AM,4/11/2022 11:45:00 AM,,Assessing,Investigating,-7870089.338367964,5382941.704574644
