BgName,NumOut,EtrMin,EtrMax,Desc,Status,Cause,x,y
SQUIRREL ISLAND,27,8/22/2021 12:00:00 PM,8/22/2021 12:00:00 PM,,Assessing,Tree,-7751255.726281052,5435496.549673413
"WALDOBORO,UNION",21,8/22/2021 1:00:00 PM,8/22/2021 1:00:00 PM,,Assessing,Investigating,-7718139.146240336,5492502.091633239
WILTON,9,8/22/2021 12:45:00 PM,8/22/2021 12:45:00 PM,,Assessing,Investigating,-7827193.964383569,5554874.92872898
SUMNER,1,8/22/2021 1:00:00 PM,8/22/2021 1:00:00 PM,,Assessing,Investigating,-7846733.395945506,5522173.184023291
"BIDDEFORD,LYMAN,ARUNDEL,DAYTON",2371,8/22/2021 1:15:00 PM,8/22/2021 1:15:00 PM,,Assessing,Investigating,-7848698.953123224,5387948.424682285
KENNEBUNKPORT,2,8/22/2021 1:00:00 PM,8/22/2021 1:00:00 PM,,Assessing,Investigating,-7839876.293440938,5369436.926496957
NO BERWICK,21,8/22/2021 12:45:00 PM,8/22/2021 12:45:00 PM,,Crew Assigned,Investigating,-7874012.927399036,5358890.811029177
GEORGETOWN,1,8/22/2021 2:30:00 PM,8/22/2021 2:30:00 PM,,Assessing,Investigating,-7761833.549111736,5441936.023795557
