BgName,NumOut,EtrMin,EtrMax,Desc,Status,Cause,x,y
RICHMOND,2,2/14/2023 11:45:00 AM,2/14/2023 11:45:00 AM,,Assessing,Investigating,-7771412.947538577,5490143.75004882
THOMASTON,176,2/14/2023 11:45:00 AM,2/14/2023 11:45:00 AM,,Assessing,Investigating,-7702073.973699055,5477520.575554054
GEORGETOWN,4,2/14/2023 12:00:00 PM,2/14/2023 12:00:00 PM,,Assessing,Investigating,-7761672.302901816,5437061.83467988
MEXICO,25,2/14/2023 12:00:00 PM,2/14/2023 12:00:00 PM,,Assessing,Investigating,-7853427.081510095,5552928.5144505305
ARUNDEL,12,2/14/2023 12:15:00 PM,2/14/2023 12:15:00 PM,,Crew Assigned,Investigating,-7850173.468795849,5377280.70046305
