BgName,NumOut,EtrMin,EtrMax,Desc,Status,Cause,x,y
NORTH YARMOUTH,67,2/18/2024 9:30:00 AM,2/18/2024 9:30:00 AM,,Crew Assigned,Investigating,-7818368.432686162,5441186.989757288
SACO,1,2/18/2024 10:45:00 AM,2/18/2024 10:45:00 AM,,Crew Assigned,Investigating,-7839597.193197242,5393607.02860712
