BgName,NumOut,EtrMin,EtrMax,Desc,Status,Cause,x,y
ROCKLAND,24,6/16/2021 7:30:00 PM,6/16/2021 7:30:00 PM,,Investigating,Investigating,-7693451.155332662,5482159.171900101
DENMARK,11,6/16/2021 6:30:00 PM,6/16/2021 6:30:00 PM,,Assessing,Investigating,-7881930.882393672,5466156.578646707
