BgName,NumOut,EtrMin,EtrMax,Desc,Status,Cause,x,y
WASHINGTON,22,5/10/2022 11:45:00 AM,5/10/2022 11:45:00 AM,,Assessing,Investigating,-7723417.716128671,5508266.760106142
LIVERMORE,18,5/10/2022 11:30:00 AM,5/10/2022 11:30:00 AM,,Crew Assigned,Investigating,-7820587.341883272,5524850.264256174
