BgName,NumOut,EtrMin,EtrMax,Desc,Status,Cause,x,y
BOOTHBAY,5,3/18/2023 5:30:00 PM,3/18/2023 5:30:00 PM,,Assessing,Investigating,-7753971.76599971,5450319.89177119
BIDDEFORD,16,3/18/2023 6:15:00 PM,3/18/2023 6:15:00 PM,,Assessing,Investigating,-7845973.996622512,5385370.066968009
