BgName,NumOut,EtrMin,EtrMax,Desc,Status,Cause,x,y
ROME,4,9/21/2021 4:00:00 PM,9/21/2021 4:00:00 PM,,Assessing,Investigating,-7782429.847902365,5547164.142452995
HARTFORD,12,9/21/2021 4:30:00 PM,9/21/2021 4:30:00 PM,,Assessing,Investigating,-7833533.153000285,5520377.3796857
