BgName,NumOut,EtrMin,EtrMax,Desc,Status,Cause,x,y
DRESDEN,4,10/3/2023 3:00:00 PM,10/3/2023 3:00:00 PM,,Assessing,Investigating,-7765878.120178285,5478786.716770506
CAPE ELIZABETH,777,10/3/2023 3:30:00 PM,10/3/2023 3:30:00 PM,,Assessing,Investigating,-7817295.079101523,5403260.690296565
