BgName,NumOut,EtrMin,EtrMax,Desc,Status,Cause,x,y
UNION,4,8/1/2023 10:00:00 AM,8/1/2023 10:00:00 AM,,Assessing,Investigating,-7706467.408907729,5494170.096902206
LINCOLN PLT,1,8/1/2023 1:30:00 AM,8/1/2023 1:30:00 AM,,Assessing,Investigating,-7907807.365179577,5606290.632361962
