BgName,NumOut,EtrMin,EtrMax,Desc,Status,Cause,x,y
FARMINGDALE,10,6/5/2023 9:00:00 AM,6/5/2023 9:00:00 AM,,Assessing,Investigating,-7768236.033986566,5505777.996413352
BETHEL,18,6/5/2023 8:30:00 AM,6/5/2023 8:30:00 AM,,Assessing,Investigating,-7870218.880786517,5529919.553363005
STONEHAM,85,6/5/2023 9:30:00 AM,6/5/2023 9:30:00 AM,,Crew Assigned,Investigating,-7886590.493577752,5505793.524312341
