BgName,NumOut,EtrMin,EtrMax,Desc,Status,Cause,x,y
LIMERICK,5,5/6/2023 6:45:00 PM,5/6/2023 6:45:00 PM,,Assessing,Investigating,-7874795.09150647,5415522.276849511
NEW SHARON,37,5/6/2023 6:45:00 PM,5/6/2023 6:45:00 PM,,Assessing,Investigating,-7793712.601580347,5564342.509171047
KENNEBUNKPORT,10,5/6/2023 7:15:00 PM,5/6/2023 7:15:00 PM,,Assessing,Investigating,-7837556.929588088,5373618.509982206
