BgName,NumOut,EtrMin,EtrMax,Desc,Status,Cause,x,y
BRISTOL,1,2/4/2024 10:15:00 AM,2/4/2024 10:15:00 AM,,Crew Assigned,Investigating,-7736953.008450841,5452683.641992335
DURHAM,22,2/4/2024 10:30:00 AM,2/4/2024 10:30:00 AM,,Assessing,Investigating,-7798979.716645375,5462607.264697645
LIMINGTON,16,2/4/2024 10:00:00 AM,2/4/2024 10:00:00 AM,,Assessing,Investigating,-7873220.889137812,5421386.124171911
STETSON,34,2/4/2024 9:15:00 AM,2/4/2024 9:15:00 AM,,Assessing,Investigating,-7692696.7871418595,5605369.116008883
"ATHENS,BRIGHTON PLT",83,2/4/2024 9:00:00 AM,2/4/2024 9:00:00 AM,,Repairs in Progress,Vehicle Accident,-7756891.4869329035,5616085.885755838
