BgName,NumOut,EtrMin,EtrMax,Desc,Status,Cause,x,y
NO YARMOUTH,3,4/2/2023 11:15:00 AM,4/2/2023 11:15:00 AM,,Investigating,Investigating,-7822842.99911862,5442460.0071812635
HARRISON,15,4/2/2023 11:15:00 AM,4/2/2023 11:15:00 AM,,Assessing,Investigating,-7865308.032650788,5477226.519986057
SUMNER,37,4/2/2023 10:30:00 AM,4/2/2023 10:30:00 AM,,Repairs in Progress,Investigating,-7835315.789904669,5521793.512938308
WINDHAM,23,4/2/2023 10:30:00 AM,4/2/2023 10:30:00 AM,,Assessing,Investigating,-7839898.379265307,5438915.024075197
"EMBDEN,ANSON",703,4/2/2023 11:15:00 AM,4/2/2023 11:15:00 AM,,Assessing,Investigating,-7782960.441184389,5608965.899526476
WILTON,16,4/2/2023 10:00:00 AM,4/2/2023 10:00:00 AM,,Assessing,Investigating,-7821950.76068654,5558254.50189992
