BgName,NumOut,EtrMin,EtrMax,Desc,Status,Cause,x,y
DRESDEN,3,7/24/2022 7:15:00 AM,7/24/2022 7:15:00 AM,,Assessing,Investigating,-7763180.681983436,5480391.029807882
"ROXBURY,RUMFORD",88,7/24/2022 8:15:00 AM,7/24/2022 8:15:00 AM,,Assessing,Investigating,-7867718.756378066,5565667.368738706
LIMINGTON,328,7/24/2022 8:15:00 AM,7/24/2022 8:15:00 AM,,Crew Assigned,Investigating,-7871275.057842582,5423481.422262382
"SO PORTLAND,SOUTH PORTLAND",119,7/24/2022 8:15:00 AM,7/24/2022 8:15:00 AM,,Assessing,Investigating,-7819137.483413587,5410830.641604099
CARMEL,4,7/24/2022 8:15:00 AM,7/24/2022 8:15:00 AM,,Assessing,Investigating,-7678662.649878912,5591504.813841031
