BgName,NumOut,EtrMin,EtrMax,Desc,Status,Cause,x,y
BATH,1,7/18/2024 5:00:00 PM,7/18/2024 5:00:00 PM,,Assessing,Investigating,-7773312.959740811,5453245.341439994
BATH,18,7/18/2024 5:00:00 PM,7/18/2024 5:00:00 PM,,Assessing,Investigating,-7773313.861450246,5453243.440507635
BRUNSWICK,7,7/18/2024 3:15:00 PM,7/18/2024 3:15:00 PM,,Assessing,Tree,-7779043.920966631,5450528.389023925
OXFORD,202,7/18/2024 3:45:00 PM,7/18/2024 3:45:00 PM,,Repairs in Progress,Vehicle Accident,-7847842.650119696,5485994.689561921
LEBANON,1,7/18/2024 4:45:00 PM,7/18/2024 4:45:00 PM,,Crew Assigned,Investigating,-7900537.111465588,5375373.558065981
