BgName,NumOut,EtrMin,EtrMax,Desc,Status,Cause,x,y
WESTPORT,1,4/21/2021 11:30:00 AM,4/21/2021 11:30:00 AM,,Assessing,Investigating,-7756316.165579245,5458733.49097839
LOVELL,11,4/21/2021 2:00:00 PM,4/21/2021 2:00:00 PM,,Assessing,Tree,-7893294.58749415,5492586.091599087
PALMYRA,85,4/21/2021 12:15:00 PM,4/21/2021 12:15:00 PM,,Assessing,Investigating,-7723854.455844669,5597065.860927342
NORTHPORT,1,4/21/2021 12:30:00 PM,4/21/2021 12:30:00 PM,,Assessing,Investigating,-7678433.008903266,5513514.562865872
