BgName,NumOut,EtrMin,EtrMax,Desc,Status,Cause,x,y
NEW GLOUCESTER,31,6/15/2021 2:15:00 PM,6/15/2021 2:15:00 PM,,Assessing,Investigating,-7820263.146156635,5452563.675227159
LEBANON,33,6/15/2021 12:15:00 PM,6/15/2021 12:15:00 PM,,Crew Assigned,Investigating,-7887502.122316651,5376143.132901154
PORTER,2,6/15/2021 2:45:00 PM,6/15/2021 2:45:00 PM,,Crew Assigned,Investigating,-7891284.35790712,5439339.978715509
SANFORD,1,6/15/2021 1:30:00 PM,6/15/2021 1:30:00 PM,,Assessing,Investigating,-7883839.410529218,5381795.023475949
WINDHAM,7,6/15/2021 1:45:00 PM,6/15/2021 1:45:00 PM,,Assessing,Investigating,-7829726.916942073,5437800.242266513
