BgName,NumOut,EtrMin,EtrMax,Desc,Status,Cause,x,y
BATH,11,5/31/2021 9:45:00 AM,5/31/2021 9:45:00 AM,,Assessing,Investigating,-7772838.215580072,5452497.2405967
LOVELL,34,5/31/2021 10:00:00 AM,5/31/2021 10:00:00 AM,,Assessing,Investigating,-7893020.78608232,5496977.402525896
LOVELL,9,5/31/2021 11:00:00 AM,5/31/2021 11:00:00 AM,,Assessing,Investigating,-7894191.065572378,5489395.443269301
OTISFIELD,18,5/31/2021 11:00:00 AM,5/31/2021 11:00:00 AM,,Assessing,Investigating,-7846670.277786767,5473538.0754924165
O O BEACH,47,5/31/2021 9:45:00 AM,5/31/2021 9:45:00 AM,,Assessing,Investigating,-7835281.536959603,5393645.001945198
NORTHPORT,6,5/31/2021 9:30:00 AM,5/31/2021 9:30:00 AM,,Assessing,Investigating,-7678160.187088057,5513423.743431021
GREENVILLE,1,5/31/2021 9:45:00 AM,5/31/2021 9:45:00 AM,,Assessing,Investigating,-7746251.892851298,5700931.670092852
WARREN,1,5/31/2021 10:00:00 AM,5/31/2021 10:00:00 AM,,Assessing,Investigating,-7699477.168259314,5490848.69807582
YORK,8,5/31/2021 12:00:00 PM,5/31/2021 12:00:00 PM,,Assessing,Tree,-7875231.541798464,5339082.2785455845
