BgName,NumOut,EtrMin,EtrMax,Desc,Status,Cause,x,y
OTISFIELD,58,5/17/2023 7:30:00 PM,5/17/2023 7:30:00 PM,,Investigating,Investigating,-7846671.248673643,5473539.968093566
OTISFIELD,18,5/17/2023 7:30:00 PM,5/17/2023 7:30:00 PM,,Investigating,Investigating,-7846670.2803896805,5473538.07897479
"FREEPORT,BRUNSWICK",915,5/17/2023 6:00:00 PM,5/17/2023 6:00:00 PM,,Assessing,Tree,-7802760.471678407,5443423.035671827
RICHMOND,10,5/17/2023 7:15:00 PM,5/17/2023 7:15:00 PM,,Assessing,Investigating,-7770206.13294866,5478100.966743492
BOWDOINHAM,23,5/17/2023 9:15:00 PM,5/17/2023 9:15:00 PM,,Assessing,Tree,-7780215.536252066,5466009.569185293
HARRISON,7,5/17/2023 6:45:00 PM,5/17/2023 6:45:00 PM,,Crew Assigned,Investigating,-7866214.073033707,5475963.135039332
OTISFIELD,14,5/17/2023 6:15:00 PM,5/17/2023 6:15:00 PM,,Crew Assigned,Investigating,-7849096.441598722,5480973.804022157
NEW PORTLAND,2,5/17/2023 6:30:00 PM,5/17/2023 6:30:00 PM,,Assessing,Investigating,-7792670.239189346,5602357.119790412
UNITY,1,5/17/2023 6:45:00 PM,5/17/2023 6:45:00 PM,,Assessing,Investigating,-7716004.917840644,5553477.907195979
