BgName,NumOut,EtrMin,EtrMax,Desc,Status,Cause,x,y
FREEPORT,23,8/10/2023 11:30:00 AM,8/10/2023 11:30:00 AM,,Assessing,Investigating,-7804420.056029433,5439040.692172898
ALFRED,12,8/10/2023 9:30:00 AM,8/10/2023 9:30:00 AM,,Crew Assigned,Investigating,-7873790.644560587,5390774.638891584
