BgName,NumOut,EtrMin,EtrMax,Desc,Status,Cause,x,y
BIDDEFORD,149,8/1/2024 10:30:00 PM,8/1/2024 10:30:00 PM,,Investigating,Investigating,-7843664.625956715,5386848.318154797
BIDDEFORD,12,8/1/2024 10:30:00 PM,8/1/2024 10:30:00 PM,,Assessing,Investigating,-7843783.440565829,5386894.062417221
