BgName,NumOut,EtrMin,EtrMax,Desc,Status,Cause,x,y
NORRIDGEWOCK,25,8/8/2021 2:45:00 PM,8/8/2021 2:45:00 PM,,Assessing,Investigating,-7767829.161305751,5575990.493785409
ISLESBORO,1,8/8/2021 11:15:00 AM,8/8/2021 11:15:00 AM,,Assessing,Investigating,-7668688.267680504,5523389.411797964
