BgName,NumOut,EtrMin,EtrMax,Desc,Status,Cause,x,y
NAPLES,1,11/1/2024 6:30:00 PM,11/1/2024 6:30:00 PM,,Crew Assigned,Investigating,-7863083.835834361,5463021.789471827
BUXTON,16,11/1/2024 6:45:00 PM,11/1/2024 6:45:00 PM,,Crew Assigned,Investigating,-7853315.684004187,5400550.736544942
"BELFAST,NORTHPORT",935,11/1/2024 6:30:00 PM,11/1/2024 6:30:00 PM,,Repairs in Progress,Investigating,-7680038.56997698,5528461.970995883
