BgName,NumOut,EtrMin,EtrMax,Desc,Status,Cause,x,y
NEWFIELD,20,8/10/2021 3:15:00 AM,8/10/2021 3:15:00 AM,,Investigating,Investigating,-7891213.048678744,5415209.816164336
WALDOBORO,3,8/10/2021 1:00:00 AM,8/10/2021 1:00:00 AM,,Assessing,Tree,-7728042.116995936,5474446.450941892
GREENWOOD,7,8/10/2021 2:00:00 AM,8/10/2021 2:00:00 AM,,Assessing,Investigating,-7859975.4839349,5515395.747722667
