BgName,NumOut,EtrMin,EtrMax,Desc,Status,Cause,x,y
WATERVILLE,41,8/14/2021 6:00:00 AM,8/14/2021 6:00:00 AM,,Investigating,Investigating,-7752102.774624287,5553886.765546202
"FAIRFIELD,WATERVILLE",248,8/14/2021 6:00:00 AM,8/14/2021 6:00:00 AM,,Assessing,Investigating,-7753948.433379596,5558446.684063757
