BgName,NumOut,EtrMin,EtrMax,Desc,Status,Cause,x,y
PHIPPSBURG,23,9/23/2024 8:00:00 PM,9/23/2024 8:00:00 PM,,Assessing,Investigating,-7774453.539282735,5424266.563493038
GEORGETOWN,1,9/23/2024 7:45:00 PM,9/23/2024 7:45:00 PM,,Crew Assigned,Investigating,-7764374.950828794,5437079.530163348
SABATTUS,23,9/23/2024 7:45:00 PM,9/23/2024 7:45:00 PM,,Crew Assigned,Investigating,-7805164.393791499,5475588.212481373
WALDO,15,9/23/2024 7:45:00 PM,9/23/2024 7:45:00 PM,,Repairs in Progress,Investigating,-7694168.72022336,5536467.462359077
