BgName,NumOut,EtrMin,EtrMax,Desc,Status,Cause,x,y
"ST GEORGE,SO THOMASTON,SOUTH THOMASTON,SPRUCE HEAD",971,5/16/2022 1:30:00 PM,5/16/2022 1:30:00 PM,,Assessing,Equipment Interruption,-7702873.14744823,5467891.7284202995
"LISBON,SABATTUS",145,5/16/2022 2:00:00 PM,5/16/2022 2:00:00 PM,,Assessing,Investigating,-7805089.1084119445,5472558.61061007
OXFORD,189,5/16/2022 3:15:00 PM,5/16/2022 3:15:00 PM,,Crew Assigned,Investigating,-7841976.647319204,5482888.480039612
"CARATUNK,THE FORKS PLT",158,5/16/2022 2:30:00 PM,5/16/2022 2:30:00 PM,,Assessing,Investigating,-7791145.830162725,5658699.791323444
FREEPORT,23,5/16/2022 3:15:00 PM,5/16/2022 3:15:00 PM,,Assessing,Investigating,-7803919.997730338,5443842.254304753
ROCKLAND,1,5/16/2022 2:45:00 PM,5/16/2022 2:45:00 PM,,Assessing,Investigating,-7694046.669591623,5483976.710569291
