BgName,NumOut,EtrMin,EtrMax,Desc,Status,Cause,x,y
"BOOTHBAY HBR,BOOTHBAY HARBOR",1006,10/6/2021 9:00:00 AM,10/6/2021 9:00:00 AM,,Assessing,Investigating,-7749850.562545678,5444019.525682658
VASSALBORO,78,10/6/2021 10:15:00 AM,10/6/2021 10:15:00 AM,,Assessing,Investigating,-7752402.205627615,5533462.160253583
HARRISON,1,10/6/2021 10:00:00 AM,10/6/2021 10:00:00 AM,,Assessing,Investigating,-7866901.749265021,5487488.264463064
PORTLAND,9,10/6/2021 10:00:00 AM,10/6/2021 10:00:00 AM,,Assessing,Investigating,-7823090.984029712,5413194.241850935
