BgName,NumOut,EtrMin,EtrMax,Desc,Status,Cause,x,y
WINTHROP,32,12/5/2022 11:45:00 AM,12/5/2022 11:45:00 AM,,Assessing,Tree,-7790284.161552574,5510294.132874592
WILTON,9,12/5/2022 11:45:00 AM,12/5/2022 11:45:00 AM,,Assessing,Investigating,-7826450.71754276,5563935.388640866
