BgName,NumOut,EtrMin,EtrMax,Desc,Status,Cause,x,y
ETNA,69,3/14/2024 1:30:00 PM,3/14/2024 1:30:00 PM,,Investigating,Investigating,-7692308.093311685,5582271.9483568175
ETNA,13,3/14/2024 1:30:00 PM,3/14/2024 1:30:00 PM,,Investigating,Investigating,-7692278.684089013,5585512.284178301
CARMEL,7,3/14/2024 1:30:00 PM,3/14/2024 1:30:00 PM,,Investigating,Investigating,-7689173.909894676,5582851.394442892
WAYNE,3,3/14/2024 1:00:00 PM,3/14/2024 1:00:00 PM,,Assessing,Investigating,-7799641.945188823,5522549.912075386
AUBURN,119,3/14/2024 1:15:00 PM,3/14/2024 1:15:00 PM,,Repairs in Progress,Investigating,-7817391.659820516,5482961.181867586
GORHAM,7,3/14/2024 1:00:00 PM,3/14/2024 1:00:00 PM,,Crew Assigned,Investigating,-7845178.975121651,5414742.573049668
"DIXMONT,NEWBURGH",158,3/14/2024 1:30:00 PM,3/14/2024 1:30:00 PM,,Crew Assigned,Investigating,-7692795.382816529,5579873.337691499
