BgName,NumOut,EtrMin,EtrMax,Desc,Status,Cause,x,y
PORTLAND,64,4/21/2024 5:00:00 PM,4/21/2024 5:00:00 PM,,Assessing,Investigating,-7822984.362169988,5416337.096138921
DETROIT,1,4/21/2024 6:30:00 PM,4/21/2024 6:30:00 PM,,Assessing,Investigating,-7716895.551676423,5589734.9460864775
