BgName,NumOut,EtrMin,EtrMax,Desc,Status,Cause,x,y
HARRISON,6,Assessing,Assessing,,Investigating,Investigating,-7862749.443092498,5489555.043809199
"WATERFORD,BRIDGTON,HARRISON",895,Assessing,Assessing,,Assessing,Investigating,-7869010.196002974,5483407.793458694
HARRISON,3,Assessing,Assessing,,Assessing,Investigating,-7862927.465282584,5488728.369630285
BERWICK,14,8/5/2022 8:30:00 PM,8/5/2022 8:30:00 PM,,Crew Assigned,Vehicle Accident,-7888066.834994238,5353159.055738502
PARSONSFIELD,31,8/5/2022 9:15:00 PM,8/5/2022 9:15:00 PM,,Crew Assigned,Investigating,-7889161.47290599,5429125.23341886
DEXTER,41,8/5/2022 9:00:00 PM,8/5/2022 9:00:00 PM,,Assessing,Investigating,-7717798.241408396,5625427.906995634
"ROME,MERCER",362,8/5/2022 8:15:00 PM,8/5/2022 8:15:00 PM,,Assessing,Investigating,-7774246.39599252,5556271.27416586
BUCKFIELD,3,8/5/2022 7:30:00 PM,8/5/2022 7:30:00 PM,,Assessing,Equipment Interruption,-7831271.486037236,5506780.966146582
