BgName,NumOut,EtrMin,EtrMax,Desc,Status,Cause,x,y
BROWNFIELD,12,8/30/2023 9:45:00 PM,8/30/2023 9:45:00 PM,,Assessing,Investigating,-7886555.606122375,5452297.924297998
PERU,49,8/30/2023 9:30:00 PM,8/30/2023 9:30:00 PM,,Assessing,Investigating,-7837612.889933889,5543996.470572784
ANSON,2,8/30/2023 9:30:00 PM,8/30/2023 9:30:00 PM,,Assessing,Investigating,-7781754.127555283,5596349.041040753
