BgName,NumOut,EtrMin,EtrMax,Desc,Status,Cause,x,y
WASHINGTON,3,5/30/2022 8:30:00 AM,5/30/2022 8:30:00 AM,,Investigating,Investigating,-7727157.061605041,5508450.123071905
WATERFORD,32,5/30/2022 9:30:00 AM,5/30/2022 9:30:00 AM,,Assessing,Investigating,-7868123.091017625,5493784.726472282
O O BEACH,25,5/30/2022 8:15:00 AM,5/30/2022 8:15:00 AM,,Assessing,Investigating,-7836608.888286502,5393453.647374985
SCARBOROUGH,135,5/30/2022 8:15:00 AM,5/30/2022 8:15:00 AM,,Assessing,Investigating,-7828116.602647279,5403691.031231225
