BgName,NumOut,EtrMin,EtrMax,Desc,Status,Cause,x,y
READFIELD,17,4/28/2022 7:15:00 PM,4/28/2022 7:15:00 PM,,Assessing,Investigating,-7789894.253963634,5526951.572839894
READFIELD,46,4/28/2022 7:15:00 PM,4/28/2022 7:15:00 PM,,Assessing,Investigating,-7789891.059087071,5528095.656362331
PARIS,1,4/28/2022 7:30:00 PM,4/28/2022 7:30:00 PM,,Assessing,Investigating,-7844889.07688995,5494741.251024737
OTISFIELD,93,4/28/2022 6:45:00 PM,4/28/2022 6:45:00 PM,,Assessing,Investigating,-7853949.5149574485,5481359.302273754
"WATERFORD,ALBANY",36,4/28/2022 6:30:00 PM,4/28/2022 6:30:00 PM,,Assessing,Investigating,-7878124.011825148,5502178.187866436
"WINDHAM,GRAY",215,4/28/2022 8:00:00 PM,4/28/2022 8:00:00 PM,,Assessing,Investigating,-7841589.244334085,5442622.491133887
ISLESBORO,2,4/28/2022 7:00:00 PM,4/28/2022 7:00:00 PM,,Assessing,Investigating,-7667220.742833881,5521911.291323213
