BgName,NumOut,EtrMin,EtrMax,Desc,Status,Cause,x,y
BIDDEFORD,1,Assessing,Assessing,,Assessing,Investigating,-7852066.144985654,5388100.44108899
WALDO,4,8/3/2021 11:00:00 AM,8/3/2021 11:00:00 AM,,Crew Assigned,Investigating,-7687203.359527247,5538984.848491834
SCARBOROUGH,5,8/3/2021 11:30:00 AM,8/3/2021 11:30:00 AM,,Assessing,Investigating,-7834188.758028922,5403092.346772614
CANAAN,1,8/3/2021 11:45:00 AM,8/3/2021 11:45:00 AM,,Assessing,Investigating,-7742531.406286868,5589255.669023322
