BgName,NumOut,EtrMin,EtrMax,Desc,Status,Cause,x,y
"RAYMOND,CASCO,POLAND",1141,3/2/2022 2:00:00 PM,3/2/2022 2:00:00 PM,,Assessing,Investigating,-7847437.001909634,5456798.043620811
BELMONT,8,3/2/2022 1:15:00 PM,3/2/2022 1:15:00 PM,,Assessing,Investigating,-7692562.747388689,5524299.18528465
BELMONT,21,3/2/2022 1:15:00 PM,3/2/2022 1:15:00 PM,,Assessing,Investigating,-7692665.439549245,5524298.780341643
