BgName,NumOut,EtrMin,EtrMax,Desc,Status,Cause,x,y
DIXFIELD,22,5/29/2023 9:00:00 AM,5/29/2023 9:00:00 AM,,Assessing,Investigating,-7842716.621396259,5549333.297461083
PORTLAND,7,5/29/2023 8:30:00 AM,5/29/2023 8:30:00 AM,,Assessing,Investigating,-7821679.931502024,5416567.069374456
SACO,43,5/29/2023 8:30:00 AM,5/29/2023 8:30:00 AM,,Assessing,Investigating,-7844348.843416043,5391403.521801096
PORTLAND,2459,5/29/2023 7:15:00 AM,5/29/2023 7:15:00 AM,,Assessing,Investigating,-7822285.331427671,5411079.846256563
PORTLAND,21,5/29/2023 7:30:00 AM,5/29/2023 7:30:00 AM,,Assessing,Investigating,-7822696.668105781,5412094.44169513
WELLS,1,5/29/2023 8:45:00 AM,5/29/2023 8:45:00 AM,,Assessing,Investigating,-7869566.214647871,5359024.652409184
YORK,22,5/29/2023 9:00:00 AM,5/29/2023 9:00:00 AM,,Assessing,Investigating,-7859566.974822158,5341025.827712263
WATERVILLE,37,5/29/2023 9:00:00 AM,5/29/2023 9:00:00 AM,,Assessing,Investigating,-7751809.9970692815,5551079.538133146
