BgName,NumOut,EtrMin,EtrMax,Desc,Status,Cause,x,y
FRYEBURG,129,5/28/2023 4:30:00 PM,5/28/2023 4:30:00 PM,,Repairs in Progress,Investigating,-7897627.03072428,5477353.115964043
POLAND,25,5/28/2023 5:00:00 PM,5/28/2023 5:00:00 PM,,Assessing,Investigating,-7829804.551151058,5472075.83972354
LEWISTON,140,Assessing,Assessing,,Assessing,Fire/Emergency,-7816778.701333307,5479553.717282429
KITTERY,5,5/28/2023 3:45:00 PM,5/28/2023 3:45:00 PM,,Crew Assigned,Investigating,-7875506.0000455985,5326893.257735462
"MOSCOW,CARATUNK,THE FORKS PLT",334,Assessing,Assessing,,Assessing,Tree,-7781951.953414939,5634830.842226232
