BgName,NumOut,EtrMin,EtrMax,Desc,Status,Cause,x,y
BOOTHBAY,381,2/10/2023 4:00:00 AM,2/10/2023 4:00:00 AM,,Assessing,Investigating,-7748480.63155222,5445210.629784308
"NAPLES,CASCO",416,2/10/2023 2:30:00 AM,2/10/2023 2:30:00 AM,,Assessing,Investigating,-7856038.503112149,5460268.6000819905
HARTLAND,35,2/10/2023 2:15:00 AM,2/10/2023 2:15:00 AM,,Assessing,Investigating,-7739054.842886538,5596733.960803156
BINGHAM,14,2/10/2023 2:15:00 AM,2/10/2023 2:15:00 AM,,Assessing,Investigating,-7777598.893705324,5618945.755780124
WELD,15,2/10/2023 2:00:00 AM,2/10/2023 2:00:00 AM,,Assessing,Investigating,-7839703.503307973,5571975.224835535
