BgName,NumOut,EtrMin,EtrMax,Desc,Status,Cause,x,y
FALMOUTH,3,6/9/2022 8:00:00 AM,6/9/2022 8:00:00 AM,,Crew Assigned,Tree,-7814993.637612179,5425382.406278741
SACO,38,6/9/2022 8:15:00 AM,6/9/2022 8:15:00 AM,,Assessing,Investigating,-7836002.364002176,5385664.827674579
ETNA,9,6/9/2022 7:30:00 AM,6/9/2022 7:30:00 AM,,Assessing,Investigating,-7693194.496611523,5591361.338852683
