BgName,NumOut,EtrMin,EtrMax,Desc,Status,Cause,x,y
YORK,14,8/22/2022 7:15:00 PM,8/22/2022 7:15:00 PM,,Crew Assigned,Investigating,-7862955.239474896,5332609.405943447
HOLLIS,8,8/22/2022 7:15:00 PM,8/22/2022 7:15:00 PM,,Crew Assigned,Investigating,-7864148.539936187,5403742.880809892
