BgName,NumOut,EtrMin,EtrMax,Desc,Status,Cause,x,y
SACO,23,9/12/2022 7:30:00 PM,9/12/2022 7:30:00 PM,,Repairs in Progress,Investigating,-7835677.3111159755,5385990.206055089
PHIPPSBURG,3,9/12/2022 8:00:00 PM,9/12/2022 8:00:00 PM,,Crew Assigned,Investigating,-7772827.740353399,5437230.289663088
PARSONSFIELD,1,9/12/2022 8:30:00 PM,9/12/2022 8:30:00 PM,,Assessing,Investigating,-7888624.990931763,5415829.790159507
