BgName,NumOut,EtrMin,EtrMax,Desc,Status,Cause,x,y
LEVANT,20,1/1/2022 4:15:00 PM,1/1/2022 4:15:00 PM,,Investigating,Investigating,-7686796.052660379,5605299.770901306
LEEDS,88,1/1/2022 4:15:00 PM,1/1/2022 4:15:00 PM,,Investigating,Investigating,-7806229.838222089,5509130.484050602
MT VERNON,2,1/1/2022 3:45:00 PM,1/1/2022 3:45:00 PM,,Assessing,Investigating,-7793982.929804053,5538504.421447961
NAPLES,18,1/1/2022 2:30:00 PM,1/1/2022 2:30:00 PM,,Assessing,Investigating,-7859478.48686275,5463318.205978461
"GORHAM,SCARBOROUGH",178,1/1/2022 2:45:00 PM,1/1/2022 2:45:00 PM,,Assessing,Vehicle Accident,-7839396.784746459,5409074.630010247
