BgName,NumOut,EtrMin,EtrMax,Desc,Status,Cause,x,y
HARPSWELL,6,3/29/2022 11:45:00 AM,3/29/2022 11:45:00 AM,,Assessing,Investigating,-7792553.465064491,5422255.062733588
PITTSTON,69,3/29/2022 11:30:00 AM,3/29/2022 11:30:00 AM,,Assessing,Investigating,-7758673.222227964,5491076.911223378
