BgName,NumOut,EtrMin,EtrMax,Desc,Status,Cause,x,y
WEST GARDINER,145,6/15/2021 12:30:00 AM,6/15/2021 12:30:00 AM,,Assessing,Investigating,-7778379.866779434,5503819.022842802
"GORHAM,BUXTON",1356,6/15/2021 12:30:00 AM,6/15/2021 12:30:00 AM,,Assessing,Investigating,-7844201.623408002,5421702.550135765
BOOTHBAY HBR,3,6/15/2021 1:30:00 AM,6/15/2021 1:30:00 AM,,Assessing,Investigating,-7750436.014039697,5443442.132749988
