BgName,NumOut,EtrMin,EtrMax,Desc,Status,Cause,x,y
HARPSWELL,10,6/12/2024 11:45:00 AM,6/12/2024 11:45:00 AM,,Assessing,Investigating,-7781018.62848786,5431703.985320898
KITTERY,11,6/12/2024 12:00:00 PM,6/12/2024 12:00:00 PM,,Crew Assigned,Investigating,-7877015.002525087,5328747.260851259
