BgName,NumOut,EtrMin,EtrMax,Desc,Status,Cause,x,y
YORK,34,6/10/2024 1:15:00 PM,6/10/2024 1:15:00 PM,,Assessing,Investigating,-7866276.300695566,5344531.240837065
WATERBORO,2,6/10/2024 2:15:00 PM,6/10/2024 2:15:00 PM,,Crew Assigned,Investigating,-7871215.112335528,5402785.16489184
