BgName,NumOut,EtrMin,EtrMax,Desc,Status,Cause,x,y
PARSONSFIELD,33,3/29/2021 10:00:00 AM,3/29/2021 10:00:00 AM,,Assessing,Investigating,-7902348.457709151,5432998.913404512
"AUGUSTA,WINDSOR,VASSALBORO",776,3/29/2021 10:00:00 AM,3/29/2021 10:00:00 AM,,Assessing,Vehicle Accident,-7762498.772207484,5516569.148537216
ALFRED,15,3/29/2021 9:15:00 AM,3/29/2021 9:15:00 AM,,Crew Assigned,Investigating,-7864825.262204883,5376345.150238043
HARPSWELL,1,3/29/2021 11:00:00 AM,3/29/2021 11:00:00 AM,,Assessing,Investigating,-7793394.071996772,5428859.063642738
