BgName,NumOut,EtrMin,EtrMax,Desc,Status,Cause,x,y
HARPSWELL,20,6/30/2023 3:00:00 PM,6/30/2023 3:00:00 PM,,Assessing,Investigating,-7780021.061143466,5442528.357640379
WAYNE,3,6/30/2023 3:00:00 PM,6/30/2023 3:00:00 PM,,Assessing,Investigating,-7795736.211746507,5523017.881497804
JAY,5,Assessing,Assessing,,Assessing,Investigating,-7816790.389918297,5551988.473968153
ALFRED,38,6/30/2023 2:30:00 PM,6/30/2023 2:30:00 PM,,Assessing,Investigating,-7868862.219047555,5378101.2045006305
