BgName,NumOut,EtrMin,EtrMax,Desc,Status,Cause,x,y
"FALMOUTH,WINDHAM",879,2/25/2023 3:00:00 AM,2/25/2023 3:00:00 AM,,Assessing,Investigating,-7826771.885479887,5423735.959997409
SACO,61,2/25/2023 2:00:00 AM,2/25/2023 2:00:00 AM,,Assessing,Vehicle Accident,-7846481.479933674,5402052.44226534
