BgName,NumOut,EtrMin,EtrMax,Desc,Status,Cause,x,y
FREEPORT,1,7/3/2021 9:30:00 AM,7/3/2021 9:30:00 AM,,Assessing,Investigating,-7800025.117938329,5444004.225453882
"ROCKPORT,ROCKLAND,THOMASTON",1563,7/3/2021 12:00:00 PM,7/3/2021 12:00:00 PM,,Assessing,Equipment Interruption,-7694714.697827635,5481259.3606497785
LEWISTON,48,7/3/2021 10:00:00 AM,7/3/2021 10:00:00 AM,,Assessing,Investigating,-7814210.3603586145,5478874.744462883
PLYMOUTH,2,7/3/2021 10:45:00 AM,7/3/2021 10:45:00 AM,,Assessing,Investigating,-7705417.688379539,5584057.773879351
WINDHAM,7,7/3/2021 10:00:00 AM,7/3/2021 10:00:00 AM,,Assessing,Investigating,-7840492.190818144,5437647.652871338
LEWISTON,4,7/3/2021 9:45:00 AM,7/3/2021 9:45:00 AM,,Assessing,Investigating,-7810249.579392375,5480219.193276449
