BgName,NumOut,EtrMin,EtrMax,Desc,Status,Cause,x,y
DAYTON,19,5/9/2024 8:30:00 AM,5/9/2024 8:30:00 AM,,Investigating,Investigating,-7857106.887433862,5397924.759278446
DAYTON,1,5/9/2024 8:30:00 AM,5/9/2024 8:30:00 AM,,Assessing,Investigating,-7857074.453425034,5398011.913667144
