BgName,NumOut,EtrMin,EtrMax,Desc,Status,Cause,x,y
WESTBROOK,31,4/26/2021 11:45:00 AM,4/26/2021 11:45:00 AM,,Assessing,Investigating,-7832513.934017582,5414576.205841231
"SKOWHEGAN,CLINTON,CANAAN,CORNVILLE",2462,4/26/2021 12:00:00 PM,4/26/2021 12:00:00 PM,,Assessing,Investigating,-7761320.833843573,5584360.596389374
CASCO,1,4/26/2021 12:15:00 PM,4/26/2021 12:15:00 PM,,Assessing,Investigating,-7855700.002872075,5451661.819045464
WATERFORD,1,4/26/2021 12:00:00 PM,4/26/2021 12:00:00 PM,,Assessing,Investigating,-7871654.000556698,5488028.068152406
YORK,1,4/26/2021 11:30:00 AM,4/26/2021 11:30:00 AM,,Repairs in Progress,Investigating,-7865667.550018863,5330266.0615332555
