BgName,NumOut,EtrMin,EtrMax,Desc,Status,Cause,x,y
DURHAM,20,3/30/2023 2:00:00 PM,3/30/2023 2:00:00 PM,,Assessing,Investigating,-7808902.914144169,5465224.650538816
GREENE,2,3/30/2023 2:15:00 PM,3/30/2023 2:15:00 PM,,Assessing,Investigating,-7809704.870908834,5492719.52759748
"MECHANIC FALLS,POLAND",1082,3/30/2023 1:30:00 PM,3/30/2023 1:30:00 PM,,Assessing,Investigating,-7833300.9071085155,5480688.64369408
STANDISH,51,3/30/2023 2:15:00 PM,3/30/2023 2:15:00 PM,,Assessing,Investigating,-7859750.885704447,5419555.85575572
