BgName,NumOut,EtrMin,EtrMax,Desc,Status,Cause,x,y
YARMOUTH,19,8/15/2024 5:00:00 PM,8/15/2024 5:00:00 PM,,Crew Assigned,Investigating,-7807997.908920074,5428732.640358436
FREEPORT,3,8/15/2024 4:30:00 PM,8/15/2024 4:30:00 PM,,Assessing,Investigating,-7799057.25064218,5438499.424313623
NEW GLOUCESTER,8,Assessing,Assessing,,Crew Assigned,Investigating,-7827040.655258961,5458209.696273777
GRAY,1,Assessing,Assessing,,Crew Assigned,Investigating,-7832793.023148849,5443279.029139481
GRAY,31,Assessing,Assessing,,Assessing,Investigating,-7831358.693763466,5442308.232769001
ELIOT,53,8/15/2024 5:30:00 PM,8/15/2024 5:30:00 PM,,Assessing,Investigating,-7883967.984563691,5332939.446948054
MOUNT VERNON,3,Assessing,Assessing,,Assessing,Investigating,-7788109.145692635,5544810.053548221
