BgName,NumOut,EtrMin,EtrMax,Desc,Status,Cause,x,y
SIDNEY,1,7/17/2024 4:30:00 PM,7/17/2024 4:30:00 PM,,Crew Assigned,Investigating,-7760186.388068204,5530916.623278923
SWEDEN,113,7/17/2024 5:15:00 PM,7/17/2024 5:15:00 PM,,Crew Assigned,Investigating,-7882388.227376594,5486441.045797742
"LITCHFIELD,WALES",39,7/17/2024 4:45:00 PM,7/17/2024 4:45:00 PM,,Assessing,Investigating,-7794979.19469038,5491231.322213908
HARTFORD,103,7/17/2024 5:30:00 PM,7/17/2024 5:30:00 PM,,Assessing,Investigating,-7831488.403168956,5530675.847788306
SOUTH BERWICK,1,7/17/2024 5:30:00 PM,7/17/2024 5:30:00 PM,,Assessing,Investigating,-7879593.284328208,5345262.995952083
SOUTH BERWICK,3,7/17/2024 5:30:00 PM,7/17/2024 5:30:00 PM,,Assessing,Investigating,-7879763.903731114,5345237.317965379
