BgName,NumOut,EtrMin,EtrMax,Desc,Status,Cause,x,y
TEMPLE,9,1/12/2023 3:15:00 PM,1/12/2023 3:15:00 PM,,Assessing,Investigating,-7819915.617809885,5568388.487649918
"INDUSTRY,ANSON",5,1/12/2023 2:30:00 PM,1/12/2023 2:30:00 PM,,Assessing,Investigating,-7795187.039365778,5589270.602975362
CAPE ELIZABETH,3,1/12/2023 3:30:00 PM,1/12/2023 3:30:00 PM,,Assessing,Investigating,-7822258.214070664,5397792.095139327
