BgName,NumOut,EtrMin,EtrMax,Desc,Status,Cause,x,y
WHITEFIELD,2,6/1/2021 9:30:00 AM,6/1/2021 9:30:00 AM,,Assessing,Investigating,-7753618.426747841,5491006.410713205
WINTHROP,23,6/1/2021 9:00:00 AM,6/1/2021 9:00:00 AM,,Assessing,Investigating,-7789045.966032719,5513739.671030423
WINTHROP,234,6/1/2021 9:00:00 AM,6/1/2021 9:00:00 AM,,Assessing,Investigating,-7788720.356523403,5514348.766566863
PARIS,18,6/1/2021 9:30:00 AM,6/1/2021 9:30:00 AM,,Assessing,Investigating,-7851788.714611319,5506123.955137608
SACO,21,6/1/2021 9:15:00 AM,6/1/2021 9:15:00 AM,,Assessing,Investigating,-7840823.622345017,5388233.906323072
ISLESBORO,1,6/1/2021 9:00:00 AM,6/1/2021 9:00:00 AM,,Assessing,Investigating,-7669334.733377957,5523146.903837868
CHELSEA,2,6/1/2021 12:00:00 PM,6/1/2021 12:00:00 PM,,Assessing,Vehicle Accident,-7767580.751819365,5510566.112002155
