BgName,NumOut,EtrMin,EtrMax,Desc,Status,Cause,x,y
ROCKPORT,9,8/13/2021 8:45:00 AM,8/13/2021 8:45:00 AM,,Assessing,Investigating,-7694284.336652213,5493923.970213924
DENMARK,5,8/13/2021 10:30:00 AM,8/13/2021 10:30:00 AM,,Assessing,Investigating,-7877992.04258985,5457077.3603468565
WELLS,1,8/13/2021 9:15:00 AM,8/13/2021 9:15:00 AM,,Repairs in Progress,Investigating,-7855204.653344293,5362901.258475714
