BgName,NumOut,EtrMin,EtrMax,Desc,Status,Cause,x,y
BRUNSWICK,29,1/4/2024 12:15:00 PM,1/4/2024 12:15:00 PM,,Crew Assigned,Investigating,-7787184.893422097,5452798.464140785
AUBURN,36,1/4/2024 2:15:00 PM,1/4/2024 2:15:00 PM,,Assessing,Investigating,-7822581.875499175,5475773.162111948
NEWPORT,12,1/4/2024 12:45:00 PM,1/4/2024 12:45:00 PM,,Assessing,Investigating,-7704402.55477028,5599782.35699141
OAKLAND,4,1/4/2024 11:30:00 AM,1/4/2024 11:30:00 AM,,Assessing,Investigating,-7761577.970699971,5550715.576969645
