BgName,NumOut,EtrMin,EtrMax,Desc,Status,Cause,x,y
NOBLEBORO,21,2/28/2021 1:15:00 AM,2/28/2021 1:15:00 AM,,Assessing,Investigating,-7733910.891699489,5477306.537082954
ROCKLAND,13,2/28/2021 2:30:00 AM,2/28/2021 2:30:00 AM,,Assessing,Investigating,-7693337.686908429,5479755.098686048
WELLINGTON,20,2/28/2021 2:00:00 AM,2/28/2021 2:00:00 AM,,Assessing,Investigating,-7747576.205176131,5627853.729975368
