BgName,NumOut,EtrMin,EtrMax,Desc,Status,Cause,x,y
FRYEBURG,28,8/6/2022 10:00:00 AM,8/6/2022 10:00:00 AM,,Assessing,Investigating,-7896302.139551449,5468376.802391156
"HIRAM,SEBAGO",56,8/6/2022 6:00:00 AM,8/6/2022 6:00:00 AM,,Assessing,Investigating,-7876654.305136022,5446778.478392045
STOW,3,8/6/2022 6:15:00 AM,8/6/2022 6:15:00 AM,,Assessing,Investigating,-7902849.7404790055,5493749.318159364
HANOVER,32,8/6/2022 6:45:00 AM,8/6/2022 6:45:00 AM,,Assessing,Investigating,-7871937.464485403,5544183.996676687
BROWNFIELD,2,8/6/2022 6:15:00 AM,8/6/2022 6:15:00 AM,,Assessing,Investigating,-7892485.161167547,5459044.831679135
