BgName,NumOut,EtrMin,EtrMax,Desc,Status,Cause,x,y
WOOLWICH,3,5/11/2024 10:30:00 AM,5/11/2024 10:30:00 AM,,Investigating,Investigating,-7770280.431523516,5452196.639645731
WARREN,126,5/11/2024 10:00:00 AM,5/11/2024 10:00:00 AM,,Investigating,Investigating,-7704403.661309018,5478586.921783006
THOMASTON,7,5/11/2024 10:15:00 AM,5/11/2024 10:15:00 AM,,Investigating,Investigating,-7703984.94687174,5478087.608823609
SCARBOROUGH,20,5/11/2024 12:30:00 PM,5/11/2024 12:30:00 PM,,Investigating,Investigating,-7837612.796629436,5406551.680150637
DOVER-FOXCROFT,19,5/11/2024 10:30:00 AM,5/11/2024 10:30:00 AM,,Investigating,Investigating,-7707942.10428153,5650926.482183088
