BgName,NumOut,EtrMin,EtrMax,Desc,Status,Cause,x,y
NOBLEBORO,27,2/12/2024 5:00:00 PM,2/12/2024 5:00:00 PM,,Crew Assigned,Investigating,-7734522.926252384,5490829.65731065
ARUNDEL,23,2/12/2024 6:00:00 PM,2/12/2024 6:00:00 PM,,Crew Assigned,Investigating,-7852021.517026095,5383126.799061468
