BgName,NumOut,EtrMin,EtrMax,Desc,Status,Cause,x,y
ROCKPORT,12,6/10/2024 10:30:00 AM,6/10/2024 10:30:00 AM,,Repairs in Progress,Animal,-7695047.03106395,5493907.577499554
MECHANIC FALLS,7,6/10/2024 10:00:00 AM,6/10/2024 10:00:00 AM,,Crew Assigned,Investigating,-7834893.120940428,5480884.810574082
LITCHFIELD,83,6/10/2024 11:30:00 AM,6/10/2024 11:30:00 AM,,Repairs in Progress,Vehicle Accident,-7793849.591335946,5486741.69473035
PERU,5,6/10/2024 10:15:00 AM,6/10/2024 10:15:00 AM,,Repairs in Progress,Investigating,-7837804.971663171,5536429.767144076
