BgName,NumOut,EtrMin,EtrMax,Desc,Status,Cause,x,y
CAPE ELIZABETH,872,7/19/2021 8:00:00 PM,7/19/2021 8:00:00 PM,,Assessing,Vehicle Accident,-7817529.5401731115,5402174.366569891
WELLS,30,7/19/2021 7:00:00 PM,7/19/2021 7:00:00 PM,,Repairs in Progress,Investigating,-7866885.385246028,5369308.065676338
HARTFORD,2,7/19/2021 7:15:00 PM,7/19/2021 7:15:00 PM,,Assessing,Investigating,-7827041.712742783,5526115.312729704
