BgName,NumOut,EtrMin,EtrMax,Desc,Status,Cause,x,y
AUBURN,22,4/27/2023 10:45:00 PM,4/27/2023 10:45:00 PM,,Assessing,Investigating,-7822145.614418995,5481038.321292288
SANFORD,3,4/27/2023 11:00:00 PM,4/27/2023 11:00:00 PM,,Assessing,Investigating,-7880162.772651978,5381316.3052504985
