BgName,NumOut,EtrMin,EtrMax,Desc,Status,Cause,x,y
PORTLAND,63,4/23/2021 3:00:00 AM,4/23/2021 3:00:00 AM,,Assessing,Investigating,-7822984.573706795,5416330.954468582
BELFAST,7,4/23/2021 4:30:00 AM,4/23/2021 4:30:00 AM,,Assessing,Vehicle Accident,-7689563.633277402,5533007.6074566655
