BgName,NumOut,EtrMin,EtrMax,Desc,Status,Cause,x,y
NOBLEBORO,2,2/2/2024 11:15:00 AM,2/2/2024 11:15:00 AM,,Crew Assigned,Investigating,-7732329.832054328,5489840.584378601
GORHAM,1,2/2/2024 11:45:00 AM,2/2/2024 11:45:00 AM,,Assessing,Investigating,-7846822.251216111,5422521.735200892
PORTLAND,18,2/2/2024 11:00:00 AM,2/2/2024 11:00:00 AM,,Assessing,System Upgrade,-7824632.903658886,5419364.980598785
