BgName,NumOut,EtrMin,EtrMax,Desc,Status,Cause,x,y
SOLON,6,4/1/2021 11:00:00 PM,4/1/2021 11:00:00 PM,,Assessing,Investigating,-7772846.842838011,5608760.348865693
BUCKSPORT,3,4/1/2021 11:00:00 PM,4/1/2021 11:00:00 PM,,Assessing,Investigating,-7650999.600589561,5566090.9647602495
