BgName,NumOut,EtrMin,EtrMax,Desc,Status,Cause,x,y
BIDDEFORD,1,Assessing,Assessing,,Assessing,Investigating,-7852066.144985654,5388100.44108899
SACO,138,8/1/2021 3:30:00 PM,8/1/2021 3:30:00 PM,,Assessing,Investigating,-7843363.153868462,5389565.333426604
FARMINGTON,47,8/1/2021 4:30:00 PM,8/1/2021 4:30:00 PM,,Assessing,Investigating,-7806454.37518396,5567038.866244496
