BgName,NumOut,EtrMin,EtrMax,Desc,Status,Cause,x,y
PHIPPSBURG,10,11/8/2023 6:45:00 AM,11/8/2023 6:45:00 AM,,Assessing,Investigating,-7771742.742733636,5437982.149380359
ANDOVER,1,11/8/2023 6:45:00 AM,11/8/2023 6:45:00 AM,,Assessing,Investigating,-7873062.570605334,5562702.640637626
NEW SHARON,103,11/8/2023 6:30:00 AM,11/8/2023 6:30:00 AM,,Assessing,Investigating,-7792305.133565404,5564638.071977413
GREENVILLE,26,11/8/2023 6:45:00 AM,11/8/2023 6:45:00 AM,,Assessing,Investigating,-7746180.592733121,5693562.954904882
MONSON,18,11/8/2023 6:30:00 AM,11/8/2023 6:30:00 AM,,Assessing,Investigating,-7731382.558812562,5664963.931101419
"INDUSTRY,ANSON,STARKS",250,11/8/2023 6:45:00 AM,11/8/2023 6:45:00 AM,,Assessing,Investigating,-7800045.96807939,5577368.816975467
