BgName,NumOut,EtrMin,EtrMax,Desc,Status,Cause,x,y
BREMEN,8,4/22/2024 10:30:00 AM,4/22/2024 10:30:00 AM,,Crew Assigned,Investigating,-7729626.260092923,5463672.420877417
BOWER BANK,33,4/22/2024 10:00:00 AM,4/22/2024 10:00:00 AM,,Assessing,Investigating,-7709662.512122489,5663532.3814383615
