BgName,NumOut,EtrMin,EtrMax,Desc,Status,Cause,x,y
WINTHROP,11,2/28/2021 7:30:00 AM,2/28/2021 7:30:00 AM,,Assessing,Investigating,-7796555.155827929,5512477.130355908
SHAPLEIGH,31,2/28/2021 8:15:00 AM,2/28/2021 8:15:00 AM,,Assessing,Investigating,-7885791.052729566,5391309.755323696
FRYEBURG,1,2/28/2021 6:15:00 AM,2/28/2021 6:15:00 AM,,Assessing,Investigating,-7902572.321217107,5465286.503790593
