BgName,NumOut,EtrMin,EtrMax,Desc,Status,Cause,x,y
BOOTHBAY HBR,22,7/4/2021 11:45:00 PM,7/4/2021 11:45:00 PM,,Crew Assigned,Investigating,-7750127.569946509,5443790.441455681
"ALNA,WHITEFIELD,JEFFERSON,NEWCASTLE",237,7/5/2021 12:30:00 AM,7/5/2021 12:30:00 AM,,Assessing,Investigating,-7750166.220114124,5474789.817986672
NEW GLOUCESTER,17,7/5/2021 1:15:00 AM,7/5/2021 1:15:00 AM,,Assessing,Investigating,-7826166.85286543,5469840.430546568
YORK,1,7/5/2021 12:45:00 AM,7/5/2021 12:45:00 AM,,Crew Assigned,Investigating,-7861336.520571413,5343790.77661577
BALDWIN,20,7/4/2021 11:30:00 PM,7/4/2021 11:30:00 PM,,Assessing,Investigating,-7869079.058292082,5441543.224063974
CARMEL,4,7/5/2021 12:15:00 AM,7/5/2021 12:15:00 AM,,Assessing,Investigating,-7679098.888734205,5592053.692571228
