BgName,NumOut,EtrMin,EtrMax,Desc,Status,Cause,x,y
FALMOUTH,118,3/10/2021 5:45:00 PM,3/10/2021 5:45:00 PM,,Assessing,Investigating,-7822476.800971633,5425491.742099449
PARSONSFIELD,212,3/10/2021 5:45:00 PM,3/10/2021 5:45:00 PM,,Crew Assigned,Investigating,-7890521.541058318,5426405.432045146
SO BERWICK,7,3/10/2021 4:45:00 PM,3/10/2021 4:45:00 PM,,Repairs in Progress,Investigating,-7881928.388802176,5342328.272939101
ELIOT,5,3/10/2021 5:45:00 PM,3/10/2021 5:45:00 PM,,Crew Assigned,Investigating,-7883694.450250871,5336189.132476073
