BgName,NumOut,EtrMin,EtrMax,Desc,Status,Cause,x,y
WARREN,24,9/22/2024 6:15:00 AM,9/22/2024 6:15:00 AM,,Assessing,Investigating,-7706808.102202862,5483014.115421439
WESTBROOK,62,9/22/2024 10:00:00 AM,9/22/2024 10:00:00 AM,,Repairs in Progress,Vehicle Accident,-7829812.799985365,5415783.01378085
GORHAM,47,9/22/2024 8:00:00 AM,9/22/2024 8:00:00 AM,,Assessing,Investigating,-7843100.718180191,5419423.570003798
