BgName,NumOut,EtrMin,EtrMax,Desc,Status,Cause,x,y
"LINCOLNVILLE,CAMDEN",583,6/3/2021 8:00:00 PM,6/3/2021 8:00:00 PM,,Assessing,Vehicle Accident,-7689285.846604202,5498182.685283777
JACKSON,26,6/3/2021 5:30:00 PM,6/3/2021 5:30:00 PM,,Assessing,Investigating,-7698132.395429607,5563054.193737116
NEW SHARON,34,6/3/2021 6:00:00 PM,6/3/2021 6:00:00 PM,,Assessing,Investigating,-7788955.774966739,5561010.383561952
