BgName,NumOut,EtrMin,EtrMax,Desc,Status,Cause,x,y
ST GEORGE,26,4/13/2023 2:15:00 PM,4/13/2023 2:15:00 PM,,Assessing,Investigating,-7707209.665039472,5456126.750090886
GEORGETOWN,2,4/13/2023 11:45:00 AM,4/13/2023 11:45:00 AM,,Assessing,Investigating,-7767197.94638105,5436911.941877644
