BgName,NumOut,EtrMin,EtrMax,Desc,Status,Cause,x,y
NAPLES,11,4/23/2024 5:00:00 PM,4/23/2024 5:00:00 PM,,Crew Assigned,Investigating,-7858024.721118994,5456966.025353102
GREENVILLE,13,4/23/2024 5:30:00 PM,4/23/2024 5:30:00 PM,,Assessing,Investigating,-7745766.729126194,5700299.589866018
LYMAN,3,4/23/2024 5:30:00 PM,4/23/2024 5:30:00 PM,,Assessing,Investigating,-7863347.006145017,5390007.701346339
