BgName,NumOut,EtrMin,EtrMax,Desc,Status,Cause,x,y
BOOTHBAY,8,1/3/2023 2:30:00 PM,1/3/2023 2:30:00 PM,,Assessing,Investigating,-7756691.134144435,5449735.75392785
WALES,1,1/3/2023 2:30:00 PM,1/3/2023 2:30:00 PM,,Assessing,Investigating,-7796206.280573362,5489761.4197456
PORTLAND,25,1/3/2023 2:45:00 PM,1/3/2023 2:45:00 PM,,Crew Assigned,Investigating,-7821143.783501673,5416181.73664021
PORTLAND,32,1/3/2023 2:45:00 PM,1/3/2023 2:45:00 PM,,Crew Assigned,Investigating,-7821228.041225469,5416243.830983213
SEARSPORT,13,1/3/2023 1:45:00 PM,1/3/2023 1:45:00 PM,,Assessing,Investigating,-7675728.646557049,5532850.882757546
