BgName,NumOut,EtrMin,EtrMax,Desc,Status,Cause,x,y
HARPSWELL,30,12/3/2022 11:00:00 AM,12/3/2022 11:00:00 AM,,Assessing,Investigating,-7789309.236655667,5436727.402386
"TAUNTON-RAYNHAM,ROCKWOOD",9,12/3/2022 11:00:00 AM,12/3/2022 11:00:00 AM,,Assessing,Investigating,-7764055.452761041,5726519.0710252365
"DALLAS PLT,SANDY RIVER PLT",14,12/3/2022 9:45:00 AM,12/3/2022 9:45:00 AM,,Assessing,Investigating,-7856302.820106484,5615124.653161349
"SANDY RIVER PLT,DALLAS PLT",150,12/3/2022 9:45:00 AM,12/3/2022 9:45:00 AM,,Assessing,Investigating,-7851790.428930445,5613042.097897059
