BgName,NumOut,EtrMin,EtrMax,Desc,Status,Cause,x,y
FARMINGDALE,56,7/7/2022 10:45:00 AM,7/7/2022 10:45:00 AM,,Assessing,Investigating,-7768419.432895713,5505094.308974801
OXFORD,100,7/7/2022 9:15:00 AM,7/7/2022 9:15:00 AM,,Crew Assigned,Investigating,-7847170.3026484335,5488435.784832733
TEMPLE,4,7/7/2022 10:00:00 AM,7/7/2022 10:00:00 AM,,Assessing,Tree,-7818711.419248529,5574777.970678803
