BgName,NumOut,EtrMin,EtrMax,Desc,Status,Cause,x,y
NEWFIELD,33,7/10/2021 10:30:00 PM,7/10/2021 10:30:00 PM,,Assessing,Investigating,-7887790.6513155345,5411275.735021666
"SIDNEY,OAKLAND",16,7/10/2021 10:45:00 PM,7/10/2021 10:45:00 PM,,Assessing,Investigating,-7764927.908146635,5544777.162995508
