BgName,NumOut,EtrMin,EtrMax,Desc,Status,Cause,x,y
THOMASTON,16,9/27/2021 2:15:00 AM,9/27/2021 2:15:00 AM,,Assessing,Investigating,-7702238.804521828,5476039.2524674935
"JACKMAN,LONG POND TWP",12,9/27/2021 2:30:00 AM,9/27/2021 2:30:00 AM,,Assessing,Investigating,-7807583.4887901405,5720172.5917113
ELIOT,1,9/27/2021 3:00:00 PM,9/27/2021 3:00:00 PM,,Crew Assigned,Investigating,-7883635.250578752,5335677.033129553
