BgName,NumOut,EtrMin,EtrMax,Desc,Status,Cause,x,y
"NORWAY,GREENWOOD",106,5/25/2024 10:15:00 AM,5/25/2024 10:15:00 AM,,Crew Assigned,Investigating,-7861930.187362193,5506091.157144419
AUBURN,16,5/25/2024 12:15:00 PM,5/25/2024 12:15:00 PM,,Assessing,Investigating,-7817549.432942425,5483544.60009001
NAPLES,39,5/25/2024 11:30:00 AM,5/25/2024 11:30:00 AM,,Repairs in Progress,Investigating,-7857415.580906219,5452607.517090047
WINDHAM,23,5/25/2024 12:15:00 PM,5/25/2024 12:15:00 PM,,Crew Assigned,Investigating,-7839898.379265307,5438915.024075197
