BgName,NumOut,EtrMin,EtrMax,Desc,Status,Cause,x,y
BOOTHBAY HBR,4,6/18/2023 8:15:00 PM,6/18/2023 8:15:00 PM,,Assessing,Investigating,-7749201.9817804815,5442581.598991597
ROCKPORT,20,6/18/2023 8:45:00 PM,6/18/2023 8:45:00 PM,,Assessing,Investigating,-7689038.472476865,5494813.441494858
