BgName,NumOut,EtrMin,EtrMax,Desc,Status,Cause,x,y
"AUGUSTA,VASSALBORO",119,8/17/2024 4:15:00 PM,8/17/2024 4:15:00 PM,,Assessing,Investigating,-7757373.555993628,5517608.120026766
"ALNA,JEFFERSON",33,8/17/2024 5:00:00 PM,8/17/2024 5:00:00 PM,,Crew Assigned,Investigating,-7747857.053176387,5481683.053873664
WARREN,10,8/17/2024 5:00:00 PM,8/17/2024 5:00:00 PM,,Crew Assigned,Investigating,-7709578.543822688,5483330.095298863
SOUTH PORTLAND,1,8/17/2024 5:15:00 PM,8/17/2024 5:15:00 PM,,Assessing,Investigating,-7832225.661105377,5409590.686727155
