BgName,NumOut,EtrMin,EtrMax,Desc,Status,Cause,x,y
OWLS HEAD,38,12/8/2023 3:45:00 PM,12/8/2023 3:45:00 PM,,Assessing,Investigating,-7690669.2139392095,5473896.092736033
GREENVILLE,90,12/8/2023 3:15:00 PM,12/8/2023 3:15:00 PM,,Assessing,Investigating,-7740035.244814802,5693665.981550946
