BgName,NumOut,EtrMin,EtrMax,Desc,Status,Cause,x,y
ATHENS,14,4/13/2024 1:30:00 PM,4/13/2024 1:30:00 PM,,Investigating,Investigating,-7743130.248171001,5609862.084473019
ACTON,3,4/13/2024 2:15:00 PM,4/13/2024 2:15:00 PM,,Crew Assigned,Investigating,-7898061.922571642,5401906.85142872
