BgName,NumOut,EtrMin,EtrMax,Desc,Status,Cause,x,y
NOBLEBORO,18,3/2/2024 12:15:00 PM,3/2/2024 12:15:00 PM,,Crew Assigned,Investigating,-7738614.084471743,5478363.575786052
BRIDGTON,6,3/2/2024 12:15:00 PM,3/2/2024 12:15:00 PM,,Assessing,Investigating,-7872865.557355369,5469818.275025511
SOUTH PORTLAND,27,3/2/2024 11:45:00 AM,3/2/2024 11:45:00 AM,,Crew Assigned,Investigating,-7822285.264652921,5409416.982916433
PEAKS ISLAND,16,3/2/2024 12:00:00 PM,3/2/2024 12:00:00 PM,,Assessing,Investigating,-7813353.5452818405,5413197.734962393
