BgName,NumOut,EtrMin,EtrMax,Desc,Status,Cause,x,y
"SO THOMASTON,SOUTH THOMASTON",34,7/19/2021 8:45:00 AM,7/19/2021 8:45:00 AM,,Assessing,Investigating,-7699990.32882598,5473769.916118404
SANFORD,44,7/19/2021 9:00:00 AM,7/19/2021 9:00:00 AM,,Repairs in Progress,Investigating,-7879615.414702449,5379078.27972755
NEWPORT,29,7/19/2021 8:30:00 AM,7/19/2021 8:30:00 AM,,Assessing,Investigating,-7704312.040942981,5599619.480840103
JACKMAN,3,7/19/2021 9:00:00 AM,7/19/2021 9:00:00 AM,,Assessing,Investigating,-7820272.185275635,5718212.339253573
