BgName,NumOut,EtrMin,EtrMax,Desc,Status,Cause,x,y
"HARPSWELL,BRUNSWICK",2664,11/7/2024 10:00:00 AM,11/7/2024 10:00:00 AM,,Crew Assigned,Investigating,-7789533.968435629,5450597.374126294
LIVERMORE,2,11/7/2024 10:00:00 AM,11/7/2024 10:00:00 AM,,Repairs in Progress,Investigating,-7819165.068394082,5527455.54087524
NAPLES,26,11/7/2024 10:00:00 AM,11/7/2024 10:00:00 AM,,Repairs in Progress,Investigating,-7862595.08759651,5457351.336042963
BERWICK,13,11/7/2024 8:45:00 AM,11/7/2024 8:45:00 AM,,Crew Assigned,Investigating,-7889008.219343584,5352900.487085309
HARTLAND,5,11/7/2024 9:00:00 AM,11/7/2024 9:00:00 AM,,Crew Assigned,Investigating,-7732425.800588,5603740.438073931
KNOX,7,11/7/2024 9:00:00 AM,11/7/2024 9:00:00 AM,,Crew Assigned,Investigating,-7706356.902098932,5545430.876874321
