BgName,NumOut,EtrMin,EtrMax,Desc,Status,Cause,x,y
LIMINGTON,113,5/14/2021 4:00:00 AM,5/14/2021 4:00:00 AM,,Assessing,Investigating,-7868395.6122963885,5432067.454774432
"CORNISH,PARSONSFIELD",152,5/14/2021 4:30:00 AM,5/14/2021 4:30:00 AM,,Assessing,Vehicle Accident,-7883838.21939578,5435130.014341808
