BgName,NumOut,EtrMin,EtrMax,Desc,Status,Cause,x,y
SANFORD,1,10/8/2023 4:45:00 PM,10/8/2023 4:45:00 PM,,Assessing,Investigating,-7882786.47279947,5377040.2360317875
PORTLAND,361,10/8/2023 4:45:00 PM,10/8/2023 4:45:00 PM,,Assessing,Investigating,-7820810.170132291,5412004.050216465
STANDISH,14,10/8/2023 4:45:00 PM,10/8/2023 4:45:00 PM,,Assessing,Tree,-7854870.360914728,5431448.009602667
YORK,128,10/8/2023 3:45:00 PM,10/8/2023 3:45:00 PM,,Assessing,Investigating,-7861323.963714419,5337942.47435742
