BgName,NumOut,EtrMin,EtrMax,Desc,Status,Cause,x,y
FREEPORT,86,12/2/2023 9:15:00 AM,12/2/2023 9:15:00 AM,,Assessing,Investigating,-7803802.143796668,5443631.608156631
UNION,71,12/2/2023 9:15:00 AM,12/2/2023 9:15:00 AM,,Assessing,Investigating,-7714035.130527424,5498952.011235056
ISLESBORO,405,12/2/2023 9:00:00 AM,12/2/2023 9:00:00 AM,,Assessing,Investigating,-7670247.230388855,5513416.245172176
LEWISTON,17,12/2/2023 9:45:00 AM,12/2/2023 9:45:00 AM,,Repairs in Progress,Investigating,-7814868.848514817,5478033.882167263
