BgName,NumOut,EtrMin,EtrMax,Desc,Status,Cause,x,y
HARPSWELL,55,4/25/2024 11:15:00 AM,4/25/2024 11:15:00 AM,,Crew Assigned,Investigating,-7792589.1206798,5427310.951864719
BETHEL,53,4/25/2024 11:00:00 AM,4/25/2024 11:00:00 AM,,Crew Assigned,Investigating,-7882966.732494372,5536059.810321515
ISLESBORO,3,Assessing,Assessing,,Assessing,Investigating,-7670914.034054003,5517334.032305476
WELD,16,4/25/2024 11:00:00 AM,4/25/2024 11:00:00 AM,,Crew Assigned,Investigating,-7838270.2648438485,5574634.979665797
