BgName,NumOut,EtrMin,EtrMax,Desc,Status,Cause,x,y
BUCKSPORT,1,7/21/2023 8:45:00 PM,7/21/2023 8:45:00 PM,,Assessing,Investigating,-7648193.225042866,5568247.381595324
"DETROIT,PLYMOUTH,TROY",306,7/21/2023 8:30:00 PM,7/21/2023 8:30:00 PM,,Assessing,Investigating,-7714957.134180705,5590438.455547199
