BgName,NumOut,EtrMin,EtrMax,Desc,Status,Cause,x,y
"STANDISH,LIMINGTON",1771,8/2/2022 6:30:00 AM,8/2/2022 6:30:00 AM,,Assessing,Tree,-7867519.360861233,5426818.60673112
"STANDISH,BALDWIN,LIMINGTON",952,8/2/2022 6:30:00 AM,8/2/2022 6:30:00 AM,,Assessing,Tree,-7867521.286717168,5426819.161503971
