BgName,NumOut,EtrMin,EtrMax,Desc,Status,Cause,x,y
PARIS,24,10/2/2022 10:15:00 AM,10/2/2022 10:15:00 AM,,Assessing,Investigating,-7848752.275115467,5503442.942385865
"LEWISTON,LISBON",254,10/2/2022 10:15:00 AM,10/2/2022 10:15:00 AM,,Assessing,Investigating,-7811792.623480346,5476023.65081013
PERU,164,10/2/2022 10:15:00 AM,10/2/2022 10:15:00 AM,,Assessing,Investigating,-7835529.879571126,5538984.645623583
YORK,2,10/2/2022 9:15:00 AM,10/2/2022 9:15:00 AM,,Crew Assigned,Investigating,-7862870.046704343,5332885.672415022
