BgName,NumOut,EtrMin,EtrMax,Desc,Status,Cause,x,y
TURNER,3,11/9/2023 1:30:00 PM,11/9/2023 1:30:00 PM,,Assessing,Investigating,-7822694.18572684,5496727.39587842
SABATTUS,37,11/9/2023 1:30:00 PM,11/9/2023 1:30:00 PM,,Assessing,Investigating,-7801178.165237499,5477809.278959111
BERWICK,1,11/9/2023 1:00:00 PM,11/9/2023 1:00:00 PM,,Assessing,Investigating,-7882191.247564063,5353320.746965338
LEWISTON,13,11/9/2023 1:00:00 PM,11/9/2023 1:00:00 PM,,Assessing,Investigating,-7815496.122728025,5483994.031291078
