BgName,NumOut,EtrMin,EtrMax,Desc,Status,Cause,x,y
BRUNSWICK,72,4/2/2024 11:00:00 AM,4/2/2024 11:00:00 AM,,Investigating,Investigating,-7789273.866059434,5452030.902254073
WATERFORD,3,4/2/2024 10:30:00 AM,4/2/2024 10:30:00 AM,,Assessing,Investigating,-7873459.936643766,5490126.821124236
NORWAY,27,4/2/2024 11:00:00 AM,4/2/2024 11:00:00 AM,,Crew Assigned,Investigating,-7855110.66632887,5499234.898496626
YORK,31,4/2/2024 10:45:00 AM,4/2/2024 10:45:00 AM,,Crew Assigned,Investigating,-7863555.763642285,5337208.4552403875
"BELGRADE,ROME,NEW SHARON",450,4/2/2024 10:00:00 AM,4/2/2024 10:00:00 AM,,Crew Assigned,Investigating,-7779926.350517982,5547792.887300255
