BgName,NumOut,EtrMin,EtrMax,Desc,Status,Cause,x,y
ROCKLAND,9,9/18/2021 4:30:00 PM,9/18/2021 4:30:00 PM,,Assessing,Investigating,-7693736.667053802,5485518.592973393
"WINDHAM,FALMOUTH",256,9/18/2021 4:00:00 PM,9/18/2021 4:00:00 PM,,Assessing,Investigating,-7831437.129469707,5432766.972848383
