BgName,NumOut,EtrMin,EtrMax,Desc,Status,Cause,x,y
"BOOTHBAY HBR,BOOTHBAY HARBOR",1006,10/6/2021 9:00:00 AM,10/6/2021 9:00:00 AM,,Assessing,Investigating,-7749850.562545678,5444019.525682658
AUGUSTA,37,10/6/2021 7:45:00 AM,10/6/2021 7:45:00 AM,,Assessing,Investigating,-7771969.2556074755,5520501.896481973
"BUCKFIELD,SUMNER",8,10/6/2021 9:15:00 AM,10/6/2021 9:15:00 AM,,Assessing,Investigating,-7837408.362572115,5513609.708124534
