BgName,NumOut,EtrMin,EtrMax,Desc,Status,Cause,x,y
PARSONSFIELD,30,Assessing,Assessing,,Investigating,Investigating,-7889161.478512264,5429125.238686574
GRAY,5,Assessing,Assessing,,Assessing,Investigating,-7826359.15724397,5447046.015812241
SHAPLEIGH,6,1/26/2023 7:00:00 PM,1/26/2023 7:00:00 PM,,Crew Assigned,Investigating,-7888683.233232136,5397654.8820188865
ACTON,8,1/26/2023 7:00:00 PM,1/26/2023 7:00:00 PM,,Assessing,Investigating,-7896894.80452072,5401483.939331524
PARSONSFIELD,11,1/26/2023 7:00:00 PM,1/26/2023 7:00:00 PM,,Assessing,Investigating,-7896976.4462159565,5428620.892306881
