BgName,NumOut,EtrMin,EtrMax,Desc,Status,Cause,x,y
READFIELD,6,6/1/2023 3:00:00 PM,6/1/2023 3:00:00 PM,,Assessing,Investigating,-7793444.221337336,5528139.6432446735
CASTINE,25,6/1/2023 5:30:00 PM,6/1/2023 5:30:00 PM,,Assessing,Investigating,-7658602.287651938,5525556.088280645
"FARMINGTON,WILTON",24,6/1/2023 3:30:00 PM,6/1/2023 3:30:00 PM,,Assessing,Investigating,-7813969.35365941,5567822.479878647
