BgName,NumOut,EtrMin,EtrMax,Desc,Status,Cause,x,y
BETHEL,8,3/21/2021 12:30:00 PM,3/21/2021 12:30:00 PM,,Assessing,Investigating,-7880267.067907143,5536127.32212279
ELIOT,1,3/21/2021 2:00:00 PM,3/21/2021 2:00:00 PM,,Assessing,Equipment Interruption,-7875670.997755195,5336562.93171136
