BgName,NumOut,EtrMin,EtrMax,Desc,Status,Cause,x,y
DOVER-FOXCROFT,5,4/21/2022 5:00:00 PM,4/21/2022 5:00:00 PM,,Assessing,Investigating,-7698727.242241386,5649613.664272912
"BEAVER COVE PLT,FRENCHTOWN,LILY BAY",234,4/21/2022 5:30:00 PM,4/21/2022 5:30:00 PM,,Assessing,Investigating,-7741620.990906286,5707738.298187369
DENMARK,1,4/21/2022 4:45:00 PM,4/21/2022 4:45:00 PM,,Assessing,Investigating,-7880346.227123327,5465012.074791617
LOVELL,2,4/21/2022 5:30:00 PM,4/21/2022 5:30:00 PM,,Assessing,Investigating,-7891725.260983855,5496721.650480475
