BgName,NumOut,EtrMin,EtrMax,Desc,Status,Cause,x,y
FREEPORT,17,5/12/2021 7:00:00 PM,5/12/2021 7:00:00 PM,,Assessing,Equipment Interruption,-7805500.912613437,5441235.392338636
OTISFIELD,11,5/12/2021 4:30:00 PM,5/12/2021 4:30:00 PM,,Assessing,Investigating,-7849027.724071672,5478075.350922541
RAYMOND,19,5/12/2021 5:15:00 PM,5/12/2021 5:15:00 PM,,Assessing,Investigating,-7843209.955968365,5455154.442424977
