BgName,NumOut,EtrMin,EtrMax,Desc,Status,Cause,x,y
WINDHAM,41,4/11/2021 12:00:00 AM,4/11/2021 12:00:00 AM,,Assessing,Investigating,-7837840.772040538,5439746.681364785
NEW SHARON,2,4/11/2021 12:00:00 AM,4/11/2021 12:00:00 AM,,Assessing,Equipment Interruption,-7791758.821987256,5561724.007112135
