BgName,NumOut,EtrMin,EtrMax,Desc,Status,Cause,x,y
POLAND,25,7/8/2024 12:15:00 AM,7/8/2024 12:15:00 AM,,Crew Assigned,Equipment Interruption,-7829712.879627751,5472091.248737957
STOW,23,7/8/2024 2:00:00 AM,7/8/2024 2:00:00 AM,,Crew Assigned,Investigating,-7902882.724503553,5493848.418252199
