BgName,NumOut,EtrMin,EtrMax,Desc,Status,Cause,x,y
FRYEBURG; STOW,30,8/1/2024 4:15:00 PM,8/1/2024 4:15:00 PM,,Investigating,Investigating,-7901321.636916469,5486342.69414626
CASCO,72,8/1/2024 4:00:00 PM,8/1/2024 4:00:00 PM,,Investigating,Investigating,-7850368.868239208,5453817.298922904
"FRYEBURG,STOW",19,8/1/2024 4:15:00 PM,8/1/2024 4:15:00 PM,,Assessing,Investigating,-7901345.235334133,5484362.4127156045
NORWAY,162,8/1/2024 4:00:00 PM,8/1/2024 4:00:00 PM,,Crew Assigned,Investigating,-7856881.325224255,5503570.274404696
MONMOUTH,25,8/1/2024 3:15:00 PM,8/1/2024 3:15:00 PM,,Crew Assigned,Investigating,-7792152.770599992,5499613.555325272
