BgName,NumOut,EtrMin,EtrMax,Desc,Status,Cause,x,y
BRISTOL,4,11/1/2024 11:15:00 AM,11/1/2024 11:15:00 AM,,Crew Assigned,Investigating,-7736852.6984570455,5460509.092071344
SACO,5,11/1/2024 12:00:00 PM,11/1/2024 12:00:00 PM,,Repairs in Progress,Investigating,-7842506.316566802,5393706.822102149
