BgName,NumOut,EtrMin,EtrMax,Desc,Status,Cause,x,y
WESTBROOK,19,10/6/2022 12:15:00 PM,10/6/2022 12:15:00 PM,,Crew Assigned,Investigating,-7831909.85877488,5415907.074047145
BUXTON,19,10/6/2022 12:15:00 PM,10/6/2022 12:15:00 PM,,Crew Assigned,Investigating,-7849891.574424213,5412094.103107672
