BgName,NumOut,EtrMin,EtrMax,Desc,Status,Cause,x,y
WOODSTOCK,3,8/11/2023 10:30:00 AM,8/11/2023 10:30:00 AM,,Assessing,Investigating,-7854065.721346743,5522066.084191711
CASTINE,20,8/11/2023 9:00:00 AM,8/11/2023 9:00:00 AM,,Assessing,System Upgrade,-7658340.553248737,5525757.971581636
BUCKSPORT,10,8/11/2023 10:15:00 AM,8/11/2023 10:15:00 AM,,Assessing,Investigating,-7655661.193291883,5567615.43557089
