BgName,NumOut,EtrMin,EtrMax,Desc,Status,Cause,x,y
NEWCASTLE,2,6/6/2021 11:45:00 AM,6/6/2021 11:45:00 AM,,Assessing,Investigating,-7741109.544658746,5471614.944458225
GREENWOOD,2,6/6/2021 11:15:00 AM,6/6/2021 11:15:00 AM,,Assessing,Investigating,-7867581.9558342835,5524668.914303397
AUGUSTA,4,6/6/2021 12:00:00 PM,6/6/2021 12:00:00 PM,,Assessing,Investigating,-7766048.372270002,5513197.320720965
HARRISON,2,6/6/2021 11:30:00 AM,6/6/2021 11:30:00 AM,,Assessing,Investigating,-7866278.593862691,5483672.8804739425
