BgName,NumOut,EtrMin,EtrMax,Desc,Status,Cause,x,y
FREEPORT,15,9/2/2021 1:00:00 AM,9/2/2021 1:00:00 AM,,Assessing,Investigating,-7799443.4068315495,5442612.225565517
WARREN,17,9/2/2021 12:45:00 AM,9/2/2021 12:45:00 AM,,Assessing,Investigating,-7707941.869018159,5483771.918010461
SO BERWICK,2,9/2/2021 12:00:00 AM,9/2/2021 12:00:00 AM,,Crew Assigned,Investigating,-7872694.949064907,5347445.221735852
