BgName,NumOut,EtrMin,EtrMax,Desc,Status,Cause,x,y
AUGUSTA,4,6/25/2023 7:00:00 PM,6/25/2023 7:00:00 PM,,Assessing,Investigating,-7771816.079932265,5521712.872090393
FRYEBURG,6,6/25/2023 6:30:00 PM,6/25/2023 6:30:00 PM,,Assessing,Investigating,-7896032.969023745,5483547.0655152
VASSALBORO,17,6/25/2023 7:00:00 PM,6/25/2023 7:00:00 PM,,Assessing,Investigating,-7756477.779200468,5536728.962674755
