BgName,NumOut,EtrMin,EtrMax,Desc,Status,Cause,x,y
CUSHING,8,6/20/2023 9:15:00 PM,6/20/2023 9:15:00 PM,,Assessing,Investigating,-7715635.58198109,5460222.726509972
SKOWHEGAN,3,6/20/2023 8:15:00 PM,6/20/2023 8:15:00 PM,,Assessing,Investigating,-7756329.312396682,5585860.841930952
