BgName,NumOut,EtrMin,EtrMax,Desc,Status,Cause,x,y
RAYMOND,31,12/7/2021 8:00:00 PM,12/7/2021 8:00:00 PM,,Assessing,Investigating,-7840950.181423821,5462463.901105172
"EUSTIS,COBURN GORE",598,12/7/2021 6:30:00 PM,12/7/2021 6:30:00 PM,,Assessing,Vehicle Accident,-7842007.371513942,5645080.537148186
YORK,1,12/7/2021 5:45:00 PM,12/7/2021 5:45:00 PM,,Crew Assigned,Investigating,-7868053.149019816,5334197.233734509
