BgName,NumOut,EtrMin,EtrMax,Desc,Status,Cause,x,y
POWNAL,4,8/25/2022 6:45:00 PM,8/25/2022 6:45:00 PM,,Assessing,Equipment Interruption,-7807738.579108738,5448397.675747431
BREMEN,27,8/25/2022 5:15:00 PM,8/25/2022 5:15:00 PM,,Crew Assigned,Investigating,-7727637.19229583,5468787.485256009
