BgName,NumOut,EtrMin,EtrMax,Desc,Status,Cause,x,y
PALERMO,18,6/21/2022 3:30:00 PM,6/21/2022 3:30:00 PM,,Assessing,Investigating,-7728079.698467181,5533098.793724463
LIVERMORE,14,6/21/2022 3:45:00 PM,6/21/2022 3:45:00 PM,,Assessing,Investigating,-7813837.662635565,5538858.37841224
"DIXMONT,NEWBURGH",77,6/21/2022 3:15:00 PM,6/21/2022 3:15:00 PM,,Assessing,Investigating,-7692824.971540152,5579607.678019188
