BgName,NumOut,EtrMin,EtrMax,Desc,Status,Cause,x,y
BRUNSWICK,52,5/27/2022 11:15:00 AM,5/27/2022 11:15:00 AM,,Assessing,Investigating,-7789681.054894169,5451984.679691368
LEWISTON,152,5/27/2022 11:15:00 AM,5/27/2022 11:15:00 AM,,Assessing,Investigating,-7810685.617923414,5479171.998999702
WELLS,9,5/27/2022 11:30:00 AM,5/27/2022 11:30:00 AM,,Assessing,Investigating,-7856929.025623314,5360818.502479466
