BgName,NumOut,EtrMin,EtrMax,Desc,Status,Cause,x,y
SEBAGO,4,6/27/2024 4:45:00 PM,6/27/2024 4:45:00 PM,,Investigating,Investigating,-7863793.889316281,5447904.752805458
FALMOUTH,42,6/27/2024 6:30:00 PM,6/27/2024 6:30:00 PM,,Repairs in Progress,Investigating,-7818148.476552383,5420875.583713346
