BgName,NumOut,EtrMin,EtrMax,Desc,Status,Cause,x,y
AUGUSTA,52,1/21/2022 1:45:00 PM,1/21/2022 1:45:00 PM,,Assessing,Investigating,-7765118.709742855,5515883.734728271
WATERFORD,34,1/21/2022 12:00:00 PM,1/21/2022 12:00:00 PM,,Assessing,Investigating,-7875210.6583200805,5490363.131720339
