BgName,NumOut,EtrMin,EtrMax,Desc,Status,Cause,x,y
FAYETTE,31,10/7/2024 10:00:00 AM,10/7/2024 10:00:00 AM,,Repairs in Progress,Investigating,-7799584.214861588,5539508.1415618975
WEST PARIS,5,10/7/2024 10:15:00 AM,10/7/2024 10:15:00 AM,,Crew Assigned,Investigating,-7853867.260976775,5510674.67895398
WINDHAM,13,10/7/2024 10:00:00 AM,10/7/2024 10:00:00 AM,,Crew Assigned,Investigating,-7842379.523726317,5442165.1698825145
"LYMAN,ALFRED",84,10/7/2024 10:15:00 AM,10/7/2024 10:15:00 AM,,Crew Assigned,Investigating,-7871618.333828952,5390260.075808808
WINDHAM,24,10/7/2024 10:00:00 AM,10/7/2024 10:00:00 AM,,Crew Assigned,Investigating,-7841144.233558909,5428169.459422362
