BgName,NumOut,EtrMin,EtrMax,Desc,Status,Cause,x,y
UPTON,186,7/31/2021 7:30:00 AM,7/31/2021 7:30:00 AM,,Assessing,Equipment Interruption,-7907386.32143472,5574086.293924706
STRONG,19,7/31/2021 6:30:00 AM,7/31/2021 6:30:00 AM,,Assessing,Investigating,-7817607.897992158,5591883.98846842
UNITY,20,7/31/2021 6:30:00 AM,7/31/2021 6:30:00 AM,,Assessing,Investigating,-7716102.389156627,5566735.025616714
