BgName,NumOut,EtrMin,EtrMax,Desc,Status,Cause,x,y
"UNION,APPLETON",202,3/28/2023 11:00:00 PM,3/28/2023 11:00:00 PM,,Assessing,Investigating,-7711668.54491134,5498288.791021562
MONMOUTH,25,3/28/2023 10:45:00 PM,3/28/2023 10:45:00 PM,,Assessing,Investigating,-7792732.656063022,5499483.435841609
