BgName,NumOut,EtrMin,EtrMax,Desc,Status,Cause,x,y
NAPLES,12,7/5/2024 8:15:00 PM,7/5/2024 8:15:00 PM,,Investigating,Investigating,-7859973.845200391,5464169.420563991
NAPLES,6,7/5/2024 8:15:00 PM,7/5/2024 8:15:00 PM,,Investigating,Investigating,-7861197.123921373,5466995.606604175
FREEPORT,107,7/5/2024 7:30:00 PM,7/5/2024 7:30:00 PM,,Investigating,Investigating,-7799533.987433605,5442726.257938058
NAPLES,14,7/5/2024 8:15:00 PM,7/5/2024 8:15:00 PM,,Investigating,Investigating,-7859729.08990475,5463944.283862228
ELIOT,20,7/5/2024 8:15:00 PM,7/5/2024 8:15:00 PM,,Investigating,Investigating,-7878674.153090502,5326942.54428586
"NAPLES,HARRISON",753,7/5/2024 8:15:00 PM,7/5/2024 8:15:00 PM,,Assessing,Investigating,-7858479.795259782,5460918.17029468
ALFRED,11,7/5/2024 7:30:00 PM,7/5/2024 7:30:00 PM,,Repairs in Progress,Investigating,-7872338.693348148,5387657.197505057
ATHENS,43,7/5/2024 8:15:00 PM,7/5/2024 8:15:00 PM,,Assessing,Investigating,-7752879.5548045905,5614426.880663349
SKOWHEGAN,1,7/5/2024 8:00:00 PM,7/5/2024 8:00:00 PM,,Assessing,Investigating,-7762158.334898927,5582189.795308233
