BgName,NumOut,EtrMin,EtrMax,Desc,Status,Cause,x,y
HERMON,1,5/9/2021 11:30:00 AM,5/9/2021 11:30:00 AM,,Assessing,Investigating,-7670436.829739203,5592458.751202029
CAPE ELIZABETH,231,5/9/2021 11:00:00 AM,5/9/2021 11:00:00 AM,,Assessing,Tree,-7816783.577091558,5400262.677661052
AUGUSTA,2,5/9/2021 11:45:00 AM,5/9/2021 11:45:00 AM,,Assessing,Investigating,-7756474.205900277,5509731.196506218
