BgName,NumOut,EtrMin,EtrMax,Desc,Status,Cause,x,y
MONMOUTH,1,6/16/2022 8:15:00 PM,6/16/2022 8:15:00 PM,,Assessing,Investigating,-7796218.570231234,5502862.931383398
LEXINGTON,33,6/16/2022 7:00:00 PM,6/16/2022 7:00:00 PM,,Assessing,Investigating,-7797067.069698957,5617042.578794354
FREEDOM,17,6/16/2022 7:00:00 PM,6/16/2022 7:00:00 PM,,Assessing,Investigating,-7719543.8645771025,5538633.725674254
