BgName,NumOut,EtrMin,EtrMax,Desc,Status,Cause,x,y
SIDNEY,7,10/3/2024 1:15:00 PM,10/3/2024 1:15:00 PM,,Crew Assigned,Investigating,-7765362.811206552,5529834.1653126655
KENNEBUNKPORT,2,10/3/2024 12:45:00 PM,10/3/2024 12:45:00 PM,,Assessing,Investigating,-7840586.522919877,5368283.444525514
WELLS,11,10/3/2024 12:00:00 PM,10/3/2024 12:00:00 PM,,Crew Assigned,Investigating,-7871572.648285465,5364385.321892138
"LYMAN,ALFRED",6,10/3/2024 12:45:00 PM,10/3/2024 12:45:00 PM,,Crew Assigned,Investigating,-7871648.490288136,5389681.782812895
