BgName,NumOut,EtrMin,EtrMax,Desc,Status,Cause,x,y
SHAPLEIGH,1,7/29/2022 2:00:00 PM,7/29/2022 2:00:00 PM,,Crew Assigned,Investigating,-7889841.523700871,5401955.571040281
SCARBOROUGH,144,7/29/2022 2:15:00 PM,7/29/2022 2:15:00 PM,,Assessing,Investigating,-7839308.09646279,5404235.964906878
ST ALBANS,10,7/29/2022 2:00:00 PM,7/29/2022 2:00:00 PM,,Assessing,Investigating,-7723561.128974715,5614204.311314612
TROY,26,7/29/2022 1:00:00 PM,7/29/2022 1:00:00 PM,,Assessing,Investigating,-7704592.688518867,5571615.450844573
