BgName,NumOut,EtrMin,EtrMax,Desc,Status,Cause,x,y
WINDHAM,8,6/24/2023 3:30:00 PM,6/24/2023 3:30:00 PM,,Assessing,Investigating,-7833535.379392659,5428452.348006474
WINDHAM,121,6/24/2023 3:15:00 PM,6/24/2023 3:15:00 PM,,Assessing,Investigating,-7833574.686295465,5428494.37969333
BELGRADE,16,6/24/2023 2:45:00 PM,6/24/2023 2:45:00 PM,,Assessing,Investigating,-7777632.51224019,5533508.184245979
SANFORD,3,6/24/2023 3:15:00 PM,6/24/2023 3:15:00 PM,,Assessing,Investigating,-7880962.35826222,5383628.603299842
