BgName,NumOut,EtrMin,EtrMax,Desc,Status,Cause,x,y
HALLOWELL,8,6/7/2022 5:45:00 PM,6/7/2022 5:45:00 PM,,Assessing,Investigating,-7768628.758028436,5510862.469546028
GARDINER,3,6/7/2022 6:30:00 PM,6/7/2022 6:30:00 PM,,Assessing,Investigating,-7771983.215034604,5494567.157887386
