BgName,NumOut,EtrMin,EtrMax,Desc,Status,Cause,x,y
CASCO,12,5/1/2022 11:30:00 AM,5/1/2022 11:30:00 AM,,Assessing,Investigating,-7850105.975739552,5452017.330950598
SEBAGO,17,5/1/2022 12:45:00 PM,5/1/2022 12:45:00 PM,,Assessing,Investigating,-7860453.434184752,5452709.217925088
SHAPLEIGH,1,5/1/2022 12:45:00 PM,5/1/2022 12:45:00 PM,,Crew Assigned,Investigating,-7891059.125166342,5400204.163442803
FREEMAN,1,5/1/2022 11:45:00 AM,5/1/2022 11:45:00 AM,,Assessing,Investigating,-7807238.799121195,5599180.714598143
