BgName,NumOut,EtrMin,EtrMax,Desc,Status,Cause,x,y
SIDNEY,27,6/24/2021 12:15:00 PM,6/24/2021 12:15:00 PM,,Assessing,Investigating,-7768668.7996537415,5536430.843334568
NEW GLOUCESTER,18,6/24/2021 11:30:00 AM,6/24/2021 11:30:00 AM,,Assessing,Investigating,-7824531.814492833,5461685.674166764
OTISFIELD,12,6/24/2021 12:15:00 PM,6/24/2021 12:15:00 PM,,Assessing,Investigating,-7849524.041983527,5480415.365582457
BELFAST,3,6/24/2021 11:00:00 AM,6/24/2021 11:00:00 AM,,Assessing,Investigating,-7687065.223188083,5531370.292372087
GREENVILLE,11,6/24/2021 11:00:00 AM,6/24/2021 11:00:00 AM,,Assessing,Investigating,-7744518.2476915885,5694584.402701536
WINTERPORT,1,6/24/2021 12:00:00 PM,6/24/2021 12:00:00 PM,,Assessing,Investigating,-7680095.153620539,5569262.781507827
