BgName,NumOut,EtrMin,EtrMax,Desc,Status,Cause,x,y
APPLETON; LIBERTY,17,6/20/2023 3:00:00 PM,6/20/2023 3:00:00 PM,,Investigating,Investigating,-7717554.390825551,5513604.526138919
THOMASTON,12,6/20/2023 2:30:00 PM,6/20/2023 2:30:00 PM,,Assessing,Investigating,-7700285.9155257335,5477718.038273325
"BETHEL,GREENWOOD,ALBANY",150,6/20/2023 3:00:00 PM,6/20/2023 3:00:00 PM,,Assessing,Investigating,-7877769.347890332,5526613.797311295
BETHEL,3,6/20/2023 3:00:00 PM,6/20/2023 3:00:00 PM,,Assessing,Investigating,-7875847.706374787,5531438.128008051
