BgName,NumOut,EtrMin,EtrMax,Desc,Status,Cause,x,y
WARREN,48,5/2/2021 4:15:00 PM,5/2/2021 4:15:00 PM,,Assessing,Fire/Emergency,-7706911.985596966,5483628.238755144
POLAND,8,5/2/2021 2:15:00 PM,5/2/2021 2:15:00 PM,,Assessing,Investigating,-7844245.839506493,5471217.746419538
"WATERFORD,LOVELL,STONEHAM,ALBANY",1132,5/2/2021 2:45:00 PM,5/2/2021 2:45:00 PM,,Assessing,Investigating,-7872941.154383798,5504890.410945896
