BgName,NumOut,EtrMin,EtrMax,Desc,Status,Cause,x,y
APPLETON,4,3/16/2022 1:15:00 PM,3/16/2022 1:15:00 PM,,Investigating,Investigating,-7704788.237329439,5512380.276282438
"APPLETON,SEARSMONT",28,3/16/2022 1:15:00 PM,3/16/2022 1:15:00 PM,,Assessing,Investigating,-7704352.717078597,5512657.662662608
BIDDEFORD,97,3/16/2022 12:45:00 PM,3/16/2022 12:45:00 PM,,Assessing,Investigating,-7837889.051287594,5383698.624363307
