BgName,NumOut,EtrMin,EtrMax,Desc,Status,Cause,x,y
CHINA,83,8/16/2023 7:15:00 PM,8/16/2023 7:15:00 PM,,Assessing,Investigating,-7745431.724299122,5526626.213914862
CHINA,17,8/16/2023 7:15:00 PM,8/16/2023 7:15:00 PM,,Assessing,Investigating,-7745307.2801879635,5526698.797086012
LEWISTON,102,8/16/2023 8:45:00 PM,8/16/2023 8:45:00 PM,,Assessing,Investigating,-7810981.393734873,5473141.506648212
