BgName,NumOut,EtrMin,EtrMax,Desc,Status,Cause,x,y
WATERVILLE,40,7/11/2024 7:30:00 PM,7/11/2024 7:30:00 PM,,Investigating,Investigating,-7753407.877044251,5549602.4145117
"BOOTHBAY HARBOR,SOUTHPORT",144,7/11/2024 6:45:00 PM,7/11/2024 6:45:00 PM,,Crew Assigned,Investigating,-7753355.96883469,5441625.89464498
BRUNSWICK,34,7/11/2024 6:00:00 PM,7/11/2024 6:00:00 PM,,Assessing,Investigating,-7788172.564487926,5452249.370658108
BRUNSWICK,7,7/11/2024 6:15:00 PM,7/11/2024 6:15:00 PM,,Repairs Complete,Investigating,-7788190.9766998,5451028.121812692
CASCO,7,7/11/2024 6:30:00 PM,7/11/2024 6:30:00 PM,,Assessing,Investigating,-7851149.562601305,5462260.810443191
RUMFORD,14,7/11/2024 6:30:00 PM,7/11/2024 6:30:00 PM,,Assessing,Investigating,-7853170.222865143,5551277.676666577
HARTFORD,4,7/11/2024 7:15:00 PM,7/11/2024 7:15:00 PM,,Crew Assigned,Investigating,-7830754.9858319545,5532530.130042778
WEST PARIS,2,7/11/2024 7:00:00 PM,7/11/2024 7:00:00 PM,,Repairs in Progress,Equipment Interruption,-7847414.32612483,5515803.223895672
