BgName,NumOut,EtrMin,EtrMax,Desc,Status,Cause,x,y
BOOTHBAY,21,5/16/2021 7:15:00 PM,5/16/2021 7:15:00 PM,,Assessing,Investigating,-7747958.4874287555,5449450.99052628
SEARSMONT,27,5/16/2021 6:30:00 PM,5/16/2021 6:30:00 PM,,Assessing,Investigating,-7699529.633192111,5518896.929735447
SEARSPORT,4,5/16/2021 6:00:00 PM,5/16/2021 6:00:00 PM,,Assessing,Investigating,-7674960.085677991,5541063.549042711
SEARSPORT,35,5/16/2021 6:00:00 PM,5/16/2021 6:00:00 PM,,Assessing,Investigating,-7675011.270377608,5541138.868833591
