BgName,NumOut,EtrMin,EtrMax,Desc,Status,Cause,x,y
YORK,4,6/25/2023 7:30:00 PM,6/25/2023 7:30:00 PM,,Assessing,Investigating,-7867063.485323308,5334119.254075799
NORRIDGEWOCK,10,6/25/2023 8:00:00 PM,6/25/2023 8:00:00 PM,,Assessing,Investigating,-7764406.621282846,5580949.6270665005
