BgName,NumOut,EtrMin,EtrMax,Desc,Status,Cause,x,y
NOBLEBORO,4,6/16/2024 10:15:00 AM,6/16/2024 10:15:00 AM,,Assessing,Investigating,-7731905.6157578975,5478632.608356878
NEWCASTLE,35,6/16/2024 10:30:00 AM,6/16/2024 10:30:00 AM,,Crew Assigned,Investigating,-7749193.52150948,5465975.273996983
BOWDOIN,29,6/16/2024 11:00:00 AM,6/16/2024 11:00:00 AM,,Crew Assigned,Investigating,-7790531.2685809005,5478505.126850763
WOOLWICH,1,6/16/2024 9:45:00 AM,6/16/2024 9:45:00 AM,,Assessing,Investigating,-7768254.958371806,5461559.665418309
WEST BATH,24,6/16/2024 11:00:00 AM,6/16/2024 11:00:00 AM,,Crew Assigned,Investigating,-7779894.913925731,5445061.190973766
PORTLAND,12,6/16/2024 11:45:00 AM,6/16/2024 11:45:00 AM,,Repairs in Progress,Investigating,-7821454.209012997,5411716.018943511
WATERVILLE,23,6/16/2024 11:15:00 AM,6/16/2024 11:15:00 AM,,Assessing,Investigating,-7750415.787296511,5553714.567792874
