BgName,NumOut,EtrMin,EtrMax,Desc,Status,Cause,x,y
OWLS HEAD,45,5/22/2024 2:00:00 PM,5/22/2024 2:00:00 PM,,Crew Assigned,Investigating,-7692978.380977058,5477479.899728711
LINCOLNVILLE,5,5/22/2024 2:30:00 PM,5/22/2024 2:30:00 PM,,Assessing,System Upgrade,-7687305.79570123,5519229.516222781
WILTON,15,5/22/2024 3:15:00 PM,5/22/2024 3:15:00 PM,,Crew Assigned,Investigating,-7811352.276926618,5558201.864735652
