BgName,NumOut,EtrMin,EtrMax,Desc,Status,Cause,x,y
ST GEORGE,38,9/25/2023 5:15:00 PM,9/25/2023 5:15:00 PM,,Assessing,Investigating,-7701344.6751729315,5464191.668629879
LEWISTON,4,9/25/2023 5:00:00 PM,9/25/2023 5:00:00 PM,,Assessing,Investigating,-7812935.907950351,5485455.843112541
