BgName,NumOut,EtrMin,EtrMax,Desc,Status,Cause,x,y
"FAYETTE,CHESTERVILLE,LIVERMORE FALLS",217,7/13/2024 2:00:00 AM,7/13/2024 2:00:00 AM,,Repairs in Progress,Investigating,-7808044.418285808,5537761.234337888
"FAYETTE,CHESTERVILLE",411,7/13/2024 3:00:00 AM,7/13/2024 3:00:00 AM,,Assessing,Investigating,-7805090.221558075,5537375.189126244
WESTBROOK,46,7/13/2024 2:45:00 AM,7/13/2024 2:45:00 AM,,Crew Assigned,Investigating,-7834824.781937123,5416321.333873996
