BgName,NumOut,EtrMin,EtrMax,Desc,Status,Cause,x,y
BERWICK,13,Assessing,Assessing,,Investigating,Investigating,-7886353.456922878,5364513.788880325
SO BERWICK,7,1/21/2023 12:30:00 PM,1/21/2023 12:30:00 PM,,Assessing,Investigating,-7872437.511672062,5347546.414948228
BERWICK,3,1/21/2023 12:00:00 PM,1/21/2023 12:00:00 PM,,Assessing,Investigating,-7883541.59743709,5349004.664930924
NO BERWICK,16,1/21/2023 1:00:00 PM,1/21/2023 1:00:00 PM,,Assessing,Investigating,-7878265.810564252,5360960.84834185
NO BERWICK,13,Assessing,Assessing,,Assessing,Investigating,-7873666.1671121055,5364761.64818058
