BgName,NumOut,EtrMin,EtrMax,Desc,Status,Cause,x,y
ARROWSIC,1,8/11/2021 3:45:00 AM,8/11/2021 3:45:00 AM,,Assessing,Tree,-7768249.281016188,5445186.109101793
PORTLAND,62,8/11/2021 4:45:00 AM,8/11/2021 4:45:00 AM,,Assessing,Investigating,-7824935.637059141,5415953.774089176
