BgName,NumOut,EtrMin,EtrMax,Desc,Status,Cause,x,y
CAMDEN,5,7/16/2021 6:00:00 PM,7/16/2021 6:00:00 PM,,Assessing,Investigating,-7696732.396976603,5499566.366054362
BRIDGTON,30,7/16/2021 5:30:00 PM,7/16/2021 5:30:00 PM,,Assessing,Investigating,-7873620.604105796,5481865.19642305
MONTVILLE,4,7/16/2021 5:00:00 PM,7/16/2021 5:00:00 PM,,Assessing,Investigating,-7710189.776878334,5540366.258667861
BROOKS,1,7/16/2021 4:30:00 PM,7/16/2021 4:30:00 PM,,Assessing,Investigating,-7694182.635200729,5543402.996373529
ORLAND,25,7/16/2021 4:45:00 PM,7/16/2021 4:45:00 PM,,Assessing,Investigating,-7654260.615990874,5551132.696416842
PALMYRA,1,7/16/2021 6:15:00 PM,7/16/2021 6:15:00 PM,,Assessing,Investigating,-7714319.351503619,5592076.335680202
YORK,7,7/16/2021 4:45:00 PM,7/16/2021 4:45:00 PM,,Assessing,Investigating,-7860345.264992845,5338752.371077891
