BgName,NumOut,EtrMin,EtrMax,Desc,Status,Cause,x,y
BATH,37,6/13/2023 10:00:00 PM,6/13/2023 10:00:00 PM,,Assessing,Investigating,-7773659.775589944,5451433.409765823
BATH,25,6/13/2023 10:00:00 PM,6/13/2023 10:00:00 PM,,Assessing,Investigating,-7773425.002869474,5451875.894137659
BROWNFIELD,111,6/13/2023 10:30:00 PM,6/13/2023 10:30:00 PM,,Assessing,Tree,-7891219.458554393,5457351.382346487
