BgName,NumOut,EtrMin,EtrMax,Desc,Status,Cause,x,y
BRIDGTON,13,6/15/2021 11:30:00 AM,6/15/2021 11:30:00 AM,,Assessing,Investigating,-7870394.932570797,5472757.019643277
LIVERMR FL,15,6/15/2021 11:45:00 AM,6/15/2021 11:45:00 AM,,Assessing,Investigating,-7813233.576280421,5539252.130915659
YORK,84,6/15/2021 11:00:00 AM,6/15/2021 11:00:00 AM,,Assessing,Investigating,-7865855.936010888,5334351.6387220705
LEBANON,33,6/15/2021 12:15:00 PM,6/15/2021 12:15:00 PM,,Assessing,Investigating,-7887453.130571976,5376206.307952377
PORTER,2,6/15/2021 10:45:00 AM,6/15/2021 10:45:00 AM,,Crew Assigned,Investigating,-7891284.35790712,5439339.978715509
