BgName,NumOut,EtrMin,EtrMax,Desc,Status,Cause,x,y
"MONTVILLE,LIBERTY",12,5/16/2022 10:15:00 AM,5/16/2022 10:15:00 AM,,Assessing,Investigating,-7714160.988321158,5527851.153516279
POLAND,34,5/16/2022 10:30:00 AM,5/16/2022 10:30:00 AM,,Assessing,Tree,-7837547.055534404,5473303.7781924
SCARBOROUGH,18,5/16/2022 11:15:00 AM,5/16/2022 11:15:00 AM,,Assessing,Investigating,-7839144.37888626,5404370.385490918
CARMEL,45,5/16/2022 10:45:00 AM,5/16/2022 10:45:00 AM,,Assessing,Investigating,-7689948.48700871,5592116.145630254
