BgName,NumOut,EtrMin,EtrMax,Desc,Status,Cause,x,y
OWLS HEAD,9,3/9/2021 3:00:00 PM,3/9/2021 3:00:00 PM,,Assessing,Investigating,-7687421.122706086,5479336.810643166
LEBANON,3,3/9/2021 3:30:00 PM,3/9/2021 3:30:00 PM,,Crew Assigned,Investigating,-7899355.154502982,5380318.171924111
