BgName,NumOut,EtrMin,EtrMax,Desc,Status,Cause,x,y
HERMON,33,6/25/2022 8:15:00 AM,6/25/2022 8:15:00 AM,,Assessing,Investigating,-7671490.079117826,5588007.365027946
SOUTH BRISTOL,1,6/25/2022 9:30:00 AM,6/25/2022 9:30:00 AM,,Assessing,Investigating,-7742810.55098033,5461391.83158298
CAMDEN,15,6/25/2022 8:30:00 AM,6/25/2022 8:30:00 AM,,Assessing,Investigating,-7688384.949178662,5497953.564957524
CHINA,26,6/25/2022 8:30:00 AM,6/25/2022 8:30:00 AM,,Assessing,Investigating,-7740880.3712064745,5536524.106880868
ROCKPORT,13,6/25/2022 9:15:00 AM,6/25/2022 9:15:00 AM,,Crew Assigned,Investigating,-7692660.0406053,5494155.520057174
LIMINGTON,27,6/25/2022 8:45:00 AM,6/25/2022 8:45:00 AM,,Crew Assigned,Investigating,-7868117.636411372,5430600.111796931
YORK,29,6/25/2022 8:30:00 AM,6/25/2022 8:30:00 AM,,Crew Assigned,Investigating,-7861360.487601734,5345417.996777778
"PITTSFIELD,BURNHAM",372,6/25/2022 8:45:00 AM,6/25/2022 8:45:00 AM,,Assessing,Investigating,-7727016.029524187,5577805.681412446
ST ALBANS,1,6/25/2022 8:30:00 AM,6/25/2022 8:30:00 AM,,Assessing,Investigating,-7721955.590225992,5608571.828035942
