BgName,NumOut,EtrMin,EtrMax,Desc,Status,Cause,x,y
BOWDOINHAM,3,5/17/2023 9:15:00 PM,5/17/2023 9:15:00 PM,,Assessing,Tree,-7779999.120081154,5465886.689125215
BATH,9,5/18/2023 9:00:00 AM,5/18/2023 9:00:00 AM,,Assessing,Investigating,-7773168.522748273,5452908.126052738
BUXTON,2,5/18/2023 8:00:00 AM,5/18/2023 8:00:00 AM,,Assessing,Investigating,-7853110.2662456455,5399403.14883553
