BgName,NumOut,EtrMin,EtrMax,Desc,Status,Cause,x,y
"THORNDIKE,TROY",67,9/14/2021 9:00:00 PM,9/14/2021 9:00:00 PM,,Assessing,Investigating,-7703460.457923322,5557500.6952030985
BERWICK,1,9/14/2021 8:00:00 PM,9/14/2021 8:00:00 PM,,Crew Assigned,Investigating,-7885139.254762813,5350712.687559825
