BgName,NumOut,EtrMin,EtrMax,Desc,Status,Cause,x,y
ISLESBORO,405,12/2/2023 9:00:00 AM,12/2/2023 9:00:00 AM,,Assessing,Investigating,-7670247.230388855,5513416.245172176
LEWISTON,17,12/2/2023 9:45:00 AM,12/2/2023 9:45:00 AM,,Repairs in Progress,Investigating,-7814868.848514817,5478033.882167263
