BgName,NumOut,EtrMin,EtrMax,Desc,Status,Cause,x,y
SIDNEY,55,2/13/2024 11:30:00 AM,2/13/2024 11:30:00 AM,,Assessing,Investigating,-7766495.90997399,5531816.127758736
WARREN,1,2/13/2024 12:15:00 PM,2/13/2024 12:15:00 PM,,Assessing,Investigating,-7703264.914118352,5485410.231160587
FALMOUTH,6,2/13/2024 11:00:00 AM,2/13/2024 11:00:00 AM,,Assessing,Investigating,-7822604.050323168,5429503.122104519
