BgName,NumOut,EtrMin,EtrMax,Desc,Status,Cause,x,y
ALNA,1,7/21/2021 10:30:00 AM,7/21/2021 10:30:00 AM,,Assessing,Investigating,-7749805.6897119945,5478819.339575522
MEXICO,37,7/21/2021 11:00:00 AM,7/21/2021 11:00:00 AM,,Assessing,Investigating,-7850421.210334487,5554007.3475110615
MONMOUTH,2,7/21/2021 11:45:00 AM,7/21/2021 11:45:00 AM,,Assessing,Investigating,-7796869.533263303,5498662.345507226
BRIDGTON,2,7/21/2021 10:45:00 AM,7/21/2021 10:45:00 AM,,Assessing,Investigating,-7877788.238838144,5476055.675102736
BUXTON,1,7/21/2021 12:00:00 PM,7/21/2021 12:00:00 PM,,Assessing,Equipment Interruption,-7853699.558138874,5414762.39573537
BIDDEFORD,1,7/21/2021 11:15:00 AM,7/21/2021 11:15:00 AM,,Crew Assigned,Investigating,-7831195.432597874,5380298.806215064
