BgName,NumOut,EtrMin,EtrMax,Desc,Status,Cause,x,y
GREENE,23,6/29/2024 9:30:00 PM,6/29/2024 9:30:00 PM,,Crew Assigned,Investigating,-7804871.345233111,5487713.8652387615
SACO,2,6/29/2024 8:30:00 PM,6/29/2024 8:30:00 PM,,Crew Assigned,Investigating,-7843305.690740348,5399747.387169005
