BgName,NumOut,EtrMin,EtrMax,Desc,Status,Cause,x,y
HALLOWELL,13,2/17/2022 12:15:00 PM,2/17/2022 12:15:00 PM,,Assessing,Investigating,-7769471.758239916,5509489.5021431595
HALLOWELL,7,2/17/2022 12:15:00 PM,2/17/2022 12:15:00 PM,,Assessing,Investigating,-7769473.828857908,5509489.999705041
BENTON,3,2/17/2022 11:30:00 AM,2/17/2022 11:30:00 AM,,Assessing,Investigating,-7733135.506881249,5559076.5381819885
