BgName,NumOut,EtrMin,EtrMax,Desc,Status,Cause,x,y
GORHAM,1,10/5/2021 6:15:00 PM,10/5/2021 6:15:00 PM,,Assessing,Investigating,-7835238.589881736,5416342.191267087
PALMYRA,23,10/5/2021 5:30:00 PM,10/5/2021 5:30:00 PM,,Assessing,Investigating,-7715280.205648774,5593130.002432487
