BgName,NumOut,EtrMin,EtrMax,Desc,Status,Cause,x,y
PALERMO,52,7/8/2022 7:30:00 PM,7/8/2022 7:30:00 PM,,Assessing,Investigating,-7731392.91160217,5518625.200374533
MONSON,5,7/8/2022 7:15:00 PM,7/8/2022 7:15:00 PM,,Assessing,Investigating,-7740524.950324289,5667330.406748747
CANAAN,37,7/8/2022 8:15:00 PM,7/8/2022 8:15:00 PM,,Assessing,Investigating,-7743587.928429251,5585141.61629554
NAPLES,5,7/8/2022 8:15:00 PM,7/8/2022 8:15:00 PM,,Assessing,Investigating,-7861646.278134992,5457096.393051878
