BgName,NumOut,EtrMin,EtrMax,Desc,Status,Cause,x,y
EDGECOMB,6,7/16/2021 10:15:00 AM,7/16/2021 10:15:00 AM,,Assessing,Investigating,-7745099.190638436,5462593.898286762
FALMOUTH,52,7/16/2021 9:30:00 AM,7/16/2021 9:30:00 AM,,Assessing,Investigating,-7818589.925139799,5420430.473914518
ST ALBANS,1,7/16/2021 9:45:00 AM,7/16/2021 9:45:00 AM,,Assessing,Investigating,-7728390.279852999,5614589.835122999
SO BERWICK,1,7/16/2021 10:45:00 AM,7/16/2021 10:45:00 AM,,Crew Assigned,Investigating,-7881239.276663415,5346946.926030897
WINTHROP,1,7/16/2021 10:15:00 AM,7/16/2021 10:15:00 AM,,Assessing,Investigating,-7788353.469705473,5518046.014473154
