BgName,NumOut,EtrMin,EtrMax,Desc,Status,Cause,x,y
TOPSHAM,5,9/10/2024 2:00:00 PM,9/10/2024 2:00:00 PM,,Crew Assigned,Investigating,-7787829.544588236,5462784.449531212
GREENE,23,9/10/2024 2:15:00 PM,9/10/2024 2:15:00 PM,,Assessing,Investigating,-7804871.345233111,5487713.8652387615
