BgName,NumOut,EtrMin,EtrMax,Desc,Status,Cause,x,y
BATH,72,3/29/2024 10:45:00 AM,3/29/2024 10:45:00 AM,,Assessing,Investigating,-7772352.361582231,5451282.402033191
LONG ISLAND,32,3/29/2024 12:30:00 PM,3/29/2024 12:30:00 PM,,Assessing,Tree,-7810592.654954374,5416694.295852068
FREEPORT,14,3/29/2024 10:30:00 AM,3/29/2024 10:30:00 AM,,Crew Assigned,Tree,-7805635.253003158,5434775.585810594
BELFAST,2,3/29/2024 12:15:00 PM,3/29/2024 12:15:00 PM,,Assessing,Investigating,-7691267.945800173,5528999.588424156
HARPSWELL,5,3/29/2024 11:15:00 AM,3/29/2024 11:15:00 AM,,Crew Assigned,Investigating,-7791228.440342152,5431184.069996212
