BgName,NumOut,EtrMin,EtrMax,Desc,Status,Cause,x,y
NEWCASTLE,14,6/18/2023 10:00:00 AM,6/18/2023 10:00:00 AM,,Assessing,Investigating,-7743435.977324904,5465523.366744542
WINDHAM,4,6/18/2023 10:15:00 AM,6/18/2023 10:15:00 AM,,Assessing,Investigating,-7833163.605704035,5428783.829090192
PITTSFIELD,10,6/18/2023 10:15:00 AM,6/18/2023 10:15:00 AM,,Assessing,Investigating,-7723438.900143494,5586029.335422469
FARMINGTON,3,6/18/2023 11:00:00 AM,6/18/2023 11:00:00 AM,,Assessing,Investigating,-7805005.752397583,5574075.394243956
"CLINTON,CANAAN,CORNVILLE,SKOWHEGAN",2493,6/18/2023 10:45:00 AM,6/18/2023 10:45:00 AM,,Assessing,Investigating,-7761320.833843573,5584360.596389374
