BgName,NumOut,EtrMin,EtrMax,Desc,Status,Cause,x,y
LIMINGTON,1,7/20/2021 12:30:00 AM,7/20/2021 12:30:00 AM,,Assessing,Investigating,-7868681.903690345,5424657.764798283
FAIRFIELD,1,7/20/2021 12:30:00 AM,7/20/2021 12:30:00 AM,,Assessing,Investigating,-7750042.032089646,5559962.663450993
