BgName,NumOut,EtrMin,EtrMax,Desc,Status,Cause,x,y
"TOPSHAM,BOWDOINHAM,RICHMOND",1188,1/25/2022 3:45:00 PM,1/25/2022 3:45:00 PM,,Assessing,Investigating,-7784172.320844491,5457283.846327018
BELGRADE,19,1/25/2022 3:00:00 PM,1/25/2022 3:00:00 PM,,Assessing,Investigating,-7776048.45814284,5544545.011750375
BRIDGTON,29,1/25/2022 3:00:00 PM,1/25/2022 3:00:00 PM,,Assessing,Investigating,-7871059.398619056,5465012.322506454
"PARIS,OXFORD",53,1/25/2022 4:00:00 PM,1/25/2022 4:00:00 PM,,Assessing,Investigating,-7847621.013004107,5497576.855982739
KENNEBUNKPORT,2,1/25/2022 2:45:00 PM,1/25/2022 2:45:00 PM,,Assessing,Investigating,-7842696.1163415145,5372301.733251918
HARMONY,3,1/25/2022 4:00:00 PM,1/25/2022 4:00:00 PM,,Assessing,Investigating,-7743406.58892554,5610999.931925084
WELLS,3,1/25/2022 4:15:00 PM,1/25/2022 4:15:00 PM,,Crew Assigned,Investigating,-7856294.326498163,5358303.929683135
