BgName,NumOut,EtrMin,EtrMax,Desc,Status,Cause,x,y
WISCASSET,2,7/19/2023 2:45:00 AM,7/19/2023 2:45:00 AM,,Assessing,Investigating,-7756797.700341845,5465696.243709832
KITTERY,36,7/19/2023 3:00:00 AM,7/19/2023 3:00:00 AM,,Assessing,Tree,-7875725.021132619,5326591.465826614
