BgName,NumOut,EtrMin,EtrMax,Desc,Status,Cause,x,y
MT VERNON,8,6/28/2023 1:15:00 PM,6/28/2023 1:15:00 PM,,Assessing,Investigating,-7793312.853275041,5534302.05734936
PERU,195,6/28/2023 12:45:00 PM,6/28/2023 12:45:00 PM,,Assessing,Investigating,-7835635.83348311,5539158.698983645
O O BEACH,3,6/28/2023 2:15:00 PM,6/28/2023 2:15:00 PM,,Assessing,Investigating,-7837696.012186564,5390122.176106915
