BgName,NumOut,EtrMin,EtrMax,Desc,Status,Cause,x,y
NORTH BERWICK,27,8/3/2024 7:30:00 AM,8/3/2024 7:30:00 AM,,Investigating,Investigating,-7877533.580055865,5362116.712169833
BERWICK,129,8/3/2024 7:15:00 AM,8/3/2024 7:15:00 AM,,Assessing,Investigating,-7885502.10065706,5352257.39134582
CAPE ELIZABETH,59,8/3/2024 6:15:00 AM,8/3/2024 6:15:00 AM,,Crew Assigned,Investigating,-7816447.503568115,5400840.448701797
