BgName,NumOut,EtrMin,EtrMax,Desc,Status,Cause,x,y
WINTHROP,19,8/18/2021 11:15:00 AM,8/18/2021 11:15:00 AM,,Assessing,Investigating,-7788844.010249748,5513744.64938625
FRYEBURG,38,8/18/2021 12:15:00 PM,8/18/2021 12:15:00 PM,,Assessing,Investigating,-7901360.308007504,5479852.078856616
BETHEL,2,8/18/2021 11:15:00 AM,8/18/2021 11:15:00 AM,,Assessing,Investigating,-7871636.601278769,5532732.214706706
