BgName,NumOut,EtrMin,EtrMax,Desc,Status,Cause,x,y
WELLS,26,4/25/2021 2:30:00 AM,4/25/2021 2:30:00 AM,,Assessing,Investigating,-7854806.107284866,5365305.629998697
ACTON,1,4/24/2021 11:00:00 PM,4/24/2021 11:00:00 PM,,Assessing,Investigating,-7899674.240709676,5398755.193854031
