BgName,NumOut,EtrMin,EtrMax,Desc,Status,Cause,x,y
BUXTON,156,8/22/2024 1:00:00 PM,8/22/2024 1:00:00 PM,,Repairs in Progress,Vehicle Accident,-7852049.302430955,5404402.853393921
BUXTON,18,8/22/2024 1:00:00 PM,8/22/2024 1:00:00 PM,,Repairs in Progress,Vehicle Accident,-7852517.54561406,5403882.382352647
 ,2,8/22/2024 12:45:00 PM,8/22/2024 12:45:00 PM,,Crew Assigned,Investigating,-7887779.886664859,5436032.427308215
FAIRFIELD,18,8/22/2024 1:15:00 PM,8/22/2024 1:15:00 PM,,Crew Assigned,Investigating,-7751358.462991481,5556895.037713277
