BgName,NumOut,EtrMin,EtrMax,Desc,Status,Cause,x,y
HOPE,35,11/8/2024 5:00:00 PM,11/8/2024 5:00:00 PM,,Assessing,Investigating,-7699615.516135292,5505780.825269909
"POLAND,OXFORD",205,11/8/2024 4:15:00 PM,11/8/2024 4:15:00 PM,,Repairs in Progress,Tree,-7843261.786290732,5474444.344175455
"MOOSE RIVER,DENNISTOWN",13,11/8/2024 4:15:00 PM,11/8/2024 4:15:00 PM,,Repairs in Progress,Investigating,-7821860.235746798,5724206.892978457
