BgName,NumOut,EtrMin,EtrMax,Desc,Status,Cause,x,y
"YARMOUTH,NORTH YARMOUTH",30,5/26/2023 1:00:00 PM,5/26/2023 1:00:00 PM,,Assessing,Investigating,-7812136.032916106,5434965.577117869
KENNEBUNKPORT,3,5/26/2023 1:30:00 PM,5/26/2023 1:30:00 PM,,Assessing,Tree,-7842583.093616225,5367438.389935037
