BgName,NumOut,EtrMin,EtrMax,Desc,Status,Cause,x,y
KENNEBUNKPORT,10,6/10/2024 9:00:00 AM,6/10/2024 9:00:00 AM,,Investigating,Investigating,-7844630.845808606,5366057.796860184
FREEPORT,13,6/10/2024 9:00:00 AM,6/10/2024 9:00:00 AM,,Crew Assigned,Investigating,-7801048.255407645,5443390.352975199
WISCASSET,108,6/10/2024 9:00:00 AM,6/10/2024 9:00:00 AM,,Crew Assigned,Investigating,-7758156.900122056,5463633.2607318945
BERWICK,13,6/10/2024 8:30:00 AM,6/10/2024 8:30:00 AM,,Crew Assigned,Investigating,-7888338.076039821,5354651.595690528
