BgName,NumOut,EtrMin,EtrMax,Desc,Status,Cause,x,y
ROME,7,5/27/2022 1:45:00 PM,5/27/2022 1:45:00 PM,,Investigating,Investigating,-7781630.288921936,5548921.47318939
WELLS,9,5/27/2022 12:00:00 PM,5/27/2022 12:00:00 PM,,Crew Assigned,Equipment Interruption,-7856929.025623314,5360818.502479466
