BgName,NumOut,EtrMin,EtrMax,Desc,Status,Cause,x,y
AUBURN,2,8/15/2023 3:30:00 PM,8/15/2023 3:30:00 PM,,Assessing,Investigating,-7823363.160122047,5485100.724058829
"POLAND,NEW GLOUCESTER",17,8/15/2023 4:00:00 PM,8/15/2023 4:00:00 PM,,Assessing,Vehicle Accident,-7829200.698657713,5469880.46876744
NORWAY,6,8/15/2023 3:15:00 PM,8/15/2023 3:15:00 PM,,Crew Assigned,Investigating,-7856616.195620236,5505573.337107937
SO PORTLAND,51,8/15/2023 2:45:00 PM,8/15/2023 2:45:00 PM,,Assessing,Investigating,-7822807.07480251,5408244.8562267665
