BgName,NumOut,EtrMin,EtrMax,Desc,Status,Cause,x,y
WINDHAM,6,5/9/2024 12:15:00 PM,5/9/2024 12:15:00 PM,,Crew Assigned,Investigating,-7838762.72003151,5424093.446144578
PORTLAND,10,5/9/2024 11:45:00 AM,5/9/2024 11:45:00 AM,,Crew Assigned,Investigating,-7824970.134978449,5421651.801118562
