BgName,NumOut,EtrMin,EtrMax,Desc,Status,Cause,x,y
"WALDOBORO,JEFFERSON",62,9/25/2024 3:00:00 PM,9/25/2024 3:00:00 PM,,Assessing,Vehicle Accident,-7727245.347738514,5490549.760846102
NEWRY,3,9/25/2024 5:00:00 PM,9/25/2024 5:00:00 PM,,Repairs in Progress,Equipment Interruption,-7881389.123812454,5542349.203914539
CASCO,4,9/25/2024 1:15:00 PM,9/25/2024 1:15:00 PM,,Crew Assigned,Investigating,-7853197.496196756,5454287.3564186245
KENNEBUNKPORT,1,9/25/2024 1:15:00 PM,9/25/2024 1:15:00 PM,,Assessing,Investigating,-7838073.251593884,5375854.529173495
