BgName,NumOut,EtrMin,EtrMax,Desc,Status,Cause,x,y
FRYEBURG,11,8/23/2021 3:30:00 AM,8/23/2021 3:30:00 AM,,Assessing,Investigating,-7903520.685380129,5479428.237769066
LYMAN,1,8/23/2021 5:15:00 AM,8/23/2021 5:15:00 AM,,Assessing,Investigating,-7863508.875852919,5390635.426839578
WELLS,3,8/23/2021 2:45:00 AM,8/23/2021 2:45:00 AM,,Crew Assigned,Investigating,-7863751.786083074,5365751.374079515
CONCORD,11,8/23/2021 5:30:00 AM,8/23/2021 5:30:00 AM,,Assessing,Investigating,-7782632.115434332,5629674.022132892
