BgName,NumOut,EtrMin,EtrMax,Desc,Status,Cause,x,y
SOUTHPORT,50,2/18/2022 1:00:00 AM,2/18/2022 1:00:00 AM,,Assessing,Investigating,-7754222.89162673,5432855.038961824
OWLS HEAD,19,2/18/2022 12:45:00 AM,2/18/2022 12:45:00 AM,,Assessing,Investigating,-7689138.671146038,5478756.604630071
"STANDISH,CUMBERLAND",368,2/18/2022 12:45:00 AM,2/18/2022 12:45:00 AM,,Assessing,Investigating,-7857932.871396202,5424071.585322021
"ORLAND,PENOBSCOT",1359,2/18/2022 2:15:00 AM,2/18/2022 2:15:00 AM,,Assessing,Investigating,-7651386.881137613,5554072.992476383
