BgName,NumOut,EtrMin,EtrMax,Desc,Status,Cause,x,y
CARTHAGE,34,11/1/2022 1:45:00 AM,11/1/2022 1:45:00 AM,,Assessing,Investigating,-7840576.782415702,5564685.662084201
"KENNEBUNKPORT,BIDDEFORD",1511,11/1/2022 1:30:00 AM,11/1/2022 1:30:00 AM,,Assessing,Investigating,-7845464.142257034,5370324.789133923
