BgName,NumOut,EtrMin,EtrMax,Desc,Status,Cause,x,y
HERMON,47,10/2/2024 9:15:00 AM,10/2/2024 9:15:00 AM,,Crew Assigned,Investigating,-7673083.728857188,5590355.712826356
BRIDGTON,34,10/2/2024 10:15:00 AM,10/2/2024 10:15:00 AM,,Crew Assigned,Investigating,-7882881.573061141,5474341.333457844
DAYTON,2,10/2/2024 10:30:00 AM,10/2/2024 10:30:00 AM,,Assessing,Investigating,-7856367.763908971,5394704.555875524
