BgName,NumOut,EtrMin,EtrMax,Desc,Status,Cause,x,y
UPTON,192,9/27/2024 6:15:00 AM,9/27/2024 6:15:00 AM,,Assessing,Equipment Interruption,-7907386.32143472,5574086.293924706
WATERBORO,66,9/27/2024 7:15:00 AM,9/27/2024 7:15:00 AM,,Crew Assigned,Investigating,-7872593.626137159,5407823.745763214
NORTHPORT,31,9/27/2024 6:45:00 AM,9/27/2024 6:45:00 AM,,Assessing,Investigating,-7677365.989309324,5523687.462957883
