BgName,NumOut,EtrMin,EtrMax,Desc,Status,Cause,x,y
RANGELEY,7,7/2/2022 1:30:00 PM,7/2/2022 1:30:00 PM,,Investigating,Investigating,-7874199.146164928,5619656.525595033
RANGELEY,28,7/2/2022 1:15:00 PM,7/2/2022 1:15:00 PM,,Investigating,Investigating,-7874719.657060044,5620532.323021971
BOOTHBAY,12,7/2/2022 1:15:00 PM,7/2/2022 1:15:00 PM,,Assessing,Investigating,-7749557.725524099,5452519.246397309
"DRESDEN,PITTSTON,ALNA",94,7/2/2022 12:45:00 PM,7/2/2022 12:45:00 PM,,Assessing,Investigating,-7759601.693521561,5482135.649505002
PENOBSCOT,4,7/2/2022 12:00:00 PM,7/2/2022 12:00:00 PM,,Assessing,Investigating,-7648906.682835798,5533462.799476058
