BgName,NumOut,EtrMin,EtrMax,Desc,Status,Cause,x,y
BRISTOL,4,6/14/2022 5:30:00 PM,6/14/2022 5:30:00 PM,,Assessing,Investigating,-7740591.75320796,5446809.551438817
"SABATTUS,LEWISTON",24,6/14/2022 4:15:00 PM,6/14/2022 4:15:00 PM,,Assessing,Investigating,-7805495.11282076,5477228.162516654
LEWISTON,21,6/14/2022 5:30:00 PM,6/14/2022 5:30:00 PM,,Assessing,Tree,-7814543.016356255,5486446.862303836
BEAVER COVE PLT,6,6/14/2022 6:00:00 PM,6/14/2022 6:00:00 PM,,Assessing,Investigating,-7743988.12193294,5709984.398899612
GEORGETOWN,3,6/14/2022 6:30:00 PM,6/14/2022 6:30:00 PM,,Assessing,Investigating,-7765963.880784512,5430425.734628227
