BgName,NumOut,EtrMin,EtrMax,Desc,Status,Cause,x,y
BETHEL,12,1/13/2022 12:00:00 PM,1/13/2022 12:00:00 PM,,Assessing,Investigating,-7887583.040501944,5525763.065351296
LEWISTON,831,1/13/2022 11:30:00 AM,1/13/2022 11:30:00 AM,,Assessing,Investigating,-7814498.700045577,5480384.209568651
