BgName,NumOut,EtrMin,EtrMax,Desc,Status,Cause,x,y
"YORK,KITTERY",671,7/23/2022 4:45:00 PM,7/23/2022 4:45:00 PM,,Assessing,Investigating,-7869795.688636586,5333220.116814417
"WATERVILLE,SIDNEY",164,7/23/2022 4:00:00 PM,7/23/2022 4:00:00 PM,,Assessing,Investigating,-7755522.45764888,5546328.662668689
WATERVILLE,2,7/23/2022 4:00:00 PM,7/23/2022 4:00:00 PM,,Assessing,Investigating,-7756247.470277075,5546508.071317474
WINDHAM,4,7/23/2022 5:00:00 PM,7/23/2022 5:00:00 PM,,Assessing,Investigating,-7840367.468395421,5437392.48393097
