BgName,NumOut,EtrMin,EtrMax,Desc,Status,Cause,x,y
FAYETTE,34,4/22/2024 6:45:00 PM,4/22/2024 6:45:00 PM,,Assessing,Investigating,-7801997.922028726,5527130.0703680245
SANGERVILLE,4,4/22/2024 6:00:00 PM,4/22/2024 6:00:00 PM,,Assessing,Investigating,-7711025.930925758,5636671.956938713
