BgName,NumOut,EtrMin,EtrMax,Desc,Status,Cause,x,y
BRISTOL,14,1/13/2023 6:15:00 AM,1/13/2023 6:15:00 AM,,Assessing,Investigating,-7737543.769889169,5442307.337503268
SO THOMASTON,10,1/13/2023 6:00:00 AM,1/13/2023 6:00:00 AM,,Assessing,Investigating,-7694866.882693675,5465341.5483941445
WESTPORT,143,1/13/2023 6:00:00 AM,1/13/2023 6:00:00 AM,,Assessing,Investigating,-7759793.819900827,5450630.854843485
"MINOT,HEBRON",226,1/13/2023 5:45:00 AM,1/13/2023 5:45:00 AM,,Assessing,Investigating,-7833336.284512377,5491925.086399832
"STANDISH,BALDWIN,LIMINGTON",972,1/13/2023 6:00:00 AM,1/13/2023 6:00:00 AM,,Assessing,Investigating,-7867521.286717168,5426819.161503971
SEBAGO,14,1/13/2023 6:30:00 AM,1/13/2023 6:30:00 AM,,Assessing,Investigating,-7865005.410575163,5444606.543190286
