BgName,NumOut,EtrMin,EtrMax,Desc,Status,Cause,x,y
BETHEL,6,12/3/2021 5:45:00 AM,12/3/2021 5:45:00 AM,,Assessing,Investigating,-7886940.248316875,5530972.111071859
DIXFIELD,5,12/3/2021 5:45:00 AM,12/3/2021 5:45:00 AM,,Assessing,Investigating,-7835816.0708530145,5550787.477685348
