BgName,NumOut,EtrMin,EtrMax,Desc,Status,Cause,x,y
BOOTHBAY HARBOR,10,5/14/2024 11:00:00 AM,5/14/2024 11:00:00 AM,,Assessing,Investigating,-7750145.1584362555,5442804.833247246
BRISTOL,4,5/14/2024 10:15:00 AM,5/14/2024 10:15:00 AM,,Repairs in Progress,Investigating,-7738647.279932992,5452551.312376603
"WINTHROP,WAYNE,LEEDS,MONMOUTH",753,5/14/2024 10:45:00 AM,5/14/2024 10:45:00 AM,,Crew Assigned,Investigating,-7792498.217216306,5509311.707035009
"NAPLES,HARRISON",1119,5/14/2024 10:00:00 AM,5/14/2024 10:00:00 AM,,Repairs Complete,Vehicle Accident,-7856218.172746499,5460757.865343444
"NAPLES,SEBAGO,BRIDGTON",1942,5/14/2024 10:00:00 AM,5/14/2024 10:00:00 AM,,Repairs Complete,Vehicle Accident,-7860456.528849131,5460949.878880427
