BgName,NumOut,EtrMin,EtrMax,Desc,Status,Cause,x,y
ORLAND,52,2/14/2023 3:30:00 AM,2/14/2023 3:30:00 AM,,Assessing,Equipment Interruption,-7653555.473807001,5554366.111887279
BUXTON,3,2/15/2023 12:00:00 AM,2/15/2023 12:00:00 AM,,Assessing,Investigating,-7852912.88558438,5420525.121308701
