BgName,NumOut,EtrMin,EtrMax,Desc,Status,Cause,x,y
WELLS,26,7/7/2024 6:00:00 PM,7/7/2024 6:00:00 PM,,Investigating,Investigating,-7853889.874091425,5361326.73514463
HARRISON,6,7/7/2024 5:45:00 PM,7/7/2024 5:45:00 PM,,Crew Assigned,Investigating,-7859421.725119811,5487982.676099438
WELLS,2,7/7/2024 4:45:00 PM,7/7/2024 4:45:00 PM,,Crew Assigned,Investigating,-7857599.235801939,5361827.671325436
