BgName,NumOut,EtrMin,EtrMax,Desc,Status,Cause,x,y
SACO,14,9/21/2024 11:45:00 AM,9/21/2024 11:45:00 AM,,Repairs in Progress,Investigating,-7842714.573103259,5393860.622091822
WINDHAM,3,9/21/2024 12:00:00 PM,9/21/2024 12:00:00 PM,,Assessing,Investigating,-7843801.518903943,5441620.3842215
OGUNQUIT,9,9/21/2024 11:00:00 AM,9/21/2024 11:00:00 AM,,Repairs in Progress,Investigating,-7859499.826852177,5352701.898829623
CLINTON,1,9/21/2024 12:15:00 PM,9/21/2024 12:15:00 PM,,Crew Assigned,Investigating,-7747290.960153555,5566087.2564948965
