BgName,NumOut,EtrMin,EtrMax,Desc,Status,Cause,x,y
 ,13,7/23/2022 8:45:00 AM,7/23/2022 8:45:00 AM,,Crew Assigned,Investigating,-7835321.934783662,5383862.826834899
ALFRED,9,7/23/2022 8:00:00 AM,7/23/2022 8:00:00 AM,,Repairs in Progress,Investigating,-7869948.051602,5379162.754276462
KITTERY,20,7/23/2022 10:00:00 AM,7/23/2022 10:00:00 AM,,Crew Assigned,Investigating,-7868824.103278184,5328877.208312441
SEBAGO,29,7/23/2022 12:00:00 PM,7/23/2022 12:00:00 PM,,Assessing,Tree,-7862046.527401108,5441371.309916392
FRANKFORT,5,7/23/2022 9:00:00 AM,7/23/2022 9:00:00 AM,,Repairs in Progress,Investigating,-7677554.063652468,5553122.5996828275
