BgName,NumOut,EtrMin,EtrMax,Desc,Status,Cause,x,y
BRUNSWICK,173,2/9/2023 6:15:00 PM,2/9/2023 6:15:00 PM,,Assessing,Investigating,-7792370.24435483,5449943.759021945
DEXTER,2,2/9/2023 5:00:00 PM,2/9/2023 5:00:00 PM,,Assessing,Investigating,-7718311.479862257,5632806.198737304
