BgName,NumOut,EtrMin,EtrMax,Desc,Status,Cause,x,y
ETNA; DIXMONT,4,7/9/2024 8:15:00 AM,7/9/2024 8:15:00 AM,,Investigating,Investigating,-7692182.948816471,5582307.677645582
WALDOBORO,5,7/9/2024 10:00:00 AM,7/9/2024 10:00:00 AM,,Assessing,Tree,-7721073.182899522,5468085.346233196
GRAY,11,7/9/2024 8:45:00 AM,7/9/2024 8:45:00 AM,,Crew Assigned,Investigating,-7835829.17312058,5451296.030197694
WEST PARIS,3,7/9/2024 9:15:00 AM,7/9/2024 9:15:00 AM,,Assessing,Investigating,-7851275.687594161,5520000.647815762
"ETNA,DIXMONT",71,7/9/2024 8:30:00 AM,7/9/2024 8:30:00 AM,,Repairs in Progress,Investigating,-7692308.092911237,5582271.946242321
WINSLOW,20,7/9/2024 10:30:00 AM,7/9/2024 10:30:00 AM,,Crew Assigned,Investigating,-7745139.377025798,5553436.469527697
BELGRADE,21,7/9/2024 9:30:00 AM,7/9/2024 9:30:00 AM,,Repairs in Progress,Investigating,-7778977.362957091,5542019.595944116
