BgName,NumOut,EtrMin,EtrMax,Desc,Status,Cause,x,y
FREEPORT,2,2/26/2023 10:30:00 AM,2/26/2023 10:30:00 AM,,Assessing,Investigating,-7802637.64167419,5437335.816648296
CANAAN,2,2/26/2023 11:00:00 AM,2/26/2023 11:00:00 AM,,Assessing,Investigating,-7739563.550668453,5590488.362059511
