BgName,NumOut,EtrMin,EtrMax,Desc,Status,Cause,x,y
"BATH,WEST BATH",170,2/26/2023 6:15:00 PM,2/26/2023 6:15:00 PM,,Assessing,Vehicle Accident,-7773137.56479184,5446071.471042793
TOPSHAM,28,2/26/2023 7:15:00 PM,2/26/2023 7:15:00 PM,,Assessing,Investigating,-7785071.125527278,5461567.770999404
