BgName,NumOut,EtrMin,EtrMax,Desc,Status,Cause,x,y
MANCHESTER,8,5/13/2023 6:45:00 PM,5/13/2023 6:45:00 PM,,Assessing,Investigating,-7779053.8061327515,5510612.549428767
LIVERMORE,44,5/13/2023 5:45:00 PM,5/13/2023 5:45:00 PM,,Crew Assigned,Tree,-7820036.956044114,5524821.246161131
"JACKMAN,MOOSE RIVER",40,5/13/2023 7:00:00 PM,5/13/2023 7:00:00 PM,,Assessing,Investigating,-7820398.822341738,5723007.911476833
