BgName,NumOut,EtrMin,EtrMax,Desc,Status,Cause,x,y
BRUNSWICK,89,7/18/2022 2:00:00 PM,7/18/2022 2:00:00 PM,,Assessing,Investigating,-7787443.499723489,5445990.165832339
FREEPORT,96,7/18/2022 1:15:00 PM,7/18/2022 1:15:00 PM,,Assessing,Investigating,-7804813.069495305,5438205.935717305
SACO,64,7/18/2022 1:00:00 PM,7/18/2022 1:00:00 PM,,Crew Assigned,Investigating,-7842648.616266716,5393984.895423286
