BgName,NumOut,EtrMin,EtrMax,Desc,Status,Cause,x,y
HARPSWELL,1,3/29/2021 2:45:00 AM,3/29/2021 2:45:00 AM,,Assessing,Investigating,-7793394.071996772,5428859.063642738
JEFFERSON,1,3/29/2021 2:00:00 AM,3/29/2021 2:00:00 AM,,Assessing,Investigating,-7738338.412866293,5485441.481817171
