BgName,NumOut,EtrMin,EtrMax,Desc,Status,Cause,x,y
HEBRON,58,8/21/2022 8:30:00 AM,8/21/2022 8:30:00 AM,,Crew Assigned,Investigating,-7834740.624425513,5496887.16636403
SACO,20,8/21/2022 9:15:00 AM,8/21/2022 9:15:00 AM,,Crew Assigned,Investigating,-7842798.897601813,5389470.158318694
MOSCOW,53,8/21/2022 8:45:00 AM,8/21/2022 8:45:00 AM,,Assessing,Investigating,-7779125.1508008,5634315.648531134
