BgName,NumOut,EtrMin,EtrMax,Desc,Status,Cause,x,y
NEW GLOUCESTER,3,10/4/2024 11:15:00 AM,10/4/2024 11:15:00 AM,,Assessing,Investigating,-7824029.908224992,5453799.702717858
SACO,69,10/4/2024 10:30:00 AM,10/4/2024 10:30:00 AM,,Assessing,Investigating,-7849554.498979149,5391475.044644715
CHINA,3,10/4/2024 11:00:00 AM,10/4/2024 11:00:00 AM,,Assessing,Investigating,-7735237.363541833,5538710.366834728
