BgName,NumOut,EtrMin,EtrMax,Desc,Status,Cause,x,y
BRISTOL,19,1/11/2023 11:45:00 AM,1/11/2023 11:45:00 AM,,Assessing,Investigating,-7734148.703522136,5452142.946284408
ROME,48,1/11/2023 11:15:00 AM,1/11/2023 11:15:00 AM,,Assessing,Investigating,-7781464.006674338,5552168.462883376
