BgName,NumOut,EtrMin,EtrMax,Desc,Status,Cause,x,y
BELFAST,985,4/1/2021 8:30:00 PM,4/1/2021 8:30:00 PM,,Assessing,Investigating,-7682258.247233905,5532255.59358127
JAY,2,4/1/2021 7:15:00 PM,4/1/2021 7:15:00 PM,,Assessing,Investigating,-7818076.675473389,5554662.381639616
