BgName,NumOut,EtrMin,EtrMax,Desc,Status,Cause,x,y
HERMON,2,8/27/2023 3:30:00 PM,8/27/2023 3:30:00 PM,,Assessing,Investigating,-7668580.37680015,5595554.291153536
HERMON,29,8/27/2023 3:15:00 PM,8/27/2023 3:15:00 PM,,Assessing,Investigating,-7666251.027568993,5593528.250879845
FREEPORT,3,8/27/2023 4:00:00 PM,8/27/2023 4:00:00 PM,,Assessing,Investigating,-7809377.335543583,5441280.7700157575
UNION,10,8/27/2023 4:15:00 PM,8/27/2023 4:15:00 PM,,Assessing,Investigating,-7713226.394473559,5495716.926611617
