BgName,NumOut,EtrMin,EtrMax,Desc,Status,Cause,x,y
WOODSTOCK,22,8/3/2021 4:30:00 PM,8/3/2021 4:30:00 PM,,Investigating,Investigating,-7868999.546581295,5530427.798376019
BIDDEFORD,1,Assessing,Assessing,,Assessing,Investigating,-7852071.477254955,5388047.52818772
DIXMONT,31,8/3/2021 4:45:00 PM,8/3/2021 4:45:00 PM,,Assessing,Investigating,-7694365.755798315,5572588.043004879
GORHAM,1,8/3/2021 2:45:00 PM,8/3/2021 2:45:00 PM,,Assessing,Investigating,-7843058.895461009,5434265.244418878
