BgName,NumOut,EtrMin,EtrMax,Desc,Status,Cause,x,y
"LISBON,LEWISTON",61,4/12/2023 7:30:00 PM,4/12/2023 7:30:00 PM,,Assessing,System Upgrade,-7808994.697092211,5467225.567336417
LEWISTON,8,4/12/2023 8:00:00 PM,4/12/2023 8:00:00 PM,,Assessing,Investigating,-7807280.877826951,5478543.699655812
"NEW GLOUCESTER,POWNAL",194,4/12/2023 7:30:00 PM,4/12/2023 7:30:00 PM,,Assessing,Investigating,-7820612.422159828,5449916.738467476
PORTER,17,4/12/2023 8:30:00 PM,4/12/2023 8:30:00 PM,,Assessing,Investigating,-7893778.170449637,5440085.096901556
