BgName,NumOut,EtrMin,EtrMax,Desc,Status,Cause,x,y
WESTPORT,18,9/15/2023 3:15:00 PM,9/15/2023 3:15:00 PM,,Assessing,Investigating,-7755708.038300416,5461220.860863113
SEARSPORT,9,9/15/2023 3:15:00 PM,9/15/2023 3:15:00 PM,,Assessing,Investigating,-7673770.113742879,5534826.734299639
