BgName,NumOut,EtrMin,EtrMax,Desc,Status,Cause,x,y
ELIOT,8,9/29/2024 9:00:00 PM,9/29/2024 9:00:00 PM,,Assessing,Vehicle Accident,-7879027.948352865,5331406.01069947
BRIDGTON,3,9/29/2024 9:15:00 PM,9/29/2024 9:15:00 PM,,Crew Assigned,Investigating,-7873431.817365139,5470275.023273746
