BgName,NumOut,EtrMin,EtrMax,Desc,Status,Cause,x,y
ARUNDEL,2,7/21/2024 7:15:00 AM,7/21/2024 7:15:00 AM,,Investigating,Investigating,-7855889.607728585,5385923.135025958
LYMAN,8,7/21/2024 7:15:00 AM,7/21/2024 7:15:00 AM,,Investigating,Investigating,-7856459.418713561,5387934.306496761
ARUNDEL,8,7/21/2024 7:15:00 AM,7/21/2024 7:15:00 AM,,Investigating,Investigating,-7857474.497861847,5384605.611734713
ARUNDEL,60,7/21/2024 7:00:00 AM,7/21/2024 7:00:00 AM,,Investigating,Investigating,-7857313.259961232,5384003.520009916
