BgName,NumOut,EtrMin,EtrMax,Desc,Status,Cause,x,y
CHINA,83,8/16/2023 7:15:00 PM,8/16/2023 7:15:00 PM,,Assessing,Investigating,-7745431.724299122,5526626.213914862
BINGHAM,13,8/16/2023 7:30:00 PM,8/16/2023 7:30:00 PM,,Assessing,Investigating,-7776596.417165248,5626594.741483069
