BgName,NumOut,EtrMin,EtrMax,Desc,Status,Cause,x,y
SACO,51,6/27/2021 7:30:00 PM,6/27/2021 7:30:00 PM,,Crew Assigned,Investigating,-7835398.934482334,5387361.038423338
BUCKSPORT,98,6/27/2021 7:30:00 PM,6/27/2021 7:30:00 PM,,Crew Assigned,Investigating,-7648262.710729848,5566106.3298816895
DEXTER,3,6/27/2021 6:30:00 PM,6/27/2021 6:30:00 PM,,Assessing,Investigating,-7718129.060649843,5622145.227893777
HIGHLAND PLT,51,6/27/2021 5:45:00 PM,6/27/2021 5:45:00 PM,,Assessing,Investigating,-7798984.28075475,5628766.863122506
BIDDEFORD,36,6/27/2021 7:30:00 PM,6/27/2021 7:30:00 PM,,Assessing,Investigating,-7841720.334184934,5386605.445983682
