BgName,NumOut,EtrMin,EtrMax,Desc,Status,Cause,x,y
NO YARMOUTH,8,2/20/2022 4:00:00 AM,2/20/2022 4:00:00 AM,,Investigating,Investigating,-7815691.0450372435,5445440.570220493
OXFORD,4,2/20/2022 2:45:00 AM,2/20/2022 2:45:00 AM,,Assessing,Investigating,-7847208.0734316055,5485941.800714542
"NO YARMOUTH,POWNAL,NORTH YARMOUTH,DURHAM",477,2/20/2022 4:00:00 AM,2/20/2022 4:00:00 AM,,Assessing,Investigating,-7815719.852586366,5445339.163288864
WINDHAM,81,2/20/2022 12:30:00 AM,2/20/2022 12:30:00 AM,,Assessing,Investigating,-7833058.019103247,5424742.533548795
