BgName,NumOut,EtrMin,EtrMax,Desc,Status,Cause,x,y
KITTERY,16,9/23/2021 11:15:00 AM,9/23/2021 11:15:00 AM,,Crew Assigned,Investigating,-7870611.181854877,5328992.884909402
RANGELEY,2,9/23/2021 3:15:00 PM,9/23/2021 3:15:00 PM,,Assessing,Investigating,-7863864.708596173,5615826.413038967
