BgName,NumOut,EtrMin,EtrMax,Desc,Status,Cause,x,y
KITTERY,222,Assessing,Assessing,,Investigating,Investigating,-7873834.465416615,5325680.757137252
STOW,5,Assessing,Assessing,,Assessing,Investigating,-7904259.612985694,5500487.377523889
PARIS,9,3/8/2022 7:00:00 PM,3/8/2022 7:00:00 PM,,Assessing,Tree,-7848087.041007388,5498763.502249802
"ELIOT,KITTERY",2191,Assessing,Assessing,,Assessing,Investigating,-7877962.053117609,5329641.163352766
"ROCKWOOD,TOMHEGAN",254,3/8/2022 6:30:00 PM,3/8/2022 6:30:00 PM,,Assessing,Tree,-7767591.638907107,5729363.898094944
WESTPORT,1,3/8/2022 5:30:00 PM,3/8/2022 5:30:00 PM,,Assessing,Tree,-7758600.463777227,5452939.698886935
