BgName,NumOut,EtrMin,EtrMax,Desc,Status,Cause,x,y
GREENE,57,8/7/2021 5:30:00 PM,8/7/2021 5:30:00 PM,,Assessing,Investigating,-7809542.043929297,5500806.617620194
LEWISTON,4,8/7/2021 5:15:00 PM,8/7/2021 5:15:00 PM,,Assessing,Investigating,-7814102.80345214,5482243.150950112
