BgName,NumOut,EtrMin,EtrMax,Desc,Status,Cause,x,y
PORTLAND,39,5/31/2023 1:00:00 PM,5/31/2023 1:00:00 PM,,Assessing,Investigating,-7823383.141991102,5420863.956366309
PORTLAND,42,5/31/2023 1:00:00 PM,5/31/2023 1:00:00 PM,,Assessing,Investigating,-7823383.141991102,5420863.956366309
SANFORD,4,5/31/2023 1:00:00 PM,5/31/2023 1:00:00 PM,,Assessing,Investigating,-7878750.451103666,5380264.107473051
