BgName,NumOut,EtrMin,EtrMax,Desc,Status,Cause,x,y
MANCHESTER,126,7/24/2021 8:15:00 AM,7/24/2021 8:15:00 AM,,Assessing,Investigating,-7775577.610043611,5520645.004353692
GRAY,1,7/24/2021 8:15:00 AM,7/24/2021 8:15:00 AM,,Assessing,Investigating,-7830483.711449054,5442019.191818213
