BgName,NumOut,EtrMin,EtrMax,Desc,Status,Cause,x,y
WATERVILLE,28,5/9/2022 9:15:00 AM,5/9/2022 9:15:00 AM,,Assessing,Investigating,-7752556.694873334,5551671.31082868
NORTH BERWICK,2,5/9/2022 9:00:00 AM,5/9/2022 9:00:00 AM,,Crew Assigned,Investigating,-7873917.938461992,5362177.618366629
