BgName,NumOut,EtrMin,EtrMax,Desc,Status,Cause,x,y
WASHINGTON,4,9/19/2024 9:15:00 AM,9/19/2024 9:15:00 AM,,Crew Assigned,Investigating,-7722052.338032033,5509015.555296386
PARIS,6,9/19/2024 8:45:00 AM,9/19/2024 8:45:00 AM,,Crew Assigned,Investigating,-7846862.181516787,5493852.997547338
