BgName,NumOut,EtrMin,EtrMax,Desc,Status,Cause,x,y
WINDSOR,3,8/9/2021 10:30:00 AM,8/9/2021 10:30:00 AM,,Assessing,Investigating,-7744529.079016909,5515884.715015651
BATH,9,8/9/2021 9:45:00 AM,8/9/2021 9:45:00 AM,,Assessing,Investigating,-7776332.100170921,5455772.084130855
AUBURN,44,8/9/2021 10:30:00 AM,8/9/2021 10:30:00 AM,,Assessing,Investigating,-7822388.546874023,5472434.156038542
SACO,1,8/9/2021 10:00:00 AM,8/9/2021 10:00:00 AM,,Assessing,Investigating,-7841513.524868592,5388821.378558839
WALDO,4,8/9/2021 10:15:00 AM,8/9/2021 10:15:00 AM,,Assessing,Investigating,-7687203.359527247,5538984.848491834
OXFORD,4414,8/9/2021 10:30:00 AM,8/9/2021 10:30:00 AM,,Assessing,Investigating,-7847127.433557872,5484103.694348484
