BgName,NumOut,EtrMin,EtrMax,Desc,Status,Cause,x,y
VASSALBORO,60,6/1/2022 2:00:00 AM,6/1/2022 2:00:00 AM,,Assessing,Investigating,-7752333.198676564,5527808.39887643
WATERFORD,38,6/1/2022 3:00:00 AM,6/1/2022 3:00:00 AM,,Assessing,Investigating,-7867332.332989575,5496078.761677895
