BgName,NumOut,EtrMin,EtrMax,Desc,Status,Cause,x,y
PERU,3,12/9/2023 8:00:00 PM,12/9/2023 8:00:00 PM,,Assessing,Investigating,-7839196.476407751,5544009.831747365
BELGRADE,11,12/9/2023 6:30:00 PM,12/9/2023 6:30:00 PM,,Assessing,Investigating,-7773781.091599294,5533580.962602559
