BgName,NumOut,EtrMin,EtrMax,Desc,Status,Cause,x,y
LEBANON,7,7/20/2023 3:30:00 PM,7/20/2023 3:30:00 PM,,Investigating,Investigating,-7895684.452771065,5366420.255075878
LEBANON,6,7/20/2023 3:45:00 PM,7/20/2023 3:45:00 PM,,Investigating,Investigating,-7889743.639122248,5378742.721860575
NO BERWICK; NORTH BERWICK,19,7/20/2023 3:30:00 PM,7/20/2023 3:30:00 PM,,Investigating,Investigating,-7885791.229026927,5368224.4903351
"BERWICK,BIDDEFORD",732,7/20/2023 3:45:00 PM,7/20/2023 3:45:00 PM,,Assessing,Investigating,-7888549.527452839,5352913.986342165
RANGELEY,12,7/20/2023 2:30:00 PM,7/20/2023 2:30:00 PM,,Assessing,Investigating,-7868385.393156389,5615257.304764319
