BgName,NumOut,EtrMin,EtrMax,Desc,Status,Cause,x,y
BOOTHBAY,5,3/18/2023 5:30:00 PM,3/18/2023 5:30:00 PM,,Assessing,Investigating,-7753971.76599971,5450319.89177119
NAPLES,33,3/18/2023 4:45:00 PM,3/18/2023 4:45:00 PM,,Repairs in Progress,Investigating,-7859746.633344065,5454462.989726743
BIDDEFORD,16,3/18/2023 6:15:00 PM,3/18/2023 6:15:00 PM,,Assessing,Investigating,-7845973.996622512,5385370.066968009
