BgName,NumOut,EtrMin,EtrMax,Desc,Status,Cause,x,y
BRUNSWICK,109,5/29/2023 8:30:00 PM,5/29/2023 8:30:00 PM,,Investigating,Investigating,-7787502.3707276825,5450722.499306292
HARRISON,6,5/29/2023 8:00:00 PM,5/29/2023 8:00:00 PM,,Assessing,Investigating,-7866448.690079908,5483644.333901355
LEWISTON,50,5/29/2023 8:15:00 PM,5/29/2023 8:15:00 PM,,Assessing,Investigating,-7813937.471768663,5477872.115845174
VASSALBORO,221,5/29/2023 8:15:00 PM,5/29/2023 8:15:00 PM,,Assessing,Investigating,-7750351.144030469,5540895.482311716
