BgName,NumOut,EtrMin,EtrMax,Desc,Status,Cause,x,y
LIVERMR FL,24,9/29/2023 4:15:00 PM,9/29/2023 4:15:00 PM,,Assessing,Investigating,-7808546.825414348,5530159.280375814
NAPLES,23,9/29/2023 5:15:00 PM,9/29/2023 5:15:00 PM,,Assessing,Investigating,-7856080.704355076,5457545.0564701455
ELIOT,9,9/29/2023 4:30:00 PM,9/29/2023 4:30:00 PM,,Assessing,Investigating,-7877303.587186286,5330745.606638945
