BgName,NumOut,EtrMin,EtrMax,Desc,Status,Cause,x,y
BETHEL,468,3/26/2021 12:00:00 AM,3/26/2021 12:00:00 AM,,Assessing,Investigating,-7879968.84295395,5529604.280454183
LOVELL,14,3/24/2021 10:30:00 PM,3/24/2021 10:30:00 PM,,Assessing,Investigating,-7893323.307945767,5495474.344821513
