BgName,NumOut,EtrMin,EtrMax,Desc,Status,Cause,x,y
GORHAM,55,8/7/2021 2:00:00 PM,8/7/2021 2:00:00 PM,,Assessing,Vehicle Accident,-7846127.506271604,5422801.631718288
GORHAM,76,8/7/2021 2:00:00 PM,8/7/2021 2:00:00 PM,,Assessing,Vehicle Accident,-7847435.844213632,5424020.484249371
ALBANY,1,8/7/2021 1:30:00 PM,8/7/2021 1:30:00 PM,,Assessing,Investigating,-7873464.879276887,5508452.184684713
