BgName,NumOut,EtrMin,EtrMax,Desc,Status,Cause,x,y
BOOTHBAY,4,2/12/2024 11:45:00 AM,2/12/2024 11:45:00 AM,,Assessing,Investigating,-7755486.768596136,5445374.956481535
WINTHROP,14,2/12/2024 12:45:00 PM,2/12/2024 12:45:00 PM,,Assessing,Investigating,-7791262.325976021,5511554.956510835
RUMFORD,3,2/12/2024 1:00:00 PM,2/12/2024 1:00:00 PM,,Assessing,Investigating,-7866459.4100806,5548045.015721136
BATH,3,2/12/2024 1:00:00 PM,2/12/2024 1:00:00 PM,,Crew Assigned,Investigating,-7774470.938460553,5452949.991272669
