BgName,NumOut,EtrMin,EtrMax,Desc,Status,Cause,x,y
CAPE ELIZABETH,872,7/19/2021 4:15:00 PM,7/19/2021 4:15:00 PM,,Assessing,Investigating,-7817529.5401731115,5402174.366569891
BROOKS,4,7/19/2021 4:00:00 PM,7/19/2021 4:00:00 PM,,Assessing,Investigating,-7694670.481729144,5550712.765319463
SHAPLEIGH,2,7/19/2021 3:45:00 PM,7/19/2021 3:45:00 PM,,Crew Assigned,Investigating,-7883076.371031169,5388977.384215041
