BgName,NumOut,EtrMin,EtrMax,Desc,Status,Cause,x,y
HARPSWELL,12,6/13/2023 5:00:00 PM,6/13/2023 5:00:00 PM,,Assessing,Investigating,-7779994.55597178,5442772.029325958
HANOVER,46,6/13/2023 3:30:00 PM,6/13/2023 3:30:00 PM,,Assessing,Investigating,-7871858.0380700985,5544122.27846758
WELLS,5,6/13/2023 3:45:00 PM,6/13/2023 3:45:00 PM,,Assessing,Investigating,-7869583.435726315,5358651.862528778
