BgName,NumOut,EtrMin,EtrMax,Desc,Status,Cause,x,y
AUBURN,8,11/9/2024 8:00:00 AM,11/9/2024 8:00:00 AM,,Repairs in Progress,Vehicle Accident,-7817886.31917567,5479610.05646084
BRIDGTON,12,Assessing,Assessing,,Crew Assigned,Investigating,-7879400.3899892345,5473645.19730374
"SUMNER,BUCKFIELD",68,11/9/2024 6:30:00 AM,11/9/2024 6:30:00 AM,,Repairs in Progress,Tree,-7835338.543676778,5520882.83712146
"KINGFIELD,FREEMAN,SALEM,STRONG",179,11/9/2024 5:15:00 AM,11/9/2024 5:15:00 AM,,Repairs in Progress,Tree,-7810613.549645307,5614023.604765808
"FREEMAN,SALEM,STRONG",214,11/9/2024 12:00:00 PM,11/9/2024 12:00:00 PM,,Assessing,Tree,-7815764.770070032,5610087.871989627
