BgName,NumOut,EtrMin,EtrMax,Desc,Status,Cause,x,y
PHIPPSBURG,103,7/24/2021 3:45:00 PM,7/24/2021 3:45:00 PM,,Crew Assigned,Investigating,-7771018.219753585,5443657.838295565
GREENWOOD,18,7/24/2021 5:00:00 PM,7/24/2021 5:00:00 PM,,Assessing,Investigating,-7868346.676214022,5523084.860778373
LEWISTON,16,7/24/2021 4:30:00 PM,7/24/2021 4:30:00 PM,,Assessing,Equipment Interruption,-7816225.855340089,5479930.367550514
