BgName,NumOut,EtrMin,EtrMax,Desc,Status,Cause,x,y
CAMDEN,30,10/9/2024 9:15:00 AM,10/9/2024 9:15:00 AM,,Investigating,Investigating,-7689763.609844704,5497179.322628208
OWLS HEAD,35,10/9/2024 9:15:00 AM,10/9/2024 9:15:00 AM,,Crew Assigned,Investigating,-7688000.941394362,5476968.963765463
CASCO,8,10/9/2024 9:30:00 AM,10/9/2024 9:30:00 AM,,Assessing,Investigating,-7851896.149080735,5465252.397093994
CASTINE,12,10/9/2024 9:15:00 AM,10/9/2024 9:15:00 AM,,Crew Assigned,Investigating,-7657735.220197953,5526553.646873203
