BgName,NumOut,EtrMin,EtrMax,Desc,Status,Cause,x,y
BETHEL,169,11/2/2021 4:30:00 PM,11/2/2021 4:30:00 PM,,Investigating,Investigating,-7871814.907386695,5532028.048225804
GREENWOOD; WOODSTOCK,63,11/2/2021 4:45:00 PM,11/2/2021 4:45:00 PM,,Investigating,Investigating,-7869964.787236997,5527330.059817539
BETHEL; MILTON; RUMFORD,49,11/2/2021 4:30:00 PM,11/2/2021 4:30:00 PM,,Investigating,Investigating,-7865063.5488590915,5531736.524312186
ALNA,19,11/2/2021 3:30:00 PM,11/2/2021 3:30:00 PM,,Assessing,Investigating,-7750004.651042772,5474425.833126397
DIXFIELD,2,11/2/2021 4:00:00 PM,11/2/2021 4:00:00 PM,,Assessing,Investigating,-7842292.572086766,5552014.2980270265
BIDDEFORD,10,11/2/2021 4:30:00 PM,11/2/2021 4:30:00 PM,,Assessing,Investigating,-7843692.726314159,5385414.143189338
HARPSWELL,5,11/2/2021 4:15:00 PM,11/2/2021 4:15:00 PM,,Assessing,Investigating,-7786406.469601797,5430432.394647865
