BgName,NumOut,EtrMin,EtrMax,Desc,Status,Cause,x,y
PHIPPSBURG,70,6/9/2021 2:15:00 PM,6/9/2021 2:15:00 PM,,Assessing,Investigating,-7775433.150826188,5437113.656024389
NEWCASTLE,4,6/9/2021 1:30:00 PM,6/9/2021 1:30:00 PM,,Assessing,Investigating,-7743146.4241795195,5480834.617490633
WELLS,12,6/9/2021 2:00:00 PM,6/9/2021 2:00:00 PM,,Assessing,Investigating,-7860979.674794104,5361691.310538272
WINTHROP,2,6/9/2021 1:15:00 PM,6/9/2021 1:15:00 PM,,Assessing,Investigating,-7788007.644665517,5517669.020942406
