BgName,NumOut,EtrMin,EtrMax,Desc,Status,Cause,x,y
SOUTHPORT,23,5/15/2021 11:30:00 AM,5/15/2021 11:30:00 AM,,Assessing,Investigating,-7754024.019295588,5438121.104821266
BRISTOL,84,5/15/2021 11:15:00 AM,5/15/2021 11:15:00 AM,,Assessing,Investigating,-7737685.134442221,5458839.929933567
LIBERTY,50,5/15/2021 10:30:00 AM,5/15/2021 10:30:00 AM,,Assessing,Investigating,-7716198.201815805,5525618.786827911
ROCKPORT,11,5/15/2021 11:15:00 AM,5/15/2021 11:15:00 AM,,Assessing,Investigating,-7702512.472284043,5496744.818524379
