BgName,NumOut,EtrMin,EtrMax,Desc,Status,Cause,x,y
WINTHROP,1,8/23/2021 10:15:00 PM,8/23/2021 10:15:00 PM,,Assessing,Investigating,-7787888.488273788,5511663.861689388
INDUSTRY,3,8/23/2021 8:45:00 PM,8/23/2021 8:45:00 PM,,Assessing,Investigating,-7798583.519415387,5583674.615575922
