BgName,NumOut,EtrMin,EtrMax,Desc,Status,Cause,x,y
TOPSHAM,2,10/2/2022 9:30:00 AM,10/2/2022 9:30:00 AM,,Assessing,Investigating,-7794967.083131888,5461060.751776797
SABATTUS,10,10/2/2022 9:15:00 AM,10/2/2022 9:15:00 AM,,Assessing,Investigating,-7805297.8881341,5477255.821231968
YORK,2,10/2/2022 9:15:00 AM,10/2/2022 9:15:00 AM,,Assessing,Investigating,-7862870.046704343,5332885.672415022
"SANFORD,LEBANON",44,10/2/2022 8:30:00 AM,10/2/2022 8:30:00 AM,,Assessing,Investigating,-7885189.738177364,5377281.9113295935
NEW PORTLAND,3,10/2/2022 8:15:00 AM,10/2/2022 8:15:00 AM,,Assessing,Investigating,-7796411.965631129,5606940.042277215
