BgName,NumOut,EtrMin,EtrMax,Desc,Status,Cause,x,y
AUBURN,44,2/15/2024 1:15:00 PM,2/15/2024 1:15:00 PM,,Assessing,Investigating,-7822388.546874023,5472434.156038542
WINSLOW,28,2/15/2024 2:00:00 PM,2/15/2024 2:00:00 PM,,Assessing,Investigating,-7749264.688078154,5549689.003583033
CAPE ELIZABETH,3,2/15/2024 1:15:00 PM,2/15/2024 1:15:00 PM,,Assessing,Investigating,-7814548.359737998,5398277.180791859
