BgName,NumOut,EtrMin,EtrMax,Desc,Status,Cause,x,y
DURHAM,7,8/13/2024 11:30:00 AM,8/13/2024 11:30:00 AM,,Crew Assigned,Investigating,-7801820.6456735805,5464267.58021789
MONMOUTH,1,8/13/2024 3:30:00 PM,8/13/2024 3:30:00 PM,,Assessing,Equipment Interruption,-7796666.352909466,5500141.9737492865
MONMOUTH,8,8/13/2024 11:45:00 AM,8/13/2024 11:45:00 AM,,Assessing,Investigating,-7798955.237441703,5499940.718149923
CARRABASSETT VALLEY,6,8/13/2024 3:00:00 PM,8/13/2024 3:00:00 PM,,Assessing,Investigating,-7825943.601642908,5629509.108913501
