BgName,NumOut,EtrMin,EtrMax,Desc,Status,Cause,x,y
MECHANIC FALLS,5,7/17/2022 9:45:00 AM,7/17/2022 9:45:00 AM,,Crew Assigned,Investigating,-7835888.150243565,5484037.356806628
HARTFORD,1,7/17/2022 10:15:00 AM,7/17/2022 10:15:00 AM,,Crew Assigned,Investigating,-7823813.291629716,5519931.293762064
"DAYTON,BIDDEFORD",144,7/17/2022 10:15:00 AM,7/17/2022 10:15:00 AM,,Crew Assigned,Investigating,-7856982.804126607,5389933.350264576
STRONG,11,7/17/2022 8:30:00 AM,7/17/2022 8:30:00 AM,,Assessing,Investigating,-7818288.917171113,5590207.141536812
EUSTIS,11,7/17/2022 9:45:00 AM,7/17/2022 9:45:00 AM,,Assessing,Investigating,-7842786.496619312,5649789.211345456
