BgName,NumOut,EtrMin,EtrMax,Desc,Status,Cause,x,y
"EDGECOMB,NEWCASTLE,BOOTHBAY",1188,8/23/2022 3:00:00 AM,8/23/2022 3:00:00 AM,,Assessing,Investigating,-7750801.598399568,5465930.0220199665
MANCHESTER,154,8/23/2022 12:00:00 AM,8/23/2022 12:00:00 AM,,Assessing,Vehicle Accident,-7775775.892414319,5520137.956461154
VIENNA,43,8/23/2022 3:15:00 AM,8/23/2022 3:15:00 AM,,Assessing,Investigating,-7792885.642426305,5545596.389031428
"PARSONSFIELD,NEWFIELD",34,8/24/2022 12:00:00 AM,8/24/2022 12:00:00 AM,,Assessing,Investigating,-7892304.80136057,5418158.982318089
WATERBORO,3,8/23/2022 3:15:00 AM,8/23/2022 3:15:00 AM,,Assessing,Investigating,-7872940.085787538,5395912.70496627
ARUNDEL,53,8/23/2022 3:15:00 AM,8/23/2022 3:15:00 AM,,Assessing,Investigating,-7849533.103427519,5376804.146320505
