BgName,NumOut,EtrMin,EtrMax,Desc,Status,Cause,x,y
ST GEORGE,52,3/6/2023 7:45:00 AM,3/6/2023 7:45:00 AM,,Assessing,Investigating,-7703540.708160867,5468540.862749117
"LITCHFIELD,BOWDOIN",215,3/6/2023 7:00:00 AM,3/6/2023 7:00:00 AM,,Assessing,Investigating,-7780832.8139745165,5488007.683583148
LIVERMORE,31,3/6/2023 7:45:00 AM,3/6/2023 7:45:00 AM,,Assessing,Vehicle Accident,-7817989.044773655,5525912.3467075545
"ROCKWOOD,TOMHEGAN",258,3/6/2023 7:15:00 AM,3/6/2023 7:15:00 AM,,Assessing,Investigating,-7767673.703575852,5729344.204373442
GORHAM,5,3/6/2023 8:15:00 AM,3/6/2023 8:15:00 AM,,Assessing,Investigating,-7847353.311921399,5418229.957923844
