BgName,NumOut,EtrMin,EtrMax,Desc,Status,Cause,x,y
LEEDS,45,9/1/2023 1:15:00 AM,9/1/2023 1:15:00 AM,,Assessing,Vehicle Accident,-7811116.468847093,5510877.679505718
"JACKMAN,ATTEAN",500,9/1/2023 1:45:00 AM,9/1/2023 1:45:00 AM,,Assessing,Investigating,-7819377.755390295,5719320.8647876885
