BgName,NumOut,EtrMin,EtrMax,Desc,Status,Cause,x,y
GORHAM,66,3/13/2022 7:45:00 AM,3/13/2022 7:45:00 AM,,Investigating,Investigating,-7839721.935642373,5411160.752796026
GORHAM,15,3/13/2022 8:15:00 AM,3/13/2022 8:15:00 AM,,Assessing,Investigating,-7837078.578589611,5412468.710183281
