BgName,NumOut,EtrMin,EtrMax,Desc,Status,Cause,x,y
YORK,3,9/13/2024 12:30:00 AM,9/13/2024 12:30:00 AM,,Repairs in Progress,Investigating,-7874168.885989639,5340698.90503173
HERMON,3,9/13/2024 1:00:00 AM,9/13/2024 1:00:00 AM,,Assessing,Investigating,-7676557.999090394,5586137.489653776
