BgName,NumOut,EtrMin,EtrMax,Desc,Status,Cause,x,y
"SUMNER,HARTFORD",46,2/28/2021 11:30:00 AM,2/28/2021 11:30:00 AM,,Assessing,Investigating,-7834279.305293657,5520787.226906847
SEBAGO,15,2/28/2021 12:45:00 PM,2/28/2021 12:45:00 PM,,Assessing,Investigating,-7865331.443057985,5444823.171674398
HEBRON,1,2/28/2021 12:30:00 PM,2/28/2021 12:30:00 PM,,Assessing,Investigating,-7834216.209359797,5498145.147860982
