BgName,NumOut,EtrMin,EtrMax,Desc,Status,Cause,x,y
CANAAN,5,12/4/2021 12:00:00 PM,12/4/2021 12:00:00 PM,,Assessing,Investigating,-7743806.760204351,5584087.671478254
CANAAN,262,12/4/2021 12:00:00 PM,12/4/2021 12:00:00 PM,,Assessing,Investigating,-7743958.3217726275,5583925.2814199785
