BgName,NumOut,EtrMin,EtrMax,Desc,Status,Cause,x,y
WATERVILLE,24,1/29/2023 11:00:00 AM,1/29/2023 11:00:00 AM,,Investigating,Investigating,-7752408.683579476,5549098.902052487
WATERVILLE,8,1/29/2023 11:15:00 AM,1/29/2023 11:15:00 AM,,Investigating,Investigating,-7752338.907967931,5549002.727496638
BRISTOL,3,1/29/2023 9:15:00 AM,1/29/2023 9:15:00 AM,,Assessing,Investigating,-7737488.310504184,5450416.206264468
RAYMOND,74,1/29/2023 10:15:00 AM,1/29/2023 10:15:00 AM,,Assessing,Investigating,-7841206.461120649,5455187.6925670635
SACO,192,1/29/2023 11:00:00 AM,1/29/2023 11:00:00 AM,,Assessing,Investigating,-7842657.6888231505,5390575.576540752
BIDDEFORD,383,1/29/2023 10:15:00 AM,1/29/2023 10:15:00 AM,,Assessing,Investigating,-7843099.560384077,5385778.941938721
WATERVILLE,16,1/29/2023 11:15:00 AM,1/29/2023 11:15:00 AM,,Assessing,Investigating,-7752414.740259731,5549085.178197601
WATERVILLE,50,1/29/2023 10:45:00 AM,1/29/2023 10:45:00 AM,,Assessing,Investigating,-7752337.462249498,5549080.133725449
