BgName,NumOut,EtrMin,EtrMax,Desc,Status,Cause,x,y
MANCHESTER,5,6/7/2022 8:45:00 AM,6/7/2022 8:45:00 AM,,Assessing,Investigating,-7775797.599714937,5522833.6091895215
JAY,82,6/7/2022 7:45:00 AM,6/7/2022 7:45:00 AM,,Assessing,Investigating,-7813137.975158057,5540224.432222431
PARIS,75,6/7/2022 8:30:00 AM,6/7/2022 8:30:00 AM,,Repairs in Progress,Equipment Interruption,-7850380.645523493,5502350.6858251095
