BgName,NumOut,EtrMin,EtrMax,Desc,Status,Cause,x,y
LOVELL,11,4/21/2021 2:00:00 PM,4/21/2021 2:00:00 PM,,Assessing,Tree,-7893382.006657077,5492589.164699773
PALMYRA,85,4/21/2021 12:15:00 PM,4/21/2021 12:15:00 PM,,Assessing,Investigating,-7723952.172134894,5597025.46384089
NORTHPORT,1,4/21/2021 12:30:00 PM,4/21/2021 12:30:00 PM,,Assessing,Investigating,-7678433.008903266,5513514.562865872
