BgName,NumOut,EtrMin,EtrMax,Desc,Status,Cause,x,y
"VASSALBORO,CHINA",324,3/22/2022 5:30:00 PM,3/22/2022 5:30:00 PM,,Assessing,Investigating,-7752302.786230817,5533371.594001459
"PITTSFIELD,PALMYRA",189,3/22/2022 5:00:00 PM,3/22/2022 5:00:00 PM,,Assessing,Investigating,-7723252.540219582,5589461.765041902
ANSON,4,3/22/2022 5:00:00 PM,3/22/2022 5:00:00 PM,,Assessing,Investigating,-7785384.768140041,5594016.826081415
BENTON,58,3/22/2022 5:45:00 PM,3/22/2022 5:45:00 PM,,Assessing,Investigating,-7733504.931740433,5556179.198936929
AUBURN,1,3/22/2022 5:30:00 PM,3/22/2022 5:30:00 PM,,Assessing,Tree,-7821938.593565845,5486645.417199585
PHILLIPS,1,3/22/2022 5:00:00 PM,3/22/2022 5:00:00 PM,,Assessing,Investigating,-7842597.631991467,5594826.289732749
