BgName,NumOut,EtrMin,EtrMax,Desc,Status,Cause,x,y
NOBLEBORO,16,1/18/2022 8:45:00 AM,1/18/2022 8:45:00 AM,,Assessing,Investigating,-7739001.698993669,5478591.4471830875
GEORGETOWN,12,1/18/2022 9:00:00 AM,1/18/2022 9:00:00 AM,,Assessing,Investigating,-7764557.425803633,5429418.910820264
ELIOT,5,1/18/2022 8:30:00 AM,1/18/2022 8:30:00 AM,,Assessing,Investigating,-7875950.610072144,5333938.1686237715
ORLAND,21,Assessing,Assessing,,Assessing,Investigating,-7639551.114579596,5550347.9753063
SKOWHEGAN,1,1/18/2022 9:00:00 AM,1/18/2022 9:00:00 AM,,Assessing,Investigating,-7761494.7037853515,5583254.335990856
