BgName,NumOut,EtrMin,EtrMax,Desc,Status,Cause,x,y
PARIS,1,10/2/2023 6:15:00 PM,10/2/2023 6:15:00 PM,,Assessing,Investigating,-7850970.672139218,5504071.3057377
WINDHAM,32,10/2/2023 6:00:00 PM,10/2/2023 6:00:00 PM,,Assessing,Investigating,-7835386.310850588,5434793.261368223
"FARMINGTON,VIENNA,CHESTERVILLE,WILTON",479,10/2/2023 5:30:00 PM,10/2/2023 5:30:00 PM,,Assessing,Investigating,-7802387.273094658,5561193.725937849
