BgName,NumOut,EtrMin,EtrMax,Desc,Status,Cause,x,y
WINDHAM,4,9/13/2024 6:00:00 PM,9/13/2024 6:00:00 PM,,Investigating,Investigating,-7834852.733127577,5431220.361599312
WINDHAM,15,9/13/2024 6:00:00 PM,9/13/2024 6:00:00 PM,,Crew Assigned,Investigating,-7834907.403228987,5431299.194763373
