BgName,NumOut,EtrMin,EtrMax,Desc,Status,Cause,x,y
FREEPORT,34,8/14/2022 2:45:00 PM,8/14/2022 2:45:00 PM,,Assessing,Investigating,-7805034.884710268,5442072.67718379
WISCASSET,1,8/14/2022 4:00:00 PM,8/14/2022 4:00:00 PM,,Assessing,Equipment Interruption,-7755470.115153147,5466200.655638456
