BgName,NumOut,EtrMin,EtrMax,Desc,Status,Cause,x,y
"WALDOBORO,WARREN,FRIENDSHIP",461,7/28/2021 2:15:00 AM,7/28/2021 2:15:00 AM,,Assessing,Investigating,-7715302.068823887,5483604.561287422
MT VERNON,3,7/28/2021 3:15:00 AM,7/28/2021 3:15:00 AM,,Assessing,Investigating,-7784042.488901829,5530592.291641678
READFIELD,33,7/28/2021 3:15:00 AM,7/28/2021 3:15:00 AM,,Assessing,Investigating,-7785990.646801619,5522283.773210003
GORHAM,17,7/28/2021 4:30:00 AM,7/28/2021 4:30:00 AM,,Assessing,Investigating,-7843023.028308892,5419438.675499921
