BgName,NumOut,EtrMin,EtrMax,Desc,Status,Cause,x,y
PORTLAND,103,7/22/2022 7:00:00 PM,7/22/2022 7:00:00 PM,,Assessing,Investigating,-7825866.668718984,5418438.130685948
SEBAGO,29,7/22/2022 6:00:00 PM,7/22/2022 6:00:00 PM,,Assessing,Tree,-7862046.527401108,5441371.309916392
PORTER,2,7/22/2022 7:15:00 PM,7/22/2022 7:15:00 PM,,Assessing,Investigating,-7898538.503588685,5434617.555661732
