BgName,NumOut,EtrMin,EtrMax,Desc,Status,Cause,x,y
BATH,20,10/5/2021 7:45:00 PM,10/5/2021 7:45:00 PM,,Assessing,Investigating,-7771599.685986234,5454305.687773827
HARPSWELL,76,10/5/2021 7:30:00 PM,10/5/2021 7:30:00 PM,,Assessing,Investigating,-7785327.238237176,5433099.087149211
PALMYRA,6,10/5/2021 7:30:00 PM,10/5/2021 7:30:00 PM,,Assessing,Investigating,-7715363.839974695,5594162.0224617645
"ST ALBANS,SAINT ALBANS,HARTLAND",822,10/5/2021 7:45:00 PM,10/5/2021 7:45:00 PM,,Assessing,Investigating,-7730849.605688768,5603150.8024344575
SACO,1,10/5/2021 7:00:00 PM,10/5/2021 7:00:00 PM,,Assessing,Investigating,-7849029.04875461,5394262.209248949
