BgName,NumOut,EtrMin,EtrMax,Desc,Status,Cause,x,y
"PHIPPSBURG,WISCASSET,WEST BATH",2158,6/30/2023 11:15:00 AM,6/30/2023 11:15:00 AM,,Assessing,Investigating,-7772280.939026988,5445654.451710398
WARREN,72,6/30/2023 11:00:00 AM,6/30/2023 11:00:00 AM,,Assessing,Investigating,-7709585.401099186,5479284.239253025
JAY,5,Assessing,Assessing,,Assessing,Investigating,-7816935.194322148,5552819.271027496
PORTLAND,8,6/30/2023 10:45:00 AM,6/30/2023 10:45:00 AM,,Assessing,Investigating,-7821614.531388717,5416946.352804818
