BgName,NumOut,EtrMin,EtrMax,Desc,Status,Cause,x,y
LISBON,105,6/11/2023 8:00:00 AM,6/11/2023 8:00:00 AM,,Assessing,Investigating,-7804310.194843391,5468648.8086168375
ROCKLAND,8,6/11/2023 8:30:00 AM,6/11/2023 8:30:00 AM,,Assessing,Investigating,-7693588.1334752655,5481590.240054156
WINSLOW,12,6/11/2023 8:30:00 AM,6/11/2023 8:30:00 AM,,Assessing,Investigating,-7751739.264686667,5547750.476083447
WATERVILLE,92,6/11/2023 8:30:00 AM,6/11/2023 8:30:00 AM,,Assessing,Investigating,-7754113.509076499,5550488.319351455
