BgName,NumOut,EtrMin,EtrMax,Desc,Status,Cause,x,y
HARPSWELL,14,11/3/2023 3:00:00 PM,11/3/2023 3:00:00 PM,,Assessing,Investigating,-7785824.647170395,5435559.4835876245
"CHINA,PALERMO",15,11/3/2023 1:15:00 PM,11/3/2023 1:15:00 PM,,Assessing,Investigating,-7734015.509715974,5527740.527896673
