BgName,NumOut,EtrMin,EtrMax,Desc,Status,Cause,x,y
AUGUSTA,86,3/10/2023 6:30:00 AM,3/10/2023 6:30:00 AM,,Assessing,Investigating,-7763791.770277026,5512351.509602894
AUGUSTA,34,3/10/2023 6:30:00 AM,3/10/2023 6:30:00 AM,,Assessing,Investigating,-7763807.455235828,5512248.444689756
