BgName,NumOut,EtrMin,EtrMax,Desc,Status,Cause,x,y
MOUNT VERNON,23,6/1/2024 3:30:00 AM,6/1/2024 3:30:00 AM,,Crew Assigned,Investigating,-7783427.337359564,5532560.076962437
TURNER,1,6/1/2024 4:15:00 AM,6/1/2024 4:15:00 AM,,Assessing,Investigating,-7821797.473786812,5495510.970816443
DOVER-FOXCROFT,19,6/1/2024 4:30:00 AM,6/1/2024 4:30:00 AM,,Assessing,Investigating,-7707942.102779847,5650926.481472876
