BgName,NumOut,EtrMin,EtrMax,Desc,Status,Cause,x,y
CAMDEN,76,9/20/2024 8:30:00 PM,9/20/2024 8:30:00 PM,,Repairs in Progress,Investigating,-7689130.322199657,5498557.648677438
SACO,1,9/20/2024 8:30:00 PM,9/20/2024 8:30:00 PM,,Assessing,Investigating,-7842440.259618183,5394234.076694556
EMBDEN,1,9/20/2024 8:00:00 PM,9/20/2024 8:00:00 PM,,Assessing,Investigating,-7777785.54315335,5611317.684764542
WINDHAM,3,9/20/2024 7:45:00 PM,9/20/2024 7:45:00 PM,,Repairs in Progress,Investigating,-7843596.6242309855,5446177.701734218
