BgName,NumOut,EtrMin,EtrMax,Desc,Status,Cause,x,y
MONMOUTH,22,6/3/2024 9:45:00 AM,6/3/2024 9:45:00 AM,,Repairs in Progress,Investigating,-7796386.317619012,5502479.696230216
WELLS,1,6/3/2024 8:15:00 AM,6/3/2024 8:15:00 AM,,Repairs in Progress,Investigating,-7855443.71196269,5363702.860849607
CARMEL,2,6/3/2024 8:45:00 AM,6/3/2024 8:45:00 AM,,Repairs in Progress,Investigating,-7683854.724538635,5590660.534591512
