BgName,NumOut,EtrMin,EtrMax,Desc,Status,Cause,x,y
BURNHAM,1,6/6/2023 10:00:00 AM,6/6/2023 10:00:00 AM,,Assessing,Tree,-7717917.720561449,5568865.300732912
JEFFERSON,3,6/6/2023 10:30:00 AM,6/6/2023 10:30:00 AM,,Assessing,Investigating,-7739814.498196099,5504374.6016664365
