BgName,NumOut,EtrMin,EtrMax,Desc,Status,Cause,x,y
ARROWSIC,50,8/16/2024 1:45:00 PM,8/16/2024 1:45:00 PM,,Crew Assigned,Investigating,-7769058.98565435,5448240.740043506
OTISFIELD,1,8/16/2024 1:15:00 PM,8/16/2024 1:15:00 PM,,Crew Assigned,Investigating,-7850884.288235229,5479808.68028953
STANDISH,167,8/16/2024 2:45:00 PM,8/16/2024 2:45:00 PM,,Repairs in Progress,Investigating,-7853767.874917294,5424538.640245009
"DAVIS,STETSONTOWN",72,8/16/2024 3:30:00 PM,8/16/2024 3:30:00 PM,,Assessing,Investigating,-7878811.4096447835,5637435.025140223
