BgName,NumOut,EtrMin,EtrMax,Desc,Status,Cause,x,y
HARPSWELL,6,5/24/2021 12:15:00 PM,5/24/2021 12:15:00 PM,,Assessing,Investigating,-7781761.040494096,5443432.483825086
BOWDOIN,5,5/24/2021 1:30:00 PM,5/24/2021 1:30:00 PM,,Assessing,Investigating,-7794935.301453325,5472414.100274936
"LITCHFIELD,BOWDOIN",132,5/24/2021 11:30:00 AM,5/24/2021 11:30:00 AM,,Assessing,Investigating,-7789892.717743881,5486349.688162825
NEWRY,16,5/24/2021 12:45:00 PM,5/24/2021 12:45:00 PM,,Assessing,Investigating,-7887430.788761039,5539331.21109205
"BUXTON,STANDISH,GORHAM",661,5/24/2021 1:30:00 PM,5/24/2021 1:30:00 PM,,Assessing,Investigating,-7857772.448908415,5415932.671313627
BUXTON,46,5/24/2021 12:30:00 PM,5/24/2021 12:30:00 PM,,Assessing,Investigating,-7854201.43096928,5406140.7256983565
ISLESBORO,2,5/24/2021 1:00:00 PM,5/24/2021 1:00:00 PM,,Assessing,Investigating,-7672050.761984171,5509452.40029717
