BgName,NumOut,EtrMin,EtrMax,Desc,Status,Cause,x,y
HARPSWELL,19,5/4/2021 8:45:00 AM,5/4/2021 8:45:00 AM,,Assessing,Investigating,-7780290.031346911,5434157.948113077
WATERBORO,4,5/4/2021 9:15:00 AM,5/4/2021 9:15:00 AM,,Crew Assigned,Investigating,-7870928.720629268,5400289.691502214
YORK,5,5/4/2021 9:15:00 AM,5/4/2021 9:15:00 AM,,Crew Assigned,Investigating,-7861893.140289194,5335734.760886227
