BgName,NumOut,EtrMin,EtrMax,Desc,Status,Cause,x,y
BERWICK,2,11/2/2023 7:30:00 PM,11/2/2023 7:30:00 PM,,Investigating,Investigating,-7889297.852979075,5357165.381981449
RICHMOND,2,11/2/2023 7:30:00 PM,11/2/2023 7:30:00 PM,,Assessing,Investigating,-7777498.238625219,5480339.6304265065
