BgName,NumOut,EtrMin,EtrMax,Desc,Status,Cause,x,y
OXFORD,54,3/11/2021 7:00:00 AM,3/11/2021 7:00:00 AM,,Assessing,Investigating,-7848606.557889743,5484548.159664792
GREENE,30,3/11/2021 8:30:00 AM,3/11/2021 8:30:00 AM,,Assessing,Investigating,-7804238.304664661,5485561.0105857905
LIMINGTON,280,3/11/2021 9:00:00 AM,3/11/2021 9:00:00 AM,,Assessing,Investigating,-7869062.905809903,5427496.428082552
