BgName,NumOut,EtrMin,EtrMax,Desc,Status,Cause,x,y
BRUNSWICK,44,7/27/2022 10:30:00 AM,7/27/2022 10:30:00 AM,,Assessing,Investigating,-7794340.721740557,5444718.500726159
YARMOUTH,8,7/27/2022 10:00:00 AM,7/27/2022 10:00:00 AM,,Assessing,Investigating,-7808055.171723935,5428616.653558419
FREEPORT,22,7/27/2022 8:45:00 AM,7/27/2022 8:45:00 AM,,Assessing,Investigating,-7804420.056029433,5439040.692172898
ETNA,5,7/27/2022 10:15:00 AM,7/27/2022 10:15:00 AM,,Assessing,Investigating,-7699797.81291064,5590117.874449359
WILTON,36,7/27/2022 2:30:00 PM,7/27/2022 2:30:00 PM,,Assessing,Investigating,-7820881.815336783,5560884.748434329
 ,5,7/27/2022 8:45:00 AM,7/27/2022 8:45:00 AM,,Assessing,Investigating,-7788720.746159584,5452129.425122959
