BgName,NumOut,EtrMin,EtrMax,Desc,Status,Cause,x,y
"LISBON,BOWDOIN,SABATTUS",289,6/11/2024 5:15:00 PM,6/11/2024 5:15:00 PM,,Crew Assigned,Investigating,-7796142.160593114,5471518.577774647
SEARSMONT,2,6/11/2024 5:00:00 PM,6/11/2024 5:00:00 PM,,Crew Assigned,Investigating,-7696624.439321496,5519825.870304435
BELFAST,2,6/11/2024 5:15:00 PM,6/11/2024 5:15:00 PM,,Crew Assigned,Investigating,-7689460.94101674,5535188.812964993
