BgName,NumOut,EtrMin,EtrMax,Desc,Status,Cause,x,y
LIMINGTON,4,4/24/2024 11:15:00 AM,4/24/2024 11:15:00 AM,,Crew Assigned,Investigating,-7868814.206999621,5422326.963307338
TOPSHAM,5,4/24/2024 10:45:00 AM,4/24/2024 10:45:00 AM,,Assessing,Investigating,-7781540.2271006415,5455972.01686197
