BgName,NumOut,EtrMin,EtrMax,Desc,Status,Cause,x,y
"BRISTOL,DAMARISCOTTA",122,4/1/2022 8:15:00 PM,4/1/2022 8:15:00 PM,,Assessing,Investigating,-7736515.188926036,5461617.5648486335
STONEHAM,19,4/1/2022 7:15:00 PM,4/1/2022 7:15:00 PM,,Assessing,Investigating,-7882365.150843158,5498255.5863269875
