BgName,NumOut,EtrMin,EtrMax,Desc,Status,Cause,x,y
SUMNER,63,3/20/2022 12:15:00 PM,3/20/2022 12:15:00 PM,,Assessing,Investigating,-7840149.63844183,5526089.484135629
NAPLES,10,3/20/2022 12:30:00 PM,3/20/2022 12:30:00 PM,,Assessing,Investigating,-7861162.160781267,5456613.893379307
YORK,2,3/20/2022 11:30:00 AM,3/20/2022 11:30:00 AM,,Assessing,Investigating,-7865554.026432879,5332306.635785608
OAKLAND,3,3/20/2022 12:00:00 PM,3/20/2022 12:00:00 PM,,Assessing,Investigating,-7756853.226501587,5553420.797713046
