BgName,NumOut,EtrMin,EtrMax,Desc,Status,Cause,x,y
MINOT,88,4/13/2022 7:15:00 PM,4/13/2022 7:15:00 PM,,Assessing,Investigating,-7834793.389794637,5483083.8257218925
BELGRADE,6,4/13/2022 6:45:00 PM,4/13/2022 6:45:00 PM,,Assessing,Investigating,-7768339.405307418,5544487.864704765
