BgName,NumOut,EtrMin,EtrMax,Desc,Status,Cause,x,y
WALDOBORO,1,5/14/2021 8:15:00 AM,5/14/2021 8:15:00 AM,,Assessing,Investigating,-7727545.865858833,5489406.226773768
"WINDHAM,GRAY",1039,5/14/2021 7:00:00 AM,5/14/2021 7:00:00 AM,,Assessing,Vehicle Accident,-7842043.26089094,5441220.37462584
"CORNISH,PARSONSFIELD",152,5/14/2021 7:00:00 AM,5/14/2021 7:00:00 AM,,Assessing,Vehicle Accident,-7883838.21939578,5435130.014341808
YORK,2,5/14/2021 7:00:00 AM,5/14/2021 7:00:00 AM,,Assessing,Investigating,-7861114.482707207,5344965.893999886
