BgName,NumOut,EtrMin,EtrMax,Desc,Status,Cause,x,y
"BRISTOL,BREMEN",43,1/2/2024 4:00:00 PM,1/2/2024 4:00:00 PM,,Repairs in Progress,Tree,-7736513.875355534,5461614.48652989
WESTPORT,27,1/2/2024 5:30:00 PM,1/2/2024 5:30:00 PM,,Crew Assigned,Investigating,-7759525.128008941,5452600.6711803675
RANGELEY PLT,2,1/2/2024 4:30:00 PM,1/2/2024 4:30:00 PM,,Assessing,Investigating,-7877018.932124144,5609226.228495385
