BgName,NumOut,EtrMin,EtrMax,Desc,Status,Cause,x,y
GLENBURN,16,1/18/2023 11:30:00 AM,1/18/2023 11:30:00 AM,,Assessing,Investigating,-7670904.193437753,5599807.453864429
AUGUSTA,24,1/18/2023 11:15:00 AM,1/18/2023 11:15:00 AM,,Assessing,Investigating,-7767258.615498166,5516510.947191506
BRUNSWICK,105,1/18/2023 11:15:00 AM,1/18/2023 11:15:00 AM,,Assessing,Investigating,-7799085.971093798,5455528.2378812535
TOPSHAM,8,1/18/2023 10:15:00 AM,1/18/2023 10:15:00 AM,,Assessing,Investigating,-7791664.400785774,5463061.27189287
LITCHFIELD,13,1/18/2023 10:15:00 AM,1/18/2023 10:15:00 AM,,Assessing,Investigating,-7778069.57481761,5490916.481684705
SIDNEY,583,1/18/2023 11:30:00 AM,1/18/2023 11:30:00 AM,,Assessing,System Upgrade,-7770394.986464067,5526912.312287359
FAIRFIELD,5,1/18/2023 11:30:00 AM,1/18/2023 11:30:00 AM,,Assessing,Investigating,-7758307.604430657,5557429.444825658
