BgName,NumOut,EtrMin,EtrMax,Desc,Status,Cause,x,y
JEFFERSON,6,9/13/2023 9:15:00 PM,9/13/2023 9:15:00 PM,,Assessing,Investigating,-7734582.782759807,5496904.760107131
GREENE,13,9/13/2023 8:30:00 PM,9/13/2023 8:30:00 PM,,Assessing,Investigating,-7812729.009634371,5496815.207966199
"LOVELL,STONEHAM",132,9/13/2023 9:00:00 PM,9/13/2023 9:00:00 PM,,Assessing,Investigating,-7890108.70159789,5503148.053047426
"DEXTER,RIPLEY",17,9/13/2023 7:45:00 PM,9/13/2023 7:45:00 PM,,Assessing,Investigating,-7717848.646835647,5625350.717691904
