BgName,NumOut,EtrMin,EtrMax,Desc,Status,Cause,x,y
LOVELL,9,3/7/2022 11:00:00 AM,3/7/2022 11:00:00 AM,,Assessing,Investigating,-7894191.065572378,5489395.443269301
HIRAM,124,3/7/2022 3:15:00 AM,3/7/2022 3:15:00 AM,,Crew Assigned,Investigating,-7885164.012278052,5436532.175913664
FARMINGTON,16,3/7/2022 4:30:00 AM,3/7/2022 4:30:00 AM,,Assessing,Investigating,-7814087.140818329,5573481.172957551
