BgName,NumOut,EtrMin,EtrMax,Desc,Status,Cause,x,y
CUMBERLAND,11,5/15/2021 2:30:00 PM,5/15/2021 2:30:00 PM,,Assessing,Investigating,-7827590.484474993,5437218.132478398
"GREENE,WALES",16,5/15/2021 3:30:00 PM,5/15/2021 3:30:00 PM,,Assessing,Investigating,-7801218.5074993605,5497450.570201714
