BgName,NumOut,EtrMin,EtrMax,Desc,Status,Cause,x,y
YARMOUTH,90,1/16/2024 12:15:00 AM,1/16/2024 12:15:00 AM,,Assessing,Investigating,-7807670.763291121,5428164.619870612
OTISFIELD,2,1/16/2024 12:15:00 AM,1/16/2024 12:15:00 AM,,Assessing,Investigating,-7855741.602942011,5481874.389605996
