BgName,NumOut,EtrMin,EtrMax,Desc,Status,Cause,x,y
CASCO,20,7/6/2021 12:00:00 PM,7/6/2021 12:00:00 PM,,Assessing,Investigating,-7844993.2941578105,5463425.920288291
STETSON,28,7/6/2021 6:30:00 AM,7/6/2021 6:30:00 AM,,Assessing,Investigating,-7688753.338678799,5604046.292753055
