BgName,NumOut,EtrMin,EtrMax,Desc,Status,Cause,x,y
GRAY,92,1/5/2023 12:30:00 PM,1/5/2023 12:30:00 PM,,Assessing,Investigating,-7835778.456044454,5454092.236234299
GRAY,172,1/5/2023 12:30:00 PM,1/5/2023 12:30:00 PM,,Assessing,Investigating,-7836792.342757851,5453407.879906638
