BgName,NumOut,EtrMin,EtrMax,Desc,Status,Cause,x,y
YORK,2,2/11/2024 1:45:00 PM,2/11/2024 1:45:00 PM,,Assessing,Investigating,-7870757.032630103,5336455.295458764
SAINT ALBANS,34,2/11/2024 12:45:00 PM,2/11/2024 12:45:00 PM,,Assessing,Investigating,-7726559.653025451,5609315.873043434
SALEM,1,2/11/2024 12:30:00 PM,2/11/2024 12:30:00 PM,,Assessing,Investigating,-7821870.855635423,5605759.621771738
