BgName,NumOut,EtrMin,EtrMax,Desc,Status,Cause,x,y
HARTLAND,92,2/3/2024 10:45:00 AM,2/3/2024 10:45:00 AM,,Assessing,Investigating,-7737164.74928786,5597898.631914467
KITTERY,2,2/3/2024 12:15:00 PM,2/3/2024 12:15:00 PM,,Crew Assigned,Investigating,-7866636.608448447,5323715.464098226
FREEPORT,2,2/3/2024 12:00:00 PM,2/3/2024 12:00:00 PM,,Assessing,Investigating,-7798771.026022975,5443905.16807774
