BgName,NumOut,EtrMin,EtrMax,Desc,Status,Cause,x,y
FRIENDSHIP,9,5/2/2021 1:30:00 PM,5/2/2021 1:30:00 PM,,Assessing,Investigating,-7719100.579233488,5464519.81305878
WAYNE,3,5/2/2021 1:15:00 PM,5/2/2021 1:15:00 PM,,Assessing,Investigating,-7796513.466758362,5514008.236798384
POLAND,8,5/2/2021 2:15:00 PM,5/2/2021 2:15:00 PM,,Assessing,Investigating,-7844245.839506493,5471217.746419538
"WATERFORD,LOVELL,STONEHAM,ALBANY",1132,5/2/2021 1:45:00 PM,5/2/2021 1:45:00 PM,,Assessing,Investigating,-7872941.154383798,5504890.410945896
