BgName,NumOut,EtrMin,EtrMax,Desc,Status,Cause,x,y
MINOT,12,8/17/2021 1:00:00 PM,8/17/2021 1:00:00 PM,,Assessing,Investigating,-7827660.515572546,5492496.736929728
YORK,8,8/17/2021 11:15:00 AM,8/17/2021 11:15:00 AM,,Crew Assigned,Investigating,-7871719.378445134,5336093.052573031
NEW GLOUCESTER,3,8/17/2021 12:30:00 PM,8/17/2021 12:30:00 PM,,Assessing,Investigating,-7823879.437678084,5460090.272870582
GRAY,2,8/17/2021 12:30:00 PM,8/17/2021 12:30:00 PM,,Assessing,Investigating,-7831816.628706835,5444806.66563708
