BgName,NumOut,EtrMin,EtrMax,Desc,Status,Cause,x,y
NEWPORT,48,3/17/2021 4:30:00 PM,3/17/2021 4:30:00 PM,,Assessing,Investigating,-7705872.873744838,5595915.708021658
MONMOUTH,1,3/17/2021 4:00:00 PM,3/17/2021 4:00:00 PM,,Assessing,Investigating,-7794029.63949404,5508374.600044243
ROME,1,3/17/2021 4:45:00 PM,3/17/2021 4:45:00 PM,,Assessing,Investigating,-7779613.565064782,5552215.206526168
