BgName,NumOut,EtrMin,EtrMax,Desc,Status,Cause,x,y
BRUNSWICK,106,7/24/2024 8:15:00 AM,7/24/2024 8:15:00 AM,,Assessing,Investigating,-7799085.971093798,5455528.2378812535
CASCO,20,7/24/2024 8:00:00 AM,7/24/2024 8:00:00 AM,,Assessing,Investigating,-7855624.672942656,5452372.964860972
