BgName,NumOut,EtrMin,EtrMax,Desc,Status,Cause,x,y
HERMON,29,8/19/2021 9:30:00 AM,8/19/2021 9:30:00 AM,,Assessing,Investigating,-7670760.290743335,5591379.681081254
LEWISTON,9,8/19/2021 10:15:00 AM,8/19/2021 10:15:00 AM,,Assessing,Investigating,-7812072.647658362,5484966.964871873
HOLLIS,9,8/19/2021 9:00:00 AM,8/19/2021 9:00:00 AM,,Crew Assigned,Investigating,-7863610.388092593,5411001.064267117
WINSLOW,1,8/19/2021 10:15:00 AM,8/19/2021 10:15:00 AM,,Assessing,Investigating,-7751560.274112507,5548626.65868434
WINSLOW,37,8/19/2021 10:30:00 AM,8/19/2021 10:30:00 AM,,Assessing,Investigating,-7739498.4955413425,5548178.671958813
