BgName,NumOut,EtrMin,EtrMax,Desc,Status,Cause,x,y
AUGUSTA,4,6/28/2024 3:30:00 PM,6/28/2024 3:30:00 PM,,Crew Assigned,Investigating,-7757552.802654473,5509005.013075672
STONEHAM,3,6/28/2024 3:30:00 PM,6/28/2024 3:30:00 PM,,Crew Assigned,Investigating,-7884730.701100195,5505112.213723638
BERWICK,4,6/28/2024 4:00:00 PM,6/28/2024 4:00:00 PM,,Crew Assigned,Investigating,-7882728.575585409,5355315.470595722
