BgName,NumOut,EtrMin,EtrMax,Desc,Status,Cause,x,y
ST GEORGE,39,4/16/2023 11:30:00 AM,4/16/2023 11:30:00 AM,,Assessing,Investigating,-7701344.6751729315,5464191.668629879
PORTLAND,104,4/16/2023 11:00:00 AM,4/16/2023 11:00:00 AM,,Assessing,Investigating,-7821899.620536799,5412628.500186032
PORTLAND,255,4/16/2023 11:15:00 AM,4/16/2023 11:15:00 AM,,Assessing,Animal,-7822434.800153078,5412109.073610919
