BgName,NumOut,EtrMin,EtrMax,Desc,Status,Cause,x,y
KENNEBUNKPORT,6,7/8/2023 6:15:00 AM,7/8/2023 6:15:00 AM,,Investigating,Investigating,-7844709.815012071,5371697.970589903
KENNEBUNKPORT,17,7/8/2023 6:15:00 AM,7/8/2023 6:15:00 AM,,Investigating,Investigating,-7845212.071071492,5370827.20502446
KENNEBUNKPORT,15,7/8/2023 6:15:00 AM,7/8/2023 6:15:00 AM,,Investigating,Investigating,-7844924.797077545,5375352.028419814
"BIDDEFORD,KENNEBUNKPORT",1333,7/8/2023 5:30:00 AM,7/8/2023 5:30:00 AM,,Assessing,Investigating,-7842938.603598159,5377505.413201471
HIRAM,64,7/8/2023 5:30:00 AM,7/8/2023 5:30:00 AM,,Assessing,Investigating,-7890052.629927467,5445879.798791232
UNITY,28,7/8/2023 6:00:00 AM,7/8/2023 6:00:00 AM,,Assessing,Investigating,-7718344.85352299,5561720.003442144
