BgName,NumOut,EtrMin,EtrMax,Desc,Status,Cause,x,y
ROCKLAND,130,10/7/2021 3:30:00 PM,10/7/2021 3:30:00 PM,,Assessing,Investigating,-7695147.9866805,5481172.302241737
NEWFIELD,1,10/7/2021 3:00:00 PM,10/7/2021 3:00:00 PM,,Assessing,Investigating,-7897828.608083619,5405313.767321447
