BgName,NumOut,EtrMin,EtrMax,Desc,Status,Cause,x,y
WATERBORO,64,11/4/2024 1:30:00 PM,11/4/2024 1:30:00 PM,,Investigating,Investigating,-7872821.026104069,5409801.059033662
WATERBORO,16,11/4/2024 1:30:00 PM,11/4/2024 1:30:00 PM,,Investigating,Investigating,-7872401.929238679,5409356.894538972
BOOTHBAY,4,11/4/2024 12:00:00 PM,11/4/2024 12:00:00 PM,,Assessing,Investigating,-7752751.080982296,5447447.854208495
DURHAM,4,11/4/2024 12:00:00 PM,11/4/2024 12:00:00 PM,,Assessing,Investigating,-7797518.136253385,5461831.608884663
FAYETTE,2,11/4/2024 1:00:00 PM,11/4/2024 1:00:00 PM,,Crew Assigned,Investigating,-7799950.199970082,5537467.432882825
PORTLAND,55,11/4/2024 12:45:00 PM,11/4/2024 12:45:00 PM,,Crew Assigned,Investigating,-7825174.473028287,5415379.705886367
