BgName,NumOut,EtrMin,EtrMax,Desc,Status,Cause,x,y
DENMARK,44,1/6/2024 3:45:00 PM,1/6/2024 3:45:00 PM,,Assessing,Investigating,-7876669.099497833,5460237.172173298
ALFRED,2,1/6/2024 3:00:00 PM,1/6/2024 3:00:00 PM,,Crew Assigned,Investigating,-7877055.533898648,5384976.489343636
