BgName,NumOut,EtrMin,EtrMax,Desc,Status,Cause,x,y
MT VERNON,1,4/19/2021 8:00:00 PM,4/19/2021 8:00:00 PM,,Assessing,Investigating,-7794684.654462119,5538752.127489945
FARMINGTON,19,4/19/2021 9:00:00 PM,4/19/2021 9:00:00 PM,,Assessing,Investigating,-7812229.30753403,5573812.0966631835
VASSALBORO,1,4/19/2021 9:00:00 PM,4/19/2021 9:00:00 PM,,Assessing,Investigating,-7750504.419817754,5523864.416967614
ROME,1,4/19/2021 9:00:00 PM,4/19/2021 9:00:00 PM,,Assessing,Investigating,-7783308.303404901,5547121.702994284
