BgName,NumOut,EtrMin,EtrMax,Desc,Status,Cause,x,y
BOOTHBAY,1,6/5/2021 5:45:00 PM,6/5/2021 5:45:00 PM,,Assessing,Investigating,-7753530.272862416,5453896.347365425
PARIS,3,6/5/2021 5:45:00 PM,6/5/2021 5:45:00 PM,,Assessing,Investigating,-7849571.041097516,5502456.622367779
PALERMO,2,6/5/2021 4:30:00 PM,6/5/2021 4:30:00 PM,,Assessing,Investigating,-7729939.123533429,5520715.500336323
FRYEBURG,3,6/5/2021 4:15:00 PM,6/5/2021 4:15:00 PM,,Assessing,Investigating,-7898120.587945635,5467657.311866378
