BgName,NumOut,EtrMin,EtrMax,Desc,Status,Cause,x,y
WINTHROP,234,5/21/2021 10:00:00 AM,5/21/2021 10:00:00 AM,,Assessing,Investigating,-7788720.356523403,5514348.766566863
FALMOUTH,48,5/21/2021 2:30:00 AM,5/21/2021 2:30:00 AM,,Assessing,Investigating,-7819231.982502263,5418799.876893241
 ,12,5/21/2021 8:30:00 AM,5/21/2021 8:30:00 AM,,Assessing,Tree,-7819285.237819868,5418660.350049031
WATERBORO,76,5/21/2021 10:00:00 AM,5/21/2021 10:00:00 AM,,Crew Assigned,Investigating,-7872821.029607996,5409801.064428694
