BgName,NumOut,EtrMin,EtrMax,Desc,Status,Cause,x,y
AUBURN,165,3/20/2022 3:45:00 AM,3/20/2022 3:45:00 AM,,Assessing,Investigating,-7820133.3809887245,5481716.617194329
NAPLES,7,3/20/2022 3:30:00 AM,3/20/2022 3:30:00 AM,,Assessing,Investigating,-7860908.463675559,5455687.5240583075
