BgName,NumOut,EtrMin,EtrMax,Desc,Status,Cause,x,y
GORHAM,47,9/27/2023 12:30:00 PM,9/27/2023 12:30:00 PM,,Assessing,Equipment Interruption,-7843100.718180191,5419423.570003798
WINDHAM,32,9/27/2023 12:30:00 PM,9/27/2023 12:30:00 PM,,Assessing,Investigating,-7838735.680561696,5438987.779920603
WINDHAM,27,9/27/2023 1:30:00 PM,9/27/2023 1:30:00 PM,,Assessing,Equipment Interruption,-7838785.384703877,5438489.718816309
WELLS,9,9/27/2023 11:45:00 AM,9/27/2023 11:45:00 AM,,Assessing,Investigating,-7867077.478187864,5364104.7363361055
