BgName,NumOut,EtrMin,EtrMax,Desc,Status,Cause,x,y
HARPSWELL,1,4/9/2021 5:15:00 PM,4/9/2021 5:15:00 PM,,Assessing,Investigating,-7791612.125164904,5432413.699223422
WATERBORO,1,4/9/2021 7:00:00 PM,4/9/2021 7:00:00 PM,,Crew Assigned,Investigating,-7880692.842648201,5401439.433155219
