BgName,NumOut,EtrMin,EtrMax,Desc,Status,Cause,x,y
 ,2,3/7/2022 10:15:00 AM,3/7/2022 10:15:00 AM,,Assessing,Investigating,-7875966.183706325,5565982.548612841
LOVELL,9,3/7/2022 11:00:00 AM,3/7/2022 11:00:00 AM,,Assessing,Investigating,-7894191.065572378,5489395.443269301
MEXICO,1,3/7/2022 9:45:00 AM,3/7/2022 9:45:00 AM,,Assessing,Investigating,-7851602.054050855,5552945.107313167
KENNEBUNKPORT,1,3/7/2022 10:00:00 AM,3/7/2022 10:00:00 AM,,Assessing,Investigating,-7844767.805430472,5367295.041361713
