BgName,NumOut,EtrMin,EtrMax,Desc,Status,Cause,x,y
BENTON,4,6/14/2024 5:45:00 PM,6/14/2024 5:45:00 PM,,Repairs in Progress,Investigating,-7735530.16722609,5555989.893615234
"ROME,MERCER",87,6/14/2024 5:30:00 PM,6/14/2024 5:30:00 PM,,Repairs in Progress,Investigating,-7781161.495923335,5555412.374068763
BELGRADE,185,6/14/2024 7:00:00 PM,6/14/2024 7:00:00 PM,,Assessing,Investigating,-7776438.287844585,5541991.958811355
RICHMOND,4,6/14/2024 7:00:00 PM,6/14/2024 7:00:00 PM,,Crew Assigned,Investigating,-7770398.58208925,5487798.938216176
