BgName,NumOut,EtrMin,EtrMax,Desc,Status,Cause,x,y
HARPSWELL,19,8/1/2024 5:15:00 PM,8/1/2024 5:15:00 PM,,Assessing,Investigating,-7785669.968712865,5435610.401728735
WOOLWICH,60,8/1/2024 5:30:00 PM,8/1/2024 5:30:00 PM,,Assessing,Investigating,-7770333.504737262,5452629.924801645
NORWAY,162,8/1/2024 4:45:00 PM,8/1/2024 4:45:00 PM,,Repairs in Progress,Investigating,-7856973.86511968,5503535.278889006
HOLLIS,2,8/1/2024 5:30:00 PM,8/1/2024 5:30:00 PM,,Repairs in Progress,Investigating,-7863137.48068804,5407974.412560123
