BgName,NumOut,EtrMin,EtrMax,Desc,Status,Cause,x,y
STOW,40,9/8/2023 5:15:00 AM,9/8/2023 5:15:00 AM,,Assessing,Investigating,-7899246.617999873,5490076.561884884
BRIDGTON,30,9/8/2023 9:00:00 AM,9/8/2023 9:00:00 AM,,Assessing,Investigating,-7878785.004685282,5472027.212481582
