BgName,NumOut,EtrMin,EtrMax,Desc,Status,Cause,x,y
PITTSTON,83,7/19/2021 7:00:00 AM,7/19/2021 7:00:00 AM,,Assessing,Investigating,-7756763.914820042,5493765.679598418
HARRISON,42,7/19/2021 8:15:00 AM,7/19/2021 8:15:00 AM,,Assessing,Investigating,-7868163.978690051,5482685.618841181
HARRISON,65,7/19/2021 8:15:00 AM,7/19/2021 8:15:00 AM,,Assessing,Investigating,-7868326.905881775,5483463.830729077
SANFORD,33,7/19/2021 8:00:00 AM,7/19/2021 8:00:00 AM,,Crew Assigned,Investigating,-7879616.861822453,5379076.777294981
SANFORD,44,7/19/2021 8:00:00 AM,7/19/2021 8:00:00 AM,,Crew Assigned,Investigating,-7879615.414702449,5379078.27972755
NEWPORT,29,7/19/2021 7:30:00 AM,7/19/2021 7:30:00 AM,,Assessing,Investigating,-7704312.040942981,5599619.480840103
