BgName,NumOut,EtrMin,EtrMax,Desc,Status,Cause,x,y
"DOVER-FOXCROFT,SEBEC",76,9/9/2023 12:00:00 AM,9/9/2023 12:00:00 AM,,Assessing,Investigating,-7703860.184003742,5662355.27511935
"NEW VINEYARD,ANSON",100,9/7/2023 10:45:00 PM,9/7/2023 10:45:00 PM,,Assessing,Investigating,-7804120.395068678,5595163.111402658
ANSON,28,9/7/2023 10:45:00 PM,9/7/2023 10:45:00 PM,,Assessing,Investigating,-7793702.7386390995,5597039.154536662
EMBDEN,76,9/7/2023 10:45:00 PM,9/7/2023 10:45:00 PM,,Assessing,Investigating,-7782795.087175928,5608975.096357207
