BgName,NumOut,EtrMin,EtrMax,Desc,Status,Cause,x,y
MADISON,3,1/31/2022 6:45:00 PM,1/31/2022 6:45:00 PM,,Assessing,Investigating,-7767815.001454258,5594722.567820404
PARIS,1,1/31/2022 6:15:00 PM,1/31/2022 6:15:00 PM,,Assessing,Investigating,-7845621.136106573,5496149.782610482
BOOTHBAY,4,1/31/2022 6:15:00 PM,1/31/2022 6:15:00 PM,,Assessing,Equipment Interruption,-7746196.222029615,5438336.068676746
