BgName,NumOut,EtrMin,EtrMax,Desc,Status,Cause,x,y
BREMEN,34,4/11/2024 10:30:00 AM,4/11/2024 10:30:00 AM,,Assessing,Investigating,-7728791.119079556,5465266.881565861
WATERBORO,6,4/11/2024 10:15:00 AM,4/11/2024 10:15:00 AM,,Assessing,Investigating,-7873090.890308326,5413278.274505799
"NORTH BERWICK,BIDDEFORD",18,4/11/2024 11:15:00 AM,4/11/2024 11:15:00 AM,,Assessing,Investigating,-7880029.85715738,5358254.337463209
SOUTH BERWICK,3,4/11/2024 9:15:00 AM,4/11/2024 9:15:00 AM,,Assessing,Investigating,-7881937.0382849965,5343631.526437748
