BgName,NumOut,EtrMin,EtrMax,Desc,Status,Cause,x,y
ARUNDEL,5,7/24/2022 10:30:00 AM,7/24/2022 10:30:00 AM,,Crew Assigned,Investigating,-7855285.382217657,5385021.131416174
WATERBORO,7,7/24/2022 11:15:00 AM,7/24/2022 11:15:00 AM,,Crew Assigned,Investigating,-7873526.43889088,5411164.690363462
