BgName,NumOut,EtrMin,EtrMax,Desc,Status,Cause,x,y
CLIFF ISLAND,11,4/10/2024 12:15:00 PM,4/10/2024 12:15:00 PM,,Assessing,Investigating,-7803617.286655074,5419047.895589504
BOWDOIN,4,4/10/2024 1:30:00 PM,4/10/2024 1:30:00 PM,,Assessing,Investigating,-7788346.456654585,5470992.3344307
SEBAGO,16,4/10/2024 5:00:00 PM,4/10/2024 5:00:00 PM,,Assessing,Investigating,-7875772.387557805,5449316.1430768855
