BgName,NumOut,EtrMin,EtrMax,Desc,Status,Cause,x,y
NOBLEBORO,6,6/15/2023 5:00:00 PM,6/15/2023 5:00:00 PM,,Assessing,Tree,-7734148.736859453,5488385.767455878
PARSONSFIELD,95,6/15/2023 3:15:00 PM,6/15/2023 3:15:00 PM,,Assessing,Investigating,-7899369.091705232,5418097.229271777
KENNEBUNKPORT,4,6/15/2023 2:30:00 PM,6/15/2023 2:30:00 PM,,Crew Assigned,Investigating,-7841545.852057835,5368965.7674073195
SANFORD,2,6/15/2023 1:45:00 PM,6/15/2023 1:45:00 PM,,Assessing,System Upgrade,-7874149.883717212,5376422.1359260725
