BgName,NumOut,EtrMin,EtrMax,Desc,Status,Cause,x,y
YARMOUTH,8,5/29/2024 9:00:00 AM,5/29/2024 9:00:00 AM,,Repairs in Progress,Investigating,-7808055.171723935,5428616.653558419
SABATTUS,3,5/29/2024 9:15:00 AM,5/29/2024 9:15:00 AM,,Assessing,Investigating,-7801188.72946381,5478224.878338686
WINDHAM,21,5/29/2024 8:30:00 AM,5/29/2024 8:30:00 AM,,Crew Assigned,Investigating,-7832562.224377082,5434936.148209495
BELGRADE,10,5/29/2024 10:00:00 AM,5/29/2024 10:00:00 AM,,Crew Assigned,Investigating,-7767647.29861635,5551500.361139454
