BgName,NumOut,EtrMin,EtrMax,Desc,Status,Cause,x,y
BERWICK,116,5/9/2023 3:30:00 PM,5/9/2023 3:30:00 PM,,Assessing,Investigating,-7893178.191792927,5361951.179545747
POLAND,1,5/9/2023 4:00:00 PM,5/9/2023 4:00:00 PM,,Crew Assigned,Investigating,-7840074.286287531,5473572.058238271
