BgName,NumOut,EtrMin,EtrMax,Desc,Status,Cause,x,y
HALLOWELL,23,7/16/2024 11:45:00 AM,7/16/2024 11:45:00 AM,,Assessing,Investigating,-7769680.426637442,5510858.099351718
PARIS,17,7/16/2024 12:00:00 PM,7/16/2024 12:00:00 PM,,Crew Assigned,Investigating,-7848054.602493523,5504272.776673424
RAYMOND,11,7/16/2024 11:30:00 AM,7/16/2024 11:30:00 AM,,Crew Assigned,Investigating,-7841328.055441566,5459357.373593277
CANAAN,38,7/16/2024 11:45:00 AM,7/16/2024 11:45:00 AM,,Crew Assigned,Investigating,-7743587.928429251,5585141.61629554
