BgName,NumOut,EtrMin,EtrMax,Desc,Status,Cause,x,y
"BOOTHBAY HBR,BOOTHBAY HARBOR",143,4/13/2023 9:45:00 AM,4/13/2023 9:45:00 AM,,Assessing,Investigating,-7749973.748748649,5442807.179750625
GEORGETOWN,2,4/13/2023 11:45:00 AM,4/13/2023 11:45:00 AM,,Assessing,Investigating,-7767197.94638105,5436911.941877644
"WINDHAM,SO PORTLAND",254,4/13/2023 10:15:00 AM,4/13/2023 10:15:00 AM,,Assessing,System Upgrade,-7839688.998370163,5426372.624781791
BIDDEFORD,2,4/13/2023 11:00:00 AM,4/13/2023 11:00:00 AM,,Assessing,Investigating,-7845254.627812388,5383741.634184852
AUGUSTA,4,4/13/2023 11:00:00 AM,4/13/2023 11:00:00 AM,,Assessing,Investigating,-7764879.428575325,5512738.348046247
GARDINER,1,4/13/2023 10:45:00 AM,4/13/2023 10:45:00 AM,,Assessing,Investigating,-7767004.550981155,5500668.713937479
