BgName,NumOut,EtrMin,EtrMax,Desc,Status,Cause,x,y
HERMON,13,8/17/2021 6:00:00 AM,8/17/2021 6:00:00 AM,,Assessing,Investigating,-7670197.002960873,5590846.783844016
ST GEORGE,5,8/17/2021 4:45:00 AM,8/17/2021 4:45:00 AM,,Assessing,Investigating,-7701505.765608464,5469993.493339859
SACO,2,8/17/2021 1:30:00 AM,8/17/2021 1:30:00 AM,,Repairs in Progress,Investigating,-7840616.4121799385,5397032.625083677
