BgName,NumOut,EtrMin,EtrMax,Desc,Status,Cause,x,y
BOOTHBAY HBR,22,7/4/2021 11:45:00 PM,7/4/2021 11:45:00 PM,,Crew Assigned,Investigating,-7750127.569946509,5443790.441455681
"ALNA,WHITEFIELD,JEFFERSON,NEWCASTLE",237,7/5/2021 12:30:00 AM,7/5/2021 12:30:00 AM,,Assessing,Investigating,-7750166.220114124,5474789.817986672
SO PORTLAND,1,7/4/2021 11:15:00 PM,7/4/2021 11:15:00 PM,,Assessing,Investigating,-7832225.661105377,5409590.686727155
BALDWIN,20,7/4/2021 11:30:00 PM,7/4/2021 11:30:00 PM,,Assessing,Investigating,-7869079.058292082,5441543.224063974
CARMEL,4,7/5/2021 12:15:00 AM,7/5/2021 12:15:00 AM,,Assessing,Investigating,-7679098.888734205,5592053.692571228
