BgName,NumOut,EtrMin,EtrMax,Desc,Status,Cause,x,y
SIDNEY,904,7/29/2022 2:45:00 AM,7/29/2022 2:45:00 AM,,Assessing,Investigating,-7760633.792222691,5535759.311304132
SIDNEY,128,7/29/2022 2:45:00 AM,7/29/2022 2:45:00 AM,,Assessing,Investigating,-7760632.790301071,5535760.106641922
KITTERY,22,7/29/2022 3:30:00 AM,7/29/2022 3:30:00 AM,,Assessing,Investigating,-7873527.96399819,5325737.747238266
VASSALBORO,17,7/29/2022 3:15:00 AM,7/29/2022 3:15:00 AM,,Assessing,Investigating,-7756477.779200468,5536728.962674755
GORHAM,1,7/29/2022 2:00:00 AM,7/29/2022 2:00:00 AM,,Assessing,Investigating,-7842020.785530502,5412996.973839208
