BgName,NumOut,EtrMin,EtrMax,Desc,Status,Cause,x,y
WARREN,1,8/30/2021 10:15:00 AM,8/30/2021 10:15:00 AM,,Assessing,Investigating,-7707755.186232816,5485099.700482722
LIMINGTON,24,8/30/2021 10:30:00 AM,8/30/2021 10:30:00 AM,,Assessing,Investigating,-7865659.768808049,5417798.47753725
KENNEBUNKPORT,1,8/30/2021 10:45:00 AM,8/30/2021 10:45:00 AM,,Assessing,Investigating,-7844117.532671141,5366919.730120174
