BgName,NumOut,EtrMin,EtrMax,Desc,Status,Cause,x,y
LIVERMORE,4,8/15/2023 12:15:00 AM,8/15/2023 12:15:00 AM,,Investigating,Investigating,-7819140.602204971,5530137.522057995
FREEPORT,15,8/16/2023 12:00:00 AM,8/16/2023 12:00:00 AM,,Assessing,Investigating,-7802405.228895601,5452595.1387540195
LIVERMORE,3,8/15/2023 12:30:00 AM,8/15/2023 12:30:00 AM,,Assessing,Investigating,-7819894.789893709,5530335.90802456
