BgName,NumOut,EtrMin,EtrMax,Desc,Status,Cause,x,y
BOOTHBAY HBR,44,8/23/2021 7:00:00 AM,8/23/2021 7:00:00 AM,,Crew Assigned,Investigating,-7750390.183834265,5439074.238981683
LITCHFIELD,186,8/23/2021 7:00:00 AM,8/23/2021 7:00:00 AM,,Assessing,Investigating,-7780763.517599463,5495361.238418156
LYMAN,1,8/23/2021 5:15:00 AM,8/23/2021 5:15:00 AM,,Crew Assigned,Investigating,-7863508.875852919,5390635.426839578
"NEW PORTLAND,EMBDEN",63,8/23/2021 6:30:00 AM,8/23/2021 6:30:00 AM,,Assessing,Investigating,-7794730.373342928,5609691.644769306
SO PORTLAND,4,8/23/2021 5:45:00 AM,8/23/2021 5:45:00 AM,,Assessing,Investigating,-7827187.697167622,5408209.2528903065
