BgName,NumOut,EtrMin,EtrMax,Desc,Status,Cause,x,y
"SUMNER,WOODSTOCK",88,10/8/2024 12:30:00 PM,10/8/2024 12:30:00 PM,,Repairs in Progress,Investigating,-7845625.755878262,5527589.845660686
KENNEBUNKPORT,10,10/8/2024 1:00:00 PM,10/8/2024 1:00:00 PM,,Repairs in Progress,Investigating,-7844172.201671322,5364329.191824163
SCARBOROUGH,695,10/8/2024 2:30:00 PM,10/8/2024 2:30:00 PM,,Repairs in Progress,Equipment Interruption,-7833048.868659624,5404180.746037726
