BgName,NumOut,EtrMin,EtrMax,Desc,Status,Cause,x,y
BOOTHBAY HBR,4,8/11/2023 12:00:00 PM,8/11/2023 12:00:00 PM,,Assessing,Investigating,-7749201.9817804815,5442581.598991597
BRUNSWICK,35,8/11/2023 12:15:00 PM,8/11/2023 12:15:00 PM,,Assessing,Investigating,-7788302.641304717,5449700.46893742
LISBON,28,8/11/2023 12:45:00 PM,8/11/2023 12:45:00 PM,,Assessing,Investigating,-7805961.541572666,5469289.837722177
HOLLIS,4,8/11/2023 12:30:00 PM,8/11/2023 12:30:00 PM,,Repairs in Progress,Investigating,-7863413.118856061,5411287.734933724
STANDISH,479,8/11/2023 1:00:00 PM,8/11/2023 1:00:00 PM,,Assessing,Investigating,-7850889.943265854,5428515.203072688
