BgName,NumOut,EtrMin,EtrMax,Desc,Status,Cause,x,y
PHIPPSBURG,17,2/17/2023 11:45:00 PM,2/17/2023 11:45:00 PM,,Investigating,Investigating,-7770866.115277539,5432780.716750366
WINTHROP,149,2/17/2023 11:30:00 PM,2/17/2023 11:30:00 PM,,Assessing,Tree,-7790808.320531603,5511456.628721222
