BgName,NumOut,EtrMin,EtrMax,Desc,Status,Cause,x,y
JAY,26,5/26/2022 2:15:00 PM,5/26/2022 2:15:00 PM,,Investigating,Investigating,-7810004.075859106,5545859.042190936
BRUNSWICK,26,5/26/2022 1:00:00 PM,5/26/2022 1:00:00 PM,,Assessing,Investigating,-7783163.209577054,5447219.518701468
WASHINGTON,55,5/26/2022 1:45:00 PM,5/26/2022 1:45:00 PM,,Assessing,Investigating,-7724286.108265595,5507839.9531075135
RAYMOND,16,5/26/2022 1:45:00 PM,5/26/2022 1:45:00 PM,,Crew Assigned,Investigating,-7843625.990305351,5450595.39648641
GREENVILLE,3,5/26/2022 1:30:00 PM,5/26/2022 1:30:00 PM,,Assessing,Investigating,-7743292.297179624,5702553.7501957975
SOLON,92,5/26/2022 2:30:00 PM,5/26/2022 2:30:00 PM,,Assessing,Investigating,-7767558.95551911,5607911.265877764
