BgName,NumOut,EtrMin,EtrMax,Desc,Status,Cause,x,y
WINDHAM,16,7/16/2024 4:00:00 AM,7/16/2024 4:00:00 AM,,Assessing,Investigating,-7843199.792490678,5441629.398402615
"FREEMAN,SALEM",125,7/16/2024 4:00:00 AM,7/16/2024 4:00:00 AM,,Assessing,Vehicle Accident,-7815624.5742253205,5610032.464187511
