BgName,NumOut,EtrMin,EtrMax,Desc,Status,Cause,x,y
NEWCASTLE,18,7/3/2024 6:30:00 PM,7/3/2024 6:30:00 PM,,Crew Assigned,Investigating,-7748566.403170778,5472955.7583401315
"PARIS,WEST PARIS",213,7/3/2024 7:00:00 PM,7/3/2024 7:00:00 PM,,Crew Assigned,Investigating,-7848372.007718413,5507197.261417699
MINOT,83,7/3/2024 7:15:00 PM,7/3/2024 7:15:00 PM,,Crew Assigned,Investigating,-7835425.907177396,5486784.723003307
WATERBORO,62,7/3/2024 7:30:00 PM,7/3/2024 7:30:00 PM,,Assessing,Investigating,-7870994.076392935,5404422.361785855
MONSON,12,7/3/2024 7:00:00 PM,7/3/2024 7:00:00 PM,,Repairs Complete,Tree,-7738683.826145292,5663781.275120382
YARMOUTH,4,7/3/2024 9:00:00 PM,7/3/2024 9:00:00 PM,,Repairs in Progress,Equipment Interruption,-7812551.321418158,5436438.922208827
