BgName,NumOut,EtrMin,EtrMax,Desc,Status,Cause,x,y
KENNEBUNKPORT,132,9/6/2023 11:30:00 AM,9/6/2023 11:30:00 AM,,Assessing,Vehicle Accident,-7845240.011549955,5369246.055642748
SKOWHEGAN,59,9/6/2023 1:00:00 PM,9/6/2023 1:00:00 PM,,Assessing,System Upgrade,-7761603.841361339,5586078.621802279
RANGELEY,11,9/6/2023 1:00:00 PM,9/6/2023 1:00:00 PM,,Assessing,Investigating,-7870151.076081337,5614991.106965319
