BgName,NumOut,EtrMin,EtrMax,Desc,Status,Cause,x,y
"SANFORD,WELLS",281,2/20/2023 8:00:00 PM,2/20/2023 8:00:00 PM,,Assessing,Investigating,-7873377.860762472,5365467.854055106
PORTER,207,2/20/2023 8:30:00 PM,2/20/2023 8:30:00 PM,,Assessing,Investigating,-7893084.026678125,5434982.728708371
