BgName,NumOut,EtrMin,EtrMax,Desc,Status,Cause,x,y
SOUTHPORT,11,9/8/2024 3:45:00 AM,9/8/2024 3:45:00 AM,,Repairs in Progress,Investigating,-7757147.499530727,5439997.501811277
GORHAM,17,9/8/2024 5:00:00 AM,9/8/2024 5:00:00 AM,,Crew Assigned,Investigating,-7843023.028308892,5419438.675499921
"CORNISH,PARSONSFIELD",36,9/8/2024 4:45:00 AM,9/8/2024 4:45:00 AM,,Crew Assigned,Investigating,-7884628.454138029,5424663.619379422
"OAKLAND,WATERVILLE",54,9/8/2024 5:30:00 AM,9/8/2024 5:30:00 AM,,Repairs in Progress,Investigating,-7761949.833488337,5545929.233441223
