BgName,NumOut,EtrMin,EtrMax,Desc,Status,Cause,x,y
ROCKLAND,1,6/22/2023 7:15:00 PM,6/22/2023 7:15:00 PM,,Assessing,Investigating,-7697050.292049859,5485257.701875885
BRISTOL,14,6/22/2023 6:30:00 PM,6/22/2023 6:30:00 PM,,Assessing,Equipment Interruption,-7740161.636906662,5446588.274032415
