BgName,NumOut,EtrMin,EtrMax,Desc,Status,Cause,x,y
CARMEL; NEWBURGH,73,1/16/2024 6:00:00 PM,1/16/2024 6:00:00 PM,,Investigating,Investigating,-7688790.799815324,5582786.059875189
CARMEL,73,1/16/2024 6:00:00 PM,1/16/2024 6:00:00 PM,,Assessing,Investigating,-7690460.812740806,5590443.303526183
