BgName,NumOut,EtrMin,EtrMax,Desc,Status,Cause,x,y
"AUGUSTA,WINDSOR,VASSALBORO",895,6/9/2022 3:45:00 AM,6/9/2022 3:45:00 AM,,Assessing,Vehicle Accident,-7762496.712802048,5516569.66201964
MINOT,111,6/9/2022 2:15:00 AM,6/9/2022 2:15:00 AM,,Assessing,Investigating,-7831620.63960337,5489584.954106319
FALMOUTH,3,6/9/2022 1:00:00 AM,6/9/2022 1:00:00 AM,,Crew Assigned,Investigating,-7814993.637612179,5425382.406278741
