BgName,NumOut,EtrMin,EtrMax,Desc,Status,Cause,x,y
KENNEBUNKPORT,11,1/21/2024 9:45:00 PM,1/21/2024 9:45:00 PM,,Assessing,Investigating,-7843832.064899196,5367751.722075331
"GORHAM,WESTBROOK",199,1/22/2024 12:00:00 AM,1/22/2024 12:00:00 AM,,Assessing,Investigating,-7835371.683475713,5416890.473025862
PORTLAND,34,1/21/2024 9:15:00 PM,1/21/2024 9:15:00 PM,,Assessing,Investigating,-7819539.8254224565,5413916.229584364
