BgName,NumOut,EtrMin,EtrMax,Desc,Status,Cause,x,y
ST GEORGE,3,5/12/2022 11:45:00 AM,5/12/2022 11:45:00 AM,,Assessing,Investigating,-7701346.790240682,5464191.560368684
WINDHAM,6,5/12/2022 12:30:00 PM,5/12/2022 12:30:00 PM,,Crew Assigned,Investigating,-7834631.297537589,5420112.428447514
