BgName,NumOut,EtrMin,EtrMax,Desc,Status,Cause,x,y
SOUTHPORT,2,7/4/2021 8:45:00 AM,7/4/2021 8:45:00 AM,,Assessing,Investigating,-7753979.046249713,5438229.604557823
DOVER-FOXCROFT,3,7/4/2021 8:45:00 AM,7/4/2021 8:45:00 AM,,Assessing,Investigating,-7707026.388567392,5644206.499036856
