BgName,NumOut,EtrMin,EtrMax,Desc,Status,Cause,x,y
NEWCASTLE,91,8/31/2023 11:30:00 PM,8/31/2023 11:30:00 PM,,Assessing,Investigating,-7742123.999207815,5469476.409886639
LEEDS,45,9/1/2023 1:15:00 AM,9/1/2023 1:15:00 AM,,Assessing,Investigating,-7811116.468847093,5510877.679505718
