BgName,NumOut,EtrMin,EtrMax,Desc,Status,Cause,x,y
"BRISTOL,BREMEN",43,1/2/2024 2:45:00 PM,1/2/2024 2:45:00 PM,,Crew Assigned,Investigating,-7736513.875355534,5461614.48652989
WARREN,17,1/2/2024 1:30:00 PM,1/2/2024 1:30:00 PM,,Assessing,Investigating,-7705724.830014668,5481267.01871202
GREENWOOD,3,1/2/2024 1:30:00 PM,1/2/2024 1:30:00 PM,,Crew Assigned,Investigating,-7865228.205386753,5516721.033812548
LOVELL,8,1/2/2024 1:30:00 PM,1/2/2024 1:30:00 PM,,Crew Assigned,Investigating,-7892908.16410566,5501944.927884283
GORHAM,7,1/2/2024 2:30:00 PM,1/2/2024 2:30:00 PM,,Assessing,Investigating,-7845178.975121651,5414742.573049668
CASTINE,5,1/2/2024 2:00:00 PM,1/2/2024 2:00:00 PM,,Assessing,Investigating,-7657946.370974419,5526750.707051713
RANGELEY PLT,15,1/2/2024 1:45:00 PM,1/2/2024 1:45:00 PM,,Assessing,Investigating,-7877381.855905584,5608658.746537317
MADISON,5,1/2/2024 2:30:00 PM,1/2/2024 2:30:00 PM,,Assessing,Investigating,-7763745.272123847,5588871.600613316
