BgName,NumOut,EtrMin,EtrMax,Desc,Status,Cause,x,y
WINDHAM,64,6/8/2022 5:15:00 PM,6/8/2022 5:15:00 PM,,Repairs in Progress,Investigating,-7843952.612848733,5446327.451997039
SCARBOROUGH,29,6/8/2022 4:30:00 PM,6/8/2022 4:30:00 PM,,Assessing,Investigating,-7828407.703124853,5402369.359590721
LINCOLNVILLE,1,6/8/2022 6:30:00 PM,6/8/2022 6:30:00 PM,,Assessing,Investigating,-7694430.744050562,5510191.697722121
