BgName,NumOut,EtrMin,EtrMax,Desc,Status,Cause,x,y
WALDOBORO,50,7/22/2021 3:30:00 PM,7/22/2021 3:30:00 PM,,Assessing,Investigating,-7722756.545069045,5478647.888879763
MT VERNON,8,7/22/2021 2:30:00 PM,7/22/2021 2:30:00 PM,,Assessing,Investigating,-7793312.853275041,5534302.05734936
"NORRIDGEWOCK,SMITHFIELD,FAIRFIELD,SKOWHEGAN",1410,7/22/2021 4:00:00 PM,7/22/2021 4:00:00 PM,,Assessing,Investigating,-7766291.950447897,5579319.336349827
KENNEBUNKPORT,22,7/22/2021 3:15:00 PM,7/22/2021 3:15:00 PM,,Assessing,Investigating,-7839608.024622668,5372032.290963402
