BgName,NumOut,EtrMin,EtrMax,Desc,Status,Cause,x,y
TURNER,6,12/9/2023 1:45:00 PM,12/9/2023 1:45:00 PM,,Assessing,Investigating,-7821428.40512638,5502988.841256979
SACO,4,12/9/2023 12:30:00 PM,12/9/2023 12:30:00 PM,,Crew Assigned,Investigating,-7848917.484361878,5392432.849732047
NEW PORTLAND,26,12/9/2023 1:00:00 PM,12/9/2023 1:00:00 PM,,Assessing,Investigating,-7797611.800507482,5609461.2682792125
