BgName,NumOut,EtrMin,EtrMax,Desc,Status,Cause,x,y
LIMERICK,2,6/22/2021 11:15:00 AM,6/22/2021 11:15:00 AM,,Crew Assigned,Investigating,-7873982.002779926,5415252.374327239
"HERMON,KENDUSKEAG,GLENBURN,LEVANT,CARMEL",1619,6/22/2021 11:00:00 AM,6/22/2021 11:00:00 AM,,Assessing,Vehicle Accident,-7673211.490281976,5591381.093152322
KINGFIELD,4,6/22/2021 10:15:00 AM,6/22/2021 10:15:00 AM,,Assessing,Investigating,-7811170.659211453,5613606.536690902
ELIOT,5,6/22/2021 11:15:00 AM,6/22/2021 11:15:00 AM,,Crew Assigned,Investigating,-7879616.438848949,5328046.365068791
ELIOT,15,6/22/2021 11:15:00 AM,6/22/2021 11:15:00 AM,,Crew Assigned,Investigating,-7879329.813381,5328017.730810567
