BgName,NumOut,EtrMin,EtrMax,Desc,Status,Cause,x,y
WATERFORD,29,8/27/2022 3:15:00 PM,8/27/2022 3:15:00 PM,,Assessing,Investigating,-7871913.875878723,5493716.595648226
PEAKS IS,8,8/27/2022 1:30:00 PM,8/27/2022 1:30:00 PM,,Assessing,Tree,-7814404.779804906,5412427.751431916
