BgName,NumOut,EtrMin,EtrMax,Desc,Status,Cause,x,y
FREEPORT,96,7/18/2022 3:45:00 PM,7/18/2022 3:45:00 PM,,Assessing,Investigating,-7804813.069495305,5438205.935717305
ST GEORGE,1,7/18/2022 4:00:00 PM,7/18/2022 4:00:00 PM,,Repairs in Progress,Investigating,-7703591.247237724,5466554.68764434
 ,3,7/18/2022 5:15:00 PM,7/18/2022 5:15:00 PM,,Assessing,Investigating,-7700189.81344256,5477766.649290599
