BgName,NumOut,EtrMin,EtrMax,Desc,Status,Cause,x,y
"LEWISTON,GREENE",322,11/6/2022 7:45:00 PM,11/6/2022 7:45:00 PM,,Assessing,Vehicle Accident,-7813364.36559483,5488874.673208975
LYMAN,3,11/6/2022 6:45:00 PM,11/6/2022 6:45:00 PM,,Crew Assigned,Investigating,-7863741.310956506,5391115.148654361
SCARBOROUGH,15,11/6/2022 8:00:00 PM,11/6/2022 8:00:00 PM,,Assessing,Investigating,-7828400.767861048,5403818.895385378
