BgName,NumOut,EtrMin,EtrMax,Desc,Status,Cause,x,y
"BRIDGTON,DENMARK,BRIDGETON",79,9/26/2022 4:30:00 PM,9/26/2022 4:30:00 PM,,Assessing,Investigating,-7874317.174694051,5468329.990492887
AUBURN,67,9/26/2022 4:15:00 PM,9/26/2022 4:15:00 PM,,Crew Assigned,Investigating,-7822746.405685396,5479015.590500974
BUCKFIELD,137,9/26/2022 4:00:00 PM,9/26/2022 4:00:00 PM,,Assessing,Investigating,-7835546.343702193,5511742.329624825
"CASCO,OTISFIELD",330,9/26/2022 4:45:00 PM,9/26/2022 4:45:00 PM,,Crew Assigned,Investigating,-7850550.819627904,5466415.719731163
"CUMBERLAND,YARMOUTH",252,9/26/2022 5:00:00 PM,9/26/2022 5:00:00 PM,,Assessing,Investigating,-7814866.622122444,5430851.932204569
SOLON,16,9/26/2022 3:45:00 PM,9/26/2022 3:45:00 PM,,Assessing,Investigating,-7764718.672013554,5609789.67404642
DENMARK,2,9/26/2022 4:00:00 PM,9/26/2022 4:00:00 PM,,Crew Assigned,Investigating,-7881365.858067204,5470137.206818804
