BgName,NumOut,EtrMin,EtrMax,Desc,Status,Cause,x,y
SANFORD,12,11/6/2022 1:30:00 AM,11/6/2022 1:30:00 AM,,Investigating,Investigating,-7871430.581446232,5366862.63299485
SABATTUS,7,11/5/2022 11:45:00 PM,11/5/2022 11:45:00 PM,,Assessing,Investigating,-7805082.818871007,5484303.749101983
