BgName,NumOut,EtrMin,EtrMax,Desc,Status,Cause,x,y
MOOSE RIVER,15,4/16/2022 4:30:00 AM,4/16/2022 4:30:00 AM,,Assessing,Investigating,-7819752.456856472,5724610.56522382
NEW PORTLAND,17,4/16/2022 3:45:00 AM,4/16/2022 3:45:00 AM,,Assessing,Investigating,-7792673.857139528,5602358.329427139
