BgName,NumOut,EtrMin,EtrMax,Desc,Status,Cause,x,y
WISCASSET,71,9/19/2022 5:00:00 AM,9/19/2022 5:00:00 AM,,Assessing,Investigating,-7755916.684473063,5470713.770838843
OTISFIELD,12,9/19/2022 4:15:00 AM,9/19/2022 4:15:00 AM,,Assessing,Investigating,-7849524.041983527,5480415.365582457
LEEDS,26,9/19/2022 4:00:00 AM,9/19/2022 4:00:00 AM,,Assessing,Investigating,-7812611.83466078,5518520.30573801
SCARBOROUGH,24,9/19/2022 4:15:00 AM,9/19/2022 4:15:00 AM,,Assessing,Investigating,-7830938.329078793,5403406.333132695
PENOBSCOT,181,9/19/2022 8:45:00 AM,9/19/2022 8:45:00 AM,,Assessing,Investigating,-7648704.649065525,5537422.1376513615
