BgName,NumOut,EtrMin,EtrMax,Desc,Status,Cause,x,y
BOOTHBAY,72,9/26/2024 5:45:00 PM,9/26/2024 5:45:00 PM,,Repairs in Progress,Investigating,-7747056.821843283,5450971.756811316
NEWRY,3,9/26/2024 5:30:00 PM,9/26/2024 5:30:00 PM,,Assessing,Investigating,-7881389.123812454,5542349.203914539
AUBURN,136,9/26/2024 4:15:00 PM,9/26/2024 4:15:00 PM,,Crew Assigned,Investigating,-7821417.763012876,5472242.273741189
NORWAY,19,9/26/2024 4:30:00 PM,9/26/2024 4:30:00 PM,,Crew Assigned,Investigating,-7857820.394181597,5499708.089936824
