BgName,NumOut,EtrMin,EtrMax,Desc,Status,Cause,x,y
BRISTOL,8,9/4/2021 10:00:00 AM,9/4/2021 10:00:00 AM,,Assessing,Investigating,-7739062.913521353,5447593.300562931
HARTFORD,1,9/4/2021 11:00:00 AM,9/4/2021 11:00:00 AM,,Assessing,Investigating,-7824850.956261728,5517570.253709448
LEEDS,26,9/4/2021 10:30:00 AM,9/4/2021 10:30:00 AM,,Crew Assigned,Investigating,-7812611.83466078,5518520.30573801
SANFORD,1,9/4/2021 9:45:00 AM,9/4/2021 9:45:00 AM,,Assessing,Investigating,-7882786.47279947,5377040.2360317875
SANFORD,3,9/4/2021 9:30:00 AM,9/4/2021 9:30:00 AM,,Assessing,Investigating,-7880641.891710276,5384096.273970711
