BgName,NumOut,EtrMin,EtrMax,Desc,Status,Cause,x,y
WILLIMANTIC,141,7/28/2023 6:15:00 AM,7/28/2023 6:15:00 AM,,Assessing,Investigating,-7718654.388437318,5668814.977739843
NORRIDGEWOCK,19,7/28/2023 6:45:00 AM,7/28/2023 6:45:00 AM,,Assessing,Investigating,-7773412.379237727,5572439.684623578
