BgName,NumOut,EtrMin,EtrMax,Desc,Status,Cause,x,y
WARREN,17,1/2/2024 1:30:00 PM,1/2/2024 1:30:00 PM,,Assessing,Investigating,-7705724.830014668,5481267.01871202
GREENWOOD,3,1/2/2024 1:30:00 PM,1/2/2024 1:30:00 PM,,Assessing,Investigating,-7865228.205386753,5516721.033812548
LOVELL,8,1/2/2024 1:30:00 PM,1/2/2024 1:30:00 PM,,Assessing,Investigating,-7892908.16410566,5501944.927884283
CASTINE,5,1/2/2024 2:00:00 PM,1/2/2024 2:00:00 PM,,Assessing,Investigating,-7657946.370974419,5526750.707051713
"PITTSFIELD,DETROIT",84,1/2/2024 12:30:00 PM,1/2/2024 12:30:00 PM,,Assessing,Investigating,-7721854.222748381,5586559.455687629
NEWPORT,7,1/2/2024 1:30:00 PM,1/2/2024 1:30:00 PM,,Assessing,Investigating,-7707360.4472352695,5594507.091344787
RANGELEY PLT,15,1/2/2024 1:45:00 PM,1/2/2024 1:45:00 PM,,Assessing,Investigating,-7877381.855905584,5608658.746537317
