BgName,NumOut,EtrMin,EtrMax,Desc,Status,Cause,x,y
BOOTHBAY,1,8/18/2021 7:45:00 PM,8/18/2021 7:45:00 PM,,Assessing,Investigating,-7756770.393672915,5446964.377676369
VIENNA,2,8/18/2021 7:00:00 PM,8/18/2021 7:00:00 PM,,Assessing,Investigating,-7795606.012492651,5554541.866170564
SIDNEY,9,8/18/2021 5:45:00 PM,8/18/2021 5:45:00 PM,,Assessing,Investigating,-7766804.231630114,5540067.099615941
ST ALBANS,2,8/18/2021 7:00:00 PM,8/18/2021 7:00:00 PM,,Assessing,Vehicle Accident,-7722109.077550092,5607169.222788845
