BgName,NumOut,EtrMin,EtrMax,Desc,Status,Cause,x,y
DIXFIELD,3,11/5/2022 8:15:00 PM,11/5/2022 8:15:00 PM,,Assessing,Investigating,-7837090.60114848,5548255.64339608
"OGUNQUIT,YORK",160,11/5/2022 8:00:00 PM,11/5/2022 8:00:00 PM,,Assessing,Investigating,-7858112.786004786,5347655.84495099
