BgName,NumOut,EtrMin,EtrMax,Desc,Status,Cause,x,y
FRYEBURG,7,6/16/2023 11:15:00 AM,6/16/2023 11:15:00 AM,,Assessing,Investigating,-7897123.23213805,5484286.722330791
GUILFORD,24,6/16/2023 11:45:00 AM,6/16/2023 11:45:00 AM,,Assessing,Investigating,-7714017.107951737,5652648.17730633
MOOSE RIVER,6,6/16/2023 11:45:00 AM,6/16/2023 11:45:00 AM,,Assessing,System Upgrade,-7820515.106618226,5723598.08293981
LEEDS,2,6/16/2023 12:00:00 PM,6/16/2023 12:00:00 PM,,Assessing,System Upgrade,-7805477.635655638,5509341.733197834
