BgName,NumOut,EtrMin,EtrMax,Desc,Status,Cause,x,y
FRYEBURG,128,6/16/2022 3:30:00 PM,6/16/2022 3:30:00 PM,,Crew Assigned,Investigating,-7897627.03072428,5477353.115964043
MONSON,72,6/16/2022 4:45:00 PM,6/16/2022 4:45:00 PM,,Assessing,Investigating,-7737369.05390027,5668307.201282084
