BgName,NumOut,EtrMin,EtrMax,Desc,Status,Cause,x,y
SUMNER,17,9/1/2023 5:00:00 PM,9/1/2023 5:00:00 PM,,Assessing,Investigating,-7843798.335139827,5522202.8789002
"GORHAM,WESTBROOK",194,9/1/2023 4:00:00 PM,9/1/2023 4:00:00 PM,,Assessing,Investigating,-7835371.683475713,5416890.473025862
