BgName,NumOut,EtrMin,EtrMax,Desc,Status,Cause,x,y
WAYNE,3,7/22/2021 1:30:00 PM,7/22/2021 1:30:00 PM,,Assessing,Investigating,-7795736.211746507,5523017.881497804
MT VERNON,8,7/22/2021 1:30:00 PM,7/22/2021 1:30:00 PM,,Assessing,Investigating,-7793312.853275041,5534302.05734936
SCARBOROUGH,1,7/22/2021 2:00:00 PM,7/22/2021 2:00:00 PM,,Assessing,Investigating,-7840188.745020382,5400661.915000197
OAKLAND,12,7/22/2021 2:30:00 PM,7/22/2021 2:30:00 PM,,Assessing,Investigating,-7765771.453868803,5550286.199524662
KENNEBUNKPORT,22,7/22/2021 1:15:00 PM,7/22/2021 1:15:00 PM,,Assessing,Investigating,-7839608.024622668,5372032.290963402
