BgName,NumOut,EtrMin,EtrMax,Desc,Status,Cause,x,y
TURNER,62,5/11/2022 11:15:00 PM,5/11/2022 11:15:00 PM,,Assessing,Investigating,-7823703.330231488,5496301.701713926
"BELMONT,SEARSMONT",496,5/11/2022 11:15:00 PM,5/11/2022 11:15:00 PM,,Assessing,Vehicle Accident,-7696492.447861326,5526571.095269209
