BgName,NumOut,EtrMin,EtrMax,Desc,Status,Cause,x,y
FRYEBURG,11,6/8/2022 4:30:00 AM,6/8/2022 4:30:00 AM,,Assessing,Investigating,-7903520.685380129,5479428.237769066
WATERBORO,59,6/8/2022 5:15:00 AM,6/8/2022 5:15:00 AM,,Assessing,Investigating,-7880098.073723622,5403138.890045048
ELIOT,1221,6/8/2022 5:00:00 AM,6/8/2022 5:00:00 AM,,Assessing,Investigating,-7879057.692950982,5331355.722683654
