BgName,NumOut,EtrMin,EtrMax,Desc,Status,Cause,x,y
WATERFORD,1,5/26/2021 10:15:00 AM,5/26/2021 10:15:00 AM,,Assessing,Investigating,-7867341.438983445,5496446.822127914
JEFFERSON,3,5/26/2021 10:30:00 AM,5/26/2021 10:30:00 AM,,Assessing,Investigating,-7731614.337180952,5497221.825451311
