BgName,NumOut,EtrMin,EtrMax,Desc,Status,Cause,x,y
"JACKMAN,LONG POND TWP",88,8/30/2023 5:30:00 PM,8/30/2023 5:30:00 PM,,Assessing,Investigating,-7807251.289103329,5719831.814807378
OAKLAND,112,8/30/2023 6:45:00 PM,8/30/2023 6:45:00 PM,,Assessing,Investigating,-7766001.284056264,5558550.523354078
