BgName,NumOut,EtrMin,EtrMax,Desc,Status,Cause,x,y
WEST GARDINER,10,4/15/2022 11:15:00 AM,4/15/2022 11:15:00 AM,,Assessing,Investigating,-7777300.568640057,5504553.559622663
CUSHING,143,4/15/2022 10:45:00 AM,4/15/2022 10:45:00 AM,,Repairs in Progress,Investigating,-7708518.370392809,5468564.269275772
HARRISON,4,4/15/2022 10:45:00 AM,4/15/2022 10:45:00 AM,,Assessing,Investigating,-7859100.79104449,5487047.084688305
