BgName,NumOut,EtrMin,EtrMax,Desc,Status,Cause,x,y
WARREN,58,7/4/2021 3:15:00 PM,7/4/2021 3:15:00 PM,,Assessing,Investigating,-7708011.087405908,5484090.405074534
YORK,3,7/4/2021 2:30:00 PM,7/4/2021 2:30:00 PM,,Assessing,Investigating,-7863768.227989254,5345225.265674042
PEAKS IS,35,7/4/2021 2:30:00 PM,7/4/2021 2:30:00 PM,,Assessing,Investigating,-7813150.28704081,5414828.266446682
BALDWIN,23,7/4/2021 3:00:00 PM,7/4/2021 3:00:00 PM,,Assessing,Investigating,-7873749.434126836,5434851.409141645
GEORGETOWN,2,7/4/2021 4:00:00 PM,7/4/2021 4:00:00 PM,,Assessing,Equipment Interruption,-7764495.309466402,5428619.659175901
