BgName,NumOut,EtrMin,EtrMax,Desc,Status,Cause,x,y
LYMAN,3,11/6/2022 6:45:00 PM,11/6/2022 6:45:00 PM,,Crew Assigned,Investigating,-7863741.310956506,5391115.148654361
WILTON,4,11/6/2022 7:00:00 PM,11/6/2022 7:00:00 PM,,Assessing,Investigating,-7815407.501219108,5566626.758400632
