BgName,NumOut,EtrMin,EtrMax,Desc,Status,Cause,x,y
THOMASTON,1,9/19/2021 4:00:00 PM,9/19/2021 4:00:00 PM,,Assessing,Investigating,-7696249.39286912,5480148.512685319
GREENE,34,9/19/2021 3:30:00 PM,9/19/2021 3:30:00 PM,,Assessing,Investigating,-7806239.161158818,5496405.3012449825
"WATERBORO,LYMAN,ALFRED",273,9/19/2021 3:30:00 PM,9/19/2021 3:30:00 PM,,Assessing,Investigating,-7871971.572768524,5393780.527922846
WATERVILLE,2,9/19/2021 4:00:00 PM,9/19/2021 4:00:00 PM,,Assessing,Investigating,-7752449.0044173505,5553710.677118879
RANGELEY,2,9/19/2021 11:15:00 PM,9/19/2021 11:15:00 PM,,Assessing,Investigating,-7863864.708596173,5615826.413038967
