BgName,NumOut,EtrMin,EtrMax,Desc,Status,Cause,x,y
PEAKS IS,19,8/29/2022 1:15:00 PM,8/29/2022 1:15:00 PM,,Investigating,Investigating,-7812686.016905402,5411883.034226827
WEST GARDINER,1,8/29/2022 12:15:00 PM,8/29/2022 12:15:00 PM,,Assessing,Investigating,-7771729.373166843,5501331.096751886
JACKSON,2,8/29/2022 12:45:00 PM,8/29/2022 12:45:00 PM,,Crew Assigned,Investigating,-7692933.619367885,5564264.697201229
