BgName,NumOut,EtrMin,EtrMax,Desc,Status,Cause,x,y
DURHAM,2,7/6/2024 11:00:00 AM,7/6/2024 11:00:00 AM,,Crew Assigned,Animal,-7808410.125082745,5458591.115688136
JAY,81,7/6/2024 11:15:00 AM,7/6/2024 11:15:00 AM,,Repairs in Progress,Investigating,-7813137.975158057,5540224.432222431
OTISFIELD,8,7/6/2024 11:45:00 AM,7/6/2024 11:45:00 AM,,Crew Assigned,Investigating,-7852000.733659792,5475160.602573814
"NORTH BERWICK,SOUTH BERWICK",26,7/6/2024 12:15:00 PM,7/6/2024 12:15:00 PM,,Assessing,Investigating,-7875398.220489866,5354955.352853582
FAIRFIELD,1,7/6/2024 12:15:00 PM,7/6/2024 12:15:00 PM,,Assessing,Investigating,-7760881.856522654,5569913.923813438
