BgName,NumOut,EtrMin,EtrMax,Desc,Status,Cause,x,y
FREEPORT,134,5/17/2021 10:30:00 AM,5/17/2021 10:30:00 AM,,Assessing,Investigating,-7798744.7991628535,5437562.672825526
HOPE,2,5/17/2021 10:30:00 AM,5/17/2021 10:30:00 AM,,Assessing,Investigating,-7703560.367168485,5501320.547882616
WEST BATH,2,5/17/2021 10:00:00 AM,5/17/2021 10:00:00 AM,,Assessing,Investigating,-7779375.463718022,5447313.4530877285
"BROWNFIELD,HIRAM,BALDWIN,SEBAGO",706,5/17/2021 9:00:00 AM,5/17/2021 9:00:00 AM,,Assessing,Vehicle Accident,-7880868.092935232,5442730.148474966
NAPLES,9,5/17/2021 9:15:00 AM,5/17/2021 9:15:00 AM,,Assessing,Investigating,-7858629.152560455,5457277.584414006
JACKSON,4,5/17/2021 9:45:00 AM,5/17/2021 9:45:00 AM,,Assessing,Investigating,-7696029.681609467,5555376.116092791
BALDWIN,7,5/17/2021 11:30:00 AM,5/17/2021 11:30:00 AM,,Assessing,Investigating,-7878050.207003033,5439502.240946562
