BgName,NumOut,EtrMin,EtrMax,Desc,Status,Cause,x,y
WATERBORO,55,3/6/2022 2:15:00 PM,3/6/2022 2:15:00 PM,,Investigating,Investigating,-7867918.448927422,5408456.621430653
WATERBORO,49,3/6/2022 2:15:00 PM,3/6/2022 2:15:00 PM,,Investigating,Investigating,-7868842.378436637,5407662.283206167
WATERBORO,13,3/6/2022 2:15:00 PM,3/6/2022 2:15:00 PM,,Investigating,Investigating,-7868683.1031330805,5407637.327740752
WESTPORT,86,3/6/2022 1:15:00 PM,3/6/2022 1:15:00 PM,,Assessing,Investigating,-7759859.186676818,5449020.980881802
