BgName,NumOut,EtrMin,EtrMax,Desc,Status,Cause,x,y
BRUNSWICK,12,8/5/2023 2:00:00 PM,8/5/2023 2:00:00 PM,,Assessing,Tree,-7787831.592881235,5447929.68787053
BRIDGTON,7,8/5/2023 5:00:00 PM,8/5/2023 5:00:00 PM,,Assessing,Equipment Interruption,-7871622.909050764,5473786.396817902
