BgName,NumOut,EtrMin,EtrMax,Desc,Status,Cause,x,y
EDGECOMB,28,8/29/2024 3:30:00 AM,8/29/2024 3:30:00 AM,,Crew Assigned,Investigating,-7751280.583908364,5460914.581839305
KNOX,55,8/29/2024 2:45:00 AM,8/29/2024 2:45:00 AM,,Assessing,Investigating,-7699930.772955107,5549506.549117024
