BgName,NumOut,EtrMin,EtrMax,Desc,Status,Cause,x,y
FREEPORT,7,10/5/2023 10:15:00 AM,10/5/2023 10:15:00 AM,,Investigating,Investigating,-7804882.696240195,5449131.789464492
GORHAM,282,10/5/2023 10:15:00 AM,10/5/2023 10:15:00 AM,,Assessing,Investigating,-7841034.283273118,5414475.140293682
WESTBROOK,207,10/5/2023 10:00:00 AM,10/5/2023 10:00:00 AM,,Assessing,Equipment Interruption,-7835341.538128972,5412417.334827684
ELIOT,3,10/5/2023 10:30:00 AM,10/5/2023 10:30:00 AM,,Crew Assigned,Investigating,-7877262.97782542,5335415.393916453
