BgName,NumOut,EtrMin,EtrMax,Desc,Status,Cause,x,y
EDGECOMB,6,7/16/2021 11:15:00 AM,7/16/2021 11:15:00 AM,,Assessing,Investigating,-7745099.190638436,5462593.898286762
ALFRED,33,7/16/2021 11:45:00 AM,7/16/2021 11:45:00 AM,,Crew Assigned,Investigating,-7875289.795311384,5389801.272649485
VERONA,14,7/16/2021 11:45:00 AM,7/16/2021 11:45:00 AM,,Assessing,Investigating,-7657756.292888147,5553217.253186586
PERU,1,7/16/2021 12:00:00 PM,7/16/2021 12:00:00 PM,,Assessing,Investigating,-7835446.957642711,5538899.063263999
SO BERWICK,1,7/16/2021 11:45:00 AM,7/16/2021 11:45:00 AM,,Crew Assigned,Investigating,-7881239.276663415,5346946.926030897
