BgName,NumOut,EtrMin,EtrMax,Desc,Status,Cause,x,y
TURNER,1,6/1/2024 4:15:00 AM,6/1/2024 4:15:00 AM,,Assessing,Investigating,-7821797.473786812,5495510.970816443
LEBANON,4,6/1/2024 4:45:00 AM,6/1/2024 4:45:00 AM,,Assessing,Investigating,-7901073.0146919275,5368601.475955985
DOVER-FOXCROFT,19,6/1/2024 4:30:00 AM,6/1/2024 4:30:00 AM,,Repairs in Progress,Investigating,-7707942.102779847,5650926.481472876
