BgName,NumOut,EtrMin,EtrMax,Desc,Status,Cause,x,y
PHIPPSBURG,6,6/22/2024 6:30:00 AM,6/22/2024 6:30:00 AM,,Crew Assigned,Investigating,-7777142.728743397,5426611.539368133
NOBLEBORO,14,6/22/2024 6:00:00 AM,6/22/2024 6:00:00 AM,,Crew Assigned,Investigating,-7731369.612419491,5478123.607339558
AUBURN,24,6/22/2024 7:00:00 AM,6/22/2024 7:00:00 AM,,Crew Assigned,Investigating,-7819894.912330774,5481779.0002900865
"BUCKFIELD,PARIS",13,6/22/2024 5:45:00 AM,6/22/2024 5:45:00 AM,,Crew Assigned,Investigating,-7839495.358096138,5504256.987065927
"WATERBORO,HOLLIS",615,6/22/2024 6:00:00 AM,6/22/2024 6:00:00 AM,,Repairs in Progress,Vehicle Accident,-7871225.58746209,5402160.672433296
HOLLIS,4,6/22/2024 7:00:00 AM,6/22/2024 7:00:00 AM,,Crew Assigned,Investigating,-7855748.593768013,5405631.488333261
