BgName,NumOut,EtrMin,EtrMax,Desc,Status,Cause,x,y
HOPE,1,2/5/2024 8:15:00 PM,2/5/2024 8:15:00 PM,,Assessing,Investigating,-7698755.294745256,5509195.257213389
SOUTH PORTLAND,7,2/5/2024 8:15:00 PM,2/5/2024 8:15:00 PM,,Assessing,Investigating,-7821051.989441187,5408703.89797055
