BgName,NumOut,EtrMin,EtrMax,Desc,Status,Cause,x,y
BRIDGTON,5,4/9/2024 10:00:00 PM,4/9/2024 10:00:00 PM,,Assessing,Investigating,-7875623.8205418335,5472229.43535211
HARRISON,15,4/9/2024 10:00:00 PM,4/9/2024 10:00:00 PM,,Assessing,Investigating,-7860257.010895235,5471758.296170023
SHAPLEIGH,8,4/9/2024 10:00:00 PM,4/9/2024 10:00:00 PM,,Assessing,Investigating,-7887603.745880947,5388304.499196193
ACTON,30,4/9/2024 10:00:00 PM,4/9/2024 10:00:00 PM,,Crew Assigned,Investigating,-7900465.922672041,5399165.351618869
KENNEBUNKPORT,14,4/9/2024 10:00:00 PM,4/9/2024 10:00:00 PM,,Assessing,Investigating,-7840460.68735103,5368859.271777506
PARSONSFIELD,20,4/9/2024 10:00:00 PM,4/9/2024 10:00:00 PM,,Assessing,Investigating,-7894565.60005162,5422623.782226843
PARSONSFIELD,6,4/9/2024 10:00:00 PM,4/9/2024 10:00:00 PM,,Assessing,Investigating,-7899687.710388543,5419485.008573609
"CORNISH,PARSONSFIELD",23,4/9/2024 10:00:00 PM,4/9/2024 10:00:00 PM,,Assessing,Investigating,-7884628.454138029,5424663.619379422
CORNISH,10,4/9/2024 10:00:00 PM,4/9/2024 10:00:00 PM,,Assessing,Investigating,-7885651.547057475,5427754.05105538
ALFRED,4,4/9/2024 10:00:00 PM,4/9/2024 10:00:00 PM,,Assessing,Investigating,-7878581.468132692,5386864.034146804
SANFORD,59,4/9/2024 10:00:00 PM,4/9/2024 10:00:00 PM,,Assessing,Investigating,-7877628.79594698,5382386.320667872
BIDDEFORD,2,4/9/2024 10:00:00 PM,4/9/2024 10:00:00 PM,,Assessing,Investigating,-7847472.613075184,5385070.605924368
SEBAGO,16,4/10/2024 12:00:00 PM,4/10/2024 12:00:00 PM,,Assessing,Investigating,-7875772.387557805,5449316.1430768855
LEBANON,22,4/9/2024 10:00:00 PM,4/9/2024 10:00:00 PM,,Crew Assigned,Investigating,-7901489.138028551,5375489.584030987
SEARSMONT,2,4/9/2024 7:30:00 PM,4/9/2024 7:30:00 PM,,Assessing,Investigating,-7701283.783406566,5520761.164309128
BRIDGTON,2,4/10/2024 11:00:00 AM,4/10/2024 11:00:00 AM,,Assessing,Investigating,-7868140.879831624,5459906.8143959325
SHAPLEIGH,4,4/9/2024 10:00:00 PM,4/9/2024 10:00:00 PM,,Assessing,Investigating,-7888338.977749255,5395014.280104114
ALFRED,6,4/9/2024 10:00:00 PM,4/9/2024 10:00:00 PM,,Assessing,Investigating,-7864925.516536371,5376482.124701123
