BgName,NumOut,EtrMin,EtrMax,Desc,Status,Cause,x,y
BETHEL,12,5/17/2024 7:30:00 PM,5/17/2024 7:30:00 PM,,Investigating,Investigating,-7869950.957555116,5540056.462786188
"BENTON,CLINTON",275,5/17/2024 8:15:00 PM,5/17/2024 8:15:00 PM,,Crew Assigned,Investigating,-7746167.56835275,5556793.436961388
