BgName,NumOut,EtrMin,EtrMax,Desc,Status,Cause,x,y
SKOWHEGAN,27,5/30/2022 8:15:00 AM,5/30/2022 8:15:00 AM,,Investigating,Investigating,-7759289.892970922,5583920.640945168
O O BEACH,25,5/30/2022 7:00:00 AM,5/30/2022 7:00:00 AM,,Assessing,Investigating,-7836608.888286502,5393453.647374985
SCARBOROUGH,135,5/30/2022 8:15:00 AM,5/30/2022 8:15:00 AM,,Assessing,Investigating,-7828116.602647279,5403691.031231225
"OAKLAND,BELGRADE",1096,5/30/2022 8:30:00 AM,5/30/2022 8:30:00 AM,,Assessing,Investigating,-7763638.349827789,5551870.821408853
