BgName,NumOut,EtrMin,EtrMax,Desc,Status,Cause,x,y
"SEBAGO,BRIDGTON",30,7/10/2021 8:00:00 PM,7/10/2021 8:00:00 PM,,Assessing,Investigating,-7871932.109991224,5459158.820833128
WINTHROP,1,7/10/2021 8:15:00 PM,7/10/2021 8:15:00 PM,,Assessing,Investigating,-7789954.733868933,5516802.611082062
