BgName,NumOut,EtrMin,EtrMax,Desc,Status,Cause,x,y
OGUNQUIT,109,8/28/2021 6:15:00 PM,8/28/2021 6:15:00 PM,,Crew Assigned,Investigating,-7858961.797445652,5352073.950396914
OGUNQUIT,7,8/28/2021 6:15:00 PM,8/28/2021 6:15:00 PM,,Assessing,Investigating,-7858406.469073493,5351933.1926028365
