BgName,NumOut,EtrMin,EtrMax,Desc,Status,Cause,x,y
AUBURN,43,7/24/2024 9:15:00 AM,7/24/2024 9:15:00 AM,,Investigating,Investigating,-7820130.573145434,5481712.825408628
BRUNSWICK,106,7/24/2024 8:15:00 AM,7/24/2024 8:15:00 AM,,Assessing,Investigating,-7799085.971093798,5455528.2378812535
AUBURN,169,7/24/2024 8:45:00 AM,7/24/2024 8:45:00 AM,,Assessing,Investigating,-7820078.444789423,5481710.80369053
STOW,4,7/24/2024 8:45:00 AM,7/24/2024 8:45:00 AM,,Crew Assigned,Investigating,-7904201.882658458,5496243.163467686
STONEHAM,15,7/24/2024 8:45:00 AM,7/24/2024 8:45:00 AM,,Crew Assigned,Investigating,-7884501.03789967,5505156.991543971
"FRYEBURG,DENMARK",20,7/24/2024 9:15:00 AM,7/24/2024 9:15:00 AM,,Crew Assigned,Investigating,-7887979.070644883,5473369.403075402
CASCO,20,Assessing,Assessing,,Assessing,Investigating,-7855624.672942656,5452372.964860972
