BgName,NumOut,EtrMin,EtrMax,Desc,Status,Cause,x,y
NAPLES,48,8/5/2024 5:30:00 AM,8/5/2024 5:30:00 AM,,Repairs in Progress,Investigating,-7859741.779810688,5460651.342406954
GORHAM,62,8/5/2024 6:00:00 AM,8/5/2024 6:00:00 AM,,Repairs in Progress,Investigating,-7847021.056672391,5426042.432230722
PARSONSFIELD,44,8/5/2024 5:15:00 AM,8/5/2024 5:15:00 AM,,Crew Assigned,Investigating,-7889645.27851072,5435442.685908671
