BgName,NumOut,EtrMin,EtrMax,Desc,Status,Cause,x,y
CASTINE,13,9/12/2024 9:00:00 AM,9/12/2024 9:00:00 AM,,Investigating,Investigating,-7657854.64899463,5526863.111961749
BOOTHBAY,7,9/12/2024 8:30:00 AM,9/12/2024 8:30:00 AM,,Crew Assigned,Investigating,-7746170.006281931,5443022.76240614
CASTINE,2,9/12/2024 9:00:00 AM,9/12/2024 9:00:00 AM,,Assessing,Investigating,-7657980.72413167,5527102.961345767
WATERVILLE,30,9/12/2024 9:00:00 AM,9/12/2024 9:00:00 AM,,Assessing,Investigating,-7754297.898694717,5550317.01698703
WESTBROOK,8,9/12/2024 9:00:00 AM,9/12/2024 9:00:00 AM,,Crew Assigned,Investigating,-7832423.275428226,5416781.9470238285
