BgName,NumOut,EtrMin,EtrMax,Desc,Status,Cause,x,y
BRIDGTON,74,8/2/2021 2:45:00 PM,8/2/2021 2:45:00 PM,,Assessing,Investigating,-7871096.690666297,5463761.819965821
BIDDEFORD,1,Assessing,Assessing,,Assessing,Investigating,-7852066.144985654,5388100.44108899
HERMON,7,8/2/2021 3:00:00 PM,8/2/2021 3:00:00 PM,,Assessing,Investigating,-7676426.553040791,5595283.603041668
YORK,1,8/2/2021 2:45:00 PM,8/2/2021 2:45:00 PM,,Crew Assigned,Investigating,-7864824.371708003,5335833.751719684
