BgName,NumOut,EtrMin,EtrMax,Desc,Status,Cause,x,y
BOWDOIN,28,2/1/2022 1:00:00 PM,2/1/2022 1:00:00 PM,,Assessing,Investigating,-7786800.00625336,5481324.531129786
BELGRADE,7,2/1/2022 3:30:00 PM,2/1/2022 3:30:00 PM,,Assessing,Investigating,-7775509.883325744,5546139.624824311
SKOWHEGAN,8,2/1/2022 1:30:00 PM,2/1/2022 1:30:00 PM,,Assessing,Investigating,-7760850.542367467,5587154.47247271
SANDY RIVER PLT,185,2/1/2022 12:45:00 PM,2/1/2022 12:45:00 PM,,Assessing,Vehicle Accident,-7860420.405610334,5609398.144999277
DIXMONT,1,2/1/2022 1:00:00 PM,2/1/2022 1:00:00 PM,,Assessing,Investigating,-7694736.160254129,5572621.801718811
