BgName,NumOut,EtrMin,EtrMax,Desc,Status,Cause,x,y
SCARBOROUGH,2,8/21/2024 8:30:00 AM,8/21/2024 8:30:00 AM,,Assessing,Investigating,-7833937.643514339,5401714.280942934
FAIRFIELD,12,8/21/2024 9:00:00 AM,8/21/2024 9:00:00 AM,,Assessing,Investigating,-7747494.318606764,5559746.729506968
