BgName,NumOut,EtrMin,EtrMax,Desc,Status,Cause,x,y
CHINA,186,9/13/2023 6:30:00 PM,9/13/2023 6:30:00 PM,,Assessing,Vehicle Accident,-7738985.145762861,5528878.305882121
MT VERNON,22,9/13/2023 5:45:00 PM,9/13/2023 5:45:00 PM,,Assessing,Investigating,-7785268.283439188,5541793.554264606
MT VERNON,6,9/13/2023 5:30:00 PM,9/13/2023 5:30:00 PM,,Assessing,Investigating,-7783879.828809116,5542545.201484344
RAYMOND,16,9/13/2023 7:00:00 PM,9/13/2023 7:00:00 PM,,Assessing,Investigating,-7843625.990305351,5450595.39648641
NAPLES,62,9/13/2023 7:00:00 PM,9/13/2023 7:00:00 PM,,Assessing,Investigating,-7864872.12776937,5455695.80992007
KENNEBUNKPORT,550,9/13/2023 6:45:00 PM,9/13/2023 6:45:00 PM,,Assessing,Investigating,-7841627.939051571,5368529.041985435
SEBAGO,9,9/13/2023 6:15:00 PM,9/13/2023 6:15:00 PM,,Assessing,Tree,-7861076.89012352,5450090.975199361
"DEXTER,RIPLEY",17,9/13/2023 6:45:00 PM,9/13/2023 6:45:00 PM,,Assessing,Tree,-7717848.646835647,5625350.717691904
