BgName,NumOut,EtrMin,EtrMax,Desc,Status,Cause,x,y
BOOTHBAY HBR,14,6/19/2023 9:30:00 AM,6/19/2023 9:30:00 AM,,Assessing,Investigating,-7750444.3296487555,5441625.107441426
EDGECOMB,20,6/19/2023 10:15:00 AM,6/19/2023 10:15:00 AM,,Assessing,Investigating,-7749151.5541283535,5465858.476492946
NORWAY,18,6/19/2023 10:15:00 AM,6/19/2023 10:15:00 AM,,Crew Assigned,Investigating,-7852482.17932264,5498912.746566999
ELIOT,68,6/19/2023 9:00:00 AM,6/19/2023 9:00:00 AM,,Crew Assigned,Investigating,-7882109.32745715,5333886.036058026
PORTLAND,18,6/19/2023 9:30:00 AM,6/19/2023 9:30:00 AM,,Assessing,Equipment Interruption,-7822774.235540015,5416096.523350941
