BgName,NumOut,EtrMin,EtrMax,Desc,Status,Cause,x,y
GARDINER,38,6/16/2021 8:30:00 AM,6/16/2021 8:30:00 AM,,Assessing,Investigating,-7765296.754157823,5494120.3121831
NEWCASTLE,3,6/16/2021 8:30:00 AM,6/16/2021 8:30:00 AM,,Assessing,Investigating,-7744543.962478464,5478750.421153042
LEWISTON,117,6/16/2021 8:45:00 AM,6/16/2021 8:45:00 AM,,Assessing,Investigating,-7815691.9893944245,5480331.105245773
PORTLAND,41,6/16/2021 8:45:00 AM,6/16/2021 8:45:00 AM,,Assessing,Investigating,-7821386.638069512,5411624.708019752
PORTLAND,115,6/16/2021 8:30:00 AM,6/16/2021 8:30:00 AM,,Assessing,Investigating,-7821169.821149979,5411483.627967582
PORTLAND,1,6/16/2021 8:45:00 AM,6/16/2021 8:45:00 AM,,Assessing,Investigating,-7824041.797134241,5412317.000666805
WATERVILLE,27,6/16/2021 8:45:00 AM,6/16/2021 8:45:00 AM,,Assessing,Investigating,-7752408.684480482,5549098.905985148
WINDHAM,1,6/16/2021 8:45:00 AM,6/16/2021 8:45:00 AM,,Assessing,Investigating,-7837040.6631445,5426585.696689681
