BgName,NumOut,EtrMin,EtrMax,Desc,Status,Cause,x,y
BOOTHBAY,11,Assessing,Assessing,,Crew Assigned,Investigating,-7747588.238847436,5444395.848586673
WASHINGTON,2,4/14/2024 12:00:00 AM,4/14/2024 12:00:00 AM,,Assessing,Investigating,-7720357.710251024,5506587.570042463
WAYNE,7,4/12/2024 10:45:00 PM,4/12/2024 10:45:00 PM,,Assessing,Investigating,-7800000.1156490715,5522237.229594642
POLAND,24,Assessing,Assessing,,Crew Assigned,Investigating,-7832769.345442418,5467798.620424549
PARSONSFIELD,8,4/13/2024 12:15:00 AM,4/13/2024 12:15:00 AM,,Assessing,Investigating,-7891792.631502976,5434524.305936175
