BgName,NumOut,EtrMin,EtrMax,Desc,Status,Cause,x,y
WEST GARDINER,3,4/8/2021 8:15:00 PM,4/8/2021 8:15:00 PM,,Assessing,Investigating,-7783887.877219052,5501778.5280601755
STOW,22,4/8/2021 7:30:00 PM,4/8/2021 7:30:00 PM,,Assessing,Investigating,-7902882.067668249,5493846.400135418
KINGFIELD,1,4/8/2021 9:30:00 PM,4/8/2021 9:30:00 PM,,Assessing,Equipment Interruption,-7811088.6389924735,5626582.974825571
NEWCASTLE,1,4/8/2021 8:15:00 PM,4/8/2021 8:15:00 PM,,Assessing,Investigating,-7743349.426433977,5480847.297439606
