BgName,NumOut,EtrMin,EtrMax,Desc,Status,Cause,x,y
CUSHING,12,6/23/2021 1:00:00 PM,6/23/2021 1:00:00 PM,,Assessing,Investigating,-7715150.095394548,5460686.097198138
NAPLES,42,6/23/2021 12:45:00 PM,6/23/2021 12:45:00 PM,,Assessing,Investigating,-7860989.136886609,5456695.740827981
WINDHAM,16,6/23/2021 12:00:00 PM,6/23/2021 12:00:00 PM,,Assessing,Investigating,-7838742.59350051,5441036.983444515
WATERBORO,76,6/23/2021 10:30:00 AM,6/23/2021 10:30:00 AM,,Assessing,Investigating,-7872821.029607996,5409801.064428694
BLANCHARD,5,6/23/2021 12:00:00 PM,6/23/2021 12:00:00 PM,,Assessing,Investigating,-7746152.462342057,5663820.137741132
DAYTON,3,6/23/2021 12:15:00 PM,6/23/2021 12:15:00 PM,,Crew Assigned,Investigating,-7854432.530277486,5396943.886034397
