BgName,NumOut,EtrMin,EtrMax,Desc,Status,Cause,x,y
NEW GLOUCESTER,13,8/28/2021 7:15:00 AM,8/28/2021 7:15:00 AM,,Assessing,Investigating,-7831069.307605019,5458932.204773855
WALDOBORO,1,8/28/2021 6:30:00 AM,8/28/2021 6:30:00 AM,,Assessing,Investigating,-7725744.39366896,5483362.982491018
