BgName,NumOut,EtrMin,EtrMax,Desc,Status,Cause,x,y
GREENE,17,10/2/2024 2:45:00 PM,10/2/2024 2:45:00 PM,,Crew Assigned,Investigating,-7808782.655718746,5495617.868416655
BELFAST,30,10/2/2024 3:15:00 PM,10/2/2024 3:15:00 PM,,Assessing,Investigating,-7679859.0450045755,5527977.096878763
