BgName,NumOut,EtrMin,EtrMax,Desc,Status,Cause,x,y
PHIPPSBURG,3,6/27/2022 12:15:00 PM,6/27/2022 12:15:00 PM,,Assessing,Investigating,-7775110.535769064,5439996.668391876
HARPSWELL,60,6/27/2022 1:45:00 PM,6/27/2022 1:45:00 PM,,Assessing,Investigating,-7791854.979832855,5424545.588504606
BRIDGTON,144,6/27/2022 1:00:00 PM,6/27/2022 1:00:00 PM,,Repairs in Progress,Investigating,-7869603.016846746,5469823.18290623
HIRAM,14,6/27/2022 12:45:00 PM,6/27/2022 12:45:00 PM,,Crew Assigned,Investigating,-7877128.392561569,5448320.257882977
POLAND,84,6/27/2022 1:00:00 PM,6/27/2022 1:00:00 PM,,Assessing,Investigating,-7835606.1556597445,5475060.232944729
NEWFIELD,2,6/27/2022 12:00:00 PM,6/27/2022 12:00:00 PM,,Crew Assigned,Investigating,-7896038.490504862,5407879.278631891
