BgName,NumOut,EtrMin,EtrMax,Desc,Status,Cause,x,y
BRISTOL,1,6/16/2021 9:45:00 AM,6/16/2021 9:45:00 AM,,Assessing,Investigating,-7737978.761848606,5442916.9232523525
HOPE,5,6/16/2021 11:30:00 AM,6/16/2021 11:30:00 AM,,Assessing,Investigating,-7695793.094257578,5505978.774295491
HARPSWELL,11,6/16/2021 11:15:00 AM,6/16/2021 11:15:00 AM,,Crew Assigned,Investigating,-7780951.202306424,5438940.824188847
LEEDS,18,6/16/2021 11:30:00 AM,6/16/2021 11:30:00 AM,,Assessing,Investigating,-7810867.658612083,5516551.143361981
CAPE ELIZABETH,3,6/16/2021 10:15:00 AM,6/16/2021 10:15:00 AM,,Assessing,Investigating,-7822005.997422282,5402895.109815539
DETROIT,1,6/16/2021 11:00:00 AM,6/16/2021 11:00:00 AM,,Assessing,Investigating,-7713377.688742601,5588408.03897265
FRYEBURG,3,6/16/2021 10:30:00 AM,6/16/2021 10:30:00 AM,,Assessing,Investigating,-7895780.908349968,5467367.395429501
