BgName,NumOut,EtrMin,EtrMax,Desc,Status,Cause,x,y
WISCASSET,15,9/3/2021 7:30:00 PM,9/3/2021 7:30:00 PM,,Assessing,Investigating,-7756437.826674906,5461344.405636739
SO BERWICK,5,9/3/2021 8:15:00 PM,9/3/2021 8:15:00 PM,,Repairs in Progress,Investigating,-7880971.018957589,5345903.974238759
HARTLAND,35,9/3/2021 8:00:00 PM,9/3/2021 8:00:00 PM,,Assessing,Investigating,-7738254.055030423,5605683.5434495825
