BgName,NumOut,EtrMin,EtrMax,Desc,Status,Cause,x,y
NEWCASTLE,94,8/5/2024 1:45:00 PM,8/5/2024 1:45:00 PM,,Repairs Complete,Investigating,-7742123.999207815,5469476.409886639
SOLON,54,8/5/2024 12:30:00 PM,8/5/2024 12:30:00 PM,,Repairs in Progress,Investigating,-7764685.988625558,5609658.313360727
