BgName,NumOut,EtrMin,EtrMax,Desc,Status,Cause,x,y
NEWRY,3,4/12/2024 2:45:00 AM,4/12/2024 2:45:00 AM,,Investigating,Investigating,-7891920.647712982,5539399.650561555
"BETHEL,GILEAD,NEWRY,HANOVER",1325,4/12/2024 3:00:00 AM,4/12/2024 3:00:00 AM,,Assessing,Investigating,-7880002.171964701,5529501.690505207
BETHEL,18,4/12/2024 2:30:00 AM,4/12/2024 2:30:00 AM,,Assessing,Investigating,-7883155.563784899,5535736.449474514
MADISON,10,4/12/2024 2:45:00 AM,4/12/2024 2:45:00 AM,,Assessing,Investigating,-7767510.598284748,5593512.117254261
