BgName,NumOut,EtrMin,EtrMax,Desc,Status,Cause,x,y
NORTHPORT,2,3/4/2022 1:30:00 PM,3/4/2022 1:30:00 PM,,Investigating,Investigating,-7677555.687370169,5523867.8681340935
SANFORD,2,3/4/2022 12:45:00 PM,3/4/2022 12:45:00 PM,,Crew Assigned,Investigating,-7878085.929393093,5383213.810609561
