BgName,NumOut,EtrMin,EtrMax,Desc,Status,Cause,x,y
WASHINGTON,32,4/6/2022 3:00:00 PM,4/6/2022 3:00:00 PM,,Repairs in Progress,Investigating,-7723557.26615041,5503503.562357748
PORTLAND,66,4/6/2022 4:45:00 PM,4/6/2022 4:45:00 PM,,Crew Assigned,Investigating,-7820936.7069862075,5416256.114350529
