BgName,NumOut,EtrMin,EtrMax,Desc,Status,Cause,x,y
PHIPPSBURG,8,4/7/2021 1:30:00 PM,4/7/2021 1:30:00 PM,,Assessing,Investigating,-7774597.352877405,5425671.434323782
FREEPORT,39,4/7/2021 3:00:00 PM,4/7/2021 3:00:00 PM,,Assessing,Investigating,-7803104.9386981,5443183.962621164
"POLAND,NEW GLOUCESTER,AUBURN",716,4/7/2021 1:45:00 PM,4/7/2021 1:45:00 PM,,Assessing,Vehicle Accident,-7822103.580163006,5476026.33115442
SEARSMONT,13,4/7/2021 6:30:00 PM,4/7/2021 6:30:00 PM,,Assessing,Investigating,-7700273.392106174,5524824.439245281
