BgName,NumOut,EtrMin,EtrMax,Desc,Status,Cause,x,y
ROCKLAND,10,1/10/2023 10:45:00 AM,1/10/2023 10:45:00 AM,,Assessing,Investigating,-7692581.326587506,5483960.583741053
WAYNE,2,1/10/2023 9:45:00 AM,1/10/2023 9:45:00 AM,,Assessing,Tree,-7795432.164875861,5522214.1993018845
"PORTLAND,FALMOUTH",1201,1/10/2023 11:15:00 AM,1/10/2023 11:15:00 AM,,Assessing,Investigating,-7821268.016076022,5417690.156433108
SO BERWICK,22,1/10/2023 11:30:00 AM,1/10/2023 11:30:00 AM,,Assessing,Investigating,-7881780.979582319,5346320.328218491
"BIG MOOSE TWP,HARFORD'S POINT,HARFORDS POINT,GREENVILLE",190,1/10/2023 10:45:00 AM,1/10/2023 10:45:00 AM,,Assessing,Investigating,-7751809.841294894,5697291.380463326
