BgName,NumOut,EtrMin,EtrMax,Desc,Status,Cause,x,y
BELGRADE,16,1/24/2022 2:30:00 PM,1/24/2022 2:30:00 PM,,Assessing,Investigating,-7779359.934733825,5545065.721084039
"SANFORD,ACTON",46,1/24/2022 2:45:00 PM,1/24/2022 2:45:00 PM,,Assessing,Investigating,-7885240.511015915,5382846.888772173
NEWPORT,10,1/24/2022 2:30:00 PM,1/24/2022 2:30:00 PM,,Assessing,Investigating,-7712070.4751592595,5596130.966888594
