BgName,NumOut,EtrMin,EtrMax,Desc,Status,Cause,x,y
BROWNFIELD,3,1/14/2024 6:00:00 PM,1/14/2024 6:00:00 PM,,Assessing,Investigating,-7889966.067924103,5459796.141105388
DIXMONT,133,1/14/2024 5:45:00 PM,1/14/2024 5:45:00 PM,,Assessing,Investigating,-7698973.826084022,5571424.899600546
