BgName,NumOut,EtrMin,EtrMax,Desc,Status,Cause,x,y
STANDISH,1,4/9/2021 2:45:00 PM,4/9/2021 2:45:00 PM,,Crew Assigned,Investigating,-7864561.769032796,5430401.083849002
WATERBORO,1,4/9/2021 4:00:00 PM,4/9/2021 4:00:00 PM,,Assessing,Investigating,-7880692.842648201,5401439.433155219
