BgName,NumOut,EtrMin,EtrMax,Desc,Status,Cause,x,y
READFIELD,15,6/5/2022 7:15:00 AM,6/5/2022 7:15:00 AM,,Assessing,Investigating,-7790672.588684191,5523233.397328894
LIVERMORE,2,6/5/2022 8:00:00 AM,6/5/2022 8:00:00 AM,,Assessing,Lightning,-7815774.822223097,5529011.945914366
FALMOUTH,158,6/5/2022 10:00:00 AM,6/5/2022 10:00:00 AM,,Assessing,Vehicle Accident,-7825956.113950032,5428121.402917719
