BgName,NumOut,EtrMin,EtrMax,Desc,Status,Cause,x,y
"STONEHAM,LOVELL",26,2/2/2024 3:15:00 PM,2/2/2024 3:15:00 PM,,Assessing,Investigating,-7893419.3209291985,5503658.416361003
ORLAND,21,2/2/2024 2:30:00 PM,2/2/2024 2:30:00 PM,,Crew Assigned,Investigating,-7649705.311174404,5557626.611936483
BURNHAM,7,2/2/2024 3:15:00 PM,2/2/2024 3:15:00 PM,,Assessing,Investigating,-7724503.74900737,5574097.444312654
