BgName,NumOut,EtrMin,EtrMax,Desc,Status,Cause,x,y
WEST BATH,305,4/22/2021 9:00:00 PM,4/22/2021 9:00:00 PM,,Assessing,Vehicle Accident,-7777354.836891612,5451491.029218456
WELLINGTON,1,4/22/2021 9:15:00 PM,4/22/2021 9:15:00 PM,,Assessing,Investigating,-7740326.634716378,5636958.823408891
SANFORD,1,4/22/2021 10:15:00 PM,4/22/2021 10:15:00 PM,,Assessing,Investigating,-7873678.623756922,5367459.85717354
