BgName,NumOut,EtrMin,EtrMax,Desc,Status,Cause,x,y
AUGUSTA,23,8/20/2022 8:30:00 AM,8/20/2022 8:30:00 AM,,Assessing,Investigating,-7767119.34368788,5521020.501673407
HEBRON,49,8/20/2022 7:30:00 AM,8/20/2022 7:30:00 AM,,Assessing,Investigating,-7837631.73623171,5496102.580205592
"DOVER-FOXCROFT,SANGERVILLE",217,8/20/2022 8:30:00 AM,8/20/2022 8:30:00 AM,,Assessing,Investigating,-7706780.728759175,5650073.274510198
