BgName,NumOut,EtrMin,EtrMax,Desc,Status,Cause,x,y
NEW GLOUCESTER,3,6/15/2024 1:45:00 PM,6/15/2024 1:45:00 PM,,Repairs Complete,Investigating,-7824299.668813248,5467310.589624098
"POLAND,OXFORD",12,6/15/2024 2:30:00 PM,6/15/2024 2:30:00 PM,,Assessing,Investigating,-7844750.127941095,5476453.718081091
CASCO,17,6/15/2024 2:45:00 PM,6/15/2024 2:45:00 PM,,Repairs in Progress,Investigating,-7850712.455474006,5466823.0182153145
BROOKS,27,6/15/2024 3:00:00 PM,6/15/2024 3:00:00 PM,,Repairs in Progress,Investigating,-7694457.249222243,5545971.386248101
