BgName,NumOut,EtrMin,EtrMax,Desc,Status,Cause,x,y
JACKMAN,19,4/30/2021 12:00:00 PM,4/30/2021 12:00:00 PM,,Investigating,Investigating,-7820254.458230784,5719996.143126068
"WAYNE,READFIELD",27,4/30/2021 12:15:00 PM,4/30/2021 12:15:00 PM,,Assessing,Investigating,-7795838.42537135,5523511.509035066
WOOLWICH,8,4/30/2021 12:00:00 PM,4/30/2021 12:00:00 PM,,Assessing,Investigating,-7770501.474674177,5464165.92142662
KENNEBUNKPORT,70,4/30/2021 12:15:00 PM,4/30/2021 12:15:00 PM,,Assessing,Investigating,-7844084.136785528,5375668.123758732
"MOOSE RIVER,DENNISTOWN,LONG POND TWP,JACKMAN,PARLIN POND,JOHNSON MT",651,4/30/2021 12:00:00 PM,4/30/2021 12:00:00 PM,,Assessing,Investigating,-7798048.773985167,5689321.577603111
JACKMAN,64,4/30/2021 12:00:00 PM,4/30/2021 12:00:00 PM,,Assessing,Investigating,-7820519.047329726,5720349.686234381
SMITHFIELD,4,4/30/2021 11:30:00 AM,4/30/2021 11:30:00 AM,,Assessing,Investigating,-7771533.7292498015,5561297.393272898
O O BEACH,18,4/30/2021 11:15:00 AM,4/30/2021 11:15:00 AM,,Assessing,Investigating,-7833644.80649276,5391344.203862385
