BgName,NumOut,EtrMin,EtrMax,Desc,Status,Cause,x,y
READFIELD,19,10/6/2021 3:30:00 PM,10/6/2021 3:30:00 PM,,Assessing,Investigating,-7786736.209034431,5524466.385424194
ISLESBORO,2,10/6/2021 2:45:00 PM,10/6/2021 2:45:00 PM,,Assessing,Investigating,-7670797.8499897,5505728.910013393
ISLESBORO,40,10/6/2021 2:45:00 PM,10/6/2021 2:45:00 PM,,Assessing,Investigating,-7671573.568681696,5508061.625308368
SKOWHEGAN,2,10/6/2021 3:00:00 PM,10/6/2021 3:00:00 PM,,Assessing,Investigating,-7754762.7354644565,5581601.295637347
O O BEACH,1,10/6/2021 3:00:00 PM,10/6/2021 3:00:00 PM,,Repairs in Progress,Investigating,-7837945.245395082,5391071.7054819325
WESTBROOK,7,10/6/2021 3:45:00 PM,10/6/2021 3:45:00 PM,,Assessing,Investigating,-7831952.115680121,5417729.968462427
