BgName,NumOut,EtrMin,EtrMax,Desc,Status,Cause,x,y
MT VERNON,5,4/10/2021 8:30:00 AM,4/10/2021 8:30:00 AM,,Assessing,Investigating,-7786538.928685461,5534975.010214096
"READFIELD,BELGRADE,MT VERNON",356,4/10/2021 8:30:00 AM,4/10/2021 8:30:00 AM,,Assessing,Investigating,-7785544.444893005,5525640.782183225
ELIOT,18,4/10/2021 7:45:00 AM,4/10/2021 7:45:00 AM,,Crew Assigned,Investigating,-7881557.706034805,5334210.294005597
LIMINGTON,1,4/10/2021 8:00:00 AM,4/10/2021 8:00:00 AM,,Crew Assigned,Investigating,-7874817.600304344,5428956.695287075
