BgName,NumOut,EtrMin,EtrMax,Desc,Status,Cause,x,y
RAYMOND,1,6/28/2022 7:00:00 AM,6/28/2022 7:00:00 AM,,Assessing,Investigating,-7844120.3824613895,5458795.996448453
FAIRFIELD,610,6/28/2022 7:00:00 AM,6/28/2022 7:00:00 AM,,Assessing,Vehicle Accident,-7746760.7231703885,5563012.696749595
FAIRFIELD,1,6/28/2022 5:00:00 AM,6/28/2022 5:00:00 AM,,Assessing,Investigating,-7746710.774053972,5561864.792945264
