BgName,NumOut,EtrMin,EtrMax,Desc,Status,Cause,x,y
"ALBANY,MASON,BETHEL,GILEAD,GREENWOOD,STRONG",1921,5/4/2021 3:00:00 PM,5/4/2021 3:00:00 PM,,Assessing,Equipment Interruption,-7880002.951237069,5529500.677499753
BRIDGTON,1,5/4/2021 1:45:00 PM,5/4/2021 1:45:00 PM,,Assessing,Investigating,-7873258.915907552,5476502.709621851
SCARBOROUGH,7,5/4/2021 12:30:00 PM,5/4/2021 12:30:00 PM,,Assessing,Investigating,-7827486.0778952055,5393669.524199812
WARREN,2,5/4/2021 12:45:00 PM,5/4/2021 12:45:00 PM,,Assessing,Investigating,-7710975.581160821,5477954.432058019
ELIOT,2,5/4/2021 1:00:00 PM,5/4/2021 1:00:00 PM,,Crew Assigned,Investigating,-7876397.880677129,5339849.207273338
