BgName,NumOut,EtrMin,EtrMax,Desc,Status,Cause,x,y
UPTON,192,8/30/2022 6:30:00 PM,8/30/2022 6:30:00 PM,,Assessing,Vehicle Accident,-7907391.486717084,5574147.151314897
BETHEL,1,8/30/2022 7:00:00 PM,8/30/2022 7:00:00 PM,,Assessing,Investigating,-7876470.672465181,5530618.226489633
BIDDEFORD,1378,8/30/2022 8:30:00 PM,8/30/2022 8:30:00 PM,,Assessing,Investigating,-7848635.111354424,5387893.840004431
"NO YARMOUTH,POWNAL,DURHAM,NORTH YARMOUTH",1003,8/30/2022 8:00:00 PM,8/30/2022 8:00:00 PM,,Assessing,Investigating,-7814968.913634488,5439847.0210755225
BIDDEFORD,94,8/30/2022 7:30:00 PM,8/30/2022 7:30:00 PM,,Assessing,Investigating,-7843414.438780261,5387629.438015378
LEBANON,4,8/30/2022 7:00:00 PM,8/30/2022 7:00:00 PM,,Crew Assigned,Investigating,-7897641.980960585,5378366.1474874
FAIRFIELD,115,8/30/2022 7:30:00 PM,8/30/2022 7:30:00 PM,,Assessing,Investigating,-7760119.941483398,5560656.548384631
WOODSTOCK,3,8/30/2022 6:15:00 PM,8/30/2022 6:15:00 PM,,Assessing,Investigating,-7855082.346625877,5520434.951705434
