BgName,NumOut,EtrMin,EtrMax,Desc,Status,Cause,x,y
YARMOUTH,16,1/23/2024 12:00:00 PM,1/23/2024 12:00:00 PM,,Assessing,Investigating,-7807602.257200768,5429440.722769142
POLAND,24,1/23/2024 11:45:00 AM,1/23/2024 11:45:00 AM,,Assessing,Investigating,-7832769.345442418,5467798.620424549
RAYMOND,3,1/23/2024 11:30:00 AM,1/23/2024 11:30:00 AM,,Assessing,Investigating,-7844111.321017398,5448899.640848629
WATERVILLE,26,1/23/2024 11:45:00 AM,1/23/2024 11:45:00 AM,,Assessing,Investigating,-7753497.010626416,5554097.869387403
