BgName,NumOut,EtrMin,EtrMax,Desc,Status,Cause,x,y
PHIPPSBURG,6,9/28/2024 10:30:00 AM,9/28/2024 10:30:00 AM,,Assessing,Investigating,-7770700.28023057,5427230.536351643
ROCKPORT,6,9/28/2024 10:15:00 AM,9/28/2024 10:15:00 AM,,Assessing,Investigating,-7690663.570021027,5488686.557954843
FRYEBURG,25,9/28/2024 9:30:00 AM,9/28/2024 9:30:00 AM,,Crew Assigned,Investigating,-7889387.206607571,5475891.1395055745
ACTON,28,9/28/2024 10:00:00 AM,9/28/2024 10:00:00 AM,,Crew Assigned,Investigating,-7896047.2624247465,5392057.011374184
CAPE ELIZABETH,3,9/28/2024 9:45:00 AM,9/28/2024 9:45:00 AM,,Crew Assigned,Investigating,-7818240.181513118,5406448.357442494
CLINTON,1,9/28/2024 9:45:00 AM,9/28/2024 9:45:00 AM,,Crew Assigned,Investigating,-7743426.337032907,5572942.484647011
