BgName,NumOut,EtrMin,EtrMax,Desc,Status,Cause,x,y
SANFORD; LEBANON,46,11/1/2021 3:15:00 AM,11/1/2021 3:15:00 AM,,Investigating,Investigating,-7882917.064492651,5375469.188116547
LYMAN,1,11/1/2021 2:45:00 AM,11/1/2021 2:45:00 AM,,Assessing,Investigating,-7864668.390792407,5393752.320051436
"SANFORD,LEBANON,NO BERWICK",385,11/1/2021 3:15:00 AM,11/1/2021 3:15:00 AM,,Assessing,Investigating,-7876886.517590357,5375969.840854592
