BgName,NumOut,EtrMin,EtrMax,Desc,Status,Cause,x,y
PORTLAND,24,7/1/2022 2:30:00 AM,7/1/2022 2:30:00 AM,,Assessing,Investigating,-7825865.789334542,5418039.356493259
MOSCOW,53,7/1/2022 3:00:00 AM,7/1/2022 3:00:00 AM,,Assessing,Investigating,-7779125.1508008,5634315.648531134
