BgName,NumOut,EtrMin,EtrMax,Desc,Status,Cause,x,y
"PORTLAND,WESTBROOK",187,3/1/2022 7:30:00 PM,3/1/2022 7:30:00 PM,,Assessing,Investigating,-7829031.860348685,5415687.0605237605
ALFRED,1,3/1/2022 6:15:00 PM,3/1/2022 6:15:00 PM,,Crew Assigned,Investigating,-7873043.356896204,5386268.646136257
WINDHAM,44,3/1/2022 6:15:00 PM,3/1/2022 6:15:00 PM,,Assessing,Investigating,-7840793.577210463,5438818.1972060315
"WINDHAM,PORTLAND",3,3/1/2022 6:00:00 PM,3/1/2022 6:00:00 PM,,Assessing,Investigating,-7840884.580886135,5438174.367043381
"WINDHAM,PORTLAND",229,3/1/2022 6:00:00 PM,3/1/2022 6:00:00 PM,,Assessing,Investigating,-7841052.461823415,5438164.816328423
