BgName,NumOut,EtrMin,EtrMax,Desc,Status,Cause,x,y
ST GEORGE,15,1/19/2024 3:45:00 AM,1/19/2024 3:45:00 AM,,Assessing,Investigating,-7702268.8162189545,5470105.125761547
BREMEN,9,Assessing,Assessing,,Assessing,Investigating,-7731726.691958489,5463414.672227123
OXFORD,60,1/19/2024 4:15:00 AM,1/19/2024 4:15:00 AM,,Assessing,Investigating,-7843392.486505399,5492189.007820487
