BgName,NumOut,EtrMin,EtrMax,Desc,Status,Cause,x,y
CASCO,26,6/22/2021 7:30:00 AM,6/22/2021 7:30:00 AM,,Assessing,Investigating,-7852386.967836465,5452545.06911282
ARUNDEL,29,6/22/2021 7:15:00 AM,6/22/2021 7:15:00 AM,,Assessing,Investigating,-7853649.397585755,5384572.635274861
