BgName,NumOut,EtrMin,EtrMax,Desc,Status,Cause,x,y
"ETNA,NEWBURGH,DIXMONT",305,2/19/2022 8:15:00 AM,2/19/2022 8:15:00 AM,,Assessing,Investigating,-7692057.011733977,5582311.493764508
THE FORKS PLT,48,2/19/2022 10:00:00 AM,2/19/2022 10:00:00 AM,,Assessing,Investigating,-7785099.200256028,5662862.446031237
