BgName,NumOut,EtrMin,EtrMax,Desc,Status,Cause,x,y
BREMEN,66,9/20/2024 3:30:00 PM,9/20/2024 3:30:00 PM,,Crew Assigned,Investigating,-7732639.611942898,5468163.967931829
CAPE ELIZABETH,62,9/20/2024 2:30:00 PM,9/20/2024 2:30:00 PM,,Repairs in Progress,Investigating,-7818615.428389866,5404553.433763842
KITTERY,36,9/20/2024 3:30:00 PM,9/20/2024 3:30:00 PM,,Assessing,Investigating,-7871397.843296927,5326708.821431307
