BgName,NumOut,EtrMin,EtrMax,Desc,Status,Cause,x,y
PITTSTON,1,2/19/2024 8:15:00 PM,2/19/2024 8:15:00 PM,,Assessing,Investigating,-7758101.808148372,5497369.320958755
WOODSTOCK,26,2/19/2024 7:00:00 PM,2/19/2024 7:00:00 PM,,Assessing,Investigating,-7858711.606965494,5522509.28460601
NEWFIELD,32,2/19/2024 8:00:00 PM,2/19/2024 8:00:00 PM,,Crew Assigned,Investigating,-7891150.128842021,5406128.14823717
