BgName,NumOut,EtrMin,EtrMax,Desc,Status,Cause,x,y
SQUIRREL ISLAND,33,3/21/2021 5:15:00 PM,3/21/2021 5:15:00 PM,,Assessing,Investigating,-7751242.278827065,5436540.197735579
"OAKLAND,BELGRADE",44,3/21/2021 4:30:00 PM,3/21/2021 4:30:00 PM,,Assessing,Investigating,-7767705.251592837,5544926.069269077
ELIOT,1,3/21/2021 4:00:00 PM,3/21/2021 4:00:00 PM,,Assessing,Equipment Interruption,-7875670.997755195,5336562.93171136
