BgName,NumOut,EtrMin,EtrMax,Desc,Status,Cause,x,y
HARPSWELL,19,9/26/2021 5:30:00 AM,9/26/2021 5:30:00 AM,,Assessing,Investigating,-7787335.820379949,5441298.118538267
"FREEPORT,BRUNSWICK",188,9/26/2021 4:45:00 AM,9/26/2021 4:45:00 AM,,Assessing,Investigating,-7802180.719764884,5445850.0723685995
WOOLWICH,43,9/26/2021 4:45:00 AM,9/26/2021 4:45:00 AM,,Assessing,Investigating,-7768310.106007797,5460114.910524744
YORK,1,9/26/2021 8:45:00 AM,9/26/2021 8:45:00 AM,,Crew Assigned,Investigating,-7865537.896175574,5343692.464775434
ELIOT,1,9/26/2021 12:45:00 PM,9/26/2021 12:45:00 PM,,Crew Assigned,Investigating,-7883635.250578752,5335677.033129553
WINSLOW,4,9/26/2021 5:30:00 AM,9/26/2021 5:30:00 AM,,Assessing,Investigating,-7748189.820498649,5550600.955623878
