BgName,NumOut,EtrMin,EtrMax,Desc,Status,Cause,x,y
FREEPORT,35,5/14/2023 7:30:00 PM,5/14/2023 7:30:00 PM,,Investigating,Investigating,-7808631.523030589,5439061.722160085
FREEPORT,174,5/14/2023 7:15:00 PM,5/14/2023 7:15:00 PM,,Assessing,Investigating,-7807188.582905769,5442103.441022928
NEWRY,37,5/14/2023 7:30:00 PM,5/14/2023 7:30:00 PM,,Assessing,Investigating,-7885100.860681885,5538743.438333063
PHILLIPS,4,5/14/2023 7:15:00 PM,5/14/2023 7:15:00 PM,,Assessing,Investigating,-7829770.209106251,5598965.9169700015
