BgName,NumOut,EtrMin,EtrMax,Desc,Status,Cause,x,y
BRUNSWICK,487,5/18/2022 1:30:00 PM,5/18/2022 1:30:00 PM,,Repairs in Progress,Tree,-7789476.739069209,5448661.151468171
BREMEN,16,5/18/2022 12:00:00 PM,5/18/2022 12:00:00 PM,,Assessing,Investigating,-7726155.529922703,5465570.334543091
"HEBRON,TURNER,BUCKFIELD,MINOT",2,5/18/2022 2:00:00 PM,5/18/2022 2:00:00 PM,,Assessing,Tree,-7833247.663003466,5492980.926347373
"HEBRON,TURNER,BUCKFIELD,MINOT",446,5/18/2022 2:00:00 PM,5/18/2022 2:00:00 PM,,Assessing,Investigating,-7833313.608727568,5493650.483264907
ST ALBANS,10,5/18/2022 1:30:00 PM,5/18/2022 1:30:00 PM,,Assessing,Investigating,-7724472.423739747,5611344.8263898585
