BgName,NumOut,EtrMin,EtrMax,Desc,Status,Cause,x,y
FAYETTE,72,9/13/2023 2:30:00 AM,9/13/2023 2:30:00 AM,,Assessing,Investigating,-7797312.5848452225,5539900.205895012
ORLAND,29,9/13/2023 2:00:00 AM,9/13/2023 2:00:00 AM,,Assessing,Investigating,-7642103.737258162,5555091.684624732
DIXMONT,7,9/13/2023 2:30:00 AM,9/13/2023 2:30:00 AM,,Assessing,Investigating,-7691991.867607229,5581111.963794287
"DIXMONT,NEWBURGH",162,9/13/2023 2:30:00 AM,9/13/2023 2:30:00 AM,,Assessing,Investigating,-7692156.041594706,5580874.5718590515
MADISON,32,9/13/2023 2:45:00 AM,9/13/2023 2:45:00 AM,,Assessing,Investigating,-7767537.248218493,5593559.294231095
