BgName,NumOut,EtrMin,EtrMax,Desc,Status,Cause,x,y
WATERFORD,34,1/31/2022 5:45:00 PM,1/31/2022 5:45:00 PM,,Assessing,Investigating,-7875210.6583200805,5490363.131720339
BOOTHBAY,4,1/31/2022 6:00:00 PM,1/31/2022 6:00:00 PM,,Assessing,Equipment Interruption,-7746196.222029615,5438336.068676746
