BgName,NumOut,EtrMin,EtrMax,Desc,Status,Cause,x,y
AUGUSTA,160,8/26/2024 11:30:00 AM,8/26/2024 11:30:00 AM,,Crew Assigned,Investigating,-7765272.219391948,5517948.768443146
BRUNSWICK,30,8/26/2024 10:15:00 AM,8/26/2024 10:15:00 AM,,Crew Assigned,Investigating,-7791984.232827401,5449817.540312613
