BgName,NumOut,EtrMin,EtrMax,Desc,Status,Cause,x,y
CUSHING,11,7/29/2024 12:45:00 PM,7/29/2024 12:45:00 PM,,Repairs in Progress,Investigating,-7704529.637134878,5472139.086497889
STANDISH,24,7/29/2024 1:30:00 PM,7/29/2024 1:30:00 PM,,Assessing,Investigating,-7854173.923976092,5423952.006008223
