BgName,NumOut,EtrMin,EtrMax,Desc,Status,Cause,x,y
BRISTOL,23,6/30/2024 2:15:00 PM,6/30/2024 2:15:00 PM,,Crew Assigned,Investigating,-7737298.4661796,5450609.919706725
WESTPORT,7,6/30/2024 1:30:00 PM,6/30/2024 1:30:00 PM,,Crew Assigned,Tree,-7760283.313973618,5444374.23294719
RANGELEY PLT,2,6/30/2024 3:00:00 PM,6/30/2024 3:00:00 PM,,Crew Assigned,Investigating,-7867007.246665947,5610652.188928455
HIRAM,3,6/30/2024 2:30:00 PM,6/30/2024 2:30:00 PM,,Crew Assigned,Investigating,-7889731.384203264,5448145.097175431
