BgName,NumOut,EtrMin,EtrMax,Desc,Status,Cause,x,y
PARSONSFIELD,33,8/13/2021 10:45:00 PM,8/13/2021 10:45:00 PM,,Assessing,Investigating,-7902346.409416152,5432998.435367004
NAPLES,4,8/13/2021 10:15:00 PM,8/13/2021 10:15:00 PM,,Assessing,Investigating,-7856740.528406771,5460028.114387773
WELLS,1,8/13/2021 10:30:00 PM,8/13/2021 10:30:00 PM,,Assessing,Investigating,-7857319.0668618735,5359144.237719118
WATERFORD,11,8/13/2021 10:15:00 PM,8/13/2021 10:15:00 PM,,Assessing,Investigating,-7871085.503042112,5491703.168686542
