BgName,NumOut,EtrMin,EtrMax,Desc,Status,Cause,x,y
POLAND,2,7/15/2022 6:15:00 PM,7/15/2022 6:15:00 PM,,Crew Assigned,Investigating,-7831088.120565523,5469589.831872066
PORTLAND,20,7/15/2022 5:45:00 PM,7/15/2022 5:45:00 PM,,Assessing,Investigating,-7821002.352073758,5416160.679579152
NEWPORT,1,7/15/2022 5:00:00 PM,7/15/2022 5:00:00 PM,,Crew Assigned,Investigating,-7709693.035892863,5597335.958643703
