BgName,NumOut,EtrMin,EtrMax,Desc,Status,Cause,x,y
HARRISON,5,6/15/2024 12:00:00 AM,6/15/2024 12:00:00 AM,,Assessing,Investigating,-7860102.722073887,5471517.044753089
BROOKS,3,6/14/2024 10:45:00 PM,6/14/2024 10:45:00 PM,,Crew Assigned,Investigating,-7695347.894270585,5548257.173902344
