BgName,NumOut,EtrMin,EtrMax,Desc,Status,Cause,x,y
PALMYRA,6,10/5/2021 7:30:00 PM,10/5/2021 7:30:00 PM,,Investigating,Investigating,-7715363.840775589,5594162.014698411
HARPSWELL,76,10/5/2021 7:30:00 PM,10/5/2021 7:30:00 PM,,Assessing,Investigating,-7785327.238237176,5433099.087149211
