BgName,NumOut,EtrMin,EtrMax,Desc,Status,Cause,x,y
CHINA,20,4/16/2022 5:15:00 PM,4/16/2022 5:15:00 PM,,Assessing,Investigating,-7743932.7070978265,5528640.8564323345
LOVELL,13,4/16/2022 4:45:00 PM,4/16/2022 4:45:00 PM,,Assessing,Investigating,-7893210.630306792,5499088.879535776
