BgName,NumOut,EtrMin,EtrMax,Desc,Status,Cause,x,y
BOWDOINHAM,2,8/21/2023 11:45:00 AM,8/21/2023 11:45:00 AM,,Assessing,Investigating,-7775934.979006611,5475128.256096422
WELLS,13,8/21/2023 10:45:00 AM,8/21/2023 10:45:00 AM,,Assessing,Investigating,-7865059.623164404,5366157.7168024825
