BgName,NumOut,EtrMin,EtrMax,Desc,Status,Cause,x,y
"TOPSHAM,BOWDOIN",148,6/15/2023 10:45:00 AM,6/15/2023 10:45:00 AM,,Assessing,Vehicle Accident,-7790019.844558246,5464464.974463375
NOBLEBORO,6,6/15/2023 10:00:00 AM,6/15/2023 10:00:00 AM,,Assessing,Investigating,-7734148.736859453,5488385.767455878
SANFORD,2,6/15/2023 11:00:00 AM,6/15/2023 11:00:00 AM,,Assessing,Investigating,-7874292.784590115,5376026.562328387
ISLESBORO,17,6/15/2023 10:30:00 AM,6/15/2023 10:30:00 AM,,Assessing,Investigating,-7670787.586299827,5510613.451527923
NEW VINEYARD,4,6/15/2023 10:45:00 AM,6/15/2023 10:45:00 AM,,Assessing,System Upgrade,-7809044.65732107,5590518.139804545
SANFORD,2,6/15/2023 11:15:00 AM,6/15/2023 11:15:00 AM,,Assessing,System Upgrade,-7874149.883717212,5376422.1359260725
SANFORD,4,6/15/2023 11:00:00 AM,6/15/2023 11:00:00 AM,,Assessing,System Upgrade,-7874048.315815229,5377573.410680513
SKOWHEGAN,3,6/15/2023 10:45:00 AM,6/15/2023 10:45:00 AM,,Assessing,System Upgrade,-7751122.53247489,5583105.959554759
