BgName,NumOut,EtrMin,EtrMax,Desc,Status,Cause,x,y
ST GEORGE,9,6/13/2022 12:00:00 PM,6/13/2022 12:00:00 PM,,Assessing,Investigating,-7710835.96426422,5454298.500458181
CASCO,1,6/13/2022 9:30:00 AM,6/13/2022 9:30:00 AM,,Assessing,Investigating,-7855456.0796078695,5453948.371729567
WELLS,26,6/13/2022 10:45:00 AM,6/13/2022 10:45:00 AM,,Assessing,Tree,-7865550.241595873,5358223.743982485
WELLS,3,6/13/2022 10:15:00 AM,6/13/2022 10:15:00 AM,,Repairs in Progress,Investigating,-7857488.662118279,5359445.342073137
