BgName,NumOut,EtrMin,EtrMax,Desc,Status,Cause,x,y
"FREEPORT,POWNAL",102,1/7/2024 3:30:00 PM,1/7/2024 3:30:00 PM,,Assessing,Investigating,-7805290.518784348,5444526.609624963
"VASSALBORO,CHINA",33,1/7/2024 2:15:00 PM,1/7/2024 2:15:00 PM,,Assessing,Investigating,-7752302.786230817,5533371.594001459
"VASSALBORO,CHINA",286,1/7/2024 2:15:00 PM,1/7/2024 2:15:00 PM,,Assessing,Investigating,-7750743.868072333,5534708.555012085
VASSALBORO,5,1/7/2024 2:15:00 PM,1/7/2024 2:15:00 PM,,Assessing,Investigating,-7749008.519705941,5535051.168328268
TURNER,8,1/7/2024 2:15:00 PM,1/7/2024 2:15:00 PM,,Assessing,Investigating,-7821533.234679679,5518822.711990765
OLD ORCHARD BEACH,61,1/7/2024 3:30:00 PM,1/7/2024 3:30:00 PM,,Crew Assigned,Investigating,-7838272.101700146,5389826.444816507
