BgName,NumOut,EtrMin,EtrMax,Desc,Status,Cause,x,y
CAPE ELIZABETH,3,10/7/2021 5:00:00 PM,10/7/2021 5:00:00 PM,,Assessing,Investigating,-7821283.311298532,5398476.378120724
WATERFORD,3,10/7/2021 5:15:00 PM,10/7/2021 5:15:00 PM,,Assessing,Investigating,-7880438.065733683,5498734.830918479
