BgName,NumOut,EtrMin,EtrMax,Desc,Status,Cause,x,y
LEWISTON,1018,8/18/2021 5:45:00 PM,8/18/2021 5:45:00 PM,,Assessing,Investigating,-7815112.4823550265,5486333.495223192
ST ALBANS,39,8/18/2021 6:00:00 PM,8/18/2021 6:00:00 PM,,Assessing,Investigating,-7728045.089223251,5605742.051850247
SIDNEY,9,8/18/2021 5:45:00 PM,8/18/2021 5:45:00 PM,,Assessing,Investigating,-7766804.231630114,5540067.099615941
WATERVILLE,2,8/18/2021 5:15:00 PM,8/18/2021 5:15:00 PM,,Assessing,Investigating,-7756173.554130338,5545281.447094958
PLYMOUTH,2,8/18/2021 3:30:00 PM,8/18/2021 3:30:00 PM,,Assessing,Investigating,-7701876.248051585,5579662.77437263
