BgName,NumOut,EtrMin,EtrMax,Desc,Status,Cause,x,y
RAYMOND,24,6/28/2021 8:45:00 AM,6/28/2021 8:45:00 AM,,Assessing,Investigating,-7847544.892789989,5451676.606591507
BIDDEFORD,41,6/28/2021 7:30:00 AM,6/28/2021 7:30:00 AM,,Assessing,Investigating,-7852662.5837796,5388035.558376335
WELLS,1,6/28/2021 8:00:00 AM,6/28/2021 8:00:00 AM,,Assessing,Investigating,-7861853.287875705,5352731.205165904
DAYTON,1,6/28/2021 8:45:00 AM,6/28/2021 8:45:00 AM,,Assessing,Investigating,-7854947.861574211,5400773.817019798
BELGRADE,45,6/28/2021 8:00:00 AM,6/28/2021 8:00:00 AM,,Assessing,Investigating,-7772519.9976453865,5551090.957143958
WINTERPORT,2,6/28/2021 8:45:00 AM,6/28/2021 8:45:00 AM,,Assessing,Investigating,-7661519.893617492,5569966.910621619
