BgName,NumOut,EtrMin,EtrMax,Desc,Status,Cause,x,y
LOVELL,2,4/29/2022 12:00:00 PM,4/29/2022 12:00:00 PM,,Assessing,Investigating,-7890411.490560342,5499214.7064409545
ISLESBORO,2,4/29/2022 12:00:00 PM,4/29/2022 12:00:00 PM,,Assessing,Investigating,-7667169.302047588,5521874.855224216
DOVER-FOXCROFT,1,4/29/2022 12:00:00 PM,4/29/2022 12:00:00 PM,,Assessing,Investigating,-7702629.680594958,5643236.123834952
DOVER-FOXCROFT,1,4/29/2022 12:00:00 PM,4/29/2022 12:00:00 PM,,Assessing,Investigating,-7706420.799429928,5661979.4977029655
