BgName,NumOut,EtrMin,EtrMax,Desc,Status,Cause,x,y
LISBON,5,4/25/2022 8:45:00 AM,4/25/2022 8:45:00 AM,,Assessing,Equipment Interruption,-7798077.828410658,5464646.558784902
ALBION,1,4/25/2022 7:30:00 AM,4/25/2022 7:30:00 AM,,Assessing,Investigating,-7726767.096952223,5543549.289273659
