BgName,NumOut,EtrMin,EtrMax,Desc,Status,Cause,x,y
BOWDOINHAM,15,7/26/2022 10:30:00 AM,7/26/2022 10:30:00 AM,,Assessing,Investigating,-7779441.632091374,5479751.363328127
FALMOUTH,3,7/26/2022 9:45:00 AM,7/26/2022 9:45:00 AM,,Assessing,Investigating,-7822850.300191937,5420075.223981581
KINGFIELD,1,7/26/2022 10:45:00 AM,7/26/2022 10:45:00 AM,,Assessing,Investigating,-7809001.131395204,5613514.631676572
BATH,18,7/26/2022 12:00:00 PM,7/26/2022 12:00:00 PM,,Assessing,Tree,-7772306.687251292,5454078.402930831
