BgName,NumOut,EtrMin,EtrMax,Desc,Status,Cause,x,y
HERMON,12,7/27/2023 11:00:00 PM,7/27/2023 11:00:00 PM,,Assessing,Investigating,-7671684.1423653625,5593200.482445879
HARPSWELL,10,7/27/2023 10:45:00 PM,7/27/2023 10:45:00 PM,,Assessing,Investigating,-7781741.88234717,5442478.852237974
BOWDOIN,1,7/27/2023 10:45:00 PM,7/27/2023 10:45:00 PM,,Assessing,Investigating,-7784167.734410131,5469597.696846021
