BgName,NumOut,EtrMin,EtrMax,Desc,Status,Cause,x,y
FRIENDSHIP,8,6/10/2022 11:30:00 AM,6/10/2022 11:30:00 AM,,Assessing,Investigating,-7716316.167074096,5465539.3992545325
"WINSLOW,BENTON",25,6/10/2022 10:00:00 AM,6/10/2022 10:00:00 AM,,Assessing,Investigating,-7745137.495719741,5553440.29769376
