BgName,NumOut,EtrMin,EtrMax,Desc,Status,Cause,x,y
BATH,27,5/31/2022 8:30:00 AM,5/31/2022 8:30:00 AM,,Investigating,Investigating,-7771607.759324073,5453897.742760217
BATH,155,5/31/2022 8:30:00 AM,5/31/2022 8:30:00 AM,,Assessing,Investigating,-7772028.266067779,5453983.827588962
