BgName,NumOut,EtrMin,EtrMax,Desc,Status,Cause,x,y
BOOTHBAY HBR,54,11/3/2021 3:30:00 PM,11/3/2021 3:30:00 PM,,Assessing,Investigating,-7752031.478410482,5442747.515138755
BOOTHBAY HBR,1,11/3/2021 2:00:00 PM,11/3/2021 2:00:00 PM,,Repairs in Progress,Tree,-7753568.811705402,5442909.328056496
AUBURN,74,11/3/2021 2:15:00 PM,11/3/2021 2:15:00 PM,,Crew Assigned,Investigating,-7817786.810679124,5482287.537878926
"CORINNA,EXETER",45,11/3/2021 2:45:00 PM,11/3/2021 2:45:00 PM,,Assessing,Investigating,-7706574.0195549065,5611889.59564174
"HARTLAND,CANAAN",50,11/3/2021 2:00:00 PM,11/3/2021 2:00:00 PM,,Assessing,Investigating,-7738043.1935778465,5595070.090936913
