BgName,NumOut,EtrMin,EtrMax,Desc,Status,Cause,x,y
SCARBOROUGH,1524,4/20/2023 4:00:00 AM,4/20/2023 4:00:00 AM,,Assessing,Investigating,-7824659.33094338,5403499.26907273
SCARBOROUGH,15,4/20/2023 4:00:00 AM,4/20/2023 4:00:00 AM,,Assessing,Investigating,-7825160.636038224,5402475.042118616
