BgName,NumOut,EtrMin,EtrMax,Desc,Status,Cause,x,y
"LOVELL,STONEHAM",129,5/16/2023 3:30:00 PM,5/16/2023 3:30:00 PM,,Assessing,Investigating,-7890108.70159789,5503148.053047426
"STETSONTOWN,DAVIS",13,5/16/2023 2:45:00 PM,5/16/2023 2:45:00 PM,,Assessing,Investigating,-7877013.466305342,5638158.491250771
ANDOVER,1,5/16/2023 2:30:00 PM,5/16/2023 2:30:00 PM,,Assessing,Investigating,-7871251.369123828,5560816.223702557
