BgName,NumOut,EtrMin,EtrMax,Desc,Status,Cause,x,y
HOLLIS,1,6/14/2023 5:00:00 PM,6/14/2023 5:00:00 PM,,Assessing,Investigating,-7855223.744616357,5404833.647326452
SANFORD,6,6/14/2023 3:00:00 PM,6/14/2023 3:00:00 PM,,Assessing,Investigating,-7877589.299732245,5377822.381065139
