BgName,NumOut,EtrMin,EtrMax,Desc,Status,Cause,x,y
BOWDOINHAM,64,7/4/2024 10:00:00 PM,7/4/2024 10:00:00 PM,,Crew Assigned,Investigating,-7782730.733433993,5467942.903292718
SANFORD,18,7/4/2024 10:15:00 PM,7/4/2024 10:15:00 PM,,Crew Assigned,Investigating,-7874247.488682809,5367865.983792698
NAPLES,3,7/4/2024 10:45:00 PM,7/4/2024 10:45:00 PM,,Crew Assigned,Investigating,-7862501.701653966,5466936.918262146
YORK,1,7/4/2024 10:30:00 PM,7/4/2024 10:30:00 PM,,Crew Assigned,Investigating,-7859573.642786729,5345952.2632597415
