BgName,NumOut,EtrMin,EtrMax,Desc,Status,Cause,x,y
POLAND,9,7/5/2023 11:45:00 PM,7/5/2023 11:45:00 PM,,Assessing,Investigating,-7843284.740387101,5472971.834760737
PORTLAND,36,7/6/2023 8:30:00 AM,7/6/2023 8:30:00 AM,,Crew Assigned,Investigating,-7823898.807261707,5415110.146089888
"SO PORTLAND,SOUTH PORTLAND",160,7/6/2023 9:30:00 AM,7/6/2023 9:30:00 AM,,Assessing,Investigating,-7820199.8053486515,5407570.307404504
POLAND,4,7/6/2023 7:30:00 AM,7/6/2023 7:30:00 AM,,Assessing,Equipment Interruption,-7843332.4964484675,5473344.079330013
