BgName,NumOut,EtrMin,EtrMax,Desc,Status,Cause,x,y
"DRESDEN,WOOLWICH",628,3/18/2022 4:30:00 PM,3/18/2022 4:30:00 PM,,Assessing,Investigating,-7763254.408918358,5484903.536513059
 ,1,3/18/2022 4:45:00 PM,3/18/2022 4:45:00 PM,,Assessing,Investigating,-7834696.742200776,5508113.42951808
PHILLIPS,7,3/18/2022 4:30:00 PM,3/18/2022 4:30:00 PM,,Assessing,Investigating,-7836852.366252211,5601160.694838301
GREENVILLE,3,3/18/2022 4:45:00 PM,3/18/2022 4:45:00 PM,,Assessing,Investigating,-7746641.811652791,5694097.71625454
SOUTHPORT,1,3/18/2022 4:00:00 PM,3/18/2022 4:00:00 PM,,Assessing,Investigating,-7753032.808366995,5437790.830693792
