BgName,NumOut,EtrMin,EtrMax,Desc,Status,Cause,x,y
SIDNEY,27,8/9/2022 2:00:00 AM,8/9/2022 2:00:00 AM,,Assessing,Investigating,-7768668.7996537415,5536430.843334568
"SO BERWICK,WELLS,SOUTH BERWICK",256,8/9/2022 1:00:00 AM,8/9/2022 1:00:00 AM,,Assessing,Investigating,-7871728.239564872,5356914.744749393
"HARFORD'S POINT,GREENVILLE",69,8/9/2022 1:15:00 AM,8/9/2022 1:15:00 AM,,Assessing,Investigating,-7750148.186325877,5700043.343129146
SHAPLEIGH,12,8/9/2022 2:45:00 AM,8/9/2022 2:45:00 AM,,Assessing,Investigating,-7889791.830671127,5396772.90800787
