BgName,NumOut,EtrMin,EtrMax,Desc,Status,Cause,x,y
EDGECOMB,5,9/7/2023 2:15:00 PM,9/7/2023 2:15:00 PM,,Investigating,Investigating,-7747421.904541562,5464303.093591459
EDGECOMB,2,9/7/2023 2:15:00 PM,9/7/2023 2:15:00 PM,,Assessing,Investigating,-7747050.599077098,5463299.036684643
