BgName,NumOut,EtrMin,EtrMax,Desc,Status,Cause,x,y
MANCHESTER,15,8/27/2021 6:45:00 AM,8/27/2021 6:45:00 AM,,Assessing,Investigating,-7775743.7878743205,5520192.662562743
BELGRADE,22,8/27/2021 6:30:00 AM,8/27/2021 6:30:00 AM,,Assessing,Investigating,-7769449.739290415,5546328.147506518
