BgName,NumOut,EtrMin,EtrMax,Desc,Status,Cause,x,y
PHIPPSBURG,199,5/22/2021 11:00:00 AM,5/22/2021 11:00:00 AM,,Assessing,Investigating,-7776247.219049249,5428929.674688833
BRUNSWICK,1,5/22/2021 11:15:00 AM,5/22/2021 11:15:00 AM,,Assessing,Investigating,-7792257.544490974,5451337.37823962
"EDGECOMB,NEWCASTLE,BOOTHBAY",1173,5/22/2021 11:30:00 AM,5/22/2021 11:30:00 AM,,Assessing,Vehicle Accident,-7750801.598399568,5465930.0220199665
"LITCHFIELD,BOWDOIN",132,5/22/2021 11:15:00 AM,5/22/2021 11:15:00 AM,,Assessing,Investigating,-7789892.717743881,5486349.688162825
