BgName,NumOut,EtrMin,EtrMax,Desc,Status,Cause,x,y
NEWRY,10,8/25/2024 3:45:00 AM,8/25/2024 3:45:00 AM,,Crew Assigned,Investigating,-7887044.955433101,5541468.585383647
SACO,17,8/25/2024 4:30:00 AM,8/25/2024 4:30:00 AM,,Assessing,Investigating,-7843207.918787808,5400952.721741244
PITTSFIELD,46,8/25/2024 2:30:00 AM,8/25/2024 2:30:00 AM,,Assessing,Investigating,-7723656.49643551,5588089.1609528195
