BgName,NumOut,EtrMin,EtrMax,Desc,Status,Cause,x,y
BRISTOL,124,2/11/2024 7:45:00 AM,2/11/2024 7:45:00 AM,,Assessing,Investigating,-7734646.32389205,5447328.388099995
BRISTOL,137,2/11/2024 7:45:00 AM,2/11/2024 7:45:00 AM,,Assessing,Investigating,-7733205.070455425,5455560.206197297
