BgName,NumOut,EtrMin,EtrMax,Desc,Status,Cause,x,y
EDGECOMB,31,8/4/2021 11:30:00 AM,8/4/2021 11:30:00 AM,,Assessing,Investigating,-7751105.867919465,5459582.515562736
AUBURN,71,8/4/2021 11:15:00 AM,8/4/2021 11:15:00 AM,,Assessing,Investigating,-7817704.434261391,5478326.723954713
RAYMOND,57,8/4/2021 11:15:00 AM,8/4/2021 11:15:00 AM,,Assessing,Investigating,-7850378.196481876,5444302.654206356
BIDDEFORD,1,Assessing,Assessing,,Assessing,Investigating,-7852071.477254955,5388047.52818772
SANFORD,1,8/4/2021 11:15:00 AM,8/4/2021 11:15:00 AM,,Crew Assigned,Investigating,-7878486.02278471,5379841.661106842
