BgName,NumOut,EtrMin,EtrMax,Desc,Status,Cause,x,y
BATH,37,8/21/2024 5:45:00 PM,8/21/2024 5:45:00 PM,,Repairs Complete,Equipment Interruption,-7773259.537536383,5454264.929099085
"SUMNER,WEST PARIS",167,8/21/2024 6:30:00 PM,8/21/2024 6:30:00 PM,,Assessing,Investigating,-7848339.613754419,5507131.082538001
"PARIS,WEST PARIS",214,8/21/2024 6:30:00 PM,8/21/2024 6:30:00 PM,,Assessing,Investigating,-7848372.007718413,5507197.261417699
"PARIS,BUCKFIELD",144,8/21/2024 6:30:00 PM,8/21/2024 6:30:00 PM,,Assessing,Investigating,-7848013.25841016,5505651.954737154
ALBANY,2,8/21/2024 4:45:00 PM,8/21/2024 4:45:00 PM,,Crew Assigned,Investigating,-7879601.199188642,5520534.637349465
DOVER-FOXCROFT,34,8/21/2024 4:45:00 PM,8/21/2024 4:45:00 PM,,Repairs in Progress,Investigating,-7703864.503138874,5662355.385769382
