BgName,NumOut,EtrMin,EtrMax,Desc,Status,Cause,x,y
FRYEBURG,44,3/8/2022 12:15:00 AM,3/8/2022 12:15:00 AM,,Assessing,Investigating,-7897564.769725104,5477395.061992141
ACTON,6,3/8/2022 12:30:00 AM,3/8/2022 12:30:00 AM,,Assessing,Investigating,-7898345.097176458,5397964.213415287
SHAPLEIGH,6,3/8/2022 12:30:00 AM,3/8/2022 12:30:00 AM,,Assessing,Investigating,-7886717.676154536,5387721.494499851
FALMOUTH,20,3/8/2022 12:30:00 AM,3/8/2022 12:30:00 AM,,Assessing,Investigating,-7816052.542021434,5423819.888320905
