BgName,NumOut,EtrMin,EtrMax,Desc,Status,Cause,x,y
"LONG ISLAND,PEAKS ISLAND",413,3/29/2024 10:15:00 AM,3/29/2024 10:15:00 AM,,Assessing,Investigating,-7807968.854594696,5419896.441418993
FREEPORT,14,3/29/2024 9:30:00 AM,3/29/2024 9:30:00 AM,,Crew Assigned,Investigating,-7805635.253003158,5434775.585810594
"FAYETTE,CHESTERVILLE",275,3/29/2024 10:00:00 AM,3/29/2024 10:00:00 AM,,Crew Assigned,Investigating,-7794637.666460573,5535954.418539367
HARPSWELL,5,3/29/2024 9:15:00 AM,3/29/2024 9:15:00 AM,,Crew Assigned,Investigating,-7791228.440342152,5431184.069996212
