BgName,NumOut,EtrMin,EtrMax,Desc,Status,Cause,x,y
"WISCASSET,BRUNSWICK,ALNA",228,2/7/2022 11:00:00 PM,2/7/2022 11:00:00 PM,,Assessing,Investigating,-7754438.862599249,5468146.243573949
"DRESDEN,WOOLWICH",622,2/8/2022 12:15:00 AM,2/8/2022 12:15:00 AM,,Assessing,Investigating,-7763186.003040189,5484693.279930894
GREENWOOD,3,2/8/2022 12:15:00 AM,2/8/2022 12:15:00 AM,,Assessing,Investigating,-7868654.986657596,5521389.443748096
SACO,17,2/9/2022 12:00:00 AM,2/9/2022 12:00:00 AM,,Crew Assigned,Investigating,-7843207.918787808,5400952.721741244
