BgName,NumOut,EtrMin,EtrMax,Desc,Status,Cause,x,y
UPTON,187,10/4/2021 11:15:00 AM,10/4/2021 11:15:00 AM,,Assessing,Investigating,-7907386.32143472,5574086.293924706
BOOTHBAY,49,10/4/2021 11:00:00 AM,10/4/2021 11:00:00 AM,,Assessing,Investigating,-7746050.449141578,5440451.721336676
ROCKPORT,2,10/4/2021 10:45:00 AM,10/4/2021 10:45:00 AM,,Assessing,Investigating,-7690745.033616889,5485600.559183892
HANOVER,46,10/4/2021 11:15:00 AM,10/4/2021 11:15:00 AM,,Assessing,Investigating,-7871858.0380700985,5544122.27846758
PORTLAND,299,10/4/2021 11:30:00 AM,10/4/2021 11:30:00 AM,,Assessing,Investigating,-7822005.362911969,5411306.380956305
WATERVILLE,851,10/4/2021 11:00:00 AM,10/4/2021 11:00:00 AM,,Assessing,Investigating,-7754525.513602249,5551188.026479601
RANGELEY,5,10/4/2021 11:00:00 AM,10/4/2021 11:00:00 AM,,Assessing,Investigating,-7877189.8409510525,5616267.892357146
WEST GARDINER,1,10/4/2021 10:30:00 AM,10/4/2021 10:30:00 AM,,Assessing,Investigating,-7775464.943617192,5500340.111270906
PORTLAND,16,10/4/2021 10:45:00 AM,10/4/2021 10:45:00 AM,,Assessing,Investigating,-7824387.822698672,5414832.191044559
