BgName,NumOut,EtrMin,EtrMax,Desc,Status,Cause,x,y
LOVELL,13,4/27/2021 12:00:00 PM,4/27/2021 12:00:00 PM,,Assessing,Tree,-7891665.103939994,5493344.0191921685
LOVELL,4,4/26/2021 10:45:00 PM,4/26/2021 10:45:00 PM,,Assessing,Investigating,-7894453.523585635,5494544.56973199
FARMINGTON,15,4/26/2021 11:15:00 PM,4/26/2021 11:15:00 PM,,Assessing,Tree,-7810042.024241092,5563739.899132674
