BgName,NumOut,EtrMin,EtrMax,Desc,Status,Cause,x,y
VIENNA,17,9/7/2021 10:00:00 PM,9/7/2021 10:00:00 PM,,Assessing,Investigating,-7791143.047147227,5548446.755455744
DRESDEN,2,9/7/2021 10:00:00 PM,9/7/2021 10:00:00 PM,,Assessing,Investigating,-7764539.113703826,5469361.564824429
