BgName,NumOut,EtrMin,EtrMax,Desc,Status,Cause,x,y
KINGFIELD,59,7/25/2023 7:45:00 AM,7/25/2023 7:45:00 AM,,Investigating,Investigating,-7811711.286726482,5625358.822051923
BREMEN,1,7/25/2023 9:00:00 AM,7/25/2023 9:00:00 AM,,Assessing,Investigating,-7726394.187792472,5470620.680857825
PARIS,10,7/25/2023 7:15:00 AM,7/25/2023 7:15:00 AM,,Assessing,Investigating,-7845617.55169394,5504042.182685501
NORRIDGEWOCK,12,7/25/2023 8:15:00 AM,7/25/2023 8:15:00 AM,,Assessing,Investigating,-7765661.347808628,5585282.813247851
