BgName,NumOut,EtrMin,EtrMax,Desc,Status,Cause,x,y
"BREMEN,BRISTOL,SOUTH BRISTOL,DAMARISCOTTA",1544,10/5/2024 11:30:00 AM,10/5/2024 11:30:00 AM,,Crew Assigned,Investigating,-7738838.092741761,5457069.026798418
"BRISTOL,DAMARISCOTTA,BREMEN",188,10/5/2024 11:30:00 AM,10/5/2024 11:30:00 AM,,Crew Assigned,Investigating,-7737551.194901229,5459578.479085237
FALMOUTH,70,10/5/2024 1:00:00 PM,10/5/2024 1:00:00 PM,,Crew Assigned,Investigating,-7817804.131969754,5421443.340352203
SACO,2,10/5/2024 11:30:00 AM,10/5/2024 11:30:00 AM,,Assessing,Investigating,-7842408.978800321,5394057.589950053
SCARBOROUGH,1,Assessing,Assessing,,Assessing,Investigating,-7829483.149552362,5402298.859122863
