BgName,NumOut,EtrMin,EtrMax,Desc,Status,Cause,x,y
BOOTHBAY,4,7/23/2023 12:00:00 AM,7/23/2023 12:00:00 AM,,Assessing,Investigating,-7746901.865074188,5449692.466482867
WISCASSET,5,7/22/2023 1:30:00 AM,7/22/2023 1:30:00 AM,,Assessing,Investigating,-7758335.846246455,5476331.441716861
"DETROIT,PLYMOUTH,TROY",306,7/22/2023 12:00:00 AM,7/22/2023 12:00:00 AM,,Assessing,Vehicle Accident,-7714957.134180705,5590438.455547199
