BgName,NumOut,EtrMin,EtrMax,Desc,Status,Cause,x,y
WALDOBORO,1,6/14/2021 9:00:00 PM,6/14/2021 9:00:00 PM,,Assessing,Investigating,-7716485.951542321,5479938.008890479
"PORTLAND,GORHAM",84,6/14/2021 9:15:00 PM,6/14/2021 9:15:00 PM,,Assessing,Investigating,-7820606.15484377,5413370.124878124
"GORHAM,BUXTON,SCARBOROUGH,SO PORTLAND",553,6/14/2021 9:30:00 PM,6/14/2021 9:30:00 PM,,Assessing,Vehicle Accident,-7839249.965487042,5410054.440839845
