BgName,NumOut,EtrMin,EtrMax,Desc,Status,Cause,x,y
CAMDEN,4,6/26/2022 9:30:00 AM,6/26/2022 9:30:00 AM,,Repairs in Progress,Investigating,-7685139.8635101635,5503136.833816342
"UNION,HOPE,ROCKPORT",91,6/26/2022 11:45:00 AM,6/26/2022 11:45:00 AM,,Assessing,Investigating,-7705752.014246538,5497220.691866967
WESTPORT,4,6/26/2022 1:45:00 PM,6/26/2022 1:45:00 PM,,Assessing,Equipment Interruption,-7755859.577543701,5460303.910219829
