BgName,NumOut,EtrMin,EtrMax,Desc,Status,Cause,x,y
CAMDEN,168,10/9/2024 10:00:00 AM,10/9/2024 10:00:00 AM,,Repairs in Progress,Investigating,-7689494.793313286,5497817.05526418
OWLS HEAD,50,10/9/2024 11:15:00 AM,10/9/2024 11:15:00 AM,,Assessing,Investigating,-7690060.385375316,5472635.33463426
ARUNDEL,3,10/9/2024 11:00:00 AM,10/9/2024 11:00:00 AM,,Crew Assigned,Investigating,-7851979.505095097,5384474.489361855
KITTERY,7,10/9/2024 10:45:00 AM,10/9/2024 10:45:00 AM,,Crew Assigned,Investigating,-7872192.252512365,5327452.367137767
