BgName,NumOut,EtrMin,EtrMax,Desc,Status,Cause,x,y
PARIS,3,6/27/2024 3:45:00 PM,6/27/2024 3:45:00 PM,,Crew Assigned,Investigating,-7849587.037705202,5507944.616342155
FALMOUTH,42,6/27/2024 3:30:00 PM,6/27/2024 3:30:00 PM,,Assessing,Investigating,-7818148.476552383,5420875.583713346
