BgName,NumOut,EtrMin,EtrMax,Desc,Status,Cause,x,y
AUGUSTA,2,9/14/2023 3:00:00 PM,9/14/2023 3:00:00 PM,,Investigating,Investigating,-7770038.36453735,5521306.747834871
"EDGECOMB,NEWCASTLE,BOOTHBAY",833,9/14/2023 2:15:00 PM,9/14/2023 2:15:00 PM,,Assessing,Investigating,-7750801.598399568,5465930.0220199665
"EDGECOMB,NEWCASTLE,BOOTHBAY",370,9/14/2023 2:45:00 PM,9/14/2023 2:45:00 PM,,Assessing,Investigating,-7751068.653859523,5458149.637966513
"AUGUSTA,MANCHESTER,SIDNEY",658,9/14/2023 2:30:00 PM,9/14/2023 2:30:00 PM,,Assessing,Investigating,-7769870.894359902,5521874.014466125
EUSTIS,11,9/14/2023 3:15:00 PM,9/14/2023 3:15:00 PM,,Assessing,Investigating,-7843882.982499804,5650906.533132001
