BgName,NumOut,EtrMin,EtrMax,Desc,Status,Cause,x,y
WINTHROP,3,7/11/2022 9:00:00 PM,7/11/2022 9:00:00 PM,,Assessing,Investigating,-7794541.1525163315,5516960.087347875
TURNER,8,7/11/2022 8:00:00 PM,7/11/2022 8:00:00 PM,,Assessing,Investigating,-7825757.876229308,5497924.84965604
