BgName,NumOut,EtrMin,EtrMax,Desc,Status,Cause,x,y
LIMERICK,2,6/22/2021 11:15:00 AM,6/22/2021 11:15:00 AM,,Crew Assigned,Investigating,-7873982.9379267935,5415332.931787192
LIMINGTON,17,6/22/2021 11:45:00 AM,6/22/2021 11:45:00 AM,,Crew Assigned,Investigating,-7867085.070186861,5428571.476957223
SANFORD,3,6/22/2021 11:45:00 AM,6/22/2021 11:45:00 AM,,Assessing,Investigating,-7868528.616790616,5377079.521124244
NEWPORT,2,6/22/2021 11:45:00 AM,6/22/2021 11:45:00 AM,,Assessing,Investigating,-7712428.367307948,5596612.005470374
KINGFIELD,4,6/22/2021 11:30:00 AM,6/22/2021 11:30:00 AM,,Assessing,Investigating,-7811178.17322315,5613482.151426392
ROXBURY,1,6/22/2021 11:30:00 AM,6/22/2021 11:30:00 AM,,Assessing,Investigating,-7860470.967012189,5563863.336809371
STRONG,1,6/22/2021 11:30:00 AM,6/22/2021 11:30:00 AM,,Assessing,Investigating,-7818150.602732571,5588962.941705253
ELIOT,5,6/22/2021 11:15:00 AM,6/22/2021 11:15:00 AM,,Crew Assigned,Investigating,-7879616.438848949,5328046.365068791
ELIOT,15,6/22/2021 11:15:00 AM,6/22/2021 11:15:00 AM,,Crew Assigned,Investigating,-7879329.813381,5328017.730810567
