BgName,NumOut,EtrMin,EtrMax,Desc,Status,Cause,x,y
BOOTHBAY,21,6/4/2024 9:00:00 AM,6/4/2024 9:00:00 AM,,Repairs in Progress,Investigating,-7747249.3711960595,5447604.127575709
ST GEORGE,26,6/4/2024 9:00:00 AM,6/4/2024 9:00:00 AM,,Repairs in Progress,Investigating,-7707209.665039472,5456126.750090886
OAKLAND,73,6/4/2024 10:30:00 AM,6/4/2024 10:30:00 AM,,Crew Assigned,Investigating,-7761143.602038292,5552156.558217479
"BELFAST,KNOX,WALDO,BROOKS",223,6/4/2024 10:00:00 AM,6/4/2024 10:00:00 AM,,Crew Assigned,Investigating,-7687909.0694466885,5534599.140279767
