BgName,NumOut,EtrMin,EtrMax,Desc,Status,Cause,x,y
AUGUSTA,6,6/16/2023 7:45:00 PM,6/16/2023 7:45:00 PM,,Assessing,Investigating,-7752363.611222426,5517083.437006754
GRAY,2,6/16/2023 7:45:00 PM,6/16/2023 7:45:00 PM,,Assessing,Investigating,-7827204.038861624,5442199.453553211
WAYNE,2,6/16/2023 8:00:00 PM,6/16/2023 8:00:00 PM,,Assessing,Investigating,-7804466.643182249,5523506.681232663
NORWAY,160,6/16/2023 6:00:00 PM,6/16/2023 6:00:00 PM,,Assessing,Investigating,-7856881.325224255,5503570.274404696
STANDISH,19,6/16/2023 6:30:00 PM,6/16/2023 6:30:00 PM,,Crew Assigned,Equipment Interruption,-7846872.433994111,5436040.494891438
SWANVILLE,29,6/16/2023 7:00:00 PM,6/16/2023 7:00:00 PM,,Assessing,Vehicle Accident,-7679740.5120107215,5554032.083432915
MT VERNON,2,6/16/2023 8:00:00 PM,6/16/2023 8:00:00 PM,,Assessing,Investigating,-7793957.715977988,5536731.395649461
OXFORD,2,6/16/2023 7:30:00 PM,6/16/2023 7:30:00 PM,,Crew Assigned,Investigating,-7846834.919297617,5489441.478474905
