BgName,NumOut,EtrMin,EtrMax,Desc,Status,Cause,x,y
SABATTUS,6,2/11/2024 1:00:00 PM,2/11/2024 1:00:00 PM,,Assessing,Investigating,-7800972.881028468,5482029.188169494
LIMERICK,10,2/11/2024 12:15:00 PM,2/11/2024 12:15:00 PM,,Assessing,Investigating,-7874857.93135365,5411007.202533323
SAINT ALBANS,34,2/11/2024 12:45:00 PM,2/11/2024 12:45:00 PM,,Assessing,Investigating,-7726559.653025451,5609315.873043434
SALEM,1,2/11/2024 12:30:00 PM,2/11/2024 12:30:00 PM,,Assessing,Investigating,-7821870.855635423,5605759.621771738
CORNVILLE,47,2/11/2024 12:30:00 PM,2/11/2024 12:30:00 PM,,Assessing,Investigating,-7752983.805509886,5596027.905142946
