BgName,NumOut,EtrMin,EtrMax,Desc,Status,Cause,x,y
PHIPPSBURG,2,7/21/2021 11:45:00 PM,7/21/2021 11:45:00 PM,,Assessing,Investigating,-7775744.500271826,5422156.084938209
"BRISTOL,BREMEN",42,7/21/2021 11:00:00 PM,7/21/2021 11:00:00 PM,,Assessing,Tree,-7736513.875355534,5461614.48652989
"LIBERTY,MONTVILLE",62,7/21/2021 10:00:00 PM,7/21/2021 10:00:00 PM,,Assessing,Investigating,-7714742.176242248,5525892.438248046
WALDOBORO,50,7/21/2021 11:45:00 PM,7/21/2021 11:45:00 PM,,Assessing,Investigating,-7722779.398953228,5493992.071589269
JEFFERSON,5,7/21/2021 10:00:00 PM,7/21/2021 10:00:00 PM,,Assessing,Investigating,-7732301.556901207,5500741.5104589285
PARSONSFIELD,3,7/21/2021 10:30:00 PM,7/21/2021 10:30:00 PM,,Assessing,Investigating,-7890824.8087567,5427505.767472725
ISLESBORO,403,7/21/2021 10:15:00 PM,7/21/2021 10:15:00 PM,,Assessing,Investigating,-7670247.230388855,5513416.245172176
PENOBSCOT,2,7/21/2021 10:15:00 PM,7/21/2021 10:15:00 PM,,Assessing,Investigating,-7648991.797719157,5540470.578136398
OAKLAND,12,7/21/2021 10:30:00 PM,7/21/2021 10:30:00 PM,,Assessing,Investigating,-7765727.326870052,5550290.963443769
