BgName,NumOut,EtrMin,EtrMax,Desc,Status,Cause,x,y
BRIDGTON,6,7/26/2022 8:45:00 PM,7/26/2022 8:45:00 PM,,Assessing,Investigating,-7868491.436067997,5474575.98269207
NEW SHARON,18,7/26/2022 8:00:00 PM,7/26/2022 8:00:00 PM,,Assessing,Investigating,-7794434.820180721,5564039.415779191
