BgName,NumOut,EtrMin,EtrMax,Desc,Status,Cause,x,y
BATH,170,9/12/2023 9:15:00 AM,9/12/2023 9:15:00 AM,,Assessing,Investigating,-7772038.006471848,5449199.13990489
GARDINER,8,9/12/2023 9:45:00 AM,9/12/2023 9:45:00 AM,,Assessing,Investigating,-7775316.287601589,5491352.090422711
TOPSHAM,10,9/12/2023 11:15:00 AM,9/12/2023 11:15:00 AM,,Assessing,Investigating,-7787691.2969244495,5461238.494514097
LIMINGTON,3,9/12/2023 10:00:00 AM,9/12/2023 10:00:00 AM,,Crew Assigned,Tree,-7870688.9830508,5416500.724443303
PEAKS IS,12,9/12/2023 10:15:00 AM,9/12/2023 10:15:00 AM,,Assessing,Investigating,-7813046.915820071,5414501.518483593
WATERVILLE,11,9/12/2023 11:15:00 AM,9/12/2023 11:15:00 AM,,Assessing,Investigating,-7750531.926911061,5553309.2046856675
