BgName,NumOut,EtrMin,EtrMax,Desc,Status,Cause,x,y
GORHAM,8,10/5/2024 10:30:00 AM,10/5/2024 10:30:00 AM,,Crew Assigned,Investigating,-7846692.920234255,5421869.954739711
WATERBORO,22,10/5/2024 10:45:00 AM,10/5/2024 10:45:00 AM,,Assessing,Investigating,-7875120.834565295,5413533.946686573
SCARBOROUGH,13,10/5/2024 12:00:00 PM,10/5/2024 12:00:00 PM,,Assessing,Investigating,-7823565.104892688,5397908.3406321285
SCARBOROUGH,1,Assessing,Assessing,,Assessing,Investigating,-7829483.149552362,5402298.859122863
DIXMONT,17,10/5/2024 10:00:00 AM,10/5/2024 10:00:00 AM,,Crew Assigned,Investigating,-7695109.681599203,5579451.228642419
