BgName,NumOut,EtrMin,EtrMax,Desc,Status,Cause,x,y
HERMON,3,7/6/2023 6:30:00 PM,7/6/2023 6:30:00 PM,,Assessing,Investigating,-7676557.999090394,5586137.489653776
PORTLAND,52,7/6/2023 5:45:00 PM,7/6/2023 5:45:00 PM,,Assessing,Investigating,-7821297.248500781,5411513.905309659
