BgName,NumOut,EtrMin,EtrMax,Desc,Status,Cause,x,y
BOOTHBAY,1,4/3/2023 7:30:00 PM,4/3/2023 7:30:00 PM,,Assessing,Investigating,-7750137.4774376275,5455837.460245552
LYMAN,2,4/3/2023 7:45:00 PM,4/3/2023 7:45:00 PM,,Assessing,Investigating,-7868151.577707555,5388364.3195057735
