BgName,NumOut,EtrMin,EtrMax,Desc,Status,Cause,x,y
CHELSEA,6,6/18/2021 11:00:00 PM,6/18/2021 11:00:00 PM,,Assessing,Investigating,-7767519.92682775,5509324.022228918
"GARDINER,RICHMOND",26,6/18/2021 11:15:00 PM,6/18/2021 11:15:00 PM,,Assessing,Investigating,-7771133.134897375,5490843.778784365
GARDINER,21,6/18/2021 11:30:00 PM,6/18/2021 11:30:00 PM,,Assessing,Investigating,-7768375.906969848,5501510.243702341
