BgName,NumOut,EtrMin,EtrMax,Desc,Status,Cause,x,y
ST GEORGE,9,4/25/2024 12:30:00 AM,4/25/2024 12:30:00 AM,,Assessing,Investigating,-7701741.762999917,5470771.681657262
GREENE,30,4/24/2024 10:15:00 PM,4/24/2024 10:15:00 PM,,Assessing,Investigating,-7810202.725040442,5494325.087817069
MONMOUTH,22,4/26/2024 12:00:00 AM,4/26/2024 12:00:00 AM,,Assessing,Tree,-7797925.721431811,5501451.672249956
