BgName,NumOut,EtrMin,EtrMax,Desc,Status,Cause,x,y
WALDOBORO,25,1/9/2023 4:45:00 PM,1/9/2023 4:45:00 PM,,Assessing,Investigating,-7726380.740338484,5487120.176232808
WILTON,2,1/9/2023 3:45:00 PM,1/9/2023 3:45:00 PM,,Assessing,Investigating,-7816287.838027705,5558158.998471811
