BgName,NumOut,EtrMin,EtrMax,Desc,Status,Cause,x,y
VASSALBORO,4,7/2/2022 8:45:00 AM,7/2/2022 8:45:00 AM,,Assessing,Investigating,-7750121.068968874,5524366.968320169
LEWISTON,47,7/2/2022 9:30:00 AM,7/2/2022 9:30:00 AM,,Assessing,Investigating,-7810370.27200385,5477472.632235839
HIRAM,1,7/2/2022 8:00:00 AM,7/2/2022 8:00:00 AM,,Assessing,Investigating,-7881945.086694931,5445879.412854021
