BgName,NumOut,EtrMin,EtrMax,Desc,Status,Cause,x,y
"ANDOVER,RUMFORD,HANOVER",129,7/27/2023 6:00:00 PM,7/27/2023 6:00:00 PM,,Assessing,Investigating,-7875269.891429634,5561699.750519292
BRIDGTON,205,7/27/2023 5:45:00 PM,7/27/2023 5:45:00 PM,,Crew Assigned,Investigating,-7874112.369020719,5475118.713297864
HEBRON,95,7/27/2023 5:45:00 PM,7/27/2023 5:45:00 PM,,Assessing,Investigating,-7833279.188695453,5492649.06091685
"BRIDGTON,SWEDEN",597,7/27/2023 5:45:00 PM,7/27/2023 5:45:00 PM,,Crew Assigned,Investigating,-7883302.883905009,5475573.231452209
"HIRAM,PORTER",378,7/27/2023 7:00:00 PM,7/27/2023 7:00:00 PM,,Crew Assigned,Investigating,-7890072.311260083,5436577.700098893
PARSONSFIELD,42,7/27/2023 6:15:00 PM,7/27/2023 6:15:00 PM,,Crew Assigned,Investigating,-7889645.27851072,5435442.685908671
