BgName,NumOut,EtrMin,EtrMax,Desc,Status,Cause,x,y
EDGECOMB,21,7/7/2021 8:45:00 PM,7/7/2021 8:45:00 PM,,Assessing,Investigating,-7749151.5541283535,5465858.476492946
WINSLOW,188,7/7/2021 8:30:00 PM,7/7/2021 8:30:00 PM,,Assessing,Investigating,-7751163.932220567,5548297.760219326
