BgName,NumOut,EtrMin,EtrMax,Desc,Status,Cause,x,y
NEWCASTLE,2,6/27/2021 11:30:00 AM,6/27/2021 11:30:00 AM,,Assessing,Investigating,-7749232.494538525,5466756.325619045
SIDNEY,4,6/27/2021 12:00:00 PM,6/27/2021 12:00:00 PM,,Assessing,Investigating,-7770095.2030662475,5530611.789586592
CASCO,8,6/27/2021 11:30:00 AM,6/27/2021 11:30:00 AM,,Assessing,Investigating,-7849361.370878482,5463026.22970349
CORINNA,25,6/27/2021 11:45:00 AM,6/27/2021 11:45:00 AM,,Assessing,Investigating,-7709006.094384047,5616119.051864239
