BgName,NumOut,EtrMin,EtrMax,Desc,Status,Cause,x,y
BROWNFIELD,57,Assessing,Assessing,,Investigating,Investigating,-7897752.9441803275,5452769.4486125745
STANDISH,5,6/26/2023 2:00:00 PM,6/26/2023 2:00:00 PM,,Crew Assigned,Investigating,-7855424.932339509,5438016.201574855
ANSON,5,6/26/2023 2:00:00 PM,6/26/2023 2:00:00 PM,,Assessing,Investigating,-7781258.087854875,5598737.258581682
