BgName,NumOut,EtrMin,EtrMax,Desc,Status,Cause,x,y
O O BEACH,42,4/18/2021 12:00:00 PM,4/18/2021 12:00:00 PM,,Crew Assigned,Investigating,-7835459.325287891,5390456.859570474
NOBLEBORO,1,4/18/2021 11:30:00 AM,4/18/2021 11:30:00 AM,,Repairs in Progress,Investigating,-7737537.324473738,5480438.554439608
