BgName,NumOut,EtrMin,EtrMax,Desc,Status,Cause,x,y
FREEPORT,34,7/12/2021 3:45:00 PM,7/12/2021 3:45:00 PM,,Assessing,Tree,-7799294.65060376,5437748.926285594
ELIOT,68,7/12/2021 3:30:00 PM,7/12/2021 3:30:00 PM,,Crew Assigned,Investigating,-7882109.32745715,5333886.036058026
