BgName,NumOut,EtrMin,EtrMax,Desc,Status,Cause,x,y
CUSHING,33,7/2/2023 12:00:00 PM,7/2/2023 12:00:00 PM,,Assessing,Investigating,-7710399.179898245,5465681.170403741
"BUXTON,GORHAM",97,7/2/2023 12:45:00 PM,7/2/2023 12:45:00 PM,,Assessing,Investigating,-7854868.724482796,5417486.788244559
"CARRABASSETT VAL,CARRABASSETT VALLEY",34,7/2/2023 12:45:00 PM,7/2/2023 12:45:00 PM,,Assessing,Investigating,-7819752.445744037,5633954.393509236
