BgName,NumOut,EtrMin,EtrMax,Desc,Status,Cause,x,y
YORK,29,7/9/2023 11:15:00 AM,7/9/2023 11:15:00 AM,,Crew Assigned,Investigating,-7858868.389278226,5347266.718965159
SO PORTLAND,33,7/9/2023 11:00:00 AM,7/9/2023 11:00:00 AM,,Assessing,Investigating,-7823763.698812165,5408411.770893701
PALMYRA,28,7/9/2023 10:30:00 AM,7/9/2023 10:30:00 AM,,Assessing,Investigating,-7715414.90223725,5596498.5609068535
