BgName,NumOut,EtrMin,EtrMax,Desc,Status,Cause,x,y
WAYNE,9,5/18/2021 8:30:00 PM,5/18/2021 8:30:00 PM,,Assessing,Investigating,-7796498.382972549,5514994.388893205
POLAND,56,5/18/2021 7:30:00 PM,5/18/2021 7:30:00 PM,,Assessing,Vehicle Accident,-7832629.906645196,5475086.490961685
