BgName,NumOut,EtrMin,EtrMax,Desc,Status,Cause,x,y
HARPSWELL,170,5/20/2024 8:15:00 AM,5/20/2024 8:15:00 AM,,Crew Assigned,Investigating,-7791978.466472153,5432250.297379027
OWLS HEAD,37,5/20/2024 8:15:00 AM,5/20/2024 8:15:00 AM,,Assessing,Investigating,-7690669.2139392095,5473896.092736033
SOUTH THOMASTON,22,5/20/2024 9:00:00 AM,5/20/2024 9:00:00 AM,,Assessing,Investigating,-7695314.565159721,5475940.71671633
YORK,2,5/20/2024 8:30:00 AM,5/20/2024 8:30:00 AM,,Crew Assigned,Investigating,-7860653.230350102,5341899.3316887915
