BgName,NumOut,EtrMin,EtrMax,Desc,Status,Cause,x,y
NORWAY,26,2/27/2024 1:15:00 PM,2/27/2024 1:15:00 PM,,Crew Assigned,Investigating,-7858699.940705497,5499556.688938292
BRIDGTON,26,2/27/2024 1:15:00 PM,2/27/2024 1:15:00 PM,,Crew Assigned,Investigating,-7882852.707947579,5475604.6653787
SOUTH BERWICK,69,2/27/2024 1:15:00 PM,2/27/2024 1:15:00 PM,,Crew Assigned,Investigating,-7879503.238024285,5346956.688853634
