BgName,NumOut,EtrMin,EtrMax,Desc,Status,Cause,x,y
SO PORTLAND,31,7/29/2023 3:00:00 PM,7/29/2023 3:00:00 PM,,Assessing,Investigating,-7827439.357092775,5406412.330547842
WATERVILLE,30,7/29/2023 3:00:00 PM,7/29/2023 3:00:00 PM,,Assessing,Investigating,-7752664.185005059,5550767.030532219
