BgName,NumOut,EtrMin,EtrMax,Desc,Status,Cause,x,y
LEEDS,46,9/7/2022 8:45:00 AM,9/7/2022 8:45:00 AM,,Investigating,Investigating,-7811116.467745863,5510877.680484766
FAIRFIELD,1,9/7/2022 8:30:00 AM,9/7/2022 8:30:00 AM,,Assessing,Investigating,-7748217.728240462,5557158.392001846
