BgName,NumOut,EtrMin,EtrMax,Desc,Status,Cause,x,y
NEWCASTLE,4,3/6/2021 2:15:00 PM,3/6/2021 2:15:00 PM,,Assessing,Investigating,-7743144.821185016,5480833.237790784
CUSHING,11,3/6/2021 2:45:00 PM,3/6/2021 2:45:00 PM,,Assessing,Investigating,-7705963.866308074,5468956.166328224
AUBURN,76,3/6/2021 2:15:00 PM,3/6/2021 2:15:00 PM,,Assessing,Investigating,-7823029.168329032,5472129.438314388
HARTLAND,2,3/6/2021 2:00:00 PM,3/6/2021 2:00:00 PM,,Assessing,Investigating,-7739705.81703105,5607688.039835115
LEEDS,3,3/6/2021 1:45:00 PM,3/6/2021 1:45:00 PM,,Assessing,Investigating,-7805242.606848488,5516686.968390454
