BgName,NumOut,EtrMin,EtrMax,Desc,Status,Cause,x,y
YARMOUTH,6,6/11/2023 9:30:00 AM,6/11/2023 9:30:00 AM,,Assessing,Investigating,-7807750.189706427,5429955.652990006
"ELIOT,KITTERY",65,6/11/2023 9:30:00 AM,6/11/2023 9:30:00 AM,,Crew Assigned,Investigating,-7878932.302680623,5328445.957778237
