BgName,NumOut,EtrMin,EtrMax,Desc,Status,Cause,x,y
CANTON,40,7/16/2024 4:45:00 PM,7/16/2024 4:45:00 PM,,Assessing,Investigating,-7820501.881913596,5543746.218077092
BIDDEFORD,1,7/16/2024 6:15:00 PM,7/16/2024 6:15:00 PM,,Assessing,Investigating,-7853812.246890285,5388109.157669702
SANFORD,2,7/16/2024 6:15:00 PM,7/16/2024 6:15:00 PM,,Assessing,Investigating,-7888596.225930276,5382777.671794827
