BgName,NumOut,EtrMin,EtrMax,Desc,Status,Cause,x,y
BOOTHBAY,5,11/3/2023 11:00:00 PM,11/3/2023 11:00:00 PM,,Assessing,Investigating,-7750022.473294207,5450724.175175316
BOOTHBAY,232,11/4/2023 12:15:00 AM,11/4/2023 12:15:00 AM,,Assessing,Vehicle Accident,-7752752.895513608,5447449.846589745
HOPE,35,11/4/2023 12:15:00 AM,11/4/2023 12:15:00 AM,,Assessing,Investigating,-7699615.516135292,5505780.825269909
