BgName,NumOut,EtrMin,EtrMax,Desc,Status,Cause,x,y
BOOTHBAY,55,5/28/2023 9:30:00 AM,5/28/2023 9:30:00 AM,,Assessing,Investigating,-7746715.260276153,5444878.881365779
HARPSWELL,4,5/28/2023 8:15:00 AM,5/28/2023 8:15:00 AM,,Assessing,Equipment Interruption,-7779997.32787484,5442591.694601944
GRAY,15,5/28/2023 8:45:00 AM,5/28/2023 8:45:00 AM,,Assessing,Investigating,-7828847.626604966,5447732.0304155275
ABBOT,11,5/28/2023 9:30:00 AM,5/28/2023 9:30:00 AM,,Assessing,Investigating,-7731711.452298181,5653882.15480366
LEWISTON,28,5/28/2023 8:15:00 AM,5/28/2023 8:15:00 AM,,Assessing,Investigating,-7814299.638502614,5478473.171491642
