BgName,NumOut,EtrMin,EtrMax,Desc,Status,Cause,x,y
ROCKPORT,6,6/30/2022 12:15:00 PM,6/30/2022 12:15:00 PM,,Crew Assigned,Investigating,-7690663.570021027,5488686.557954843
CASCO,5,6/30/2022 1:15:00 PM,6/30/2022 1:15:00 PM,,Crew Assigned,Investigating,-7849719.018052936,5467016.458701711
ARUNDEL,17,6/30/2022 11:00:00 AM,6/30/2022 11:00:00 AM,,Crew Assigned,Investigating,-7852690.33564692,5381843.177318672
BELGRADE,4,6/30/2022 11:00:00 AM,6/30/2022 11:00:00 AM,,Assessing,Investigating,-7770893.252556848,5540393.5476472005
LEEDS,1,6/30/2022 12:30:00 PM,6/30/2022 12:30:00 PM,,Assessing,Investigating,-7806827.718529765,5512728.548135155
BALDWIN,1,6/30/2022 12:30:00 PM,6/30/2022 12:30:00 PM,,Crew Assigned,Investigating,-7877108.94499064,5444167.959382656
BRIDGTON,2,6/30/2022 2:30:00 PM,6/30/2022 2:30:00 PM,,Crew Assigned,Investigating,-7869937.298163874,5473432.984018595
LOVELL,1,6/30/2022 11:15:00 AM,6/30/2022 11:15:00 AM,,Crew Assigned,Investigating,-7889916.82019286,5502593.014927421
WATERFORD,2,6/30/2022 11:30:00 AM,6/30/2022 11:30:00 AM,,Assessing,Investigating,-7866375.619880179,5497677.317492144
