BgName,NumOut,EtrMin,EtrMax,Desc,Status,Cause,x,y
STANDISH,73,8/29/2024 1:30:00 PM,8/29/2024 1:30:00 PM,,Investigating,Investigating,-7845029.875809789,5439491.935556874
HARRISON,15,8/29/2024 1:15:00 PM,8/29/2024 1:15:00 PM,,Crew Assigned,Investigating,-7865307.476027671,5477227.15528737
CANTON,33,8/29/2024 1:30:00 PM,8/29/2024 1:30:00 PM,,Assessing,Investigating,-7827998.592839117,5533698.051394021
BELFAST,13,8/29/2024 1:00:00 PM,8/29/2024 1:00:00 PM,,Assessing,Investigating,-7681116.732645228,5535180.548340959
