BgName,NumOut,EtrMin,EtrMax,Desc,Status,Cause,x,y
BERWICK,9,1/23/2023 12:30:00 AM,1/23/2023 12:30:00 AM,,Investigating,Investigating,-7887102.462410304,5364207.602572015
"BREMEN,BREMAN",57,1/22/2023 10:30:00 PM,1/22/2023 10:30:00 PM,,Assessing,Investigating,-7728549.900843542,5465994.866837636
BREMEN,7,1/22/2023 10:45:00 PM,1/22/2023 10:45:00 PM,,Assessing,Investigating,-7726435.89918703,5464707.464213371
SO BERWICK,6,1/22/2023 11:15:00 PM,1/22/2023 11:15:00 PM,,Assessing,Investigating,-7871304.52412914,5348238.9379975265
BERWICK,128,1/23/2023 12:30:00 AM,1/23/2023 12:30:00 AM,,Assessing,Investigating,-7888559.37918153,5360683.655953981
BERWICK,4,1/23/2023 12:30:00 AM,1/23/2023 12:30:00 AM,,Assessing,Investigating,-7886353.461027474,5364513.793010114
SO BERWICK,45,1/23/2023 12:00:00 AM,1/23/2023 12:00:00 AM,,Assessing,Tree,-7882607.315238372,5341658.26902411
