BgName,NumOut,EtrMin,EtrMax,Desc,Status,Cause,x,y
WINTHROP,22,7/27/2022 4:15:00 AM,7/27/2022 4:15:00 AM,,Assessing,Investigating,-7796448.611955505,5511753.823796457
MEXICO,19,7/27/2022 4:30:00 AM,7/27/2022 4:30:00 AM,,Assessing,Investigating,-7853584.709869946,5552823.6302009765
WELLS,7,7/27/2022 4:45:00 AM,7/27/2022 4:45:00 AM,,Assessing,Investigating,-7854549.872137902,5367796.434349914
WELLS,2636,7/27/2022 4:45:00 AM,7/27/2022 4:45:00 AM,,Assessing,Investigating,-7854550.183786783,5367795.20929663
ROCKWOOD,31,7/27/2022 4:00:00 AM,7/27/2022 4:00:00 AM,,Assessing,Investigating,-7763333.813108778,5728616.030057311
