BgName,NumOut,EtrMin,EtrMax,Desc,Status,Cause,x,y
LIBERTY,26,1/30/2023 11:45:00 AM,1/30/2023 11:45:00 AM,,Assessing,Investigating,-7717084.42741671,5523911.841067621
TOPSHAM,20,1/30/2023 12:00:00 PM,1/30/2023 12:00:00 PM,,Assessing,Investigating,-7791081.954956496,5457354.258171443
NEWRY,3,1/30/2023 3:30:00 PM,1/30/2023 3:30:00 PM,,Assessing,Investigating,-7889682.025147393,5542977.319504741
CAPE ELIZABETH,38,1/30/2023 12:15:00 PM,1/30/2023 12:15:00 PM,,Assessing,Investigating,-7817586.769539537,5407736.333326419
