BgName,NumOut,EtrMin,EtrMax,Desc,Status,Cause,x,y
CAMDEN,31,6/25/2024 8:30:00 AM,6/25/2024 8:30:00 AM,,Crew Assigned,Investigating,-7689763.607642237,5497179.322767862
NEWCASTLE,6,6/25/2024 9:00:00 AM,6/25/2024 9:00:00 AM,,Crew Assigned,Investigating,-7748972.7861033315,5468122.575001094
FREEPORT,48,6/25/2024 9:15:00 AM,6/25/2024 9:15:00 AM,,Assessing,Investigating,-7801659.577563039,5448683.688624999
BRUNSWICK,131,6/25/2024 8:30:00 AM,6/25/2024 8:30:00 AM,,Crew Assigned,Investigating,-7786504.11901716,5452070.349158123
"PARIS,NORWAY",19,6/25/2024 8:00:00 AM,6/25/2024 8:00:00 AM,,Crew Assigned,Investigating,-7850508.829921785,5497345.095383003
KENNEBUNKPORT,24,6/25/2024 8:45:00 AM,6/25/2024 8:45:00 AM,,Crew Assigned,Investigating,-7842627.899775274,5372830.9432899635
JACKSON,9,6/25/2024 9:15:00 AM,6/25/2024 9:15:00 AM,,Crew Assigned,Investigating,-7697246.937988633,5560144.139562077
RANGELEY,2,6/25/2024 7:45:00 AM,6/25/2024 7:45:00 AM,,Crew Assigned,Investigating,-7866100.538335281,5619580.163907911
