BgName,NumOut,EtrMin,EtrMax,Desc,Status,Cause,x,y
RAYMOND,2,4/10/2021 1:00:00 PM,4/10/2021 1:00:00 PM,,Assessing,Investigating,-7844254.322002375,5450173.289940027
SABATTUS,2361,4/10/2021 1:15:00 PM,4/10/2021 1:15:00 PM,,Assessing,Investigating,-7801471.959630828,5478235.524667653
