BgName,NumOut,EtrMin,EtrMax,Desc,Status,Cause,x,y
GEORGETOWN,6,7/10/2023 1:30:00 AM,7/10/2023 1:30:00 AM,,Assessing,Investigating,-7764873.639895086,5434995.977938213
WILLIMANTIC,141,7/10/2023 8:00:00 AM,7/10/2023 8:00:00 AM,,Assessing,Investigating,-7718654.388437318,5668814.977739843
STRONG,28,7/10/2023 1:15:00 AM,7/10/2023 1:15:00 AM,,Assessing,Investigating,-7814653.768139294,5582925.418713185
