BgName,NumOut,EtrMin,EtrMax,Desc,Status,Cause,x,y
OWLS HEAD,38,7/10/2023 6:30:00 PM,7/10/2023 6:30:00 PM,,Assessing,Investigating,-7690669.2139392095,5473896.092736033
SWEDEN,6,7/10/2023 6:45:00 PM,7/10/2023 6:45:00 PM,,Assessing,Investigating,-7879246.290379703,5488041.859536982
YORK,144,7/10/2023 8:00:00 PM,7/10/2023 8:00:00 PM,,Assessing,Investigating,-7860136.440720819,5338962.84371009
ETNA,5,7/10/2023 7:15:00 PM,7/10/2023 7:15:00 PM,,Crew Assigned,Investigating,-7692554.932740448,5592554.035874148
