BgName,NumOut,EtrMin,EtrMax,Desc,Status,Cause,x,y
YARMOUTH,2,6/28/2024 2:00:00 AM,6/28/2024 2:00:00 AM,,Crew Assigned,Investigating,-7808357.047864515,5430052.356004153
DAMARISCOTTA,18,Assessing,Assessing,,Repairs in Progress,Tree,-7733971.2713926025,5467345.926848658
BOWDOIN,2,6/28/2024 1:30:00 AM,6/28/2024 1:30:00 AM,,Crew Assigned,Investigating,-7786470.01073404,5466806.379784235
FRYEBURG,780,6/28/2024 1:30:00 AM,6/28/2024 1:30:00 AM,,Assessing,Investigating,-7897919.990283037,5475061.735629907
SACO,23,6/28/2024 12:45:00 AM,6/28/2024 12:45:00 AM,,Repairs in Progress,Investigating,-7835655.481378292,5385947.124399127
ORLAND,3,6/28/2024 1:00:00 AM,6/28/2024 1:00:00 AM,,Crew Assigned,Investigating,-7651518.0599881,5554261.335980016
ORLAND,8,6/28/2024 1:00:00 AM,6/28/2024 1:00:00 AM,,Crew Assigned,Investigating,-7651518.182425158,5554261.17970846
