BgName,NumOut,EtrMin,EtrMax,Desc,Status,Cause,x,y
PHIPPSBURG,23,7/22/2022 5:15:00 PM,7/22/2022 5:15:00 PM,,Assessing,Investigating,-7774453.539282735,5424266.563493038
PORTLAND,103,Assessing,Assessing,,Assessing,Investigating,-7825866.668718984,5418438.130685948
STANDISH,37,7/22/2022 6:00:00 PM,7/22/2022 6:00:00 PM,,Assessing,Investigating,-7846815.438389371,5436041.050219545
SEBAGO,29,Assessing,Assessing,,Assessing,Investigating,-7862046.527401108,5441371.309916392
EUSTIS,9,7/22/2022 5:30:00 PM,7/22/2022 5:30:00 PM,,Assessing,Investigating,-7840488.316881397,5644801.524505219
LANG,53,7/22/2022 6:00:00 PM,7/22/2022 6:00:00 PM,,Assessing,Investigating,-7852707.657037654,5638153.333754593
