BgName,NumOut,EtrMin,EtrMax,Desc,Status,Cause,x,y
BATH,5,5/22/2024 4:15:00 PM,5/22/2024 4:15:00 PM,,Crew Assigned,Investigating,-7773249.785919764,5450754.241798787
OLD ORCHARD BEACH,6,5/22/2024 3:30:00 PM,5/22/2024 3:30:00 PM,,Repairs in Progress,Investigating,-7835057.718001519,5392317.39453647
WILTON,15,5/22/2024 3:15:00 PM,5/22/2024 3:15:00 PM,,Repairs in Progress,Investigating,-7811352.276926618,5558201.864735652
YORK,7,5/22/2024 4:00:00 PM,5/22/2024 4:00:00 PM,,Crew Assigned,Investigating,-7858770.405888989,5338003.039884863
