BgName,NumOut,EtrMin,EtrMax,Desc,Status,Cause,x,y
LITCHFIELD,21,5/28/2022 6:45:00 AM,5/28/2022 6:45:00 AM,,Assessing,Investigating,-7783131.260911556,5482920.884865846
FRYEBURG,38,5/28/2022 6:00:00 AM,5/28/2022 6:00:00 AM,,Assessing,Investigating,-7901360.308007504,5479852.078856616
"LYMAN,ARUNDEL",45,5/28/2022 6:00:00 AM,5/28/2022 6:00:00 AM,,Assessing,Vehicle Accident,-7859478.564850049,5385220.902833795
EUSTIS,19,5/28/2022 7:00:00 AM,5/28/2022 7:00:00 AM,,Assessing,Investigating,-7843858.05799763,5652313.135070984
