BgName,NumOut,EtrMin,EtrMax,Desc,Status,Cause,x,y
HARRISON,51,4/29/2021 10:45:00 AM,4/29/2021 10:45:00 AM,,Assessing,Investigating,-7861696.561125177,5474554.156346086
CAPE ELIZABETH,61,4/29/2021 11:00:00 AM,4/29/2021 11:00:00 AM,,Crew Assigned,Investigating,-7819050.3982245345,5403030.264005527
BELFAST,18,4/29/2021 11:15:00 AM,4/29/2021 11:15:00 AM,,Assessing,Investigating,-7682847.416690066,5532351.745143409
