BgName,NumOut,EtrMin,EtrMax,Desc,Status,Cause,x,y
BRUNSWICK,26,5/26/2022 2:00:00 PM,5/26/2022 2:00:00 PM,,Assessing,Investigating,-7783163.209577054,5447219.518701468
WASHINGTON,55,5/26/2022 1:45:00 PM,5/26/2022 1:45:00 PM,,Assessing,Investigating,-7724286.108265595,5507839.9531075135
RAYMOND,16,5/26/2022 1:45:00 PM,5/26/2022 1:45:00 PM,,Crew Assigned,Investigating,-7843625.990305351,5450595.39648641
