BgName,NumOut,EtrMin,EtrMax,Desc,Status,Cause,x,y
FREEPORT,23,8/10/2023 4:15:00 AM,8/10/2023 4:15:00 AM,,Assessing,Investigating,-7804420.056029433,5439040.692172898
"ANDOVER,RUMFORD,HANOVER",130,8/10/2023 4:15:00 AM,8/10/2023 4:15:00 AM,,Assessing,Tree,-7875269.891429634,5561699.750519292
ELLIOTSVILLE,47,8/10/2023 4:30:00 AM,8/10/2023 4:30:00 AM,,Assessing,Investigating,-7729019.190398027,5678823.274547369
