BgName,NumOut,EtrMin,EtrMax,Desc,Status,Cause,x,y
JEFFERSON,26,4/20/2021 8:15:00 PM,4/20/2021 8:15:00 PM,,Assessing,Investigating,-7736543.352754534,5490979.237853222
HARRISON,4,4/20/2021 7:45:00 PM,4/20/2021 7:45:00 PM,,Assessing,Investigating,-7863448.618596871,5485216.402285162
LOVELL,11,4/20/2021 8:15:00 PM,4/20/2021 8:15:00 PM,,Assessing,Investigating,-7893294.58749415,5492586.091599087
POLAND,24,4/20/2021 7:30:00 PM,4/20/2021 7:30:00 PM,,Assessing,Investigating,-7835732.091440776,5469271.878953923
POLAND,9,4/20/2021 8:45:00 PM,4/20/2021 8:45:00 PM,,Assessing,Investigating,-7843579.514377052,5471579.854142743
"NORWAY,WATERFORD,BRIDGTON",487,4/20/2021 7:45:00 PM,4/20/2021 7:45:00 PM,,Assessing,Investigating,-7858472.80433367,5499686.094933349
CASCO,247,4/20/2021 8:15:00 PM,4/20/2021 8:15:00 PM,,Assessing,Investigating,-7847533.838715311,5456824.666862973
WILTON,14,4/20/2021 8:15:00 PM,4/20/2021 8:15:00 PM,,Assessing,Investigating,-7816878.955664788,5558248.686241214
