BgName,NumOut,EtrMin,EtrMax,Desc,Status,Cause,x,y
BOOTHBAY HARBOR,18,8/3/2024 11:15:00 AM,8/3/2024 11:15:00 AM,,Assessing,Investigating,-7749827.474899806,5444051.484851016
POWNAL,8,8/3/2024 10:15:00 AM,8/3/2024 10:15:00 AM,,Assessing,Investigating,-7811687.415403303,5448419.39363489
CUMBERLAND,90,8/3/2024 10:45:00 AM,8/3/2024 10:45:00 AM,,Assessing,Investigating,-7820481.610620539,5435010.970247921
KENNEBUNKPORT,4,8/3/2024 11:15:00 AM,8/3/2024 11:15:00 AM,,Crew Assigned,Investigating,-7842894.554486604,5371950.914301542
BIDDEFORD,46,8/3/2024 10:45:00 AM,8/3/2024 10:45:00 AM,,Crew Assigned,Investigating,-7843234.746820918,5385213.094170986
LIMINGTON,235,8/3/2024 10:00:00 AM,8/3/2024 10:00:00 AM,,Repairs in Progress,Investigating,-7869199.539366748,5427644.7191843
LIMINGTON,30,8/3/2024 10:00:00 AM,8/3/2024 10:00:00 AM,,Crew Assigned,Investigating,-7870343.703321308,5427958.616583102
"SOUTH BERWICK,WELLS",258,8/3/2024 11:30:00 AM,8/3/2024 11:30:00 AM,,Crew Assigned,Investigating,-7871731.768315192,5356918.079031983
