BgName,NumOut,EtrMin,EtrMax,Desc,Status,Cause,x,y
THOMASTON,6,9/3/2024 3:00:00 PM,9/3/2024 3:00:00 PM,,Assessing,Investigating,-7696521.869598006,5480049.932899444
KENNEBUNKPORT,10,9/3/2024 2:45:00 PM,9/3/2024 2:45:00 PM,,Crew Assigned,Investigating,-7844172.201671322,5364329.191824163
CARRABASSETT VALLEY,13,9/3/2024 2:30:00 PM,9/3/2024 2:30:00 PM,,Assessing,Investigating,-7820066.789641862,5633484.775884883
