BgName,NumOut,EtrMin,EtrMax,Desc,Status,Cause,x,y
GILEAD,121,2/4/2022 12:45:00 AM,2/4/2022 12:45:00 AM,,Assessing,Investigating,-7892461.27202442,5529389.486540871
SWEDEN,82,2/4/2022 1:15:00 AM,2/4/2022 1:15:00 AM,,Assessing,Investigating,-7880513.885411363,5486168.774869996
YORK,111,2/3/2022 11:30:00 PM,2/3/2022 11:30:00 PM,,Assessing,Investigating,-7861992.871334874,5337120.865727097
ISLESBORO,5,2/4/2022 8:30:00 AM,2/4/2022 8:30:00 AM,,Assessing,Investigating,-7670251.549523987,5515074.923796615
BENTON,58,2/4/2022 1:15:00 AM,2/4/2022 1:15:00 AM,,Assessing,Investigating,-7733504.931740433,5556179.198936929
ROME,1,2/4/2022 1:00:00 AM,2/4/2022 1:00:00 AM,,Assessing,Investigating,-7777554.499507453,5555131.035572924
WILTON,2,2/4/2022 1:00:00 AM,2/4/2022 1:00:00 AM,,Assessing,Investigating,-7812110.718877862,5561163.012204393
BERWICK,7,2/3/2022 11:45:00 PM,2/3/2022 11:45:00 PM,,Assessing,Investigating,-7890753.21921452,5355478.911914167
