BgName,NumOut,EtrMin,EtrMax,Desc,Status,Cause,x,y
STANDISH,1,4/9/2021 2:45:00 PM,4/9/2021 2:45:00 PM,,Crew Assigned,Investigating,-7864561.769032796,5430401.083849002
ANSON,2,4/9/2021 2:15:00 PM,4/9/2021 2:15:00 PM,,Assessing,Investigating,-7786769.604920045,5600130.624453092
NORTHPORT,8,4/9/2021 1:45:00 PM,4/9/2021 1:45:00 PM,,Assessing,Investigating,-7678049.669166824,5524535.44689583
