BgName,NumOut,EtrMin,EtrMax,Desc,Status,Cause,x,y
RAYMOND,9,5/9/2023 7:45:00 AM,5/9/2023 7:45:00 AM,,Assessing,Investigating,-7846304.348340585,5454465.261918217
SABATTUS,67,5/9/2023 8:15:00 AM,5/9/2023 8:15:00 AM,,Assessing,Investigating,-7796845.577245313,5477771.143069329
