BgName,NumOut,EtrMin,EtrMax,Desc,Status,Cause,x,y
LEWISTON,9,9/4/2023 9:00:00 PM,9/4/2023 9:00:00 PM,,Assessing,Investigating,-7813497.74861281,5479334.935243791
WINDHAM,113,9/4/2023 9:00:00 PM,9/4/2023 9:00:00 PM,,Assessing,Vehicle Accident,-7839687.963111221,5426095.948285323
PARIS,2,9/4/2023 9:00:00 PM,9/4/2023 9:00:00 PM,,Assessing,Investigating,-7852638.616649175,5506997.265114426
