BgName,NumOut,EtrMin,EtrMax,Desc,Status,Cause,x,y
LOVELL,1,4/14/2023 8:00:00 PM,4/14/2023 8:00:00 PM,,Assessing,Investigating,-7886469.823291269,5497884.657687144
PARSONSFIELD,3,4/14/2023 7:30:00 PM,4/14/2023 7:30:00 PM,,Crew Assigned,Investigating,-7890116.2601594515,5420548.375163768
CHINA,2,4/14/2023 6:45:00 PM,4/14/2023 6:45:00 PM,,Assessing,Investigating,-7744595.99312509,5524748.195088776
VASSALBORO,2,4/14/2023 8:00:00 PM,4/14/2023 8:00:00 PM,,Assessing,Investigating,-7757229.664411659,5527555.4123032885
