BgName,NumOut,EtrMin,EtrMax,Desc,Status,Cause,x,y
BRUNSWICK,1052,9/8/2022 9:00:00 PM,9/8/2022 9:00:00 PM,,Assessing,Vehicle Accident,-7782827.514577356,5451324.87794004
GRAY,68,9/8/2022 8:45:00 PM,9/8/2022 8:45:00 PM,,Assessing,Investigating,-7838910.574549863,5447953.999585847
