BgName,NumOut,EtrMin,EtrMax,Desc,Status,Cause,x,y
HARPSWELL,1,10/8/2022 10:00:00 AM,10/8/2022 10:00:00 AM,,Assessing,Investigating,-7782484.439015352,5433727.171672805
NOBLEBORO,7,10/8/2022 9:45:00 AM,10/8/2022 9:45:00 AM,,Assessing,Investigating,-7730113.171574581,5487140.589935601
"WALES,MONMOUTH",72,10/8/2022 10:45:00 AM,10/8/2022 10:45:00 AM,,Assessing,Investigating,-7796638.912691028,5491275.131938997
STANDISH,16,10/8/2022 11:15:00 AM,10/8/2022 11:15:00 AM,,Assessing,Equipment Interruption,-7862679.322995314,5430793.917526447
