BgName,NumOut,EtrMin,EtrMax,Desc,Status,Cause,x,y
WESTBROOK,15,3/2/2024 3:30:00 PM,3/2/2024 3:30:00 PM,,Investigating,Investigating,-7833887.20805347,5414672.554336693
RAYMOND,1,3/2/2024 4:45:00 PM,3/2/2024 4:45:00 PM,,Crew Assigned,Investigating,-7840668.253714861,5462520.18191745
WESTBROOK,22,3/2/2024 3:30:00 PM,3/2/2024 3:30:00 PM,,Repairs in Progress,Investigating,-7834000.294149703,5414693.078043597
