BgName,NumOut,EtrMin,EtrMax,Desc,Status,Cause,x,y
EDGECOMB,3,8/26/2021 8:15:00 AM,8/26/2021 8:15:00 AM,,Assessing,Investigating,-7753737.78356394,5460284.42229181
SIDNEY,27,8/26/2021 8:45:00 AM,8/26/2021 8:45:00 AM,,Assessing,Investigating,-7765509.997777159,5528845.799908616
