BgName,NumOut,EtrMin,EtrMax,Desc,Status,Cause,x,y
SQUIRREL ISLAND,27,3/24/2021 1:45:00 PM,3/24/2021 1:45:00 PM,,Assessing,Investigating,-7751256.093592249,5435498.631996371
FAYETTE,15,3/24/2021 1:30:00 PM,3/24/2021 1:30:00 PM,,Assessing,Investigating,-7797242.164111489,5528634.654673974
