BgName,NumOut,EtrMin,EtrMax,Desc,Status,Cause,x,y
AUBURN,2,6/5/2021 7:45:00 AM,6/5/2021 7:45:00 AM,,Assessing,Investigating,-7822633.694709099,5484784.295394279
HARMONY,56,6/5/2021 8:00:00 AM,6/5/2021 8:00:00 AM,,Assessing,Investigating,-7742363.157938286,5617346.17757139
BELGRADE,50,6/5/2021 8:00:00 AM,6/5/2021 8:00:00 AM,,Assessing,Investigating,-7767787.572348263,5544021.803661697
SKOWHEGAN,1,6/5/2021 8:00:00 AM,6/5/2021 8:00:00 AM,,Assessing,Investigating,-7756764.6606549835,5585809.847696274
