BgName,NumOut,EtrMin,EtrMax,Desc,Status,Cause,x,y
SIDNEY,35,9/14/2022 1:00:00 PM,9/14/2022 1:00:00 PM,,Assessing,Tree,-7769445.386717849,5531183.216971465
BRIDGTON,27,9/14/2022 6:00:00 PM,9/14/2022 6:00:00 PM,,Assessing,Investigating,-7875309.565643632,5471471.842736093
"LIVERMR FL,LIVERMORE FALLS",13,9/14/2022 2:00:00 PM,9/14/2022 2:00:00 PM,,Assessing,Investigating,-7807644.246906887,5539072.522090554
CHESTERVILLE,6,9/14/2022 1:30:00 PM,9/14/2022 1:30:00 PM,,Assessing,Investigating,-7797289.330212414,5558643.482386677
GREENVILLE,3,9/14/2022 2:30:00 PM,9/14/2022 2:30:00 PM,,Assessing,Investigating,-7746036.0332034,5698511.748665546
