BgName,NumOut,EtrMin,EtrMax,Desc,Status,Cause,x,y
"CORNVILLE,SKOWHEGAN",158,8/30/2021 12:00:00 AM,8/30/2021 12:00:00 AM,,Assessing,Investigating,-7758735.939638078,5605082.403722725
DURHAM,1,8/29/2021 12:15:00 AM,8/29/2021 12:15:00 AM,,Assessing,Investigating,-7807903.844017458,5454967.944638968
