BgName,NumOut,EtrMin,EtrMax,Desc,Status,Cause,x,y
STANDISH,3,7/13/2022 7:15:00 PM,7/13/2022 7:15:00 PM,,Assessing,Investigating,-7856811.416663886,5435779.262023068
BRISTOL,3,7/14/2022 12:00:00 AM,7/14/2022 12:00:00 AM,,Assessing,Investigating,-7737307.5610610265,5444069.502432481
