BgName,NumOut,EtrMin,EtrMax,Desc,Status,Cause,x,y
YARMOUTH,15,5/6/2022 4:30:00 PM,5/6/2022 4:30:00 PM,,Assessing,Investigating,-7808309.436565206,5428221.014979027
BIDDEFORD,5,5/6/2022 3:15:00 PM,5/6/2022 3:15:00 PM,,Repairs in Progress,Investigating,-7832703.110394426,5379078.448349668
