BgName,NumOut,EtrMin,EtrMax,Desc,Status,Cause,x,y
ROCKLAND,56,7/12/2024 2:00:00 PM,7/12/2024 2:00:00 PM,,Assessing,System Upgrade,-7693741.587361929,5483025.511501916
APPLETON,1,7/12/2024 1:00:00 PM,7/12/2024 1:00:00 PM,,Crew Assigned,Investigating,-7717872.469204014,5512420.308367302
SAINT ALBANS,27,7/12/2024 1:00:00 PM,7/12/2024 1:00:00 PM,,Repairs in Progress,Investigating,-7733155.321763366,5608506.101314157
ETNA,2,7/12/2024 12:30:00 PM,7/12/2024 12:30:00 PM,,Crew Assigned,Investigating,-7699938.977239543,5586614.13950391
RANGELEY PLT,19,7/12/2024 1:45:00 PM,7/12/2024 1:45:00 PM,,Assessing,Investigating,-7877663.81705197,5608721.927563971
