BgName,NumOut,EtrMin,EtrMax,Desc,Status,Cause,x,y
WATERVILLE,2644,8/29/2022 2:45:00 PM,8/29/2022 2:45:00 PM,,Assessing,Investigating,-7754524.211244304,5551190.010261064
WELD,10,8/29/2022 2:15:00 PM,8/29/2022 2:15:00 PM,,Assessing,Investigating,-7840901.490315697,5575588.3949916065
