BgName,NumOut,EtrMin,EtrMax,Desc,Status,Cause,x,y
HARPSWELL,19,9/8/2021 6:15:00 PM,9/8/2021 6:15:00 PM,,Crew Assigned,Investigating,-7787335.820379949,5441298.118538267
CORINNA,1,9/8/2021 6:15:00 PM,9/8/2021 6:15:00 PM,,Assessing,Investigating,-7705020.578327673,5622029.289377048
