BgName,NumOut,EtrMin,EtrMax,Desc,Status,Cause,x,y
CHELSEA,74,6/8/2021 2:15:00 AM,6/8/2021 2:15:00 AM,,Investigating,Investigating,-7755306.946791441,5507833.022896858
WALDOBORO,82,6/8/2021 1:15:00 AM,6/8/2021 1:15:00 AM,,Assessing,Investigating,-7725166.088875441,5475185.978007169
YORK,8,6/8/2021 1:00:00 AM,6/8/2021 1:00:00 AM,,Assessing,Investigating,-7858315.810484131,5347609.594500453
ELIOT,58,6/8/2021 12:45:00 AM,6/8/2021 12:45:00 AM,,Assessing,Investigating,-7878769.342051471,5329464.404148378
