BgName,NumOut,EtrMin,EtrMax,Desc,Status,Cause,x,y
SABATTUS,26,9/6/2023 2:00:00 PM,9/6/2023 2:00:00 PM,,Assessing,Investigating,-7803738.1128160525,5482119.184882167
WILTON,6,9/6/2023 10:30:00 AM,9/6/2023 10:30:00 AM,,Assessing,Tree,-7820895.952863284,5563036.049542826
