BgName,NumOut,EtrMin,EtrMax,Desc,Status,Cause,x,y
JEFFERSON,2,4/1/2021 1:30:00 PM,4/1/2021 1:30:00 PM,,Assessing,Investigating,-7745933.140618478,5483841.385992264
WOOLWICH,127,4/1/2021 1:30:00 PM,4/1/2021 1:30:00 PM,,Assessing,Investigating,-7767394.403007896,5455099.860716282
RAYMOND,6,4/1/2021 12:45:00 PM,4/1/2021 12:45:00 PM,,Assessing,Investigating,-7844773.738772656,5452591.10534381
ALNA,1,4/1/2021 1:45:00 PM,4/1/2021 1:45:00 PM,,Assessing,Investigating,-7748746.6517532375,5477903.480168479
