BgName,NumOut,EtrMin,EtrMax,Desc,Status,Cause,x,y
ST GEORGE,61,4/13/2023 4:45:00 PM,4/13/2023 4:45:00 PM,,Assessing,Investigating,-7703754.352528828,5463854.283408414
WAYNE,1,4/13/2023 5:15:00 PM,4/13/2023 5:15:00 PM,,Assessing,Investigating,-7799888.29516966,5513426.247981804
BOOTHBAY,4,4/13/2023 3:45:00 PM,4/13/2023 3:45:00 PM,,Assessing,Vehicle Accident,-7746489.615674313,5442191.334068331
