BgName,NumOut,EtrMin,EtrMax,Desc,Status,Cause,x,y
PHIPPSBURG,2,7/23/2024 10:00:00 AM,7/23/2024 10:00:00 AM,,Assessing,Investigating,-7771264.836933543,5432720.203019094
"DAMARISCOTTA,NOBLEBORO",98,7/23/2024 9:00:00 AM,7/23/2024 9:00:00 AM,,Repairs in Progress,Investigating,-7735160.642154719,5471093.40292005
WEST BATH,41,7/23/2024 9:15:00 AM,7/23/2024 9:15:00 AM,,Crew Assigned,Investigating,-7777735.850123607,5448155.9866528
MINOT,252,7/23/2024 10:00:00 AM,7/23/2024 10:00:00 AM,,Assessing,Investigating,-7829429.482473802,5479323.063298604
POLAND,41,7/23/2024 8:00:00 AM,7/23/2024 8:00:00 AM,,Crew Assigned,Investigating,-7834332.137537644,5473812.031585717
OXFORD,3,7/23/2024 9:15:00 AM,7/23/2024 9:15:00 AM,,Repairs in Progress,Investigating,-7851260.726245413,5493924.094462606
NORTHPORT,2,7/23/2024 9:45:00 AM,7/23/2024 9:45:00 AM,,Crew Assigned,Investigating,-7678176.261683048,5517513.898010582
"BENTON,WINSLOW",46,7/23/2024 10:15:00 AM,7/23/2024 10:15:00 AM,,Repairs in Progress,Investigating,-7743007.085594476,5554723.671530605
