BgName,NumOut,EtrMin,EtrMax,Desc,Status,Cause,x,y
CUSHING,2,7/26/2024 2:45:00 AM,7/26/2024 2:45:00 AM,,Repairs in Progress,Investigating,-7709699.191884291,5466412.005389872
PORTLAND,52,7/26/2024 4:00:00 AM,7/26/2024 4:00:00 AM,,Crew Assigned,System Upgrade,-7823296.112464364,5414031.939478976
