BgName,NumOut,EtrMin,EtrMax,Desc,Status,Cause,x,y
MANCHESTER,48,6/9/2022 5:45:00 PM,6/9/2022 5:45:00 PM,,Assessing,Investigating,-7780602.649813181,5508552.967831677
LITCHFIELD,41,6/9/2022 5:45:00 PM,6/9/2022 5:45:00 PM,,Assessing,Investigating,-7780833.070061197,5492729.632018872
BROWNFIELD,1,6/9/2022 6:45:00 PM,6/9/2022 6:45:00 PM,,Assessing,Investigating,-7901126.804207551,5449104.6301472075
OTISFIELD,14,6/9/2022 5:00:00 PM,6/9/2022 5:00:00 PM,,Assessing,Investigating,-7849096.441598722,5480973.804022157
CASCO,4,6/9/2022 6:15:00 PM,6/9/2022 6:15:00 PM,,Assessing,Investigating,-7851006.650615959,5467140.499344101
"POWNAL,NO YARMOUTH",10,6/9/2022 4:30:00 PM,6/9/2022 4:30:00 PM,,Assessing,Investigating,-7816248.675886956,5446406.845251351
ETNA,1,6/9/2022 6:00:00 PM,6/9/2022 6:00:00 PM,,Assessing,Investigating,-7692507.143241648,5592192.737598631
