BgName,NumOut,EtrMin,EtrMax,Desc,Status,Cause,x,y
HARPSWELL,18,7/4/2021 5:00:00 PM,7/4/2021 5:00:00 PM,,Assessing,Investigating,-7791005.545318374,5431853.269281405
JAY,97,7/4/2021 5:15:00 PM,7/4/2021 5:15:00 PM,,Assessing,Investigating,-7817628.380721912,5548692.545981856
SCARBOROUGH,119,7/4/2021 5:15:00 PM,7/4/2021 5:15:00 PM,,Assessing,Investigating,-7828719.186119994,5402971.317307266
PEAKS IS,35,7/4/2021 4:00:00 PM,7/4/2021 4:00:00 PM,,Assessing,Investigating,-7813150.28704081,5414828.266446682
GEORGETOWN,2,7/4/2021 4:00:00 PM,7/4/2021 4:00:00 PM,,Assessing,Equipment Interruption,-7764495.309466402,5428619.659175901
