BgName,NumOut,EtrMin,EtrMax,Desc,Status,Cause,x,y
"BRUNSWICK,FREEPORT",192,2/12/2024 8:30:00 AM,2/12/2024 8:30:00 AM,,Assessing,Investigating,-7794168.1431444,5451608.494139849
SHAPLEIGH,33,2/12/2024 9:15:00 AM,2/12/2024 9:15:00 AM,,Crew Assigned,Investigating,-7887520.835165082,5390900.8511728505
