BgName,NumOut,EtrMin,EtrMax,Desc,Status,Cause,x,y
"HARPSWELL,BRUNSWICK",2667,6/23/2024 6:00:00 PM,6/23/2024 6:00:00 PM,,Crew Assigned,Equipment Interruption,-7789533.968435629,5450597.374126294
BRUNSWICK,2274,6/23/2024 6:00:00 PM,6/23/2024 6:00:00 PM,,Crew Assigned,Equipment Interruption,-7789534.012985508,5450595.8908616025
"BRUNSWICK,FREEPORT",1877,6/23/2024 6:00:00 PM,6/23/2024 6:00:00 PM,,Crew Assigned,Equipment Interruption,-7789534.380296697,5450594.871125952
"FREEPORT,BRUNSWICK",1215,6/23/2024 6:00:00 PM,6/23/2024 6:00:00 PM,,Crew Assigned,Equipment Interruption,-7789534.313521946,5450593.990476834
TOPSHAM,94,6/23/2024 6:00:00 PM,6/23/2024 6:00:00 PM,,Crew Assigned,Equipment Interruption,-7789134.131030581,5456191.062073987
GREENE,1,6/23/2024 5:45:00 PM,6/23/2024 5:45:00 PM,,Assessing,Investigating,-7810458.1699027065,5492959.692505751
PARSONSFIELD,1,6/23/2024 5:45:00 PM,6/23/2024 5:45:00 PM,,Crew Assigned,Investigating,-7891817.2442561565,5432444.770019487
CORNISH,7,6/23/2024 5:45:00 PM,6/23/2024 5:45:00 PM,,Crew Assigned,Investigating,-7884694.7003985755,5434725.258324441
