BgName,NumOut,EtrMin,EtrMax,Desc,Status,Cause,x,y
VASSALBORO,12,7/15/2022 3:45:00 PM,7/15/2022 3:45:00 PM,,Investigating,Investigating,-7745960.984889242,5538076.26502991
VASSALBORO,14,Assessing,Assessing,,Investigating,Investigating,-7753760.562864626,5525195.254620102
VASSALBORO,21,Assessing,Assessing,,Investigating,Investigating,-7755975.292582946,5528043.280940175
VIENNA,77,Assessing,Assessing,,Assessing,Investigating,-7792536.756059299,5543670.923586856
MT VERNON,8,7/15/2022 3:00:00 PM,7/15/2022 3:00:00 PM,,Assessing,Investigating,-7793312.853275041,5534302.05734936
LIMERICK,16,7/15/2022 2:45:00 PM,7/15/2022 2:45:00 PM,,Assessing,Tree,-7880850.215021485,5420127.673698186
AUGUSTA,1,7/15/2022 3:30:00 PM,7/15/2022 3:30:00 PM,,Assessing,Animal,-7759602.918092425,5510498.695860142
