BgName,NumOut,EtrMin,EtrMax,Desc,Status,Cause,x,y
WESTPORT,14,9/23/2022 3:00:00 AM,9/23/2022 3:00:00 AM,,Assessing,Investigating,-7759618.625276108,5451181.952992684
DENMARK,1,9/23/2022 3:15:00 AM,9/23/2022 3:15:00 AM,,Assessing,Investigating,-7877256.643734612,5463347.122649361
ELIOT,7,9/23/2022 3:00:00 AM,9/23/2022 3:00:00 AM,,Assessing,Investigating,-7879614.123356827,5335811.48736727
