BgName,NumOut,EtrMin,EtrMax,Desc,Status,Cause,x,y
ALFRED,2,9/23/2023 7:15:00 PM,9/23/2023 7:15:00 PM,,Assessing,Investigating,-7871677.321964264,5387015.848543728
PITTSFIELD,1,9/23/2023 9:15:00 PM,9/23/2023 9:15:00 PM,,Assessing,Investigating,-7725981.348332044,5579078.089665761
