BgName,NumOut,EtrMin,EtrMax,Desc,Status,Cause,x,y
NEW GLOUCESTER,17,5/9/2024 9:30:00 AM,5/9/2024 9:30:00 AM,,Assessing,Investigating,-7833061.002543116,5461980.964787466
RAYMOND,54,5/9/2024 8:45:00 AM,5/9/2024 8:45:00 AM,,Repairs Complete,Investigating,-7848665.167601422,5441610.274129237
WELLS,71,5/9/2024 9:30:00 AM,5/9/2024 9:30:00 AM,,Crew Assigned,Investigating,-7868134.4901786195,5364692.7494381815
