BgName,NumOut,EtrMin,EtrMax,Desc,Status,Cause,x,y
BERWICK,14,8/5/2022 6:30:00 PM,8/5/2022 6:30:00 PM,,Crew Assigned,Investigating,-7888066.834994238,5353159.055738502
PARSONSFIELD,31,8/5/2022 7:15:00 PM,8/5/2022 7:15:00 PM,,Assessing,Investigating,-7889161.47290599,5429125.23341886
WEST GARDINER,1,8/5/2022 7:00:00 PM,8/5/2022 7:00:00 PM,,Assessing,Investigating,-7775270.29040922,5494552.968539139
BUCKFIELD,3,8/5/2022 6:30:00 PM,8/5/2022 6:30:00 PM,,Assessing,Investigating,-7831271.486037236,5506780.966146582
SUMNER,1,8/5/2022 6:45:00 PM,8/5/2022 6:45:00 PM,,Assessing,Investigating,-7834702.130132391,5516603.898305336
