BgName,NumOut,EtrMin,EtrMax,Desc,Status,Cause,x,y
AUBURN,69,8/25/2021 7:15:00 PM,8/25/2021 7:15:00 PM,,Assessing,Investigating,-7821569.858879286,5479037.659813186
ACTON,62,8/25/2021 5:45:00 PM,8/25/2021 5:45:00 PM,,Assessing,Investigating,-7891884.470113331,5397929.187334636
SEARSPORT,6,8/25/2021 7:15:00 PM,8/25/2021 7:15:00 PM,,Assessing,Investigating,-7672624.547118082,5536884.2100932915
SEARSPORT,63,8/25/2021 7:15:00 PM,8/25/2021 7:15:00 PM,,Crew Assigned,Investigating,-7672437.574908737,5536942.978290022
"MOSCOW,THE FORKS PLT,CARATUNK",332,8/25/2021 6:30:00 PM,8/25/2021 6:30:00 PM,,Assessing,Investigating,-7781951.953414939,5634830.842226232
MINOT,1,8/25/2021 6:30:00 PM,8/25/2021 6:30:00 PM,,Assessing,Investigating,-7829354.063444635,5479950.238058556
PORTLAND,1,8/25/2021 6:30:00 PM,8/25/2021 6:30:00 PM,,Assessing,Investigating,-7824942.661322576,5412194.511781707
