BgName,NumOut,EtrMin,EtrMax,Desc,Status,Cause,x,y
RAYMOND,75,9/5/2022 7:30:00 PM,9/5/2022 7:30:00 PM,,Assessing,Investigating,-7848789.645049903,5442081.228707551
BERWICK,31,9/5/2022 8:15:00 PM,9/5/2022 8:15:00 PM,,Assessing,Investigating,-7887609.701448012,5358969.42680571
