BgName,NumOut,EtrMin,EtrMax,Desc,Status,Cause,x,y
SO BERWICK,36,6/24/2022 1:30:00 PM,6/24/2022 1:30:00 PM,,Crew Assigned,Investigating,-7880900.208587667,5345402.751743526
HIRAM,2,6/24/2022 12:30:00 PM,6/24/2022 12:30:00 PM,,Assessing,Investigating,-7889382.4198489515,5442169.78524087
TAUNTON-RAYNHAM,7,6/24/2022 1:15:00 PM,6/24/2022 1:15:00 PM,,Assessing,Investigating,-7763566.036675556,5725514.670016284
WINTHROP,8,6/24/2022 12:00:00 PM,6/24/2022 12:00:00 PM,,Assessing,Investigating,-7789755.583226226,5512405.795696824
