BgName,NumOut,EtrMin,EtrMax,Desc,Status,Cause,x,y
ST GEORGE,3,8/26/2023 11:30:00 AM,8/26/2023 11:30:00 AM,,Assessing,Investigating,-7697036.154523358,5465885.404643271
WALDOBORO,1,8/26/2023 11:30:00 AM,8/26/2023 11:30:00 AM,,Assessing,Investigating,-7720154.719209115,5475910.985795589
WINDHAM,38,8/26/2023 11:30:00 AM,8/26/2023 11:30:00 AM,,Assessing,Investigating,-7829982.372916774,5437574.676173721
WINDHAM,6,8/26/2023 12:15:00 PM,8/26/2023 12:15:00 PM,,Assessing,Investigating,-7838762.72003151,5424093.446144578
GORHAM,49,8/26/2023 12:00:00 PM,8/26/2023 12:00:00 PM,,Assessing,Investigating,-7835718.621761912,5415639.022602269
"WILTON,FARMINGTON",15,8/26/2023 10:30:00 AM,8/26/2023 10:30:00 AM,,Assessing,Tree,-7807653.987411069,5558315.06553198
