BgName,NumOut,EtrMin,EtrMax,Desc,Status,Cause,x,y
PERU,5,6/23/2021 3:00:00 PM,6/23/2021 3:00:00 PM,,Assessing,System Upgrade,-7835756.770968716,5539119.931690186
BATH,11,6/23/2021 3:30:00 PM,6/23/2021 3:30:00 PM,,Assessing,Investigating,-7771928.412484922,5454845.258604377
