BgName,NumOut,EtrMin,EtrMax,Desc,Status,Cause,x,y
SO BRISTOL,21,11/2/2022 2:30:00 PM,11/2/2022 2:30:00 PM,,Assessing,Investigating,-7742511.691516823,5447252.091380626
STONEHAM,37,11/2/2022 2:45:00 PM,11/2/2022 2:45:00 PM,,Assessing,Tree,-7886704.484787221,5506983.134196132
