BgName,NumOut,EtrMin,EtrMax,Desc,Status,Cause,x,y
FRYEBURG,129,5/28/2023 4:30:00 PM,5/28/2023 4:30:00 PM,,Repairs in Progress,Investigating,-7897627.03072428,5477353.115964043
POLAND,25,5/28/2023 6:00:00 PM,5/28/2023 6:00:00 PM,,Assessing,Investigating,-7829804.551151058,5472075.83972354
LEWISTON,140,Assessing,Assessing,,Assessing,Fire/Emergency,-7816778.701333307,5479553.717282429
LITCHFIELD,11,5/28/2023 5:45:00 PM,5/28/2023 5:45:00 PM,,Repairs in Progress,Investigating,-7785029.102383724,5496731.153668351
"NO BERWICK,NORTH BERWICK",111,5/28/2023 5:30:00 PM,5/28/2023 5:30:00 PM,,Repairs in Progress,Tree,-7881763.58030439,5359055.325018846
KITTERY,5,5/28/2023 6:00:00 PM,5/28/2023 6:00:00 PM,,Repairs in Progress,Investigating,-7875506.0000455985,5326893.257735462
FARMINGTON,5,5/28/2023 5:15:00 PM,5/28/2023 5:15:00 PM,,Assessing,Investigating,-7807745.336173051,5567582.743840688
"UNITY,FREEDOM",59,5/28/2023 6:30:00 PM,5/28/2023 6:30:00 PM,,Assessing,Investigating,-7715397.246972752,5555063.773309656
