BgName,NumOut,EtrMin,EtrMax,Desc,Status,Cause,x,y
AUGUSTA,38,7/27/2023 7:45:00 PM,7/27/2023 7:45:00 PM,,Assessing,Investigating,-7753222.864128277,5517622.889972433
CAMDEN,26,7/27/2023 8:00:00 PM,7/27/2023 8:00:00 PM,,Assessing,Investigating,-7689038.338927362,5497142.4881530795
NOBLEBORO,4,7/27/2023 7:30:00 PM,7/27/2023 7:30:00 PM,,Assessing,Investigating,-7733407.159787899,5479205.103761838
NOBLEBORO,5,7/27/2023 7:15:00 PM,7/27/2023 7:15:00 PM,,Assessing,Investigating,-7733611.486725296,5478670.515356129
ST GEORGE,6,7/27/2023 8:15:00 PM,7/27/2023 8:15:00 PM,,Assessing,Investigating,-7703310.889085841,5459270.136083571
BRIDGTON,199,7/27/2023 5:45:00 PM,7/27/2023 5:45:00 PM,,Crew Assigned,Investigating,-7874112.369020719,5475118.713297864
BRIDGTON,6,7/27/2023 8:00:00 PM,7/27/2023 8:00:00 PM,,Assessing,Tree,-7874263.329416,5475270.082540741
