BgName,NumOut,EtrMin,EtrMax,Desc,Status,Cause,x,y
CUSHING,33,8/29/2023 9:15:00 AM,8/29/2023 9:15:00 AM,,Assessing,Investigating,-7710399.179898245,5465681.170403741
GEORGETOWN,1,8/29/2023 8:15:00 AM,8/29/2023 8:15:00 AM,,Assessing,Investigating,-7763847.641523078,5444385.843612949
NAPLES,15,8/29/2023 9:30:00 AM,8/29/2023 9:30:00 AM,,Assessing,Investigating,-7859614.430246969,5459904.432648062
ORLAND,52,8/29/2023 7:45:00 AM,8/29/2023 7:45:00 AM,,Assessing,Investigating,-7653555.473807001,5554366.111887279
