BgName,NumOut,EtrMin,EtrMax,Desc,Status,Cause,x,y
WAYNE,48,2/27/2021 6:30:00 PM,2/27/2021 6:30:00 PM,,Assessing,Investigating,-7798883.525462458,5518146.514436193
SHAPLEIGH,146,2/27/2021 7:45:00 PM,2/27/2021 7:45:00 PM,,Assessing,Investigating,-7887659.761889057,5397003.285996825
HEBRON,1,2/27/2021 6:15:00 PM,2/27/2021 6:15:00 PM,,Assessing,Investigating,-7834216.209359797,5498145.147860982
PITTSTON,1,2/27/2021 7:45:00 PM,2/27/2021 7:45:00 PM,,Assessing,Investigating,-7756529.275649081,5485664.318053501
