BgName,NumOut,EtrMin,EtrMax,Desc,Status,Cause,x,y
POLAND,22,5/28/2024 5:00:00 PM,5/28/2024 5:00:00 PM,,Investigating,Investigating,-7836382.120527325,5472555.885177232
AUBURN,9,5/28/2024 5:00:00 PM,5/28/2024 5:00:00 PM,,Assessing,Investigating,-7822570.086701992,5472601.324437934
POLAND,13,5/28/2024 5:00:00 PM,5/28/2024 5:00:00 PM,,Assessing,Investigating,-7837547.055534404,5473303.7781924
"WATERFORD,STONEHAM",112,5/28/2024 4:00:00 PM,5/28/2024 4:00:00 PM,,Crew Assigned,Investigating,-7878318.230947171,5501111.933537449
"STRONG,NEW VINEYARD",79,5/28/2024 4:15:00 PM,5/28/2024 4:15:00 PM,,Crew Assigned,Investigating,-7812062.228093998,5590716.012028019
