BgName,NumOut,EtrMin,EtrMax,Desc,Status,Cause,x,y
LIVERMR FL,5,7/2/2022 10:45:00 AM,7/2/2022 10:45:00 AM,,Assessing,Investigating,-7808439.268507866,5531047.72143257
NEWPORT,21,7/2/2022 10:00:00 AM,7/2/2022 10:00:00 AM,,Assessing,Investigating,-7710850.469202029,5596288.897907455
