BgName,NumOut,EtrMin,EtrMax,Desc,Status,Cause,x,y
CAMDEN,3,6/6/2023 6:30:00 PM,6/6/2023 6:30:00 PM,,Assessing,Investigating,-7687468.645005765,5496690.081858051
NEW GLOUCESTER,32,6/6/2023 7:15:00 PM,6/6/2023 7:15:00 PM,,Assessing,Investigating,-7820263.146156635,5452563.675227159
AUBURN,67,6/6/2023 6:45:00 PM,6/6/2023 6:45:00 PM,,Assessing,Investigating,-7822746.405685396,5479015.590500974
NEW GLOUCESTER,227,6/6/2023 6:15:00 PM,6/6/2023 6:15:00 PM,,Assessing,Investigating,-7825076.767850498,5463533.991650734
CUMBERLAND,1,6/6/2023 6:30:00 PM,6/6/2023 6:30:00 PM,,Assessing,Investigating,-7820767.946664484,5431170.764543644
