BgName,NumOut,EtrMin,EtrMax,Desc,Status,Cause,x,y
AUBURN,125,8/28/2023 1:00:00 PM,8/28/2023 1:00:00 PM,,Crew Assigned,Investigating,-7823249.792410557,5478838.169467099
PORTLAND,8,8/28/2023 1:00:00 PM,8/28/2023 1:00:00 PM,,Assessing,Investigating,-7821917.376013481,5411616.400115626
PORTLAND,23,8/28/2023 1:00:00 PM,8/28/2023 1:00:00 PM,,Assessing,Investigating,-7821955.391670778,5411642.816218835
