BgName,NumOut,EtrMin,EtrMax,Desc,Status,Cause,x,y
"STOW,LOVELL",54,9/9/2021 7:30:00 AM,9/9/2021 7:30:00 AM,,Assessing,Investigating,-7897868.29351017,5486590.461625308
WINDHAM,13,9/9/2021 8:15:00 AM,9/9/2021 8:15:00 AM,,Assessing,Investigating,-7839410.310087641,5434023.108502719
SEBAGO,63,9/9/2021 7:15:00 AM,9/9/2021 7:15:00 AM,,Assessing,Investigating,-7863084.013933741,5442769.250655707
