BgName,NumOut,EtrMin,EtrMax,Desc,Status,Cause,x,y
FALMOUTH,50,9/21/2023 2:45:00 PM,9/21/2023 2:45:00 PM,,Assessing,System Upgrade,-7820036.677732555,5422225.658846318
NEW PORTLAND,10,9/21/2023 12:00:00 PM,9/21/2023 12:00:00 PM,,Assessing,Investigating,-7794942.737577823,5606156.729539229
KENNEBUNKPORT,3,9/21/2023 1:00:00 PM,9/21/2023 1:00:00 PM,,Crew Assigned,Investigating,-7838888.0435271105,5372970.026367963
