BgName,NumOut,EtrMin,EtrMax,Desc,Status,Cause,x,y
WINSLOW,12,6/11/2023 8:30:00 AM,6/11/2023 8:30:00 AM,,Investigating,Investigating,-7751739.264586556,5547750.4788920665
LISBON,105,6/11/2023 8:00:00 AM,6/11/2023 8:00:00 AM,,Assessing,Investigating,-7804310.194843391,5468648.8086168375
