BgName,NumOut,EtrMin,EtrMax,Desc,Status,Cause,x,y
CORNISH,19,7/6/2021 6:45:00 PM,7/6/2021 6:45:00 PM,,Investigating,Investigating,-7882835.091426449,5426221.017671335
FAYETTE,21,7/6/2021 10:00:00 PM,7/6/2021 10:00:00 PM,,Assessing,Investigating,-7803036.98923087,5537436.721330933
"MEXICO,RUMFORD",1936,7/6/2021 9:00:00 PM,7/6/2021 9:00:00 PM,,Assessing,Vehicle Accident,-7853004.278896234,5548965.64226367
ACTON,9,7/6/2021 6:45:00 PM,7/6/2021 6:45:00 PM,,Assessing,Investigating,-7898032.556497277,5397598.350599924
CORNISH,9,7/6/2021 6:45:00 PM,7/6/2021 6:45:00 PM,,Crew Assigned,Investigating,-7881958.278062238,5426351.837143255
FRYEBURG,1,7/6/2021 7:30:00 PM,7/6/2021 7:30:00 PM,,Assessing,Investigating,-7902333.518585282,5479585.722824226
SEBAGO,1,7/6/2021 7:15:00 PM,7/6/2021 7:15:00 PM,,Assessing,Investigating,-7872910.1408651685,5457913.830988486
