BgName,NumOut,EtrMin,EtrMax,Desc,Status,Cause,x,y
LEWISTON,65,6/18/2023 4:45:00 PM,6/18/2023 4:45:00 PM,,Assessing,Investigating,-7811457.562890848,5480463.494779745
ST ALBANS,14,6/18/2023 5:30:00 PM,6/18/2023 5:30:00 PM,,Assessing,Investigating,-7717684.695497422,5615587.1799416
"AVON,PHILLIPS",67,6/18/2023 5:15:00 PM,6/18/2023 5:15:00 PM,,Assessing,Investigating,-7829986.925913712,5591171.8153913645
"CARRABASSETT VAL,KINGFIELD,CARRABASSETT VALLEY",91,6/18/2023 5:15:00 PM,6/18/2023 5:15:00 PM,,Assessing,Investigating,-7814448.762141708,5630500.0837313915
