BgName,NumOut,EtrMin,EtrMax,Desc,Status,Cause,x,y
"PHIPPSBURG,WEST BATH",3148,4/24/2023 4:00:00 AM,4/24/2023 4:00:00 AM,,Assessing,Investigating,-7771928.34571017,5450631.6738032065
WALES,19,4/24/2023 2:45:00 AM,4/24/2023 2:45:00 AM,,Assessing,Investigating,-7795266.365568899,5486169.550418064
WALES,47,4/24/2023 2:45:00 AM,4/24/2023 2:45:00 AM,,Assessing,Investigating,-7796965.935882922,5485708.318323259
"CORNVILLE,SOLON,MADISON",73,4/24/2023 3:00:00 AM,4/24/2023 3:00:00 AM,,Assessing,Vehicle Accident,-7758994.367840093,5606369.277768227
