BgName,NumOut,EtrMin,EtrMax,Desc,Status,Cause,x,y
EDGECOMB,35,6/17/2024 1:45:00 PM,6/17/2024 1:45:00 PM,,Crew Assigned,Investigating,-7751023.54716404,5458271.935211825
RANGELEY,47,6/17/2024 1:30:00 PM,6/17/2024 1:30:00 PM,,Assessing,Investigating,-7876229.9106401,5612671.219626122
BOOTHBAY,3,6/17/2024 2:00:00 PM,6/17/2024 2:00:00 PM,,Repairs in Progress,Investigating,-7754681.795054285,5448056.961949376
