BgName,NumOut,EtrMin,EtrMax,Desc,Status,Cause,x,y
BIDDEFORD,66,2/24/2024 11:30:00 AM,2/24/2024 11:30:00 AM,,Crew Assigned,Investigating,-7843565.143088863,5386953.290464148
FALMOUTH,19,2/24/2024 11:30:00 AM,2/24/2024 11:30:00 AM,,Crew Assigned,Animal,-7827334.104565972,5423774.057312843
WESTBROOK,12,2/24/2024 11:30:00 AM,2/24/2024 11:30:00 AM,,Crew Assigned,Investigating,-7827812.244027642,5423234.100929674
