BgName,NumOut,EtrMin,EtrMax,Desc,Status,Cause,x,y
NOBLEBORO,7,7/7/2024 10:00:00 AM,7/7/2024 10:00:00 AM,,Crew Assigned,Investigating,-7733854.185518754,5479750.72785187
WHITEFIELD,37,7/7/2024 9:45:00 AM,7/7/2024 9:45:00 AM,,Repairs in Progress,Investigating,-7750386.053810838,5491555.4230931
LISBON,339,7/7/2024 10:45:00 AM,7/7/2024 10:45:00 AM,,Crew Assigned,Investigating,-7798929.211005947,5465305.708268632
RUMFORD,17,7/7/2024 9:15:00 AM,7/7/2024 9:15:00 AM,,Repairs in Progress,Investigating,-7854921.334077532,5544143.2881937735
LIVERMORE,43,7/7/2024 10:00:00 AM,7/7/2024 10:00:00 AM,,Crew Assigned,Investigating,-7820532.828757586,5525352.340276373
HERMON,80,7/7/2024 10:45:00 AM,7/7/2024 10:45:00 AM,,Repairs in Progress,Investigating,-7675447.598332644,5591062.486989887
LEWISTON,100,7/7/2024 12:00:00 PM,7/7/2024 12:00:00 PM,,Repairs in Progress,Investigating,-7816053.443730869,5480578.959463525
