BgName,NumOut,EtrMin,EtrMax,Desc,Status,Cause,x,y
SO BRISTOL,12,11/5/2021 7:00:00 PM,11/5/2021 7:00:00 PM,,Assessing,Equipment Interruption,-7740987.037515959,5463818.557344067
BIDDEFORD,94,11/5/2021 7:00:00 PM,11/5/2021 7:00:00 PM,,Assessing,Investigating,-7843142.0399385635,5385617.958099455
