BgName,NumOut,EtrMin,EtrMax,Desc,Status,Cause,x,y
FREEPORT,6,12/5/2021 8:15:00 PM,12/5/2021 8:15:00 PM,,Assessing,Investigating,-7806150.161226268,5440367.5490063615
FREEPORT,315,12/5/2021 8:15:00 PM,12/5/2021 8:15:00 PM,,Assessing,Investigating,-7808699.8563275095,5436927.292066928
"SABATTUS,WALES",396,12/5/2021 8:15:00 PM,12/5/2021 8:15:00 PM,,Assessing,Investigating,-7803105.105685037,5483743.030034285
LEBANON,10,12/5/2021 8:15:00 PM,12/5/2021 8:15:00 PM,,Crew Assigned,Investigating,-7895301.6667544935,5374560.205999193
