BgName,NumOut,EtrMin,EtrMax,Desc,Status,Cause,x,y
AUGUSTA,38,8/20/2023 9:00:00 AM,8/20/2023 9:00:00 AM,,Assessing,Investigating,-7768803.384917594,5514244.714386784
SANFORD,94,8/20/2023 8:30:00 AM,8/20/2023 8:30:00 AM,,Assessing,Investigating,-7872606.861954234,5378135.036825246
MONTVILLE,1,8/20/2023 9:15:00 AM,8/20/2023 9:15:00 AM,,Crew Assigned,Investigating,-7712219.164512178,5543861.767536076
