BgName,NumOut,EtrMin,EtrMax,Desc,Status,Cause,x,y
HERMON,3,2/19/2023 3:30:00 PM,2/19/2023 3:30:00 PM,,Assessing,Investigating,-7671046.893886291,5594695.884156935
FAYETTE,48,2/19/2023 2:30:00 PM,2/19/2023 2:30:00 PM,,Assessing,Investigating,-7797339.423990783,5530875.179155549
FAYETTE,23,2/19/2023 2:30:00 PM,2/19/2023 2:30:00 PM,,Assessing,Investigating,-7798212.23557513,5532155.28090233
AUBURN,9,2/19/2023 2:30:00 PM,2/19/2023 2:30:00 PM,,Assessing,Investigating,-7821899.898848358,5469028.231370851
NORWAY,29,2/19/2023 2:00:00 PM,2/19/2023 2:00:00 PM,,Assessing,Investigating,-7859652.501566585,5502460.196105261
YARMOUTH,41,2/19/2023 1:45:00 PM,2/19/2023 1:45:00 PM,,Assessing,Investigating,-7813275.076238284,5434345.921742115
"RANGELEY,DALLAS PLT",18,2/19/2023 2:45:00 PM,2/19/2023 2:45:00 PM,,Assessing,Investigating,-7863418.662562058,5615583.797418121
