BgName,NumOut,EtrMin,EtrMax,Desc,Status,Cause,x,y
"WALDOBORO,CUSHING,FRIENDSHIP",1360,3/19/2021 5:30:00 AM,3/19/2021 5:30:00 AM,,Assessing,Investigating,-7722885.3528652135,5478436.102221599
LITCHFIELD,23,3/19/2021 4:45:00 AM,3/19/2021 4:45:00 AM,,Assessing,Investigating,-7785590.297323317,5494893.006983138
LYMAN,29,3/19/2021 4:45:00 AM,3/19/2021 4:45:00 AM,,Crew Assigned,Investigating,-7858406.001550111,5387697.095353346
FARMINGTON,60,3/19/2021 4:45:00 AM,3/19/2021 4:45:00 AM,,Assessing,Investigating,-7802370.686426421,5561352.722541219
