BgName,NumOut,EtrMin,EtrMax,Desc,Status,Cause,x,y
YORK,22,3/22/2021 10:15:00 AM,3/22/2021 10:15:00 AM,,Crew Assigned,Investigating,-7858868.26684116,5347268.812188457
HOLLIS,3,3/22/2021 11:00:00 AM,3/22/2021 11:00:00 AM,,Assessing,Investigating,-7861624.615384245,5406956.871038757
GUILFORD,13,3/22/2021 10:45:00 AM,3/22/2021 10:45:00 AM,,Assessing,Investigating,-7724191.965375671,5651039.886257512
