BgName,NumOut,EtrMin,EtrMax,Desc,Status,Cause,x,y
LIVERMORE,19,1/9/2024 10:15:00 AM,1/9/2024 10:15:00 AM,,Assessing,Investigating,-7812349.432409943,5528867.802911129
OLD ORCHARD BEACH,19,1/9/2024 10:15:00 AM,1/9/2024 10:15:00 AM,,Assessing,Investigating,-7838325.457129823,5389770.16063021
