BgName,NumOut,EtrMin,EtrMax,Desc,Status,Cause,x,y
WISCASSET,5,4/29/2024 9:15:00 PM,4/29/2024 9:15:00 PM,,Assessing,Investigating,-7760078.21887629,5468645.49571975
NAPLES,2,4/29/2024 7:30:00 PM,4/29/2024 7:30:00 PM,,Crew Assigned,Investigating,-7860046.672728455,5465563.478968645
