BgName,NumOut,EtrMin,EtrMax,Desc,Status,Cause,x,y
THOMASTON,7,7/23/2021 3:15:00 AM,7/23/2021 3:15:00 AM,,Assessing,Investigating,-7701847.13796378,5476354.108876959
YORK,1,7/23/2021 1:45:00 AM,7/23/2021 1:45:00 AM,,Assessing,Investigating,-7866281.499315254,5336107.855156578
