BgName,NumOut,EtrMin,EtrMax,Desc,Status,Cause,x,y
ROME,19,9/30/2021 11:15:00 AM,9/30/2021 11:15:00 AM,,Assessing,Investigating,-7781428.6070455955,5554388.567357222
"OAKLAND,BELGRADE",44,9/30/2021 11:15:00 AM,9/30/2021 11:15:00 AM,,Assessing,Investigating,-7767703.180974847,5544925.569769375
RANGELEY PLT,2,9/30/2021 10:30:00 AM,9/30/2021 10:30:00 AM,,Assessing,Investigating,-7874292.784590115,5597366.732378467
ST ALBANS,4,9/30/2021 10:45:00 AM,9/30/2021 10:45:00 AM,,Assessing,Investigating,-7724165.1931049805,5610191.943158469
