BgName,NumOut,EtrMin,EtrMax,Desc,Status,Cause,x,y
WESTBROOK,19,5/9/2024 9:45:00 AM,5/9/2024 9:45:00 AM,,Crew Assigned,Investigating,-7834905.86700924,5415744.626212406
WELLS,71,5/9/2024 9:30:00 AM,5/9/2024 9:30:00 AM,,Crew Assigned,Investigating,-7868134.4901786195,5364692.7494381815
