BgName,NumOut,EtrMin,EtrMax,Desc,Status,Cause,x,y
LINCOLNVILLE,17,7/16/2024 3:00:00 PM,7/16/2024 3:00:00 PM,,Crew Assigned,Investigating,-7696656.933497676,5508295.041595716
LIMERICK,3,7/16/2024 4:30:00 PM,7/16/2024 4:30:00 PM,,Assessing,Investigating,-7875795.887064743,5411186.582217502
