BgName,NumOut,EtrMin,EtrMax,Desc,Status,Cause,x,y
WINDHAM,27,2/13/2022 9:45:00 AM,2/13/2022 9:45:00 AM,,Investigating,Investigating,-7837624.571010473,5443136.500813634
WINDHAM,16,2/13/2022 9:45:00 AM,2/13/2022 9:45:00 AM,,Investigating,Investigating,-7837939.562933751,5442983.540585561
CASCO,1,2/13/2022 9:15:00 AM,2/13/2022 9:15:00 AM,,Assessing,Investigating,-7849060.229360288,5463050.705070316
WINDHAM,178,2/13/2022 9:45:00 AM,2/13/2022 9:45:00 AM,,Assessing,Investigating,-7836966.112487445,5441193.750004679
