BgName,NumOut,EtrMin,EtrMax,Desc,Status,Cause,x,y
FALMOUTH,2,7/26/2024 7:30:00 PM,7/26/2024 7:30:00 PM,,Investigating,Investigating,-7824749.843469224,5427113.625727281
"BOWDOINHAM,RICHMOND",287,7/26/2024 6:45:00 PM,7/26/2024 6:45:00 PM,,Repairs in Progress,Investigating,-7780365.10518965,5469517.065692742
OXFORD,1,7/26/2024 6:30:00 PM,7/26/2024 6:30:00 PM,,Assessing,Investigating,-7840379.758053294,5487457.549782273
BERWICK,68,7/26/2024 7:00:00 PM,7/26/2024 7:00:00 PM,,Crew Assigned,Investigating,-7889243.070051353,5353155.462943685
WINSLOW,60,7/26/2024 7:30:00 PM,7/26/2024 7:30:00 PM,,Assessing,Investigating,-7748346.369049693,5550086.614430703
WALDO,1,7/26/2024 7:15:00 PM,7/26/2024 7:15:00 PM,,Assessing,Investigating,-7693872.944411901,5535760.79272776
