BgName,NumOut,EtrMin,EtrMax,Desc,Status,Cause,x,y
BRUNSWICK,12,7/19/2023 3:00:00 PM,7/19/2023 3:00:00 PM,,Assessing,Investigating,-7779764.247048386,5451909.873955361
SACO,17,7/19/2023 1:30:00 PM,7/19/2023 1:30:00 PM,,Assessing,Investigating,-7835226.656422616,5383554.349450768
