BgName,NumOut,EtrMin,EtrMax,Desc,Status,Cause,x,y
GILEAD,121,2/4/2022 12:45:00 AM,2/4/2022 12:45:00 AM,,Assessing,Investigating,-7892461.27202442,5529389.486540871
SWEDEN,85,2/4/2022 1:15:00 AM,2/4/2022 1:15:00 AM,,Assessing,Investigating,-7881333.998401343,5486657.143517868
LOVELL,58,2/4/2022 2:00:00 AM,2/4/2022 2:00:00 AM,,Assessing,Investigating,-7893944.081081223,5491052.485002586
ISLESBORO,5,2/4/2022 8:30:00 AM,2/4/2022 8:30:00 AM,,Assessing,Investigating,-7670251.549523987,5515074.923796615
BENTON,58,2/4/2022 1:15:00 AM,2/4/2022 1:15:00 AM,,Assessing,Investigating,-7733504.931740433,5556179.198936929
ROME,1,2/4/2022 1:00:00 AM,2/4/2022 1:00:00 AM,,Assessing,Investigating,-7777554.499507453,5555131.035572924
BERWICK,7,2/3/2022 11:45:00 PM,2/3/2022 11:45:00 PM,,Assessing,Investigating,-7890753.21921452,5355478.911914167
LOVELL,3,2/4/2022 1:15:00 AM,2/4/2022 1:15:00 AM,,Assessing,Investigating,-7891601.028409504,5485240.952416917
