BgName,NumOut,EtrMin,EtrMax,Desc,Status,Cause,x,y
BOOTHBAY,3,11/6/2023 10:30:00 AM,11/6/2023 10:30:00 AM,,Assessing,Investigating,-7753398.403839311,5455034.845446451
LEEDS,2,11/6/2023 9:45:00 AM,11/6/2023 9:45:00 AM,,Assessing,Investigating,-7807794.906765729,5512890.83858069
BIDDEFORD,23,11/6/2023 9:45:00 AM,11/6/2023 9:45:00 AM,,Crew Assigned,Investigating,-7848193.09503144,5383758.261557525
