BgName,NumOut,EtrMin,EtrMax,Desc,Status,Cause,x,y
PERU,6,7/2/2024 10:00:00 PM,7/2/2024 10:00:00 PM,,Repairs in Progress,Investigating,-7834371.199566321,5541057.338820184
BURNHAM,3,7/2/2024 11:15:00 PM,7/2/2024 11:15:00 PM,,Crew Assigned,Investigating,-7718138.7788290335,5568595.800139497
BENTON,2,7/2/2024 10:45:00 PM,7/2/2024 10:45:00 PM,,Crew Assigned,Investigating,-7747242.814455999,5555145.428982186
