BgName,NumOut,EtrMin,EtrMax,Desc,Status,Cause,x,y
LIMERICK,1,8/23/2021 1:30:00 AM,8/23/2021 1:30:00 AM,,Assessing,Investigating,-7876341.1633839505,5416904.512262958
ISLESBORO,99,8/23/2021 1:45:00 AM,8/23/2021 1:45:00 AM,,Assessing,Investigating,-7669675.460010404,5519221.234836015
