BgName,NumOut,EtrMin,EtrMax,Desc,Status,Cause,x,y
GREENWOOD,56,3/31/2022 8:00:00 PM,3/31/2022 8:00:00 PM,,Assessing,Investigating,-7872025.507046205,5524885.559531906
PARSONSFIELD,5,3/31/2022 8:00:00 PM,3/31/2022 8:00:00 PM,,Assessing,Investigating,-7889990.7696769135,5423334.060739627
