BgName,NumOut,EtrMin,EtrMax,Desc,Status,Cause,x,y
HOPE,34,5/16/2024 9:30:00 AM,5/16/2024 9:30:00 AM,,Assessing,Investigating,-7698528.280910607,5506617.540700915
NOBLEBORO,27,5/16/2024 8:30:00 AM,5/16/2024 8:30:00 AM,,Crew Assigned,Investigating,-7731463.109686659,5476918.528752954
NOBLEBORO,33,5/16/2024 8:15:00 AM,5/16/2024 8:15:00 AM,,Crew Assigned,Investigating,-7731440.367026987,5476545.7517150715
STONEHAM,85,5/16/2024 9:15:00 AM,5/16/2024 9:15:00 AM,,Crew Assigned,Investigating,-7886590.493577752,5505793.524312341
