BgName,NumOut,EtrMin,EtrMax,Desc,Status,Cause,x,y
HARPSWELL,3,2/16/2023 11:45:00 AM,2/16/2023 11:45:00 AM,,Assessing,Investigating,-7780441.2921785265,5441410.514319793
"AVON,PHILLIPS",67,2/16/2023 12:15:00 PM,2/16/2023 12:15:00 PM,,Assessing,Investigating,-7829986.925913712,5591171.8153913645
