BgName,NumOut,EtrMin,EtrMax,Desc,Status,Cause,x,y
CHELSEA,17,8/17/2023 8:15:00 AM,8/17/2023 8:15:00 AM,,Assessing,Investigating,-7768193.932955826,5509919.620799838
NORRIDGEWOCK,1,8/17/2023 8:00:00 AM,8/17/2023 8:00:00 AM,,Assessing,Investigating,-7778149.446531412,5574864.377184705
