BgName,NumOut,EtrMin,EtrMax,Desc,Status,Cause,x,y
ISLESBORO,36,9/24/2023 10:30:00 AM,9/24/2023 10:30:00 AM,,Investigating,Investigating,-7670378.17938202,5513363.490878539
TOPSHAM,75,9/24/2023 10:45:00 AM,9/24/2023 10:45:00 AM,,Assessing,Investigating,-7792396.315340457,5458747.887989931
SCARBOROUGH,20,9/24/2023 10:45:00 AM,9/24/2023 10:45:00 AM,,Assessing,Investigating,-7829834.4292986775,5402146.102281228
ISLESBORO,4,9/24/2023 10:45:00 AM,9/24/2023 10:45:00 AM,,Assessing,Investigating,-7671114.965790587,5513559.195117601
