BgName,NumOut,EtrMin,EtrMax,Desc,Status,Cause,x,y
PORTLAND,74,1/2/2023 10:45:00 AM,1/2/2023 10:45:00 AM,,Investigating,Investigating,-7821847.397674995,5417886.444900006
WHITEFIELD,15,1/2/2023 12:00:00 PM,1/2/2023 12:00:00 PM,,Assessing,Investigating,-7745599.527249097,5496876.824553518
AUBURN,21,1/2/2023 10:15:00 AM,1/2/2023 10:15:00 AM,,Assessing,Investigating,-7817794.135479005,5486843.650534013
PORTLAND,21,1/2/2023 10:45:00 AM,1/2/2023 10:45:00 AM,,Crew Assigned,Investigating,-7821429.70758444,5417378.2707400955
KENNEBUNK,2,1/2/2023 9:45:00 AM,1/2/2023 9:45:00 AM,,Crew Assigned,Investigating,-7847375.497957954,5364669.742648067
