BgName,NumOut,EtrMin,EtrMax,Desc,Status,Cause,x,y
BELGRADE,2,11/3/2021 11:30:00 AM,11/3/2021 11:30:00 AM,,Assessing,Investigating,-7775426.070900444,5545486.156533987
GRAY,6,11/3/2021 11:00:00 AM,11/3/2021 11:00:00 AM,,Crew Assigned,Investigating,-7827165.099270012,5447725.450662418
SO BERWICK,5,11/3/2021 11:30:00 AM,11/3/2021 11:30:00 AM,,Assessing,Investigating,-7876892.740356544,5342200.626870005
PARKMAN,1,11/3/2021 11:30:00 AM,11/3/2021 11:30:00 AM,,Assessing,Investigating,-7725768.316149402,5639535.212075879
"HARMONY,CAMBRIDGE,RIPLEY,ATHENS,WELLINGTON",845,11/3/2021 1:00:00 PM,11/3/2021 1:00:00 PM,,Assessing,Vehicle Accident,-7742655.9838474225,5617149.137696582
OAKLAND,3,11/3/2021 11:30:00 AM,11/3/2021 11:30:00 AM,,Assessing,Investigating,-7761428.17921324,5549692.564558951
