BgName,NumOut,EtrMin,EtrMax,Desc,Status,Cause,x,y
CHELSEA,6,6/18/2021 9:00:00 PM,6/18/2021 9:00:00 PM,,Assessing,Investigating,-7767519.92682775,5509324.022228918
GARDINER,21,6/18/2021 10:15:00 PM,6/18/2021 10:15:00 PM,,Assessing,Investigating,-7768375.906969848,5501510.243702341
