BgName,NumOut,EtrMin,EtrMax,Desc,Status,Cause,x,y
BATH,170,9/12/2023 9:15:00 AM,9/12/2023 9:15:00 AM,,Assessing,Investigating,-7772038.006471848,5449199.13990489
FAYETTE,8,9/12/2023 8:00:00 AM,9/12/2023 8:00:00 AM,,Assessing,Investigating,-7799263.648097462,5537422.05966008
BRIDGTON,68,9/12/2023 9:15:00 AM,9/12/2023 9:15:00 AM,,Crew Assigned,Investigating,-7878382.985437731,5479026.904116273
NAPLES,44,9/12/2023 9:00:00 AM,9/12/2023 9:00:00 AM,,Assessing,Investigating,-7855595.284543293,5459129.840155813
PEAKS IS,12,9/12/2023 8:15:00 AM,9/12/2023 8:15:00 AM,,Assessing,Investigating,-7813046.915820071,5414501.518483593
WATERVILLE,11,9/12/2023 9:15:00 AM,9/12/2023 9:15:00 AM,,Assessing,Investigating,-7750531.926911061,5553309.2046856675
CHESTERVILLE,72,9/12/2023 8:15:00 AM,9/12/2023 8:15:00 AM,,Assessing,Investigating,-7800695.339229397,5561674.055316086
