BgName,NumOut,EtrMin,EtrMax,Desc,Status,Cause,x,y
"ACTON,SHAPLEIGH,YORK",2390,4/13/2021 10:30:00 AM,4/13/2021 10:30:00 AM,,Assessing,Investigating,-7888246.09276752,5389451.218627644
SCARBOROUGH,61,4/13/2021 10:30:00 AM,4/13/2021 10:30:00 AM,,Assessing,Investigating,-7834855.161045552,5398932.722878038
WINDHAM,6,4/13/2021 10:30:00 AM,4/13/2021 10:30:00 AM,,Assessing,Investigating,-7834833.041783755,5431555.459338872
