BgName,NumOut,EtrMin,EtrMax,Desc,Status,Cause,x,y
HALLOWELL,1,7/22/2023 3:30:00 PM,7/22/2023 3:30:00 PM,,Assessing,Investigating,-7768741.791866164,5511128.571129489
WEST BATH,356,7/22/2023 3:45:00 PM,7/22/2023 3:45:00 PM,,Assessing,Equipment Interruption,-7774443.075268611,5450382.865272898
RAYMOND,9,7/22/2023 3:15:00 PM,7/22/2023 3:15:00 PM,,Crew Assigned,Investigating,-7844995.331338367,5452052.053110076
NEWFIELD,30,7/22/2023 3:30:00 PM,7/22/2023 3:30:00 PM,,Assessing,Investigating,-7895346.194601978,5405780.489711839
