BgName,NumOut,EtrMin,EtrMax,Desc,Status,Cause,x,y
FAYETTE,21,7/6/2021 10:00:00 PM,7/6/2021 10:00:00 PM,,Assessing,Investigating,-7803036.98923087,5537436.721330933
NEWPORT,10,7/6/2021 8:45:00 PM,7/6/2021 8:45:00 PM,,Assessing,Investigating,-7712411.402216079,5597258.114165837
