BgName,NumOut,EtrMin,EtrMax,Desc,Status,Cause,x,y
LITCHFIELD,17,6/12/2022 7:45:00 AM,6/12/2022 7:45:00 AM,,Assessing,Investigating,-7787571.394697781,5496942.975754197
WINDHAM,9,6/12/2022 8:15:00 AM,6/12/2022 8:15:00 AM,,Assessing,Investigating,-7838123.556909054,5431739.55611935
WILTON,156,6/12/2022 8:00:00 AM,6/12/2022 8:00:00 AM,,Assessing,Investigating,-7813982.199940407,5561921.361285682
BEAVER COVE PLT,7,6/12/2022 7:45:00 AM,6/12/2022 7:45:00 AM,,Assessing,Investigating,-7744435.693074363,5710535.963563402
"WATERVILLE,SIDNEY",35,6/12/2022 8:00:00 AM,6/12/2022 8:00:00 AM,,Assessing,Investigating,-7757119.03516579,5546609.369731958
