BgName,NumOut,EtrMin,EtrMax,Desc,Status,Cause,x,y
UNION,1,8/27/2021 9:15:00 AM,8/27/2021 9:15:00 AM,,Assessing,Investigating,-7716259.127019599,5504439.330643305
"POLAND,CASCO",32,8/27/2021 9:15:00 AM,8/27/2021 9:15:00 AM,,Assessing,Investigating,-7843396.694416021,5469016.9300814625
RAYMOND,8,8/27/2021 9:00:00 AM,8/27/2021 9:00:00 AM,,Assessing,Investigating,-7847640.950323291,5451379.669167574
