BgName,NumOut,EtrMin,EtrMax,Desc,Status,Cause,x,y
WALDOBORO,1,8/29/2024 11:15:00 AM,8/29/2024 11:15:00 AM,,Crew Assigned,Investigating,-7723229.831097456,5473321.698330485
HARRISON,15,8/29/2024 12:00:00 PM,8/29/2024 12:00:00 PM,,Crew Assigned,Investigating,-7865307.476027671,5477227.15528737
FAIRFIELD,8,8/29/2024 11:15:00 AM,8/29/2024 11:15:00 AM,,Repairs Complete,Investigating,-7750504.49780506,5557893.801870147
