BgName,NumOut,EtrMin,EtrMax,Desc,Status,Cause,x,y
"ST GEORGE,PORT CLYDE",1644,1/16/2023 4:00:00 PM,1/16/2023 4:00:00 PM,,Assessing,Investigating,-7703184.196357424,5467912.31596715
STOCKTON SPRINGS,1,1/16/2023 3:45:00 PM,1/16/2023 3:45:00 PM,,Assessing,Investigating,-7661519.370431802,5544020.726713754
