BgName,NumOut,EtrMin,EtrMax,Desc,Status,Cause,x,y
FARMINGDALE,22,10/1/2024 8:15:00 PM,10/1/2024 8:15:00 PM,,Investigating,Investigating,-7768263.544183339,5505899.97618393
FARMINGDALE,272,10/1/2024 8:15:00 PM,10/1/2024 8:15:00 PM,,Assessing,Investigating,-7768261.526224302,5505899.314426594
PORTLAND,6,10/1/2024 10:00:00 PM,10/1/2024 10:00:00 PM,,Assessing,System Upgrade,-7821534.292263607,5412863.766434236
