BgName,NumOut,EtrMin,EtrMax,Desc,Status,Cause,x,y
CAMDEN,16,1/1/2024 10:30:00 AM,1/1/2024 10:30:00 AM,,Assessing,Investigating,-7687905.71869563,5495547.860858758
NAPLES,18,1/1/2024 10:45:00 AM,1/1/2024 10:45:00 AM,,Repairs in Progress,Investigating,-7864486.539315563,5463657.428257791
BIDDEFORD,1,1/1/2024 9:45:00 AM,1/1/2024 9:45:00 AM,,Crew Assigned,Investigating,-7837617.977228947,5379539.618830854
KENNEBUNKPORT,1,1/1/2024 10:15:00 AM,1/1/2024 10:15:00 AM,,Crew Assigned,Investigating,-7842264.441595591,5374638.693891902
