BgName,NumOut,EtrMin,EtrMax,Desc,Status,Cause,x,y
SACO,19,11/2/2022 11:00:00 AM,11/2/2022 11:00:00 AM,,Investigating,Investigating,-7838309.745541208,5394242.635813106
STONEHAM,37,11/2/2022 12:15:00 PM,11/2/2022 12:15:00 PM,,Assessing,Investigating,-7886704.484787221,5506983.134196132
