BgName,NumOut,EtrMin,EtrMax,Desc,Status,Cause,x,y
YORK,1,2/2/2023 3:00:00 PM,2/2/2023 3:00:00 PM,,Assessing,Tree,-7865171.621743188,5329388.964949337
NEW GLOUCESTER,2,2/2/2023 3:15:00 PM,2/2/2023 3:15:00 PM,,Assessing,Investigating,-7823916.1174398875,5463695.5827612765
CASCO,3,2/2/2023 3:45:00 PM,2/2/2023 3:45:00 PM,,Crew Assigned,Investigating,-7850102.257677304,5465182.079300539
