BgName,NumOut,EtrMin,EtrMax,Desc,Status,Cause,x,y
EDGECOMB,1,10/5/2024 9:00:00 AM,10/5/2024 9:00:00 AM,,Crew Assigned,Investigating,-7754500.077126935,5460607.972651416
APPLETON,17,10/5/2024 7:45:00 AM,10/5/2024 7:45:00 AM,,Assessing,Investigating,-7715271.9902519025,5510067.072539466
SANFORD,69,10/5/2024 9:00:00 AM,10/5/2024 9:00:00 AM,,Assessing,Investigating,-7877144.745368006,5376757.5359868705
SCARBOROUGH,1,10/5/2024 8:15:00 AM,10/5/2024 8:15:00 AM,,Assessing,Investigating,-7829483.149552362,5402298.859122863
