BgName,NumOut,EtrMin,EtrMax,Desc,Status,Cause,x,y
"NOBLEBORO,BREMEN,WALDOBORO",230,6/18/2023 3:45:00 AM,6/18/2023 3:45:00 AM,,Assessing,Tree,-7732313.2677110825,5480145.69174023
FREEPORT,4,6/18/2023 3:30:00 AM,6/18/2023 3:30:00 AM,,Assessing,Investigating,-7807735.1281454945,5437172.296559396
"PARKMAN,ABBOT",115,6/18/2023 5:15:00 AM,6/18/2023 5:15:00 AM,,Assessing,Investigating,-7729301.819492161,5642583.54245129
"SKOWHEGAN,FAIRFIELD",296,6/18/2023 4:30:00 AM,6/18/2023 4:30:00 AM,,Assessing,Investigating,-7758074.75746601,5581304.928597813
