BgName,NumOut,EtrMin,EtrMax,Desc,Status,Cause,x,y
YARMOUTH,19,5/13/2021 1:15:00 PM,5/13/2021 1:15:00 PM,,Assessing,Investigating,-7814120.7370281955,5434049.280501008
GORHAM,21,5/13/2021 3:00:00 PM,5/13/2021 3:00:00 PM,,Assessing,Vehicle Accident,-7848026.995188037,5419272.685619629
