BgName,NumOut,EtrMin,EtrMax,Desc,Status,Cause,x,y
TOPSHAM,6,9/11/2021 12:00:00 AM,9/11/2021 12:00:00 AM,,Crew Assigned,Investigating,-7792307.426732529,5456044.9231410595
"PITTSTON,CHELSEA,WHITEFIELD",387,9/10/2021 11:45:00 PM,9/10/2021 11:45:00 PM,,Assessing,Investigating,-7765395.082633375,5500086.1293297205
WHITEFIELD,59,9/10/2021 11:45:00 PM,9/10/2021 11:45:00 PM,,Assessing,Investigating,-7754325.940086151,5499853.730430266
VIENNA,14,9/11/2021 12:15:00 AM,9/11/2021 12:15:00 AM,,Assessing,Investigating,-7793928.861876758,5553334.845046378
INDUSTRY,5,9/11/2021 12:45:00 AM,9/11/2021 12:45:00 AM,,Assessing,Investigating,-7802522.659855759,5577541.915214367
