BgName,NumOut,EtrMin,EtrMax,Desc,Status,Cause,x,y
NEWCASTLE,22,7/2/2024 10:15:00 AM,7/2/2024 10:15:00 AM,,Investigating,Investigating,-7741432.056500323,5475483.26470428
JEFFERSON,1,7/2/2024 8:45:00 AM,7/2/2024 8:45:00 AM,,Crew Assigned,Investigating,-7730303.216223425,5497942.802522525
SANFORD,8,7/2/2024 10:15:00 AM,7/2/2024 10:15:00 AM,,Crew Assigned,Investigating,-7869389.550578157,5377534.736666345
ELIOT,7,7/2/2024 9:00:00 AM,7/2/2024 9:00:00 AM,,Crew Assigned,Investigating,-7882476.637248586,5338917.338590454
PITTSFIELD,53,7/2/2024 10:15:00 AM,7/2/2024 10:15:00 AM,,Assessing,Investigating,-7723862.114618415,5588158.833239955
OAKLAND,20,7/2/2024 10:00:00 AM,7/2/2024 10:00:00 AM,,Crew Assigned,Investigating,-7765463.566398731,5552380.123535983
YORK,1,7/2/2024 10:00:00 AM,7/2/2024 10:00:00 AM,,Assessing,Investigating,-7863191.548515225,5337095.01183317
