BgName,NumOut,EtrMin,EtrMax,Desc,Status,Cause,x,y
NOBLEBORO,21,2/28/2021 1:15:00 AM,2/28/2021 1:15:00 AM,,Assessing,Investigating,-7733910.891699489,5477306.537082954
SUMNER,35,2/28/2021 1:00:00 AM,2/28/2021 1:00:00 AM,,Assessing,Investigating,-7835315.48936823,5521791.395378426
SCARBOROUGH,18,2/28/2021 1:15:00 AM,2/28/2021 1:15:00 AM,,Assessing,Investigating,-7834058.514225194,5402593.083411475
