BgName,NumOut,EtrMin,EtrMax,Desc,Status,Cause,x,y
"GARDINER,RICHMOND",26,6/19/2021 12:00:00 AM,6/19/2021 12:00:00 AM,,Assessing,Investigating,-7771133.134897375,5490843.778784365
SEBAGO,2,6/19/2021 1:00:00 AM,6/19/2021 1:00:00 AM,,Assessing,Investigating,-7873303.232218229,5445954.478293493
