BgName,NumOut,EtrMin,EtrMax,Desc,Status,Cause,x,y
PHIPPSBURG,23,7/17/2023 11:00:00 AM,7/17/2023 11:00:00 AM,,Assessing,Tree,-7776925.29953843,5426818.437236449
NOBLEBORO,33,7/17/2023 10:00:00 AM,7/17/2023 10:00:00 AM,,Assessing,Investigating,-7731440.367026987,5476545.7517150715
JEFFERSON,11,7/17/2023 12:30:00 PM,7/17/2023 12:30:00 PM,,Assessing,Investigating,-7738070.99009515,5486513.6516759675
EDGECOMB,35,7/17/2023 8:00:00 AM,7/17/2023 8:00:00 AM,,Assessing,Tree,-7751023.54716404,5458271.935211825
ROCKPORT,4,7/17/2023 9:00:00 AM,7/17/2023 9:00:00 AM,,Assessing,Investigating,-7694893.165216106,5489897.514470515
WALDOBORO,48,7/17/2023 10:30:00 AM,7/17/2023 10:30:00 AM,,Assessing,Investigating,-7724309.908409083,5481322.283229567
HOLLIS,10,7/17/2023 9:00:00 AM,7/17/2023 9:00:00 AM,,Assessing,Investigating,-7860812.82911576,5403624.332978689
BELFAST,92,7/17/2023 10:00:00 AM,7/17/2023 10:00:00 AM,,Crew Assigned,Investigating,-7688215.164610327,5527894.500386751
