BgName,NumOut,EtrMin,EtrMax,Desc,Status,Cause,x,y
AUGUSTA,4,10/8/2021 10:00:00 AM,10/8/2021 10:00:00 AM,,Assessing,Investigating,-7753847.811736919,5508085.304072341
"FARMINGDALE,WEST GARDINER",18,10/8/2021 10:00:00 AM,10/8/2021 10:00:00 AM,,Assessing,Investigating,-7776543.76312075,5505327.7582251765
RAYMOND,2,10/8/2021 9:15:00 AM,10/8/2021 9:15:00 AM,,Assessing,Investigating,-7841138.099892471,5466498.428588013
SO BERWICK,45,10/8/2021 10:30:00 AM,10/8/2021 10:30:00 AM,,Assessing,Investigating,-7881153.3825076865,5345882.953871365
