BgName,NumOut,EtrMin,EtrMax,Desc,Status,Cause,x,y
ISLESBORO,36,9/24/2023 10:30:00 AM,9/24/2023 10:30:00 AM,,Assessing,Investigating,-7670378.175477653,5513363.4931169795
ISLESBORO,4,9/24/2023 10:45:00 AM,9/24/2023 10:45:00 AM,,Assessing,Investigating,-7671114.965790587,5513559.195117601
BRISTOL,1,9/24/2023 12:00:00 PM,9/24/2023 12:00:00 PM,,Assessing,Investigating,-7740475.279619543,5464933.588490109
