BgName,NumOut,EtrMin,EtrMax,Desc,Status,Cause,x,y
NORRIDGEWOCK,80,8/11/2024 3:30:00 PM,8/11/2024 3:30:00 PM,,Investigating,Investigating,-7772598.891464466,5578068.084882279
HERMON,72,8/11/2024 2:00:00 PM,8/11/2024 2:00:00 PM,,Repairs in Progress,Investigating,-7677559.618470907,5595046.906729143
BOWDOIN,2,8/11/2024 1:45:00 PM,8/11/2024 1:45:00 PM,,Repairs in Progress,Investigating,-7787386.270357065,5469347.398995454
NEWPORT,35,8/11/2024 2:00:00 PM,8/11/2024 2:00:00 PM,,Crew Assigned,Investigating,-7706033.429882245,5595759.667379142
NORRIDGEWOCK,108,8/11/2024 3:30:00 PM,8/11/2024 3:30:00 PM,,Assessing,Investigating,-7769891.900275344,5576556.964614055
NORRIDGEWOCK,19,8/11/2024 3:00:00 PM,8/11/2024 3:00:00 PM,,Repairs in Progress,Investigating,-7773412.379237727,5572439.684623578
UNITY,3,8/11/2024 2:30:00 PM,8/11/2024 2:30:00 PM,,Repairs in Progress,Investigating,-7719233.917701595,5550498.441186782
