BgName,NumOut,EtrMin,EtrMax,Desc,Status,Cause,x,y
SIDNEY,71,9/6/2021 8:00:00 AM,9/6/2021 8:00:00 AM,,Assessing,Investigating,-7767957.178717107,5537383.67414489
"FALMOUTH,PORTLAND",69,9/6/2021 6:45:00 AM,9/6/2021 6:45:00 AM,,Assessing,Investigating,-7826416.486822575,5423293.100032338
WOODSTOCK,4,9/6/2021 8:00:00 AM,9/6/2021 8:00:00 AM,,Assessing,Investigating,-7862105.760510656,5524348.651919364
