BgName,NumOut,EtrMin,EtrMax,Desc,Status,Cause,x,y
"POLAND,CASCO",194,3/3/2024 12:15:00 PM,3/3/2024 12:15:00 PM,,Repairs in Progress,Vehicle Accident,-7841299.936162938,5470919.278479581
POLAND,14,Assessing,Assessing,,Assessing,Equipment Interruption,-7843269.07775329,5472907.389683398
LIMINGTON,1,3/3/2024 1:00:00 PM,3/3/2024 1:00:00 PM,,Crew Assigned,Investigating,-7874273.314794307,5423287.67772261
LINCOLNVILLE,8,3/3/2024 12:30:00 PM,3/3/2024 12:30:00 PM,,Crew Assigned,Investigating,-7687372.242286036,5511798.12082682
