BgName,NumOut,EtrMin,EtrMax,Desc,Status,Cause,x,y
WINTHROP,32,10/8/2024 11:00:00 AM,10/8/2024 11:00:00 AM,,Crew Assigned,Investigating,-7788469.041684566,5512215.562451926
MOUNT VERNON,13,10/8/2024 11:00:00 AM,10/8/2024 11:00:00 AM,,Crew Assigned,Investigating,-7793884.445454006,5533255.257695524
PARIS,17,10/8/2024 11:15:00 AM,10/8/2024 11:15:00 AM,,Crew Assigned,Investigating,-7848054.602493523,5504272.776673424
"SUMNER,WOODSTOCK",88,10/8/2024 11:30:00 AM,10/8/2024 11:30:00 AM,,Repairs in Progress,Investigating,-7845625.755878262,5527589.845660686
STRONG,5,10/8/2024 11:00:00 AM,10/8/2024 11:00:00 AM,,Crew Assigned,Investigating,-7817633.0895933425,5588497.022449957
