BgName,NumOut,EtrMin,EtrMax,Desc,Status,Cause,x,y
NEW GLOUCESTER,40,7/18/2024 9:15:00 AM,7/18/2024 9:15:00 AM,,Investigating,Investigating,-7826450.040885268,5464893.133334684
STONEHAM,83,7/18/2024 9:00:00 AM,7/18/2024 9:00:00 AM,,Crew Assigned,Investigating,-7886590.493577752,5505793.524312341
GREENE,1,7/18/2024 7:45:00 AM,7/18/2024 7:45:00 AM,,Crew Assigned,Investigating,-7809450.3388684485,5501497.208851671
SOUTH BERWICK,24,7/18/2024 9:00:00 AM,7/18/2024 9:00:00 AM,,Crew Assigned,Investigating,-7880222.428735036,5347670.604766935
HOLLIS,7,7/18/2024 9:15:00 AM,7/18/2024 9:15:00 AM,,Assessing,Investigating,-7865214.134634997,5411045.385858757
NEW SHARON,5,7/18/2024 9:45:00 AM,7/18/2024 9:45:00 AM,,Repairs in Progress,Investigating,-7792716.047169899,5571654.372646378
BIG MOOSE TWP,13,7/18/2024 8:45:00 AM,7/18/2024 8:45:00 AM,,Crew Assigned,Investigating,-7750900.416723489,5700314.836253343
BELGRADE,11,7/18/2024 7:45:00 AM,7/18/2024 7:45:00 AM,,Repairs in Progress,Investigating,-7773781.091599294,5533580.962602559
