BgName,NumOut,EtrMin,EtrMax,Desc,Status,Cause,x,y
SANFORD,1,9/8/2022 1:00:00 PM,9/8/2022 1:00:00 PM,,Assessing,Investigating,-7870112.069714976,5372916.755363422
READFIELD,3,9/8/2022 1:45:00 PM,9/8/2022 1:45:00 PM,,Assessing,Investigating,-7786095.186930909,5525158.005102412
