BgName,NumOut,EtrMin,EtrMax,Desc,Status,Cause,x,y
WHITEFIELD,75,9/20/2021 7:00:00 AM,9/20/2021 7:00:00 AM,,Assessing,Tree,-7754345.020245772,5499523.883486244
"PITTSTON,WHITEFIELD",57,9/20/2021 7:00:00 AM,9/20/2021 7:00:00 AM,,Assessing,Tree,-7758140.2913290495,5500129.43790149
OGUNQUIT,62,9/20/2021 6:00:00 AM,9/20/2021 6:00:00 AM,,Assessing,Investigating,-7859146.576700051,5350264.10253017
RANGELEY,2,9/20/2021 6:15:00 AM,9/20/2021 6:15:00 AM,,Assessing,Investigating,-7863864.708596173,5615826.413038967
WILTON,36,9/20/2021 6:15:00 AM,9/20/2021 6:15:00 AM,,Assessing,Investigating,-7820881.815336783,5560884.748434329
