BgName,NumOut,EtrMin,EtrMax,Desc,Status,Cause,x,y
HARPSWELL,24,12/6/2021 2:30:00 PM,12/6/2021 2:30:00 PM,,Assessing,Investigating,-7792306.55846053,5431607.372997772
DENMARK,48,12/6/2021 1:15:00 PM,12/6/2021 1:15:00 PM,,Assessing,Investigating,-7881230.671630362,5459990.624524169
"RANGELEY PLT,RANGLEY",246,12/6/2021 1:00:00 PM,12/6/2021 1:00:00 PM,,Assessing,Investigating,-7877792.869722263,5608371.363920228
