BgName,NumOut,EtrMin,EtrMax,Desc,Status,Cause,x,y
BRISTOL,20,6/27/2024 7:45:00 AM,6/27/2024 7:45:00 AM,,Crew Assigned,Investigating,-7738083.892038455,5440281.26295116
BELMONT,18,6/27/2024 8:15:00 AM,6/27/2024 8:15:00 AM,,Crew Assigned,Investigating,-7694703.076117509,5527364.722676639
