BgName,NumOut,EtrMin,EtrMax,Desc,Status,Cause,x,y
"PARIS,OXFORD,HEBRON",201,9/18/2021 6:45:00 PM,9/18/2021 6:45:00 PM,,Assessing,Investigating,-7847911.156210044,5499586.496723649
NORWAY,19,9/18/2021 6:15:00 PM,9/18/2021 6:15:00 PM,,Assessing,Investigating,-7855617.6709041,5499072.027223479
"CORNISH,PARSONSFIELD",33,9/18/2021 6:45:00 PM,9/18/2021 6:45:00 PM,,Assessing,Investigating,-7884628.454138029,5424663.619379422
NORRIDGEWOCK,19,9/18/2021 6:15:00 PM,9/18/2021 6:15:00 PM,,Assessing,Investigating,-7773412.379237727,5572439.684623578
DRESDEN,1,9/18/2021 6:30:00 PM,9/18/2021 6:30:00 PM,,Repairs in Progress,Investigating,-7765800.608406367,5476684.625254013
BROWNFIELD,1,9/18/2021 6:00:00 PM,9/18/2021 6:00:00 PM,,Assessing,Investigating,-7892040.751565365,5455068.775078814
