BgName,NumOut,EtrMin,EtrMax,Desc,Status,Cause,x,y
LIVERMR FL,2,6/1/2022 10:45:00 AM,6/1/2022 10:45:00 AM,,Assessing,Investigating,-7813212.080516611,5538796.6183028845
PARIS,33,6/1/2022 9:30:00 AM,6/1/2022 9:30:00 AM,,Crew Assigned,Investigating,-7849911.3558688965,5501231.931350358
