BgName,NumOut,EtrMin,EtrMax,Desc,Status,Cause,x,y
FAIRFIELD,24,7/17/2022 2:45:00 PM,7/17/2022 2:45:00 PM,,Assessing,Investigating,-7752767.23346448,5558534.232942709
LYMAN,1,7/17/2022 4:15:00 PM,7/17/2022 4:15:00 PM,,Assessing,Investigating,-7865889.00903507,5384714.594379637
