BgName,NumOut,EtrMin,EtrMax,Desc,Status,Cause,x,y
ISLESBORO,148,6/27/2022 5:30:00 PM,6/27/2022 5:30:00 PM,,Investigating,Investigating,-7669757.432275705,5519159.787253761
BELGRADE,28,6/27/2022 4:30:00 PM,6/27/2022 4:30:00 PM,,Assessing,Investigating,-7770111.032686995,5541573.073540571
READFIELD,1,6/27/2022 5:00:00 PM,6/27/2022 5:00:00 PM,,Assessing,Investigating,-7781483.298270655,5528104.070385753
