BgName,NumOut,EtrMin,EtrMax,Desc,Status,Cause,x,y
FREEPORT,1,9/27/2021 2:30:00 PM,9/27/2021 2:30:00 PM,,Assessing,Investigating,-7800025.117938329,5444004.225453882
WINDHAM,1,9/27/2021 1:45:00 PM,9/27/2021 1:45:00 PM,,Assessing,Investigating,-7842466.107954561,5442270.259363129
