BgName,NumOut,EtrMin,EtrMax,Desc,Status,Cause,x,y
BRIDGTON,27,8/7/2024 1:00:00 PM,8/7/2024 1:00:00 PM,,Repairs in Progress,Investigating,-7879668.068847064,5471403.4595424365
HOLLIS,6,8/7/2024 4:30:00 PM,8/7/2024 4:30:00 PM,,Crew Assigned,Investigating,-7859209.227335414,5408263.296113568
