BgName,NumOut,EtrMin,EtrMax,Desc,Status,Cause,x,y
"HARPSWELL,BRUNSWICK",2659,4/2/2023 12:00:00 PM,4/2/2023 12:00:00 PM,,Assessing,Tree,-7789533.968435629,5450597.374126294
HARRISON,15,4/2/2023 12:00:00 PM,4/2/2023 12:00:00 PM,,Assessing,Investigating,-7865308.032650788,5477226.519986057
"LITCHFIELD,MONMOUTH",40,4/2/2023 12:15:00 PM,4/2/2023 12:15:00 PM,,Assessing,Investigating,-7790190.6309480835,5491959.47880568
"EMBDEN,ANSON",703,4/2/2023 11:15:00 AM,4/2/2023 11:15:00 AM,,Assessing,Investigating,-7782960.441184389,5608965.899526476
SOLON,1,4/2/2023 12:30:00 PM,4/2/2023 12:30:00 PM,,Assessing,Investigating,-7771408.160779958,5618011.427627767
WILTON,16,4/2/2023 10:45:00 AM,4/2/2023 10:45:00 AM,,Assessing,Investigating,-7821950.76068654,5558254.50189992
