BgName,NumOut,EtrMin,EtrMax,Desc,Status,Cause,x,y
ELIOT,15,8/18/2023 4:45:00 PM,8/18/2023 4:45:00 PM,,Investigating,Investigating,-7883921.227720919,5337004.068224821
WHITEFIELD,116,8/18/2023 4:45:00 PM,8/18/2023 4:45:00 PM,,Assessing,Investigating,-7748570.633306273,5500310.5496999705
OGUNQUIT,30,8/18/2023 3:45:00 PM,8/18/2023 3:45:00 PM,,Assessing,Investigating,-7859079.673704313,5351183.732601244
MADISON,27,8/18/2023 4:45:00 PM,8/18/2023 4:45:00 PM,,Assessing,Investigating,-7764747.014041538,5593241.097872754
