BgName,NumOut,EtrMin,EtrMax,Desc,Status,Cause,x,y
LEWISTON,57,9/16/2022 7:15:00 PM,9/16/2022 7:15:00 PM,,Investigating,Investigating,-7808109.317938873,5480796.910230601
NEW PORTLAND,3,9/16/2022 8:15:00 PM,9/16/2022 8:15:00 PM,,Assessing,Investigating,-7796411.965631129,5606940.042277215
