BgName,NumOut,EtrMin,EtrMax,Desc,Status,Cause,x,y
HARPSWELL,54,5/30/2023 8:30:00 AM,5/30/2023 8:30:00 AM,,Assessing,Investigating,-7782775.294618799,5440150.51597808
LISBON,264,5/30/2023 9:00:00 AM,5/30/2023 9:00:00 AM,,Assessing,Investigating,-7804310.807028712,5470215.954429178
NO BERWICK,1,5/30/2023 9:00:00 AM,5/30/2023 9:00:00 AM,,Assessing,Investigating,-7876272.345644721,5354386.900057508
YORK,13,5/30/2023 9:30:00 AM,5/30/2023 9:30:00 AM,,Assessing,Investigating,-7866084.541727597,5334794.10253638
YORK,12,5/30/2023 9:30:00 AM,5/30/2023 9:30:00 AM,,Assessing,Investigating,-7867890.344265157,5335111.342502602
