BgName,NumOut,EtrMin,EtrMax,Desc,Status,Cause,x,y
CASCO,42,6/30/2024 12:00:00 AM,6/30/2024 12:00:00 AM,,Crew Assigned,Investigating,-7847417.008928142,5470778.881875125
WILLIMANTIC,54,6/28/2024 10:45:00 PM,6/28/2024 10:45:00 PM,,Repairs in Progress,Investigating,-7717888.065063074,5662695.246802694
