BgName,NumOut,EtrMin,EtrMax,Desc,Status,Cause,x,y
"NEW GLOUCESTER,POLAND,AUBURN",3015,4/5/2022 11:30:00 AM,4/5/2022 11:30:00 AM,,Assessing,Investigating,-7822101.598644763,5476029.600180674
SIDNEY,6,4/5/2022 11:15:00 AM,4/5/2022 11:15:00 AM,,Assessing,Investigating,-7770436.542084239,5526683.669595661
