BgName,NumOut,EtrMin,EtrMax,Desc,Status,Cause,x,y
AUGUSTA,1,3/10/2024 7:30:00 AM,3/10/2024 7:30:00 AM,,Assessing,Investigating,-7759484.507535638,5510327.241475033
HARPSWELL,120,3/10/2024 7:15:00 AM,3/10/2024 7:15:00 AM,,Assessing,Investigating,-7793013.57083803,5430991.119311934
SWEDEN,55,Assessing,Assessing,,Assessing,Investigating,-7882435.504702031,5486544.363191446
"LOVELL,STOW,FRYEBURG",397,3/10/2024 7:00:00 AM,3/10/2024 7:00:00 AM,,Assessing,Investigating,-7892107.287149802,5484667.351129001
"WATERFORD,ALBANY",40,3/10/2024 6:30:00 AM,3/10/2024 6:30:00 AM,,Crew Assigned,Investigating,-7878124.011825148,5502178.187866436
"STONEHAM,ALBANY",10,Assessing,Assessing,,Assessing,Investigating,-7882765.311009533,5504325.010008587
"PERU,CANTON,HARTFORD,MEXICO",1436,3/10/2024 6:00:00 AM,3/10/2024 6:00:00 AM,,Repairs in Progress,Equipment Interruption,-7844073.027148647,5547361.602253769
