BgName,NumOut,EtrMin,EtrMax,Desc,Status,Cause,x,y
"STARKS,INDUSTRY,NEW SHARON,SKOWHEGAN",402,12/5/2022 11:00:00 PM,12/5/2022 11:00:00 PM,,Assessing,Investigating,-7782065.911186982,5585358.673235172
GREENVILLE,89,12/5/2022 8:30:00 PM,12/5/2022 8:30:00 PM,,Assessing,Investigating,-7740035.244814802,5693665.981550946
PORTLAND,39,12/5/2022 10:00:00 PM,12/5/2022 10:00:00 PM,,Assessing,Investigating,-7819400.776261415,5414030.692933538
