BgName,NumOut,EtrMin,EtrMax,Desc,Status,Cause,x,y
ACTON,3,7/30/2021 4:00:00 PM,7/30/2021 4:00:00 PM,,Investigating,Investigating,-7897972.2577948235,5400081.914653233
BRIDGTON,33,7/30/2021 4:00:00 PM,7/30/2021 4:00:00 PM,,Assessing,Investigating,-7869011.832434907,5476064.599121501
TURNER,72,7/30/2021 4:15:00 PM,7/30/2021 4:15:00 PM,,Assessing,Investigating,-7816867.345067098,5508632.808326199
LYMAN,184,7/30/2021 4:45:00 PM,7/30/2021 4:45:00 PM,,Crew Assigned,Investigating,-7860584.958121548,5390170.449983305
BIDDEFORD,38,7/30/2021 4:45:00 PM,7/30/2021 4:45:00 PM,,Crew Assigned,Investigating,-7844689.904022364,5386738.628887099
CORNVILLE,17,7/30/2021 4:15:00 PM,7/30/2021 4:15:00 PM,,Assessing,Investigating,-7754407.136482891,5603910.631871882
SACO,7,7/30/2021 4:45:00 PM,7/30/2021 4:45:00 PM,,Assessing,Investigating,-7839425.549647836,5387339.877951309
