BgName,NumOut,EtrMin,EtrMax,Desc,Status,Cause,x,y
GARDINER,23,5/23/2024 8:30:00 AM,5/23/2024 8:30:00 AM,,Repairs in Progress,Investigating,-7765291.288339013,5493929.558614257
FALMOUTH,10,5/23/2024 8:45:00 AM,5/23/2024 8:45:00 AM,,Crew Assigned,Investigating,-7820975.178954331,5422437.325817298
