BgName,NumOut,EtrMin,EtrMax,Desc,Status,Cause,x,y
WALDOBORO,2,9/28/2022 11:45:00 AM,9/28/2022 11:45:00 AM,,Assessing,Investigating,-7722920.696831641,5472311.344666328
BERWICK,1,9/28/2022 12:00:00 PM,9/28/2022 12:00:00 PM,,Assessing,Investigating,-7887104.9232651545,5361934.560772491
PORTLAND,28,9/28/2022 1:30:00 PM,9/28/2022 1:30:00 PM,,Assessing,Vehicle Accident,-7820072.166360929,5414235.785482522
PORTLAND,6,9/28/2022 1:30:00 PM,9/28/2022 1:30:00 PM,,Assessing,Vehicle Accident,-7819995.80127268,5414184.446524521
PORTLAND,9,9/28/2022 1:30:00 PM,9/28/2022 1:30:00 PM,,Assessing,Vehicle Accident,-7819965.088190378,5414126.459723168
