BgName,NumOut,EtrMin,EtrMax,Desc,Status,Cause,x,y
SABATTUS,7,8/2/2021 12:00:00 PM,8/2/2021 12:00:00 PM,,Assessing,Investigating,-7802574.490178133,5475250.144710524
GRAY,27,8/2/2021 12:45:00 PM,8/2/2021 12:45:00 PM,,Assessing,Investigating,-7829501.049690983,5445455.530522861
BIDDEFORD,1,Assessing,Assessing,,Assessing,Investigating,-7852066.144985654,5388100.44108899
JACKSON,5,8/2/2021 1:00:00 PM,8/2/2021 1:00:00 PM,,Crew Assigned,Investigating,-7696919.157749251,5558755.719379567
HARTLAND,34,8/2/2021 1:00:00 PM,8/2/2021 1:00:00 PM,,Assessing,Investigating,-7738254.055030423,5605683.5434495825
BUCKSPORT,1,8/2/2021 12:45:00 PM,8/2/2021 12:45:00 PM,,Assessing,Investigating,-7648274.599639096,5568305.241692138
