BgName,NumOut,EtrMin,EtrMax,Desc,Status,Cause,x,y
WATERVILLE,24,1/18/2023 5:00:00 PM,1/18/2023 5:00:00 PM,,Assessing,Investigating,-7752408.684480482,5549098.905985148
WATERVILLE,2,1/18/2023 5:00:00 PM,1/18/2023 5:00:00 PM,,Assessing,Investigating,-7755731.048059099,5546405.915279692
