BgName,NumOut,EtrMin,EtrMax,Desc,Status,Cause,x,y
JAY,5,10/1/2022 5:45:00 PM,10/1/2022 5:45:00 PM,,Assessing,Investigating,-7812217.618949033,5543543.966997211
NORWAY,29,10/1/2022 6:00:00 PM,10/1/2022 6:00:00 PM,,Assessing,Investigating,-7858777.530364611,5505306.200345323
WINDHAM,5,10/1/2022 5:45:00 PM,10/1/2022 5:45:00 PM,,Crew Assigned,Investigating,-7836130.303526337,5425648.799303099
