BgName,NumOut,EtrMin,EtrMax,Desc,Status,Cause,x,y
EDGECOMB,6,7/16/2021 10:15:00 AM,7/16/2021 10:15:00 AM,,Assessing,Investigating,-7745099.190638436,5462593.898286762
SO BERWICK,1,7/16/2021 10:45:00 AM,7/16/2021 10:45:00 AM,,Crew Assigned,Investigating,-7881239.276663415,5346946.926030897
