BgName,NumOut,EtrMin,EtrMax,Desc,Status,Cause,x,y
WASHINGTON,2,9/16/2024 2:45:00 PM,9/16/2024 2:45:00 PM,,Assessing,Investigating,-7725728.953584282,5508372.594379361
"LOVELL,SWEDEN",277,9/16/2024 2:30:00 PM,9/16/2024 2:30:00 PM,,Crew Assigned,Investigating,-7891188.033074584,5484807.836444778
