BgName,NumOut,EtrMin,EtrMax,Desc,Status,Cause,x,y
LEWISTON,13,3/1/2021 4:15:00 PM,3/1/2021 4:15:00 PM,,Assessing,Vehicle Accident,-7808870.709391985,5485615.556611724
LEWISTON,3,3/1/2021 4:15:00 PM,3/1/2021 4:15:00 PM,,Assessing,Vehicle Accident,-7808874.928415049,5485480.099311478
WILTON,4,3/1/2021 4:30:00 PM,3/1/2021 4:30:00 PM,,Assessing,Investigating,-7816073.191838236,5557057.898146335
