BgName,NumOut,EtrMin,EtrMax,Desc,Status,Cause,x,y
DRESDEN,1,5/28/2022 4:45:00 PM,5/28/2022 4:45:00 PM,,Crew Assigned,Investigating,-7762355.136612083,5473924.8722481355
WEST PARIS,27,5/28/2022 3:45:00 PM,5/28/2022 3:45:00 PM,,Assessing,Investigating,-7854601.635685519,5511524.1141785225
