BgName,NumOut,EtrMin,EtrMax,Desc,Status,Cause,x,y
JAY,5,6/30/2023 5:00:00 PM,6/30/2023 5:00:00 PM,,Assessing,Investigating,-7816790.389918297,5551988.473968153
FALMOUTH,32,6/30/2023 6:00:00 PM,6/30/2023 6:00:00 PM,,Assessing,Investigating,-7831496.473903883,5429997.506588177
BUXTON,40,6/30/2023 4:45:00 PM,6/30/2023 4:45:00 PM,,Assessing,Investigating,-7846630.737122272,5410959.542843274
