BgName,NumOut,EtrMin,EtrMax,Desc,Status,Cause,x,y
ACTON,3,6/2/2023 10:15:00 AM,6/2/2023 10:15:00 AM,,Investigating,Investigating,-7892763.538401859,5388415.858208989
ELIOT,116,6/2/2023 9:00:00 AM,6/2/2023 9:00:00 AM,,Assessing,Investigating,-7882572.34979569,5337250.945265304
ETNA,15,6/2/2023 9:45:00 AM,6/2/2023 9:45:00 AM,,Assessing,Investigating,-7693318.48421163,5592429.124001875
