BgName,NumOut,EtrMin,EtrMax,Desc,Status,Cause,x,y
HARPSWELL,14,9/26/2023 10:30:00 AM,9/26/2023 10:30:00 AM,,Assessing,Investigating,-7785824.647170395,5435559.4835876245
UNITY PLT,9,9/26/2023 9:45:00 AM,9/26/2023 9:45:00 AM,,Assessing,Investigating,-7726866.638786086,5560143.154497987
