BgName,NumOut,EtrMin,EtrMax,Desc,Status,Cause,x,y
NAPLES,25,8/20/2024 2:00:00 PM,8/20/2024 2:00:00 PM,,Repairs in Progress,Investigating,-7854832.189483043,5458090.13671217
KITTERY,35,8/20/2024 3:15:00 PM,8/20/2024 3:15:00 PM,,Crew Assigned,Investigating,-7872773.117672129,5328344.925883967
