BgName,NumOut,EtrMin,EtrMax,Desc,Status,Cause,x,y
WELLS,21,9/9/2024 11:00:00 PM,9/9/2024 11:00:00 PM,,Assessing,Investigating,-7864018.207032708,5355892.727723704
WELLS,4,9/9/2024 11:00:00 PM,9/9/2024 11:00:00 PM,,Crew Assigned,Investigating,-7863934.227620472,5356410.329056936
