BgName,NumOut,EtrMin,EtrMax,Desc,Status,Cause,x,y
SQUIRREL ISLAND,128,4/15/2021 5:30:00 PM,4/15/2021 5:30:00 PM,,Assessing,Investigating,-7751234.7536028195,5436591.815533256
CAMDEN,5,4/15/2021 5:30:00 PM,4/15/2021 5:30:00 PM,,Assessing,Investigating,-7687823.620589449,5496389.4785754075
WARREN,10,4/15/2021 5:15:00 PM,4/15/2021 5:15:00 PM,,Assessing,Investigating,-7711503.636301477,5492483.575192931
