BgName,NumOut,EtrMin,EtrMax,Desc,Status,Cause,x,y
LIMINGTON,29,8/3/2022 9:45:00 AM,8/3/2022 9:45:00 AM,,Assessing,Investigating,-7873685.247271733,5430392.111425388
O O BEACH,6,8/3/2022 11:15:00 AM,8/3/2022 11:15:00 AM,,Crew Assigned,Equipment Interruption,-7837889.630135599,5389782.24007407
ISLESBORO,8,8/3/2022 10:30:00 AM,8/3/2022 10:30:00 AM,,Assessing,Investigating,-7667572.089354954,5524374.304275582
CORINNA,36,8/3/2022 9:30:00 AM,8/3/2022 9:30:00 AM,,Assessing,Investigating,-7713558.371411009,5614361.016952429
WALDOBORO,1,8/3/2022 9:45:00 AM,8/3/2022 9:45:00 AM,,Assessing,Investigating,-7724005.460689709,5483761.978537218
