BgName,NumOut,EtrMin,EtrMax,Desc,Status,Cause,x,y
MONMOUTH,18,11/7/2024 3:15:00 PM,11/7/2024 3:15:00 PM,,Assessing,Investigating,-7795903.992471602,5508754.195432274
SWEDEN,6,11/7/2024 2:15:00 PM,11/7/2024 2:15:00 PM,,Crew Assigned,Investigating,-7883086.1894225385,5488454.246487688
BERWICK,29,11/7/2024 2:45:00 PM,11/7/2024 2:45:00 PM,,Assessing,Investigating,-7889506.273899557,5354226.214733032
"SACO,OLD ORCHARD BEACH,BIDDEFORD",2255,11/7/2024 2:00:00 PM,11/7/2024 2:00:00 PM,,Repairs in Progress,Investigating,-7842188.733242539,5387577.24900332
"BIDDEFORD,SACO",2470,11/7/2024 2:00:00 PM,11/7/2024 2:00:00 PM,,Repairs in Progress,Investigating,-7842189.067216413,5387576.0674280785
BIDDEFORD,130,11/7/2024 1:45:00 PM,11/7/2024 1:45:00 PM,,Repairs in Progress,Investigating,-7836919.792433645,5380563.765921633
"BIDDEFORD,SACO",737,11/7/2024 1:45:00 PM,11/7/2024 1:45:00 PM,,Repairs in Progress,Investigating,-7842189.145103601,5387575.57641613
BIDDEFORD,1043,11/7/2024 1:45:00 PM,11/7/2024 1:45:00 PM,,Repairs in Progress,Investigating,-7842227.795271216,5387574.425477591
