BgName,NumOut,EtrMin,EtrMax,Desc,Status,Cause,x,y
HERMON,64,8/7/2022 9:15:00 AM,8/7/2022 9:15:00 AM,,Assessing,Investigating,-7677212.691297153,5595343.723821568
VASSALBORO,79,8/7/2022 8:45:00 AM,8/7/2022 8:45:00 AM,,Assessing,Investigating,-7752402.205627615,5533462.160253583
CORINNA,25,8/7/2022 8:30:00 AM,8/7/2022 8:30:00 AM,,Assessing,Investigating,-7710505.757208099,5608672.533329948
NORRIDGEWOCK,2,8/7/2022 8:30:00 AM,8/7/2022 8:30:00 AM,,Assessing,Investigating,-7764794.770102904,5573963.218191128
