BgName,NumOut,EtrMin,EtrMax,Desc,Status,Cause,x,y
DENMARK,46,7/9/2021 3:00:00 PM,7/9/2021 3:00:00 PM,,Assessing,Investigating,-7881230.671630362,5459990.624524169
GORHAM,49,7/9/2021 2:15:00 PM,7/9/2021 2:15:00 PM,,Assessing,Investigating,-7842592.333159595,5425515.39383622
PHIPPSBURG,2,7/9/2021 3:00:00 PM,7/9/2021 3:00:00 PM,,Crew Assigned,Investigating,-7770237.703190526,5434865.830423269
