BgName,NumOut,EtrMin,EtrMax,Desc,Status,Cause,x,y
MANCHESTER,29,9/16/2021 12:00:00 PM,9/16/2021 12:00:00 PM,,Assessing,Investigating,-7777672.553865494,5517280.837438455
"MT VERNON,VIENNA",39,9/16/2021 11:45:00 AM,9/16/2021 11:45:00 AM,,Assessing,Investigating,-7790857.82434953,5546328.319227239
FRYEBURG,2,9/16/2021 12:00:00 PM,9/16/2021 12:00:00 PM,,Assessing,Tree,-7899019.593052788,5479965.892816997
FRYEBURG,38,9/16/2021 12:00:00 PM,9/16/2021 12:00:00 PM,,Assessing,Tree,-7901360.308007504,5479852.078856616
FRYEBURG,8,9/16/2021 12:00:00 PM,9/16/2021 12:00:00 PM,,Assessing,Tree,-7898548.889715621,5466655.722728188
WATERFORD,7,9/16/2021 12:00:00 PM,9/16/2021 12:00:00 PM,,Assessing,Tree,-7872009.554988392,5491251.99336965
WATERFORD,134,9/16/2021 12:00:00 PM,9/16/2021 12:00:00 PM,,Assessing,Tree,-7872169.810589359,5491160.525617677
WATERFORD,47,9/16/2021 12:00:00 PM,9/16/2021 12:00:00 PM,,Assessing,Tree,-7868109.843988003,5492723.190637393
WATERFORD,32,9/16/2021 12:00:00 PM,9/16/2021 12:00:00 PM,,Assessing,Tree,-7869131.93508594,5492130.697706395
WATERFORD,1,9/16/2021 12:00:00 PM,9/16/2021 12:00:00 PM,,Assessing,Tree,-7869481.411413394,5486525.129668421
SWEDEN,6,9/16/2021 12:00:00 PM,9/16/2021 12:00:00 PM,,Assessing,Tree,-7879246.290379703,5488041.859536982
SWEDEN,21,9/16/2021 12:00:00 PM,9/16/2021 12:00:00 PM,,Assessing,Tree,-7879769.970622808,5485765.222732462
LOVELL,31,9/16/2021 12:00:00 PM,9/16/2021 12:00:00 PM,,Assessing,Tree,-7893020.78608232,5496977.402525896
"OXFORD,POLAND",81,9/16/2021 11:30:00 AM,9/16/2021 11:30:00 AM,,Assessing,Investigating,-7845038.901814111,5476987.743315103
HARTFORD,26,9/16/2021 11:00:00 AM,9/16/2021 11:00:00 AM,,Assessing,Investigating,-7833158.362534476,5529645.438353328
GORHAM,21,9/16/2021 12:00:00 PM,9/16/2021 12:00:00 PM,,Assessing,Investigating,-7848026.995188037,5419272.685619629
WESTBROOK,178,9/16/2021 12:00:00 PM,9/16/2021 12:00:00 PM,,Assessing,Equipment Interruption,-7835341.538128972,5412417.334827684
WESTBROOK,29,9/16/2021 12:15:00 PM,9/16/2021 12:15:00 PM,,Assessing,Investigating,-7835796.545394898,5413087.744377732
JACKMAN,5,9/16/2021 11:45:00 AM,9/16/2021 11:45:00 AM,,Assessing,Investigating,-7818368.3882364025,5718510.086287381
