BgName,NumOut,EtrMin,EtrMax,Desc,Status,Cause,x,y
AUBURN,1,8/19/2021 8:45:00 AM,8/19/2021 8:45:00 AM,,Assessing,Investigating,-7823110.242288712,5474929.935221794
HEBRON,17,8/19/2021 8:45:00 AM,8/19/2021 8:45:00 AM,,Assessing,Investigating,-7829768.216475566,5501476.079584308
