BgName,NumOut,EtrMin,EtrMax,Desc,Status,Cause,x,y
BRISTOL,10,6/17/2022 10:45:00 AM,6/17/2022 10:45:00 AM,,Assessing,Investigating,-7730577.551933382,5459297.833642386
YORK,96,6/17/2022 9:30:00 AM,6/17/2022 9:30:00 AM,,Assessing,Tree,-7866490.891222723,5337079.4599195635
ISLESBORO,403,6/17/2022 11:00:00 AM,6/17/2022 11:00:00 AM,,Assessing,Vehicle Accident,-7670247.230388855,5513416.245172176
