BgName,NumOut,EtrMin,EtrMax,Desc,Status,Cause,x,y
WATERFORD,14,3/23/2023 3:30:00 PM,3/23/2023 3:30:00 PM,,Assessing,Investigating,-7880279.602439147,5498916.365573345
HOPE,2,3/23/2023 5:00:00 PM,3/23/2023 5:00:00 PM,,Assessing,Vehicle Accident,-7699024.153624078,5504692.174783536
