BgName,NumOut,EtrMin,EtrMax,Desc,Status,Cause,x,y
"OXFORD,MECHANIC FALLS,NORWAY",1073,8/24/2024 2:30:00 AM,8/24/2024 2:30:00 AM,,Assessing,Investigating,-7844087.454099151,5488059.06405746
OXFORD,1,8/24/2024 2:30:00 AM,8/24/2024 2:30:00 AM,,Assessing,Investigating,-7844133.8632527,5488493.047462843
NORTH YARMOUTH,1,8/24/2024 6:00:00 AM,8/24/2024 6:00:00 AM,,Repairs in Progress,Vehicle Accident,-7819933.373286568,5436464.32970677
"NEW PORTLAND,ANSON",3,8/24/2024 3:15:00 AM,8/24/2024 3:15:00 AM,,Crew Assigned,Investigating,-7792671.730859222,5602358.659315244
