BgName,NumOut,EtrMin,EtrMax,Desc,Status,Cause,x,y
YORK,83,5/16/2022 11:30:00 AM,5/16/2022 11:30:00 AM,,Assessing,Investigating,-7862069.592822099,5335240.371665276
POLAND,4,5/16/2022 1:15:00 PM,5/16/2022 1:15:00 PM,,Assessing,Investigating,-7839980.8335702345,5473089.265078746
ROCKLAND,1,5/16/2022 1:15:00 PM,5/16/2022 1:15:00 PM,,Assessing,Investigating,-7694046.669591623,5483976.710569291
