BgName,NumOut,EtrMin,EtrMax,Desc,Status,Cause,x,y
LIBERTY,15,2/13/2023 11:45:00 AM,2/13/2023 11:45:00 AM,,Assessing,Investigating,-7716499.699532752,5524641.921576411
ACTON,1,2/13/2023 12:00:00 PM,2/13/2023 12:00:00 PM,,Crew Assigned,Investigating,-7900320.617307378,5405488.516384711
YORK,2,2/13/2023 10:45:00 AM,2/13/2023 10:45:00 AM,,Assessing,Investigating,-7862413.035695293,5332539.860138127
