BgName,NumOut,EtrMin,EtrMax,Desc,Status,Cause,x,y
LEXINGTON,11,2/10/2023 3:30:00 AM,2/10/2023 3:30:00 AM,,Investigating,Investigating,-7798368.540453391,5621278.137937885
BOOTHBAY,381,2/10/2023 4:00:00 AM,2/10/2023 4:00:00 AM,,Assessing,Investigating,-7748480.63155222,5445210.629784308
"PROSPECT,STOCKTON SPRINGS",228,2/10/2023 3:30:00 AM,2/10/2023 3:30:00 AM,,Assessing,Investigating,-7665695.242785896,5549544.610920612
BINGHAM,14,2/10/2023 2:15:00 AM,2/10/2023 2:15:00 AM,,Assessing,Investigating,-7777598.893705324,5618945.755780124
