BgName,NumOut,EtrMin,EtrMax,Desc,Status,Cause,x,y
HOLLIS,45,1/15/2024 5:00:00 PM,1/15/2024 5:00:00 PM,,Repairs in Progress,Investigating,-7864979.283927226,5411838.470768507
"WESTBROOK,GORHAM",1073,1/15/2024 6:45:00 PM,1/15/2024 6:45:00 PM,,Assessing,Tree,-7836796.294681904,5416521.30509524
ACTON,1,Assessing,Assessing,,Assessing,Investigating,-7894897.387777247,5400527.302445451
