BgName,NumOut,EtrMin,EtrMax,Desc,Status,Cause,x,y
WEST BATH,2,12/1/2023 7:30:00 PM,12/1/2023 7:30:00 PM,,Investigating,Investigating,-7778239.32955255,5448933.037312626
STOW,12,12/1/2023 7:00:00 PM,12/1/2023 7:00:00 PM,,Assessing,Investigating,-7896892.734002842,5491104.130847521
"CUMBERLAND,FALMOUTH,YARMOUTH",2219,12/1/2023 7:15:00 PM,12/1/2023 7:15:00 PM,,Assessing,Investigating,-7814434.223766465,5432479.233449595
