BgName,NumOut,EtrMin,EtrMax,Desc,Status,Cause,x,y
HOPE,35,9/6/2022 11:00:00 PM,9/6/2022 11:00:00 PM,,Assessing,Investigating,-7699615.516135292,5505780.825269909
ALFRED,53,9/6/2022 11:15:00 PM,9/6/2022 11:15:00 PM,,Assessing,Investigating,-7872302.2251231475,5385681.980039094
WILTON,8,9/6/2022 11:45:00 PM,9/6/2022 11:45:00 PM,,Assessing,Investigating,-7820320.787384128,5560549.839099383
