BgName,NumOut,EtrMin,EtrMax,Desc,Status,Cause,x,y
MONMOUTH,51,7/13/2023 6:45:00 PM,7/13/2023 6:45:00 PM,,Investigating,Investigating,-7799071.442229201,5504856.747856081
BRIDGTON,63,7/13/2023 6:15:00 PM,7/13/2023 6:15:00 PM,,Assessing,Investigating,-7874545.290562388,5469846.979787817
LIMERICK,6,7/13/2023 7:00:00 PM,7/13/2023 7:00:00 PM,,Assessing,Investigating,-7878846.864935833,5421994.728327218
GREENVILLE,220,7/13/2023 5:15:00 PM,7/13/2023 5:15:00 PM,,Assessing,Investigating,-7742719.335767849,5695735.097604383
