BgName,NumOut,EtrMin,EtrMax,Desc,Status,Cause,x,y
SOUTHPORT,3,6/18/2021 4:30:00 PM,6/18/2021 4:30:00 PM,,Assessing,Investigating,-7755487.458768761,5441605.180566988
AUBURN,205,6/18/2021 5:30:00 PM,6/18/2021 5:30:00 PM,,Assessing,Investigating,-7818052.485793831,5481765.001253777
"PARSONSFIELD,PARSONFIELD,NEWFIELD",178,6/18/2021 4:15:00 PM,6/18/2021 4:15:00 PM,,Assessing,Investigating,-7892769.549130679,5418411.864481298
HARTLAND,24,6/18/2021 5:15:00 PM,6/18/2021 5:15:00 PM,,Assessing,Investigating,-7733429.702023202,5601595.818668594
