BgName,NumOut,EtrMin,EtrMax,Desc,Status,Cause,x,y
PHIPPSBURG,22,1/11/2024 10:00:00 PM,1/11/2024 10:00:00 PM,,Assessing,Tree,-7776148.879461258,5436992.549837866
HARPSWELL,2,1/11/2024 5:00:00 PM,1/11/2024 5:00:00 PM,,Assessing,Tree,-7785981.195721438,5437850.848800231
LEWISTON,7,1/11/2024 6:00:00 PM,1/11/2024 6:00:00 PM,,Assessing,Equipment Interruption,-7816541.969319468,5480769.109509859
ISLESBORO,4,1/12/2024 11:00:00 AM,1/12/2024 11:00:00 AM,,Assessing,Tree,-7670836.600269382,5518557.459989183
ISLESBORO,49,1/13/2024 12:00:00 AM,1/13/2024 12:00:00 AM,,Assessing,Tree,-7669755.431936392,5518190.858033834
