BgName,NumOut,EtrMin,EtrMax,Desc,Status,Cause,x,y
BOOTHBAY,5,6/16/2023 1:00:00 PM,6/16/2023 1:00:00 PM,,Assessing,Investigating,-7756517.575951649,5450516.044332097
FRYEBURG,7,6/16/2023 1:00:00 PM,6/16/2023 1:00:00 PM,,Assessing,Investigating,-7897123.23213805,5484286.722330791
MOOSE RIVER,6,6/16/2023 11:45:00 AM,6/16/2023 11:45:00 AM,,Assessing,System Upgrade,-7820515.106618226,5723598.08293981
LEEDS,2,6/16/2023 12:00:00 PM,6/16/2023 12:00:00 PM,,Assessing,System Upgrade,-7805477.635655638,5509341.733197834
