BgName,NumOut,EtrMin,EtrMax,Desc,Status,Cause,x,y
SEARSPORT,7,6/23/2021 5:15:00 AM,6/23/2021 5:15:00 AM,,Investigating,Investigating,-7676508.2891417155,5542305.31901662
SEARSPORT,18,6/23/2021 5:15:00 AM,6/23/2021 5:15:00 AM,,Investigating,Investigating,-7676083.700328262,5549813.875390898
"SEARSPORT,FRANKFORT,SWANVILLE",287,6/23/2021 5:15:00 AM,6/23/2021 5:15:00 AM,,Assessing,Investigating,-7672841.864998419,5536754.540640769
"SEARSPORT,FRANKFORT",221,6/23/2021 5:15:00 AM,6/23/2021 5:15:00 AM,,Assessing,Investigating,-7676330.395195193,5548471.695062408
BELGRADE,49,6/23/2021 4:30:00 AM,6/23/2021 4:30:00 AM,,Assessing,Investigating,-7767864.5720469365,5543922.610020171
