BgName,NumOut,EtrMin,EtrMax,Desc,Status,Cause,x,y
NEW SHARON,2,5/8/2021 7:15:00 PM,5/8/2021 7:15:00 PM,,Assessing,Investigating,-7790539.194553776,5570770.705810087
TOPSHAM,1,5/8/2021 8:15:00 PM,5/8/2021 8:15:00 PM,,Assessing,Investigating,-7788024.331445828,5454508.123539121
