BgName,NumOut,EtrMin,EtrMax,Desc,Status,Cause,x,y
"YORK,ELIOT",142,4/16/2024 11:00:00 AM,4/16/2024 11:00:00 AM,,Crew Assigned,Investigating,-7875228.001835589,5340307.626791395
MINOT,1,4/16/2024 10:30:00 AM,4/16/2024 10:30:00 AM,,Repairs in Progress,Investigating,-7828637.143676135,5493767.573450838
SOUTH PORTLAND,8,4/16/2024 11:00:00 AM,4/16/2024 11:00:00 AM,,Assessing,Investigating,-7818241.316984241,5409750.826753597
