BgName,NumOut,EtrMin,EtrMax,Desc,Status,Cause,x,y
DURHAM,4,10/5/2021 9:30:00 AM,10/5/2021 9:30:00 AM,,Assessing,Investigating,-7802468.180067396,5465219.636703645
 ,1,10/5/2021 9:15:00 AM,10/5/2021 9:15:00 AM,,Crew Assigned,Investigating,-7899221.693597816,5452599.35756235
RAYMOND,2,10/5/2021 9:15:00 AM,10/5/2021 9:15:00 AM,,Assessing,Investigating,-7842110.97659649,5454666.866587076
WATERVILLE,44,10/5/2021 9:15:00 AM,10/5/2021 9:15:00 AM,,Assessing,Investigating,-7750953.048543111,5553705.598883328
