BgName,NumOut,EtrMin,EtrMax,Desc,Status,Cause,x,y
FRYEBURG,52,10/8/2023 8:00:00 PM,10/8/2023 8:00:00 PM,,Assessing,Investigating,-7900692.513533179,5469194.486345878
POLAND,66,10/8/2023 6:45:00 PM,10/8/2023 6:45:00 PM,,Assessing,Investigating,-7834143.172697615,5471451.231744208
CASCO,42,10/8/2023 8:00:00 PM,10/8/2023 8:00:00 PM,,Assessing,Investigating,-7855102.862793066,5455680.768445032
BIDDEFORD,6,10/8/2023 7:45:00 PM,10/8/2023 7:45:00 PM,,Assessing,Investigating,-7834943.303818538,5379586.243006506
LEEDS,5,Assessing,Assessing,,Assessing,Investigating,-7808142.101138606,5512081.063852841
