BgName,NumOut,EtrMin,EtrMax,Desc,Status,Cause,x,y
WATERVILLE,29,7/5/2022 7:15:00 PM,7/5/2022 7:15:00 PM,,Assessing,Investigating,-7754297.898694717,5550317.01698703
LYMAN,1,7/5/2022 6:45:00 PM,7/5/2022 6:45:00 PM,,Crew Assigned,Investigating,-7860569.718461241,5382986.168018804
