BgName,NumOut,EtrMin,EtrMax,Desc,Status,Cause,x,y
WESTPORT,13,3/11/2021 3:45:00 PM,3/11/2021 3:45:00 PM,,Assessing,Investigating,-7761186.7161030965,5446451.013048
BALDWIN,20,3/11/2021 4:30:00 PM,3/11/2021 4:30:00 PM,,Assessing,Investigating,-7869077.455297584,5441544.597736577
