BgName,NumOut,EtrMin,EtrMax,Desc,Status,Cause,x,y
"AUGUSTA,SIDNEY",169,6/24/2021 9:15:00 AM,6/24/2021 9:15:00 AM,,Assessing,Investigating,-7764645.635351372,5521698.235692876
EDGECOMB,21,6/24/2021 8:15:00 AM,6/24/2021 8:15:00 AM,,Assessing,Investigating,-7749174.485899731,5465934.541041975
FREEPORT,6,6/24/2021 9:15:00 AM,6/24/2021 9:15:00 AM,,Assessing,Investigating,-7802590.987746628,5445508.001411082
PARIS,75,6/24/2021 9:30:00 AM,6/24/2021 9:30:00 AM,,Assessing,Investigating,-7850380.645523493,5502350.6858251095
LEWISTON,22,6/24/2021 9:30:00 AM,6/24/2021 9:30:00 AM,,Assessing,Investigating,-7809855.552992557,5481092.483790377
DAYTON,10,6/24/2021 9:15:00 AM,6/24/2021 9:15:00 AM,,Crew Assigned,Investigating,-7854517.856597542,5394747.478572693
