BgName,NumOut,EtrMin,EtrMax,Desc,Status,Cause,x,y
ROCKLAND,52,8/11/2023 9:15:00 PM,8/11/2023 9:15:00 PM,,Assessing,Investigating,-7694737.4738246305,5485377.212625274
"DEXTER,CORINNA",20,8/11/2023 8:00:00 PM,8/11/2023 8:00:00 PM,,Assessing,Tree,-7716500.80156644,5622188.933323791
"MONTVILLE,FREEDOM",49,8/11/2023 9:15:00 PM,8/11/2023 9:15:00 PM,,Assessing,Tree,-7712180.236133116,5544296.58606779
