BgName,NumOut,EtrMin,EtrMax,Desc,Status,Cause,x,y
LITCHFIELD,1,5/3/2022 8:00:00 AM,5/3/2022 8:00:00 AM,,Assessing,Investigating,-7789718.703140164,5488026.330628047
NEWPORT,1,5/3/2022 6:30:00 AM,5/3/2022 6:30:00 AM,,Assessing,Investigating,-7708051.140143648,5593766.367191155
