BgName,NumOut,EtrMin,EtrMax,Desc,Status,Cause,x,y
GLENBURN,16,8/5/2023 8:45:00 AM,8/5/2023 8:45:00 AM,,Assessing,Investigating,-7670904.193437753,5599807.453864429
"SO PORTLAND,SOUTH PORTLAND",209,8/5/2023 9:15:00 AM,8/5/2023 9:15:00 AM,,Assessing,Investigating,-7824348.871994619,5409153.5955964355
"ANSON,STARKS,INDUSTRY,NEW SHARON,SKOWHEGAN",409,8/5/2023 9:00:00 AM,8/5/2023 9:00:00 AM,,Assessing,Investigating,-7779929.690156598,5589298.729512481
SIDNEY,2,8/5/2023 9:00:00 AM,8/5/2023 9:00:00 AM,,Assessing,Investigating,-7765201.909982836,5541249.391929915
OAKLAND,72,8/5/2023 9:00:00 AM,8/5/2023 9:00:00 AM,,Assessing,Investigating,-7761143.602038292,5552156.558217479
