BgName,NumOut,EtrMin,EtrMax,Desc,Status,Cause,x,y
HARPSWELL,47,1/19/2022 2:30:00 AM,1/19/2022 2:30:00 AM,,Assessing,Equipment Interruption,-7780045.929883216,5442452.224116209
SIDNEY,15,1/18/2022 10:45:00 PM,1/18/2022 10:45:00 PM,,Assessing,Investigating,-7770387.850876009,5526314.466492779
