BgName,NumOut,EtrMin,EtrMax,Desc,Status,Cause,x,y
CORNISH,1,5/8/2021 4:15:00 PM,5/8/2021 4:15:00 PM,,Assessing,Investigating,-7884731.469260127,5429094.435806753
SCARBOROUGH,1,5/8/2021 4:45:00 PM,5/8/2021 4:45:00 PM,,Assessing,Investigating,-7823409.001540033,5397702.980077481
