BgName,NumOut,EtrMin,EtrMax,Desc,Status,Cause,x,y
FREEPORT,29,7/5/2022 9:15:00 AM,7/5/2022 9:15:00 AM,,Assessing,Investigating,-7802458.617662595,5447554.826551723
NEW GLOUCESTER,6,7/5/2022 8:15:00 AM,7/5/2022 8:15:00 AM,,Assessing,Investigating,-7828639.303293756,5455335.781100232
LEWISTON,88,7/5/2022 8:15:00 AM,7/5/2022 8:15:00 AM,,Assessing,Investigating,-7813423.420605005,5478190.584006462
PORTLAND,103,7/5/2022 8:30:00 AM,7/5/2022 8:30:00 AM,,Assessing,Investigating,-7825866.668718984,5418438.130685948
OGUNQUIT,56,7/5/2022 8:45:00 AM,7/5/2022 8:45:00 AM,,Crew Assigned,Investigating,-7858569.173615966,5348480.232190391
OGUNQUIT,63,7/5/2022 8:30:00 AM,7/5/2022 8:30:00 AM,,Crew Assigned,Investigating,-7859146.576700051,5350264.10253017
BROOKS,35,7/5/2022 8:15:00 AM,7/5/2022 8:15:00 AM,,Assessing,Investigating,-7694375.128891189,5551082.584222136
FAIRFIELD,5,7/5/2022 9:00:00 AM,7/5/2022 9:00:00 AM,,Assessing,Investigating,-7754767.833871957,5559819.499159548
SEARSPORT,23,7/5/2022 8:30:00 AM,7/5/2022 8:30:00 AM,,Crew Assigned,Investigating,-7672683.4685787475,5537846.8684267765
