BgName,NumOut,EtrMin,EtrMax,Desc,Status,Cause,x,y
BATH,42,4/25/2022 5:45:00 PM,4/25/2022 5:45:00 PM,,Assessing,Investigating,-7773143.475809034,5453321.67246159
LIMERICK,1,4/25/2022 7:00:00 PM,4/25/2022 7:00:00 PM,,Crew Assigned,Investigating,-7877611.3298943,5413113.687679527
NORTH BERWICK,2,4/25/2022 6:15:00 PM,4/25/2022 6:15:00 PM,,Crew Assigned,Investigating,-7873917.938461992,5362177.618366629
