BgName,NumOut,EtrMin,EtrMax,Desc,Status,Cause,x,y
FREEPORT,353,5/2/2022 3:15:00 PM,5/2/2022 3:15:00 PM,,Assessing,Investigating,-7799340.247047504,5442385.337561559
WESTPORT,7,5/2/2022 2:15:00 PM,5/2/2022 2:15:00 PM,,Assessing,Investigating,-7759081.1747175865,5453565.707457824
SKOWHEGAN,3,5/2/2022 3:00:00 PM,5/2/2022 3:00:00 PM,,Assessing,Investigating,-7751339.160182608,5586489.184190943
OGUNQUIT,1,5/2/2022 2:00:00 PM,5/2/2022 2:00:00 PM,,Crew Assigned,Investigating,-7858069.616277675,5348842.5902055595
