BgName,NumOut,EtrMin,EtrMax,Desc,Status,Cause,x,y
HARPSWELL,1494,9/11/2024 2:30:00 PM,9/11/2024 2:30:00 PM,,Repairs in Progress,Investigating,-7788432.873895892,5438009.227475137
RAYMOND,46,9/11/2024 12:30:00 PM,9/11/2024 12:30:00 PM,,Crew Assigned,Investigating,-7849538.6360210795,5444426.666567879
