BgName,NumOut,EtrMin,EtrMax,Desc,Status,Cause,x,y
"SO THOMASTON,SOUTH THOMASTON",91,4/29/2022 10:15:00 PM,4/29/2022 10:15:00 PM,,Assessing,Investigating,-7695467.774172257,5468489.761948152
LEBANON,70,4/30/2022 12:15:00 AM,4/30/2022 12:15:00 AM,,Assessing,Tree,-7898181.813685868,5370304.18830349
JAY,2,5/1/2022 12:00:00 AM,5/1/2022 12:00:00 AM,,Assessing,Investigating,-7812388.817199938,5541780.539613493
