BgName,NumOut,EtrMin,EtrMax,Desc,Status,Cause,x,y
HERMON,77,6/1/2024 9:45:00 AM,6/1/2024 9:45:00 AM,,Repairs in Progress,Investigating,-7671369.564605731,5594761.0866393
MINOT,1,6/1/2024 9:45:00 AM,6/1/2024 9:45:00 AM,,Crew Assigned,Investigating,-7835327.389389914,5484958.559372578
OXFORD,4,6/1/2024 10:15:00 AM,6/1/2024 10:15:00 AM,,Assessing,Investigating,-7844417.4273935845,5484108.237813623
WINDHAM,16,6/1/2024 9:45:00 AM,6/1/2024 9:45:00 AM,,Crew Assigned,Investigating,-7843199.792490678,5441629.398402615
FAIRFIELD,46,6/1/2024 9:30:00 AM,6/1/2024 9:30:00 AM,,Crew Assigned,Investigating,-7757220.770054708,5561002.2204653965
SEARSPORT,31,6/1/2024 9:30:00 AM,6/1/2024 9:30:00 AM,,Assessing,Investigating,-7676754.856465865,5536735.715843266
FREEPORT,4,6/1/2024 9:30:00 AM,6/1/2024 9:30:00 AM,,Crew Assigned,Investigating,-7804711.657367705,5439271.587110282
