BgName,NumOut,EtrMin,EtrMax,Desc,Status,Cause,x,y
HERMON,23,9/8/2023 12:00:00 PM,9/8/2023 12:00:00 PM,,Assessing,Investigating,-7670434.436359887,5592455.440124458
STOW,40,9/8/2023 11:00:00 AM,9/8/2023 11:00:00 AM,,Assessing,Investigating,-7899246.617999873,5490076.561884884
"PARSONSFIELD,NEWFIELD",21,9/8/2023 11:30:00 AM,9/8/2023 11:30:00 AM,,Repairs in Progress,Investigating,-7891891.550039082,5416713.183704975
SANFORD,60,9/8/2023 11:45:00 AM,9/8/2023 11:45:00 AM,,Assessing,Investigating,-7873891.622502128,5368377.591075979
WESTBROOK,207,9/8/2023 12:00:00 PM,9/8/2023 12:00:00 PM,,Assessing,Investigating,-7835341.538128972,5412417.334827684
