BgName,NumOut,EtrMin,EtrMax,Desc,Status,Cause,x,y
DAMARISCOTTA,3,6/15/2024 4:30:00 PM,6/15/2024 4:30:00 PM,,Assessing,Investigating,-7740868.972045482,5468537.4106719075
NEWRY,103,6/15/2024 4:45:00 PM,6/15/2024 4:45:00 PM,,Assessing,Investigating,-7884691.249535443,5538202.390930663
WEST PARIS,4,6/15/2024 5:15:00 PM,6/15/2024 5:15:00 PM,,Assessing,Investigating,-7855830.17980094,5513900.906053624
"EAST MOXIE,THE FORKS,MOXIE GORE",89,6/15/2024 5:30:00 PM,6/15/2024 5:30:00 PM,,Repairs in Progress,Investigating,-7786716.004616243,5675923.889335601
