BgName,NumOut,EtrMin,EtrMax,Desc,Status,Cause,x,y
WEST GARDINER,19,9/10/2022 1:15:00 AM,9/10/2022 1:15:00 AM,,Assessing,Investigating,-7776123.609972878,5500529.647045744
WEST GARDINER,22,9/10/2022 5:00:00 AM,9/10/2022 5:00:00 AM,,Assessing,Investigating,-7771240.7029162925,5497924.647698534
WEST GARDINER,4,9/10/2022 5:00:00 AM,9/10/2022 5:00:00 AM,,Assessing,Investigating,-7771243.263282539,5497926.247297046
"WEST GARDINER,LITCHFIELD,BOWDOIN",541,9/10/2022 5:00:00 AM,9/10/2022 5:00:00 AM,,Assessing,Vehicle Accident,-7771288.1806661,5497915.71785738
