BgName,NumOut,EtrMin,EtrMax,Desc,Status,Cause,x,y
MERCER; NEW SHARON,36,6/21/2021 6:45:00 PM,6/21/2021 6:45:00 PM,,Investigating,Investigating,-7787325.695445413,5571097.7210613135
SWEDEN,5,6/21/2021 6:00:00 PM,6/21/2021 6:00:00 PM,,Assessing,Investigating,-7883086.1894225385,5488454.246487688
GREENVILLE,5,6/21/2021 7:45:00 PM,6/21/2021 7:45:00 PM,,Assessing,Investigating,-7740615.586688765,5697229.097982065
GREENVILLE,5,6/21/2021 7:00:00 PM,6/21/2021 7:00:00 PM,,Assessing,Investigating,-7739992.07508769,5693594.678548427
SANGERVILLE,11,6/21/2021 7:15:00 PM,6/21/2021 7:15:00 PM,,Assessing,Investigating,-7718719.4658894185,5639176.397640233
TROY,12,6/21/2021 7:30:00 PM,6/21/2021 7:30:00 PM,,Assessing,Investigating,-7707361.204282759,5566346.684078969
"MERCER,NEW SHARON",141,6/21/2021 6:45:00 PM,6/21/2021 6:45:00 PM,,Assessing,Investigating,-7784678.512810037,5570749.430837556
SOLON,12,6/21/2021 6:00:00 PM,6/21/2021 6:00:00 PM,,Assessing,Investigating,-7765198.837543337,5610899.876774335
VASSALBORO,3,6/21/2021 7:30:00 PM,6/21/2021 7:30:00 PM,,Assessing,Investigating,-7751515.824252321,5532292.429666664
