BgName,NumOut,EtrMin,EtrMax,Desc,Status,Cause,x,y
SACO,18,6/20/2024 8:15:00 AM,6/20/2024 8:15:00 AM,,Investigating,Investigating,-7843437.915161313,5388557.336686921
AUBURN,6,Assessing,Assessing,,Assessing,Investigating,-7825658.312070453,5479248.43758593
SABATTUS,7,6/20/2024 8:30:00 AM,6/20/2024 8:30:00 AM,,Crew Assigned,Investigating,-7804457.392526434,5483568.634109408
WALES,31,6/20/2024 8:30:00 AM,6/20/2024 8:30:00 AM,,Crew Assigned,Investigating,-7801764.050917578,5489438.623689602
LIVERMORE,24,Assessing,Assessing,,Assessing,Investigating,-7820313.1619476965,5525832.635238169
LEEDS,117,Assessing,Assessing,,Assessing,Investigating,-7811100.728225974,5517674.903958848
SACO,38,6/20/2024 8:15:00 AM,6/20/2024 8:15:00 AM,,Crew Assigned,Investigating,-7843265.370803479,5388356.722943499
YORK,6,6/20/2024 8:15:00 AM,6/20/2024 8:15:00 AM,,Assessing,Investigating,-7861950.336218186,5333465.492599886
