BgName,NumOut,EtrMin,EtrMax,Desc,Status,Cause,x,y
"BOOTHBAY HBR,BOOTHBAY HARBOR",486,5/14/2022 7:30:00 PM,5/14/2022 7:30:00 PM,,Assessing,Investigating,-7748981.747335138,5444710.131989544
"MONSON,ABBOT",42,5/14/2022 9:15:00 PM,5/14/2022 9:15:00 PM,,Assessing,Investigating,-7735183.395926828,5664807.512788243
STANDISH,4,5/14/2022 8:00:00 PM,5/14/2022 8:00:00 PM,,Crew Assigned,Investigating,-7865331.676819673,5421908.906749754
