BgName,NumOut,EtrMin,EtrMax,Desc,Status,Cause,x,y
BATH,42,11/5/2024 2:00:00 PM,11/5/2024 2:00:00 PM,,Assessing,Investigating,-7773143.475809034,5453321.67246159
CUSHING,1,11/5/2024 2:45:00 PM,11/5/2024 2:45:00 PM,,Crew Assigned,Investigating,-7704038.796154269,5471164.927294814
AUBURN,12,11/5/2024 2:45:00 PM,11/5/2024 2:45:00 PM,,Crew Assigned,Investigating,-7819739.911111919,5477593.560214851
HEBRON,13,11/5/2024 2:15:00 PM,11/5/2024 2:15:00 PM,,Crew Assigned,Investigating,-7837505.255040101,5497830.038362146
