BgName,NumOut,EtrMin,EtrMax,Desc,Status,Cause,x,y
"JEFFERSON,NOBLEBORO",36,9/13/2023 2:30:00 PM,9/13/2023 2:30:00 PM,,Assessing,Investigating,-7734311.608388863,5491286.010747584
SCARBOROUGH,96,9/13/2023 3:45:00 PM,9/13/2023 3:45:00 PM,,Assessing,Investigating,-7833153.642550608,5397221.042749419
SEBAGO,9,9/13/2023 3:45:00 PM,9/13/2023 3:45:00 PM,,Assessing,Tree,-7861076.89012352,5450090.975199361
