BgName,NumOut,EtrMin,EtrMax,Desc,Status,Cause,x,y
AUBURN,6,6/20/2024 11:00:00 AM,6/20/2024 11:00:00 AM,,Assessing,Investigating,-7825658.312070453,5479248.43758593
WALES,31,6/20/2024 12:00:00 PM,6/20/2024 12:00:00 PM,,Crew Assigned,Investigating,-7801764.050917578,5489438.623689602
LEEDS,117,6/20/2024 12:00:00 PM,6/20/2024 12:00:00 PM,,Assessing,Investigating,-7811100.728225974,5517674.903958848
PORTLAND,30,6/20/2024 9:30:00 AM,6/20/2024 9:30:00 AM,,Assessing,Animal,-7821210.252311358,5413102.270204357
YORK,14,6/20/2024 10:15:00 AM,6/20/2024 10:15:00 AM,,Assessing,Investigating,-7864888.024164868,5330808.1994791245
MONSON,7,6/20/2024 9:45:00 AM,6/20/2024 9:45:00 AM,,Assessing,Investigating,-7736259.4435273325,5671901.944858629
SOUTH PORTLAND,29,6/20/2024 9:45:00 AM,6/20/2024 9:45:00 AM,,Assessing,Investigating,-7822133.380323324,5408316.26331001
NEWPORT,8930,6/20/2024 10:00:00 AM,6/20/2024 10:00:00 AM,,Assessing,Investigating,-7710495.014882408,5599676.788038206
