BgName,NumOut,EtrMin,EtrMax,Desc,Status,Cause,x,y
NEWCASTLE,3,8/17/2021 10:45:00 AM,8/17/2021 10:45:00 AM,,Assessing,Investigating,-7742463.167395636,5465391.981882304
OWLS HEAD,6,8/17/2021 11:30:00 AM,8/17/2021 11:30:00 AM,,Assessing,Investigating,-7687426.76662427,5477796.804586479
"LYMAN,ALFRED,SHAPLEIGH,WATERBORO,HOLLIS",2083,8/17/2021 10:30:00 AM,8/17/2021 10:30:00 AM,,Assessing,Investigating,-7869799.306486649,5400261.44844823
YORK,8,8/17/2021 11:15:00 AM,8/17/2021 11:15:00 AM,,Assessing,Investigating,-7871719.378445134,5336093.052573031
