BgName,NumOut,EtrMin,EtrMax,Desc,Status,Cause,x,y
ARUNDEL,29,6/21/2021 4:15:00 PM,6/21/2021 4:15:00 PM,,Crew Assigned,Investigating,-7853649.397585755,5384572.635274861
CHESTERVILLE,87,6/21/2021 4:15:00 PM,6/21/2021 4:15:00 PM,,Assessing,Investigating,-7807157.636061779,5552830.379729897
