BgName,NumOut,EtrMin,EtrMax,Desc,Status,Cause,x,y
MINOT,13,6/19/2024 11:00:00 AM,6/19/2024 11:00:00 AM,,Crew Assigned,Investigating,-7827660.515572546,5492496.736929728
"RUMFORD,CANTON,PERU,HARTFORD,MEXICO",482,6/19/2024 10:45:00 AM,6/19/2024 10:45:00 AM,,Repairs in Progress,Vehicle Accident,-7850621.084487143,5547782.081483248
"PERU,CANTON,HARTFORD",1001,6/19/2024 10:45:00 AM,6/19/2024 10:45:00 AM,,Repairs in Progress,Investigating,-7843824.884861378,5547227.286658846
