BgName,NumOut,EtrMin,EtrMax,Desc,Status,Cause,x,y
"MT VERNON,BELGRADE",132,10/7/2023 3:30:00 AM,10/7/2023 3:30:00 AM,,Assessing,Investigating,-7781320.961139483,5532738.2322275685
OXFORD,4,10/7/2023 4:00:00 AM,10/7/2023 4:00:00 AM,,Assessing,Vehicle Accident,-7846265.197312271,5487191.903327193
