BgName,NumOut,EtrMin,EtrMax,Desc,Status,Cause,x,y
CASCO,42,3/21/2022 10:15:00 PM,3/21/2022 10:15:00 PM,,Assessing,Investigating,-7847417.008928142,5470778.881875125
LIMERICK,1,3/21/2022 9:45:00 PM,3/21/2022 9:45:00 PM,,Assessing,Investigating,-7882695.947859728,5420652.787501069
DIXMONT,6,3/21/2022 11:00:00 PM,3/21/2022 11:00:00 PM,,Assessing,Vehicle Accident,-7695836.5756335715,5572158.632274335
JEFFERSON,1,3/23/2022 12:00:00 AM,3/23/2022 12:00:00 AM,,Assessing,Tree,-7735664.073429751,5490784.81001476
