BgName,NumOut,EtrMin,EtrMax,Desc,Status,Cause,x,y
SCARBOROUGH,61,7/11/2024 10:45:00 PM,7/11/2024 10:45:00 PM,,Crew Assigned,Investigating,-7834857.23156343,5398932.384910347
"DIXMONT,NEWBURGH",22,7/11/2024 9:45:00 PM,7/11/2024 9:45:00 PM,,Assessing,Investigating,-7692273.528217179,5576976.260121869
SKOWHEGAN,59,7/11/2024 11:00:00 PM,7/11/2024 11:00:00 PM,,Assessing,Investigating,-7759406.88443909,5584010.066343259
