BgName,NumOut,EtrMin,EtrMax,Desc,Status,Cause,x,y
FRYEBURG,115,8/12/2021 3:30:00 PM,8/12/2021 3:30:00 PM,,Assessing,Vehicle Accident,-7900483.956460281,5477271.905331265
BALDWIN,62,8/12/2021 3:45:00 PM,8/12/2021 3:45:00 PM,,Assessing,Investigating,-7874536.373880453,5435562.784448093
CORNISH,8,8/12/2021 2:30:00 PM,8/12/2021 2:30:00 PM,,Assessing,Investigating,-7879521.394249591,5434223.386834078
ACTON,1,8/12/2021 3:00:00 PM,8/12/2021 3:00:00 PM,,Crew Assigned,Investigating,-7897592.443805341,5392483.546171957
