BgName,NumOut,EtrMin,EtrMax,Desc,Status,Cause,x,y
HERMON,2,4/18/2021 11:00:00 AM,4/18/2021 11:00:00 AM,,Assessing,Investigating,-7670116.4745118795,5592769.9523182055
NOBLEBORO,1,4/18/2021 11:30:00 AM,4/18/2021 11:30:00 AM,,Assessing,Investigating,-7737537.324473738,5480438.554439608
