BgName,NumOut,EtrMin,EtrMax,Desc,Status,Cause,x,y
DAMARISCOTTA,88,9/21/2024 9:15:00 AM,9/21/2024 9:15:00 AM,,Assessing,Investigating,-7736754.9933793675,5473776.607463816
"DAMARISCOTTA,NOBLEBORO",69,9/21/2024 9:15:00 AM,9/21/2024 9:15:00 AM,,Assessing,Investigating,-7735108.121659724,5472399.201867383
NEWCASTLE,2,9/21/2024 9:15:00 AM,9/21/2024 9:15:00 AM,,Crew Assigned,Investigating,-7742462.733209585,5465393.049605328
VASSALBORO,40,9/21/2024 9:00:00 AM,9/21/2024 9:00:00 AM,,Crew Assigned,Investigating,-7755400.1063805865,5530225.408242163
RICHMOND,4,9/21/2024 9:00:00 AM,9/21/2024 9:00:00 AM,,Crew Assigned,Investigating,-7773228.857891515,5484799.35354827
WISCASSET,108,9/21/2024 9:15:00 AM,9/21/2024 9:15:00 AM,,Crew Assigned,Investigating,-7758156.900122056,5463633.2607318945
HOLLIS,1,9/21/2024 9:00:00 AM,9/21/2024 9:00:00 AM,,Repairs in Progress,Investigating,-7857729.223518988,5404185.803776681
WINDHAM,42,9/21/2024 9:30:00 AM,9/21/2024 9:30:00 AM,,Assessing,Investigating,-7839414.284136456,5437592.172007894
SEARSMONT,27,9/21/2024 9:00:00 AM,9/21/2024 9:00:00 AM,,Repairs in Progress,Investigating,-7699529.633192111,5518896.929735447
