BgName,NumOut,EtrMin,EtrMax,Desc,Status,Cause,x,y
UNION,69,6/1/2023 5:30:00 PM,6/1/2023 5:30:00 PM,,Assessing,Investigating,-7714035.130527424,5498952.011235056
DENMARK,90,6/1/2023 5:45:00 PM,6/1/2023 5:45:00 PM,,Crew Assigned,Investigating,-7881237.495469426,5461027.403174345
GRAY,43,6/1/2023 6:00:00 PM,6/1/2023 6:00:00 PM,,Crew Assigned,Vehicle Accident,-7825208.982060031,5448647.65084401
"MECHANIC FALLS,POLAND,MINOT,AUBURN",1761,6/1/2023 6:45:00 PM,6/1/2023 6:45:00 PM,,Assessing,Investigating,-7835678.290712603,5483143.349684702
"MECHANIC FALLS,TURNER,HEBRON,BUCKFIELD,MINOT,OXFORD",2184,6/1/2023 6:45:00 PM,6/1/2023 6:45:00 PM,,Assessing,Investigating,-7835694.086996029,5483115.580051449
"OXFORD,POLAND,CASCO,RAYMOND,MECHANIC FALLS",1698,6/1/2023 6:45:00 PM,6/1/2023 6:45:00 PM,,Assessing,Investigating,-7835693.263173789,5483114.618748152
"OXFORD,MECHANIC FALLS,NORWAY",1058,6/1/2023 6:45:00 PM,6/1/2023 6:45:00 PM,,Assessing,Investigating,-7844087.454099151,5488059.06405746
"OTISFIELD,OXFORD,POLAND",1809,6/1/2023 6:45:00 PM,6/1/2023 6:45:00 PM,,Assessing,Investigating,-7844086.185078521,5488059.079543714
"TROY,BURNHAM,PLYMOUTH",216,6/1/2023 6:00:00 PM,6/1/2023 6:00:00 PM,,Assessing,Investigating,-7713879.828672019,5568060.907544777
