BgName,NumOut,EtrMin,EtrMax,Desc,Status,Cause,x,y
MONMOUTH,6,3/30/2024 11:00:00 PM,3/30/2024 11:00:00 PM,,Repairs in Progress,Tree,-7798158.624058774,5508756.698702884
WATERFORD,56,3/31/2024 12:15:00 AM,3/31/2024 12:15:00 AM,,Assessing,Investigating,-7877459.768426134,5500707.302550263
SMITHFIELD,2,Assessing,Assessing,,Assessing,Investigating,-7768854.269080767,5567946.912133962
