BgName,NumOut,EtrMin,EtrMax,Desc,Status,Cause,x,y
GUILFORD; WILLIMANTIC,9,8/7/2021 8:30:00 PM,8/7/2021 8:30:00 PM,,Investigating,Investigating,-7727580.436159173,5659511.686367881
GREENE,57,8/7/2021 7:00:00 PM,8/7/2021 7:00:00 PM,,Assessing,Investigating,-7809542.043929297,5500806.617620194
LITCHFIELD,3,8/7/2021 7:15:00 PM,8/7/2021 7:15:00 PM,,Assessing,Investigating,-7786784.454944171,5501564.1081577325
LITCHFIELD,93,8/7/2021 7:15:00 PM,8/7/2021 7:15:00 PM,,Assessing,Investigating,-7786576.443281837,5501693.713446648
LEBANON,3,8/7/2021 8:15:00 PM,8/7/2021 8:15:00 PM,,Assessing,Investigating,-7897933.615736291,5377939.204150705
LEBANON,91,8/7/2021 8:15:00 PM,8/7/2021 8:15:00 PM,,Assessing,Investigating,-7897704.241959761,5378310.898714438
BERWICK,6,8/7/2021 7:45:00 PM,8/7/2021 7:45:00 PM,,Assessing,Investigating,-7887532.301000713,5358932.558831998
