BgName,NumOut,EtrMin,EtrMax,Desc,Status,Cause,x,y
BRUNSWICK,8,6/19/2023 12:00:00 PM,6/19/2023 12:00:00 PM,,Assessing,Investigating,-7779136.382874745,5455785.517920117
CAPE ELIZABETH,15,6/19/2023 11:00:00 AM,6/19/2023 11:00:00 AM,,Assessing,System Upgrade,-7816204.036714842,5406656.018901693
FALMOUTH,8,6/19/2023 2:00:00 PM,6/19/2023 2:00:00 PM,,Assessing,Vehicle Accident,-7826432.5168676935,5424564.723679473
ORLAND,2,6/19/2023 12:15:00 PM,6/19/2023 12:15:00 PM,,Crew Assigned,Investigating,-7646227.078004818,5556003.975641337
