BgName,NumOut,EtrMin,EtrMax,Desc,Status,Cause,x,y
ROCKPORT,16,8/6/2023 8:45:00 AM,8/6/2023 8:45:00 AM,,Assessing,Investigating,-7690969.631847348,5495647.927413044
WARREN,25,8/6/2023 8:45:00 AM,8/6/2023 8:45:00 AM,,Assessing,Investigating,-7707311.7450147085,5488365.645923672
ETNA,9,8/6/2023 8:15:00 AM,8/6/2023 8:15:00 AM,,Assessing,Investigating,-7693194.496611523,5591361.338852683
