BgName,NumOut,EtrMin,EtrMax,Desc,Status,Cause,x,y
WINDHAM,18,12/8/2022 4:00:00 AM,12/8/2022 4:00:00 AM,,Assessing,Equipment Interruption,-7841084.25461442,5432152.199033329
WILTON,1,12/8/2022 4:45:00 AM,12/8/2022 4:45:00 AM,,Assessing,Investigating,-7814391.098689336,5567179.969270096
