BgName,NumOut,EtrMin,EtrMax,Desc,Status,Cause,x,y
BOOTHBAY,4,8/16/2023 3:45:00 PM,8/16/2023 3:45:00 PM,,Assessing,Investigating,-7755825.124174265,5445455.978378277
GORHAM,47,8/16/2023 3:00:00 PM,8/16/2023 3:00:00 PM,,Assessing,Investigating,-7843100.718180191,5419423.570003798
PORTLAND,137,8/16/2023 4:15:00 PM,8/16/2023 4:15:00 PM,,Assessing,Investigating,-7819978.235007814,5413678.320505948
