BgName,NumOut,EtrMin,EtrMax,Desc,Status,Cause,x,y
BOOTHBAY,21,6/4/2024 9:00:00 AM,6/4/2024 9:00:00 AM,,Crew Assigned,Investigating,-7747249.3711960595,5447604.127575709
ST GEORGE,26,6/4/2024 9:00:00 AM,6/4/2024 9:00:00 AM,,Crew Assigned,Investigating,-7707209.665039472,5456126.750090886
CASCO,15,6/4/2024 9:15:00 AM,6/4/2024 9:15:00 AM,,Assessing,Investigating,-7849205.278638264,5454965.71875377
NORTH YARMOUTH,25,6/4/2024 8:15:00 AM,6/4/2024 8:15:00 AM,,Repairs in Progress,Investigating,-7820996.619155946,5439856.357584872
SCARBOROUGH,11,6/4/2024 9:15:00 AM,6/4/2024 9:15:00 AM,,Crew Assigned,Investigating,-7825119.692703485,5401519.101877624
