BgName,NumOut,EtrMin,EtrMax,Desc,Status,Cause,x,y
WINDSOR,7,8/27/2023 11:00:00 AM,8/27/2023 11:00:00 AM,,Assessing,Investigating,-7740429.716513116,5511700.630380417
LOVELL,570,8/27/2023 9:00:00 AM,8/27/2023 9:00:00 AM,,Assessing,Tree,-7891833.975586338,5490006.8138322495
MEXICO,15,8/27/2023 10:15:00 AM,8/27/2023 10:15:00 AM,,Assessing,Investigating,-7852954.41887956,5553130.052568226
NAPLES,39,8/27/2023 10:15:00 AM,8/27/2023 10:15:00 AM,,Assessing,Investigating,-7856180.825137055,5457945.390149211
SO PORTLAND,10,8/27/2023 9:45:00 AM,8/27/2023 9:45:00 AM,,Assessing,Investigating,-7822228.358147925,5409508.025801839
