BgName,NumOut,EtrMin,EtrMax,Desc,Status,Cause,x,y
GORHAM; BUXTON,75,9/17/2024 11:30:00 AM,9/17/2024 11:30:00 AM,,Investigating,Investigating,-7852195.566669043,5420173.988210416
NORWAY,11,9/17/2024 11:15:00 AM,9/17/2024 11:15:00 AM,,Crew Assigned,Investigating,-7856657.116629982,5496510.982655576
YARMOUTH,26,9/17/2024 10:30:00 AM,9/17/2024 10:30:00 AM,,Assessing,Investigating,-7809838.231701934,5431171.026601014
"GORHAM,BUXTON",50,9/17/2024 11:30:00 AM,9/17/2024 11:30:00 AM,,Assessing,Investigating,-7850780.772252431,5422062.345008274
"YORK,ELIOT",6,9/17/2024 11:30:00 AM,9/17/2024 11:30:00 AM,,Assessing,Investigating,-7875944.609955209,5338403.5782596385
ELIOT,4,9/17/2024 11:00:00 AM,9/17/2024 11:00:00 AM,,Assessing,Investigating,-7884592.063800221,5334266.441044188
LEVANT,5,9/17/2024 10:30:00 AM,9/17/2024 10:30:00 AM,,Crew Assigned,Investigating,-7677917.343632661,5603052.043901599
