BgName,NumOut,EtrMin,EtrMax,Desc,Status,Cause,x,y
PORTLAND,33,9/30/2021 1:00:00 PM,9/30/2021 1:00:00 PM,,Assessing,Investigating,-7823943.735857816,5416424.374441965
STANDISH,4,9/30/2021 1:00:00 PM,9/30/2021 1:00:00 PM,,Assessing,Investigating,-7843881.668929309,5436997.748930031
