BgName,NumOut,EtrMin,EtrMax,Desc,Status,Cause,x,y
SACO,12,9/18/2024 9:15:00 AM,9/18/2024 9:15:00 AM,,Crew Assigned,Investigating,-7846841.84344898,5395877.241191402
WATERVILLE,21,9/18/2024 9:15:00 AM,9/18/2024 9:15:00 AM,,Crew Assigned,Investigating,-7752408.684480482,5549098.905985148
