BgName,NumOut,EtrMin,EtrMax,Desc,Status,Cause,x,y
CUSHING,143,4/15/2022 12:00:00 PM,4/15/2022 12:00:00 PM,,Repairs in Progress,Investigating,-7708518.370392809,5468564.269275772
DAYTON,10,4/15/2022 12:30:00 PM,4/15/2022 12:30:00 PM,,Crew Assigned,Investigating,-7857722.655666485,5401330.919392641
