BgName,NumOut,EtrMin,EtrMax,Desc,Status,Cause,x,y
GARDINER,100,9/9/2021 12:15:00 PM,9/9/2021 12:15:00 PM,,Assessing,Investigating,-7767996.674831729,5501539.995820023
SABATTUS,50,9/9/2021 12:15:00 PM,9/9/2021 12:15:00 PM,,Assessing,Investigating,-7800166.894452553,5476396.855850616
SABATTUS,129,9/9/2021 12:00:00 PM,9/9/2021 12:00:00 PM,,Crew Assigned,Investigating,-7799403.231656742,5482015.808908235
LEEDS,1,9/9/2021 11:00:00 AM,9/9/2021 11:00:00 AM,,Crew Assigned,Investigating,-7802250.839862066,5499019.078260963
NEWFIELD,54,9/9/2021 11:45:00 AM,9/9/2021 11:45:00 AM,,Crew Assigned,Investigating,-7893483.79720831,5412138.922259638
