BgName,NumOut,EtrMin,EtrMax,Desc,Status,Cause,x,y
BRUNSWICK,7,1/9/2023 12:00:00 PM,1/9/2023 12:00:00 PM,,Assessing,Investigating,-7784053.843512952,5443397.439029373
WEST PARIS,4,1/9/2023 11:45:00 PM,1/9/2023 11:45:00 PM,,Assessing,Animal,-7854927.434406653,5518686.357109674
WELLS,2,1/9/2023 2:30:00 PM,1/9/2023 2:30:00 PM,,Assessing,Investigating,-7868108.029456691,5364824.883509923
DENMARK,1,1/9/2023 1:30:00 PM,1/9/2023 1:30:00 PM,,Crew Assigned,Investigating,-7878358.250247485,5459510.122521926
