BgName,NumOut,EtrMin,EtrMax,Desc,Status,Cause,x,y
HERMON,34,10/1/2024 9:00:00 AM,10/1/2024 9:00:00 AM,,Crew Assigned,Investigating,-7673110.768427113,5590476.579695089
HARPSWELL,8,10/1/2024 9:15:00 AM,10/1/2024 9:15:00 AM,,Assessing,Investigating,-7787482.327990484,5437418.850592649
CAMDEN,7,10/1/2024 8:45:00 AM,10/1/2024 8:45:00 AM,,Crew Assigned,Investigating,-7686380.407959574,5500966.770101966
