BgName,NumOut,EtrMin,EtrMax,Desc,Status,Cause,x,y
WARREN,10,8/24/2021 4:00:00 PM,8/24/2021 4:00:00 PM,,Assessing,Investigating,-7710047.8222647365,5477571.029486169
SEBAGO,85,8/24/2021 4:00:00 PM,8/24/2021 4:00:00 PM,,Assessing,Tree,-7871173.8573519075,5453294.873813078
CARMEL,4,8/24/2021 5:15:00 PM,8/24/2021 5:15:00 PM,,Assessing,Investigating,-7680532.873033269,5591177.291257825
