BgName,NumOut,EtrMin,EtrMax,Desc,Status,Cause,x,y
OLD ORCHARD BEACH,19,12/2/2023 4:30:00 PM,12/2/2023 4:30:00 PM,,Assessing,Investigating,-7836874.006778084,5393803.207934053
BELFAST,55,12/2/2023 8:30:00 PM,12/2/2023 8:30:00 PM,,Repairs in Progress,Investigating,-7677312.756316712,5532310.762036947
