BgName,NumOut,EtrMin,EtrMax,Desc,Status,Cause,x,y
FRYEBURG,1,5/22/2022 1:30:00 PM,5/22/2022 1:30:00 PM,,Assessing,Investigating,-7896480.6514897905,5465112.613191929
LINCOLN PLT,3,5/22/2022 2:00:00 PM,5/22/2022 2:00:00 PM,,Assessing,Investigating,-7907306.260509103,5608916.849920757
