BgName,NumOut,EtrMin,EtrMax,Desc,Status,Cause,x,y
JEFFERSON,24,10/7/2024 6:45:00 PM,10/7/2024 6:45:00 PM,,Crew Assigned,Investigating,-7738315.625756861,5485683.921900834
FREEPORT,80,10/7/2024 7:45:00 PM,10/7/2024 7:45:00 PM,,Crew Assigned,Tree,-7804851.118489925,5438189.287375531
PHILLIPS,8,10/7/2024 7:00:00 PM,10/7/2024 7:00:00 PM,,Repairs in Progress,Investigating,-7834590.910825975,5601047.617256664
