BgName,NumOut,EtrMin,EtrMax,Desc,Status,Cause,x,y
AUGUSTA,2,9/3/2021 9:15:00 PM,9/3/2021 9:15:00 PM,,Assessing,Investigating,-7758628.694380477,5512106.775050278
HARTLAND,35,9/3/2021 8:00:00 PM,9/3/2021 8:00:00 PM,,Assessing,Investigating,-7738254.055030423,5605683.5434495825
