BgName,NumOut,EtrMin,EtrMax,Desc,Status,Cause,x,y
BOWDOIN,4,6/17/2024 7:30:00 PM,6/17/2024 7:30:00 PM,,Assessing,Investigating,-7785707.839608105,5472864.658969853
HARTFORD,6,6/17/2024 9:30:00 PM,6/17/2024 9:30:00 PM,,Repairs in Progress,Investigating,-7829576.312845657,5532972.8575126715
