BgName,NumOut,EtrMin,EtrMax,Desc,Status,Cause,x,y
LEWISTON,16,3/1/2021 2:30:00 PM,3/1/2021 2:30:00 PM,,Investigating,Investigating,-7809516.832505927,5484635.449446694
LEWISTON,91,3/1/2021 1:45:00 PM,3/1/2021 1:45:00 PM,,Assessing,Investigating,-7808479.9779808065,5485409.2541347025
