BgName,NumOut,EtrMin,EtrMax,Desc,Status,Cause,x,y
 ,3,9/12/2022 3:45:00 PM,9/12/2022 3:45:00 PM,,Assessing,Investigating,-7763857.738226007,5441091.605323466
SACO,23,9/12/2022 7:30:00 PM,9/12/2022 7:30:00 PM,,Crew Assigned,Investigating,-7835677.3111159755,5385990.206055089
