BgName,NumOut,EtrMin,EtrMax,Desc,Status,Cause,x,y
SANFORD,21,6/22/2022 3:45:00 PM,6/22/2022 3:45:00 PM,,Crew Assigned,Investigating,-7878117.82249639,5377977.787898702
SO PORTLAND,29,6/22/2022 4:00:00 PM,6/22/2022 4:00:00 PM,,Assessing,Investigating,-7821840.342977485,5407342.311176948
NO BERWICK,1,6/22/2022 5:00:00 PM,6/22/2022 5:00:00 PM,,Crew Assigned,Investigating,-7877095.987485131,5369928.924042077
