BgName,NumOut,EtrMin,EtrMax,Desc,Status,Cause,x,y
NOBLEBORO,8,4/3/2024 6:45:00 PM,4/3/2024 6:45:00 PM,,Repairs in Progress,Investigating,-7733775.983574201,5483804.062398763
WINDHAM,362,4/3/2024 8:00:00 PM,4/3/2024 8:00:00 PM,,Assessing,Vehicle Accident,-7837916.803255025,5439771.125666302
WINDHAM,59,4/3/2024 6:15:00 PM,4/3/2024 6:15:00 PM,,Assessing,Investigating,-7838503.568219435,5439894.583203964
OLD ORCHARD BEACH,81,4/3/2024 7:30:00 PM,4/3/2024 7:30:00 PM,,Assessing,Investigating,-7835346.591986602,5389942.68242257
