BgName,NumOut,EtrMin,EtrMax,Desc,Status,Cause,x,y
FREEPORT,1,7/3/2021 8:00:00 AM,7/3/2021 8:00:00 AM,,Assessing,Investigating,-7800025.117938329,5444004.225453882
TOPSHAM,60,7/3/2021 8:30:00 AM,7/3/2021 8:30:00 AM,,Assessing,Investigating,-7790059.396435289,5454192.840644106
SIDNEY,4,7/3/2021 9:00:00 AM,7/3/2021 9:00:00 AM,,Assessing,Investigating,-7770095.2030662475,5530611.789586592
LIVERMORE,42,7/3/2021 9:00:00 AM,7/3/2021 9:00:00 AM,,Assessing,Investigating,-7820036.956044114,5524821.246161131
WATERBORO,11,7/3/2021 8:45:00 AM,7/3/2021 8:45:00 AM,,Crew Assigned,Investigating,-7873367.9422590295,5391510.982784449
