BgName,NumOut,EtrMin,EtrMax,Desc,Status,Cause,x,y
FREEPORT,11,6/28/2023 3:30:00 PM,6/28/2023 3:30:00 PM,,Assessing,Investigating,-7803164.583668716,5448741.846950083
KENNEBUNKPORT,22,6/28/2023 3:30:00 PM,6/28/2023 3:30:00 PM,,Assessing,Investigating,-7843072.198052826,5377740.708510746
"NEW SHARON,INDUSTRY,STARKS",219,6/28/2023 3:15:00 PM,6/28/2023 3:15:00 PM,,Repairs in Progress,Tree,-7794044.6452925475,5564885.818459538
HARMONY,19,6/28/2023 4:15:00 PM,6/28/2023 4:15:00 PM,,Assessing,Investigating,-7746609.729337679,5615526.090407409
