BgName,NumOut,EtrMin,EtrMax,Desc,Status,Cause,x,y
NEWCASTLE,9,7/31/2023 8:30:00 PM,7/31/2023 8:30:00 PM,,Assessing,Investigating,-7742479.7539637685,5474498.158048685
NEWCASTLE,2,7/31/2023 8:30:00 PM,7/31/2023 8:30:00 PM,,Assessing,Tree,-7742671.813468171,5473977.288942643
WARREN,4,7/31/2023 7:30:00 PM,7/31/2023 7:30:00 PM,,Assessing,Investigating,-7712315.500457157,5491998.946458703
PORTLAND,22,7/31/2023 9:15:00 PM,7/31/2023 9:15:00 PM,,Assessing,Investigating,-7827820.526199271,5413175.853703355
JACKSON,23,7/31/2023 8:30:00 PM,7/31/2023 8:30:00 PM,,Crew Assigned,Investigating,-7698132.395429607,5563054.193737116
ETNA,9,7/31/2023 8:45:00 PM,7/31/2023 8:45:00 PM,,Assessing,Investigating,-7693194.496611523,5591361.338852683
