BgName,NumOut,EtrMin,EtrMax,Desc,Status,Cause,x,y
STONEHAM,85,4/26/2021 2:45:00 PM,4/26/2021 2:45:00 PM,,Assessing,Investigating,-7886552.500245441,5505725.366169872
MEXICO,5,4/26/2021 3:45:00 PM,4/26/2021 3:45:00 PM,,Assessing,Investigating,-7851383.8233486395,5552764.946773748
