BgName,NumOut,EtrMin,EtrMax,Desc,Status,Cause,x,y
LEWISTON,11,11/6/2022 8:30:00 AM,11/6/2022 8:30:00 AM,,Assessing,Investigating,-7814108.324833144,5483625.4322174685
WATERVILLE,63,11/6/2022 9:00:00 AM,11/6/2022 9:00:00 AM,,Assessing,Investigating,-7756308.940891439,5550603.923448181
SKOWHEGAN,5,11/6/2022 9:15:00 AM,11/6/2022 9:15:00 AM,,Assessing,Investigating,-7754044.69133727,5586384.648267439
