BgName,NumOut,EtrMin,EtrMax,Desc,Status,Cause,x,y
PHIPPSBURG,9,5/15/2021 5:00:00 PM,5/15/2021 5:00:00 PM,,Assessing,Investigating,-7775760.8085283935,5438401.228470585
STANDISH,39,5/15/2021 4:00:00 PM,5/15/2021 4:00:00 PM,,Assessing,Investigating,-7855246.186639473,5422544.978710864
