BgName,NumOut,EtrMin,EtrMax,Desc,Status,Cause,x,y
LOVELL,13,4/27/2021 12:00:00 PM,4/27/2021 12:00:00 PM,,Assessing,Tree,-7891665.103939994,5493344.0191921685
"WATERFORD,ALBANY",35,4/26/2021 10:00:00 PM,4/26/2021 10:00:00 PM,,Assessing,Investigating,-7878124.011825148,5502178.187866436
FARMINGTON,15,4/26/2021 11:15:00 PM,4/26/2021 11:15:00 PM,,Assessing,Tree,-7810042.024241092,5563739.899132674
