BgName,NumOut,EtrMin,EtrMax,Desc,Status,Cause,x,y
MECHANIC FALLS,2,6/8/2021 6:45:00 PM,6/8/2021 6:45:00 PM,,Assessing,Investigating,-7839407.682946644,5482843.175357306
LIMINGTON,1,6/8/2021 5:15:00 PM,6/8/2021 5:15:00 PM,,Assessing,Investigating,-7869801.6330912085,5415391.033990622
WELLS,5,6/8/2021 5:30:00 PM,6/8/2021 5:30:00 PM,,Assessing,Investigating,-7868407.0893445695,5358998.462192016
CANAAN,2,6/8/2021 6:30:00 PM,6/8/2021 6:30:00 PM,,Assessing,Investigating,-7742477.939532569,5584230.89025259
YORK,2,6/8/2021 5:00:00 PM,6/8/2021 5:00:00 PM,,Assessing,Investigating,-7868095.6062493175,5335304.810617081
