BgName,NumOut,EtrMin,EtrMax,Desc,Status,Cause,x,y
RICHMOND,187,6/2/2024 4:00:00 AM,6/2/2024 4:00:00 AM,,Crew Assigned,Investigating,-7768628.323942489,5479771.202503617
FAIRFIELD,3,6/2/2024 3:15:00 AM,6/2/2024 3:15:00 AM,,Assessing,Investigating,-7757142.122811667,5561450.433338851
