BgName,NumOut,EtrMin,EtrMax,Desc,Status,Cause,x,y
PORTLAND,25,5/3/2023 4:00:00 PM,5/3/2023 4:00:00 PM,,Assessing,Investigating,-7821143.783501673,5416181.73664021
PORTLAND,29,5/3/2023 4:00:00 PM,5/3/2023 4:00:00 PM,,Assessing,Investigating,-7821250.995321838,5416197.17557157
ISLESBORO,8,5/3/2023 4:45:00 PM,5/3/2023 4:45:00 PM,,Assessing,Investigating,-7671032.333286168,5506295.346176015
