BgName,NumOut,EtrMin,EtrMax,Desc,Status,Cause,x,y
DURHAM,94,8/27/2024 5:15:00 AM,8/27/2024 5:15:00 AM,,Crew Assigned,Investigating,-7806689.003242485,5460964.928982641
HARPSWELL,5,8/27/2024 12:00:00 PM,8/27/2024 12:00:00 PM,,Crew Assigned,Tree,-7791539.533801223,5435524.792649137
