BgName,NumOut,EtrMin,EtrMax,Desc,Status,Cause,x,y
STANDISH; PORTLAND,16,2/17/2022 10:30:00 PM,2/17/2022 10:30:00 PM,,Investigating,Investigating,-7856952.321302072,5423441.108707115
SOUTHPORT,50,2/18/2022 1:00:00 AM,2/18/2022 1:00:00 AM,,Assessing,Investigating,-7754222.89162673,5432855.038961824
OWLS HEAD,19,2/18/2022 12:45:00 AM,2/18/2022 12:45:00 AM,,Assessing,Investigating,-7689138.671146038,5478756.604630071
"STANDISH,CUMBERLAND",368,2/18/2022 12:45:00 AM,2/18/2022 12:45:00 AM,,Assessing,Investigating,-7857932.871396202,5424071.585322021
