BgName,NumOut,EtrMin,EtrMax,Desc,Status,Cause,x,y
LITCHFIELD,3,7/13/2023 4:00:00 PM,7/13/2023 4:00:00 PM,,Assessing,Investigating,-7777070.6939027235,5491883.399836178
DALLAS PLT,8,7/13/2023 2:30:00 PM,7/13/2023 2:30:00 PM,,Assessing,Investigating,-7862859.849789228,5615240.990536318
