BgName,NumOut,EtrMin,EtrMax,Desc,Status,Cause,x,y
RICHMOND,4,12/7/2023 2:30:00 PM,12/7/2023 2:30:00 PM,,Assessing,Investigating,-7776459.483071957,5490643.146683095
LITCHFIELD,13,12/7/2023 3:15:00 PM,12/7/2023 3:15:00 PM,,Assessing,Investigating,-7780535.134532004,5492840.88985088
WOODSTOCK,16,12/7/2023 3:00:00 PM,12/7/2023 3:00:00 PM,,Assessing,Investigating,-7865571.180736565,5525608.801883192
PARIS,15,12/7/2023 1:45:00 PM,12/7/2023 1:45:00 PM,,Assessing,Investigating,-7847056.077777387,5510126.305776835
RUMFORD,76,12/7/2023 2:45:00 PM,12/7/2023 2:45:00 PM,,Assessing,Investigating,-7855284.87014441,5555302.131847359
