BgName,NumOut,EtrMin,EtrMax,Desc,Status,Cause,x,y
BOOTHBAY,50,5/9/2024 9:30:00 PM,5/9/2024 9:30:00 PM,,Assessing,Investigating,-7746118.999681692,5440461.521477817
PERU,5,5/9/2024 8:15:00 PM,5/9/2024 8:15:00 PM,,Crew Assigned,Investigating,-7837381.278552432,5535335.675826118
