BgName,NumOut,EtrMin,EtrMax,Desc,Status,Cause,x,y
GARDINER,8,6/28/2021 11:15:00 AM,6/28/2021 11:15:00 AM,,Assessing,Investigating,-7768933.517396693,5500958.023806332
WINTERPORT,2,6/28/2021 12:30:00 PM,6/28/2021 12:30:00 PM,,Assessing,Investigating,-7661519.893617492,5569966.910621619
BROWNFIELD,1,6/28/2021 9:00:00 AM,6/28/2021 9:00:00 AM,,Assessing,Investigating,-7898986.64246567,5448673.509090931
