BgName,NumOut,EtrMin,EtrMax,Desc,Status,Cause,x,y
GORHAM,47,6/10/2023 6:00:00 AM,6/10/2023 6:00:00 AM,,Assessing,Equipment Interruption,-7843100.718180191,5419423.570003798
NEWPORT,25,6/10/2023 6:30:00 AM,6/10/2023 6:30:00 AM,,Assessing,Investigating,-7710134.762791844,5603939.856829582
