BgName,NumOut,EtrMin,EtrMax,Desc,Status,Cause,x,y
BRISTOL,4,3/12/2022 6:15:00 PM,3/12/2022 6:15:00 PM,,Assessing,Investigating,-7740591.75320796,5446809.551438817
BREMEN,27,3/12/2022 5:30:00 PM,3/12/2022 5:30:00 PM,,Assessing,Investigating,-7727637.19229583,5468787.485256009
MT VERNON,15,3/12/2022 6:00:00 PM,3/12/2022 6:00:00 PM,,Assessing,Investigating,-7791798.351539314,5540989.306604561
SWEDEN,107,3/12/2022 5:45:00 PM,3/12/2022 5:45:00 PM,,Assessing,Investigating,-7891156.017634328,5484732.468170474
"CANTON,HARTFORD",365,Assessing,Assessing,,Assessing,Investigating,-7828249.651691386,5537965.057164793
"VIENNA,NEW SHARON",65,Assessing,Assessing,,Assessing,Investigating,-7790679.145424245,5548528.867141715
"WEST FORKS PLACE,EAST MOXIE,THE FORKS PLT,MOXIE GORE,WEST FORKS PLT",242,3/12/2022 5:45:00 PM,3/12/2022 5:45:00 PM,,Assessing,Investigating,-7793533.577568753,5679775.161032038
WEST FORKS PLACE,15,3/12/2022 5:45:00 PM,3/12/2022 5:45:00 PM,,Assessing,Investigating,-7794268.597900252,5681634.940584478
