BgName,NumOut,EtrMin,EtrMax,Desc,Status,Cause,x,y
WISCASSET,6,9/2/2021 11:45:00 PM,9/2/2021 11:45:00 PM,,Assessing,Investigating,-7757585.641916963,5462284.541263916
TURNER,7,9/2/2021 11:00:00 PM,9/2/2021 11:00:00 PM,,Assessing,Investigating,-7814225.59991881,5506497.643279175
BRIDGTON,28,9/2/2021 11:45:00 PM,9/2/2021 11:45:00 PM,,Assessing,Investigating,-7885597.423567982,5478225.265776705
BIDDEFORD,1,9/3/2021 12:00:00 AM,9/3/2021 12:00:00 AM,,Crew Assigned,Investigating,-7833509.720268097,5378672.612744661
