BgName,NumOut,EtrMin,EtrMax,Desc,Status,Cause,x,y
ROCKPORT,2,9/4/2023 11:15:00 AM,9/4/2023 11:15:00 AM,,Assessing,Investigating,-7689693.509769941,5492409.292197679
LEBANON,32,9/4/2023 10:00:00 AM,9/4/2023 10:00:00 AM,,Assessing,Investigating,-7887220.907005204,5372230.496050252
LILY BAY,32,9/4/2023 11:15:00 AM,9/4/2023 11:15:00 AM,,Assessing,Investigating,-7737644.269094782,5716693.90424338
