BgName,NumOut,EtrMin,EtrMax,Desc,Status,Cause,x,y
UNION,4,5/22/2024 10:15:00 AM,5/22/2024 10:15:00 AM,,Assessing,Investigating,-7706467.408907729,5494170.096902206
"POLAND,RAYMOND",114,5/22/2024 9:00:00 AM,5/22/2024 9:00:00 AM,,Repairs in Progress,Investigating,-7840503.556541703,5470089.658119174
CAPE ELIZABETH,6,5/22/2024 10:30:00 AM,5/22/2024 10:30:00 AM,,Assessing,Investigating,-7817034.713931132,5402058.205688825
