BgName,NumOut,EtrMin,EtrMax,Desc,Status,Cause,x,y
HARRISON,4,4/20/2021 10:45:00 PM,4/20/2021 10:45:00 PM,,Assessing,Investigating,-7863448.618596871,5485216.402285162
LOVELL,11,4/20/2021 11:15:00 PM,4/20/2021 11:15:00 PM,,Assessing,Investigating,-7893294.58749415,5492586.091599087
SEBAGO,14,4/20/2021 11:15:00 PM,4/20/2021 11:15:00 PM,,Assessing,Investigating,-7862757.057416487,5448485.984131332
NAPLES,1,4/20/2021 11:45:00 PM,4/20/2021 11:45:00 PM,,Assessing,Investigating,-7860608.680277737,5464368.8066639695
