BgName,NumOut,EtrMin,EtrMax,Desc,Status,Cause,x,y
CAMBRIDGE,1,3/18/2022 3:15:00 PM,3/18/2022 3:15:00 PM,,Assessing,Investigating,-7724538.11337717,5630423.197625963
SOUTHPORT,1,3/18/2022 3:00:00 PM,3/18/2022 3:00:00 PM,,Assessing,Investigating,-7753032.808366995,5437790.830693792
