BgName,NumOut,EtrMin,EtrMax,Desc,Status,Cause,x,y
RICHMOND,12,9/11/2021 9:15:00 AM,9/11/2021 9:15:00 AM,,Investigating,Investigating,-7770094.013935054,5487725.999180513
DAMARISCOTTA,2,9/11/2021 8:00:00 AM,9/11/2021 8:00:00 AM,,Assessing,Investigating,-7738090.560103137,5472916.759835411
TURNER,1,9/11/2021 8:45:00 AM,9/11/2021 8:45:00 AM,,Assessing,Investigating,-7826484.425077256,5503091.180325531
FALMOUTH,60,9/11/2021 9:15:00 AM,9/11/2021 9:15:00 AM,,Assessing,Investigating,-7819231.982502263,5418799.876893241
SACO,1,9/11/2021 9:30:00 AM,9/11/2021 9:30:00 AM,,Assessing,Investigating,-7839447.858121449,5387656.230790968
