BgName,NumOut,EtrMin,EtrMax,Desc,Status,Cause,x,y
NO BERWICK,1,8/31/2022 5:00:00 PM,8/31/2022 5:00:00 PM,,Crew Assigned,Investigating,-7879573.035360148,5374262.258335572
WINDHAM,33,8/31/2022 6:00:00 PM,8/31/2022 6:00:00 PM,,Assessing,Investigating,-7836788.847344847,5428119.722978673
YORK,630,8/31/2022 6:30:00 PM,8/31/2022 6:30:00 PM,,Assessing,Tree,-7867355.209198751,5334924.51586753
BELGRADE,164,8/31/2022 6:00:00 PM,8/31/2022 6:00:00 PM,,Assessing,Investigating,-7769255.64260545,5547907.395175009
MT VERNON,1,8/31/2022 5:15:00 PM,8/31/2022 5:15:00 PM,,Assessing,Investigating,-7788380.843249263,5530554.698661996
