BgName,NumOut,EtrMin,EtrMax,Desc,Status,Cause,x,y
DOVER-FOXCROFT,19,8/7/2024 4:30:00 PM,8/7/2024 4:30:00 PM,,Crew Assigned,Investigating,-7707942.102779847,5650926.481472876
ROME,21,8/7/2024 4:00:00 PM,8/7/2024 4:00:00 PM,,Crew Assigned,Investigating,-7778694.878625014,5554258.835775921
