BgName,NumOut,EtrMin,EtrMax,Desc,Status,Cause,x,y
READFIELD,65,7/21/2021 1:15:00 PM,7/21/2021 1:15:00 PM,,Assessing,Investigating,-7788216.201638307,5523367.9825161
WATERBORO,3,7/21/2021 2:45:00 PM,7/21/2021 2:45:00 PM,,Crew Assigned,Investigating,-7873030.633052273,5410394.537838718
OAKLAND,19,7/21/2021 1:15:00 PM,7/21/2021 1:15:00 PM,,Assessing,Investigating,-7762693.247316082,5548531.45944627
BUXTON,1,7/21/2021 2:00:00 PM,7/21/2021 2:00:00 PM,,Assessing,Equipment Interruption,-7853699.558138874,5414762.39573537
