BgName,NumOut,EtrMin,EtrMax,Desc,Status,Cause,x,y
WOOLWICH,2,7/4/2021 10:15:00 AM,7/4/2021 10:15:00 AM,,Assessing,Investigating,-7766191.061606098,5459084.498114884
SHAPLEIGH,51,7/4/2021 11:00:00 AM,7/4/2021 11:00:00 AM,,Assessing,Investigating,-7888110.739343735,5392910.115942171
ST ALBANS,65,7/4/2021 10:00:00 AM,7/4/2021 10:00:00 AM,,Assessing,Investigating,-7726577.787025877,5607731.958332001
ALBION,6,7/4/2021 10:45:00 AM,7/4/2021 10:45:00 AM,,Assessing,Investigating,-7722894.614633458,5547657.30048365
NOBLEBORO,1,7/4/2021 11:00:00 AM,7/4/2021 11:00:00 AM,,Assessing,Investigating,-7732008.764429505,5478603.488632718
GEORGETOWN,2,7/4/2021 11:00:00 AM,7/4/2021 11:00:00 AM,,Assessing,Investigating,-7764495.309466402,5428619.659175901
