BgName,NumOut,EtrMin,EtrMax,Desc,Status,Cause,x,y
BRIDGTON,65,2/21/2023 2:00:00 PM,2/21/2023 2:00:00 PM,,Assessing,Investigating,-7874722.388718048,5483930.144452791
SCARBOROUGH,11,2/21/2023 2:00:00 PM,2/21/2023 2:00:00 PM,,Assessing,Investigating,-7834675.947722029,5398896.801928384
