BgName,NumOut,EtrMin,EtrMax,Desc,Status,Cause,x,y
LISBON,118,5/27/2023 8:00:00 PM,5/27/2023 8:00:00 PM,,Assessing,Investigating,-7799426.920475609,5466040.521646368
"WELD,CARTHAGE",171,5/27/2023 7:15:00 PM,5/27/2023 7:15:00 PM,,Assessing,Tree,-7839221.745996235,5574168.7629807815
BRIDGTON,2,5/27/2023 7:15:00 PM,5/27/2023 7:15:00 PM,,Repairs in Progress,Investigating,-7869635.522135362,5478423.053631151
