BgName,NumOut,EtrMin,EtrMax,Desc,Status,Cause,x,y
KITTERY,32,7/26/2023 8:30:00 AM,7/26/2023 8:30:00 AM,,Assessing,Investigating,-7875918.694743969,5325154.245928965
"BENTON,CLINTON",2,7/26/2023 9:15:00 AM,7/26/2023 9:15:00 AM,,Assessing,Investigating,-7736911.074407036,5562241.681913176
GREENE,8,7/26/2023 8:45:00 AM,7/26/2023 8:45:00 AM,,Assessing,Investigating,-7805146.059466812,5489313.800018006
