BgName,NumOut,EtrMin,EtrMax,Desc,Status,Cause,x,y
O O BEACH,1,6/13/2022 3:00:00 PM,6/13/2022 3:00:00 PM,,Crew Assigned,Investigating,-7837367.730986371,5389437.359166722
WELLS,7,6/13/2022 12:30:00 PM,6/13/2022 12:30:00 PM,,Assessing,Investigating,-7857452.8729534615,5359313.514076248
