BgName,NumOut,EtrMin,EtrMax,Desc,Status,Cause,x,y
SCARBOROUGH,55,Assessing,Assessing,,Assessing,Investigating,-7832620.711651695,5405103.906777416
OAKLAND,1,6/21/2022 11:00:00 AM,6/21/2022 11:00:00 AM,,Assessing,Investigating,-7765900.6401887145,5558934.763669487
HIRAM,1,6/21/2022 11:45:00 AM,6/21/2022 11:45:00 AM,,Assessing,Investigating,-7886858.862608201,5449035.208209193
 ,11,6/21/2022 11:15:00 AM,6/21/2022 11:15:00 AM,,Assessing,Investigating,-7818100.186192883,5480534.069206253
