BgName,NumOut,EtrMin,EtrMax,Desc,Status,Cause,x,y
LIMERICK,7,5/2/2022 8:30:00 PM,5/2/2022 8:30:00 PM,,Assessing,Investigating,-7878204.217512816,5417232.145747096
MERCER,13,5/2/2022 7:00:00 PM,5/2/2022 7:00:00 PM,,Assessing,Investigating,-7783729.914885325,5573727.438493199
YARMOUTH,4,5/2/2022 6:45:00 PM,5/2/2022 6:45:00 PM,,Assessing,Investigating,-7811188.915548834,5436931.765920957
