BgName,NumOut,EtrMin,EtrMax,Desc,Status,Cause,x,y
BOOTHBAY,72,9/26/2024 5:45:00 PM,9/26/2024 5:45:00 PM,,Repairs in Progress,Investigating,-7747056.821843283,5450971.756811316
NEWRY,3,9/26/2024 5:30:00 PM,9/26/2024 5:30:00 PM,,Assessing,Investigating,-7881389.123812454,5542349.203914539
"RANGELEY,RANGELEY PLT",489,9/26/2024 6:30:00 PM,9/26/2024 6:30:00 PM,,Assessing,Investigating,-7878231.624393937,5615896.189215212
