BgName,NumOut,EtrMin,EtrMax,Desc,Status,Cause,x,y
RICHMOND,25,9/16/2021 7:00:00 PM,9/16/2021 7:00:00 PM,,Assessing,Investigating,-7770563.913772727,5479046.865770942
WATERFORD,11,9/16/2021 7:00:00 PM,9/16/2021 7:00:00 PM,,Assessing,Tree,-7872724.515563643,5488391.66277085
DETROIT,3,9/16/2021 7:45:00 PM,9/16/2021 7:45:00 PM,,Assessing,Investigating,-7718641.820467885,5589446.548477038
