BgName,NumOut,EtrMin,EtrMax,Desc,Status,Cause,x,y
FREEPORT,1,4/24/2023 2:30:00 PM,4/24/2023 2:30:00 PM,,Assessing,Investigating,-7802506.652035526,5451759.090192796
DURHAM,22,4/24/2023 2:15:00 PM,4/24/2023 2:15:00 PM,,Assessing,Investigating,-7810204.96254526,5454332.118367174
BELGRADE,1,4/24/2023 2:15:00 PM,4/24/2023 2:15:00 PM,,Assessing,Tree,-7767153.707957568,5550154.761488934
