BgName,NumOut,EtrMin,EtrMax,Desc,Status,Cause,x,y
"BETHEL,ALBANY,MASON,GILEAD",488,7/10/2022 3:15:00 AM,7/10/2022 3:15:00 AM,,Assessing,Investigating,-7881050.3674857,5529143.889352454
BETHEL,34,7/10/2022 3:15:00 AM,7/10/2022 3:15:00 AM,,Assessing,Investigating,-7879588.475344709,5538626.799382161
STANDISH,6,7/10/2022 2:15:00 AM,7/10/2022 2:15:00 AM,,Assessing,Investigating,-7846794.176387243,5438301.5371257635
