BgName,NumOut,EtrMin,EtrMax,Desc,Status,Cause,x,y
"MANCHESTER,WEST GARDINER,LITCHFIELD",1074,4/11/2024 7:00:00 PM,4/11/2024 7:00:00 PM,,Crew Assigned,Investigating,-7777215.520531455,5515478.666738823
HEBRON,25,4/11/2024 6:00:00 PM,4/11/2024 6:00:00 PM,,Assessing,Investigating,-7833547.991911968,5500569.244871722
"SABATTUS,BOWDOIN",179,4/11/2024 5:45:00 PM,4/11/2024 5:45:00 PM,,Repairs in Progress,Investigating,-7796638.300405595,5474648.014432443
GORHAM,23,4/11/2024 7:00:00 PM,4/11/2024 7:00:00 PM,,Crew Assigned,Investigating,-7843950.3752438035,5416073.4344992
