BgName,NumOut,EtrMin,EtrMax,Desc,Status,Cause,x,y
NEWCASTLE,10,6/11/2024 8:00:00 AM,6/11/2024 8:00:00 AM,,Assessing,Investigating,-7748618.756778948,5466541.361836149
KENNEBUNKPORT,79,6/11/2024 8:30:00 AM,6/11/2024 8:30:00 AM,,Crew Assigned,Investigating,-7844624.303484684,5366468.341748796
