BgName,NumOut,EtrMin,EtrMax,Desc,Status,Cause,x,y
"ACTON,LEBANON",32,12/5/2021 12:30:00 PM,12/5/2021 12:30:00 PM,,Crew Assigned,Investigating,-7897724.680239755,5385119.543872202
HARPSWELL,70,12/5/2021 12:15:00 PM,12/5/2021 12:15:00 PM,,Assessing,Investigating,-7784224.607577798,5435623.543935669
LOVELL,3,12/5/2021 12:45:00 PM,12/5/2021 12:45:00 PM,,Assessing,Investigating,-7891638.977191939,5500007.683741643
GREENVILLE,24,12/5/2021 12:00:00 PM,12/5/2021 12:00:00 PM,,Assessing,Investigating,-7741318.803016712,5695980.1727393055
WATERVILLE,1,12/5/2021 12:00:00 PM,12/5/2021 12:00:00 PM,,Assessing,Investigating,-7756219.729522198,5549272.699966237
