BgName,NumOut,EtrMin,EtrMax,Desc,Status,Cause,x,y
MT VERNON,2,6/5/2023 12:30:00 PM,6/5/2023 12:30:00 PM,,Assessing,Investigating,-7784811.584079015,5545250.459265951
"LIVERMR FL,LIVERMORE FALLS,LEEDS,WAYNE",409,6/5/2023 12:45:00 PM,6/5/2023 12:45:00 PM,,Assessing,Equipment Interruption,-7810217.864488565,5535018.671597441
NAPLES,2,6/5/2023 1:30:00 PM,6/5/2023 1:30:00 PM,,Crew Assigned,Investigating,-7856428.644562894,5455459.26206965
ELIOT,2,6/5/2023 1:15:00 PM,6/5/2023 1:15:00 PM,,Assessing,Investigating,-7882990.321101054,5333626.232104832
EMBDEN,3,6/5/2023 1:15:00 PM,6/5/2023 1:15:00 PM,,Assessing,Investigating,-7785295.912969555,5614613.84054278
SKOWHEGAN,2,6/5/2023 1:00:00 PM,6/5/2023 1:00:00 PM,,Assessing,Investigating,-7751373.602439602,5584384.866433227
