BgName,NumOut,EtrMin,EtrMax,Desc,Status,Cause,x,y
BOWDOINHAM,3,6/20/2022 3:45:00 PM,6/20/2022 3:45:00 PM,,Crew Assigned,Investigating,-7783129.435267808,5464247.929139068
PARIS,4,6/20/2022 4:00:00 PM,6/20/2022 4:00:00 PM,,Assessing,Investigating,-7852316.090691793,5503349.006267744
"GUILFORD,ABBOT,WILLIMANTIC",198,6/20/2022 2:30:00 PM,6/20/2022 2:30:00 PM,,Assessing,Vehicle Accident,-7723477.951059733,5648722.605553362
WILTON,5,6/20/2022 2:30:00 PM,6/20/2022 2:30:00 PM,,Assessing,Tree,-7818034.541005221,5562974.515890588
