BgName,NumOut,EtrMin,EtrMax,Desc,Status,Cause,x,y
LEWISTON,1,8/1/2022 9:15:00 PM,8/1/2022 9:15:00 PM,,Assessing,Investigating,-7814301.508696233,5481071.9441496665
CASTINE,7,8/1/2022 8:30:00 PM,8/1/2022 8:30:00 PM,,Assessing,Investigating,-7659254.864790947,5528465.227715137
