BgName,NumOut,EtrMin,EtrMax,Desc,Status,Cause,x,y
SACO,2,10/1/2021 4:00:00 PM,10/1/2021 4:00:00 PM,,Crew Assigned,Investigating,-7850542.55968116,5399900.949555892
LIBERTY,2,10/1/2021 3:45:00 PM,10/1/2021 3:45:00 PM,,Assessing,Investigating,-7721677.16904248,5523873.060713462
