BgName,NumOut,EtrMin,EtrMax,Desc,Status,Cause,x,y
BRUNSWICK,4,3/19/2021 10:30:00 AM,3/19/2021 10:30:00 AM,,Investigating,Investigating,-7794176.20336756,5439615.8099996
SQUIRREL ISLAND,27,3/19/2021 10:30:00 AM,3/19/2021 10:30:00 AM,,Assessing,Investigating,-7751256.093592249,5435498.631996371
"NEWCASTLE,JEFFERSON",320,3/19/2021 9:30:00 AM,3/19/2021 9:30:00 AM,,Assessing,Tree,-7744132.625800347,5478777.6196468035
