BgName,NumOut,EtrMin,EtrMax,Desc,Status,Cause,x,y
"PARIS,OXFORD",133,4/2/2022 8:45:00 AM,4/2/2022 8:45:00 AM,,Assessing,Tree,-7847980.708571666,5499564.455495387
TURNER,4,4/2/2022 10:00:00 AM,4/2/2022 10:00:00 AM,,Assessing,Investigating,-7818240.214950553,5514108.350085452
PERU,376,4/2/2022 9:45:00 AM,4/2/2022 9:45:00 AM,,Assessing,Investigating,-7835031.435378971,5541477.901210096
 ,13,4/2/2022 10:30:00 AM,4/2/2022 10:30:00 AM,,Crew Assigned,Investigating,-7693667.270466569,5508490.728428367
