BgName,NumOut,EtrMin,EtrMax,Desc,Status,Cause,x,y
"AUGUSTA,SIDNEY",194,8/28/2021 8:30:00 AM,8/28/2021 8:30:00 AM,,Assessing,Investigating,-7768117.868404015,5519201.294358173
NEW GLOUCESTER,13,8/28/2021 7:15:00 AM,8/28/2021 7:15:00 AM,,Assessing,Investigating,-7831069.307605019,5458932.204773855
OXFORD,1,8/28/2021 8:30:00 AM,8/28/2021 8:30:00 AM,,Assessing,Investigating,-7847162.087351679,5486630.650622064
LEBANON,18,8/28/2021 7:45:00 AM,8/28/2021 7:45:00 AM,,Crew Assigned,Investigating,-7893992.749964467,5372422.056526383
