BgName,NumOut,EtrMin,EtrMax,Desc,Status,Cause,x,y
PORTLAND,8,8/3/2023 5:00:00 PM,8/3/2023 5:00:00 PM,,Assessing,Investigating,-7828853.626721901,5417364.446345238
SACO,10,8/3/2023 3:30:00 PM,8/3/2023 3:30:00 PM,,Crew Assigned,Investigating,-7845383.970006794,5394002.523894071
STANDISH,181,8/3/2023 3:45:00 PM,8/3/2023 3:45:00 PM,,Assessing,Investigating,-7864800.649451702,5424186.482649427
STANDISH,16,8/3/2023 3:45:00 PM,8/3/2023 3:45:00 PM,,Assessing,Investigating,-7864060.196738827,5420168.450986354
