BgName,NumOut,EtrMin,EtrMax,Desc,Status,Cause,x,y
"NOBLEBORO,DAMARISCOTTA,BREMEN,WALDOBORO",2466,7/11/2023 3:30:00 AM,7/11/2023 3:30:00 AM,,Assessing,Investigating,-7739726.366535554,5474760.292244073
NOBLEBORO,13,7/11/2023 3:30:00 AM,7/11/2023 3:30:00 AM,,Assessing,Investigating,-7731369.612419491,5478123.607339558
WARREN,17,7/11/2023 2:00:00 AM,7/11/2023 2:00:00 AM,,Assessing,Investigating,-7708925.320960812,5491622.498033853
BRIDGTON,33,7/11/2023 2:15:00 AM,7/11/2023 2:15:00 AM,,Assessing,Investigating,-7869011.832434907,5476064.599121501
"O O BEACH,OLD ORCHARD BEACH",823,7/11/2023 1:00:00 AM,7/11/2023 1:00:00 AM,,Assessing,Investigating,-7838245.974952098,5389646.31224736
SANFORD,21,7/11/2023 2:15:00 AM,7/11/2023 2:15:00 AM,,Assessing,Investigating,-7875483.669347098,5372014.627614681
EMBDEN,4,7/11/2023 3:00:00 AM,7/11/2023 3:00:00 AM,,Assessing,Investigating,-7785197.283857451,5614193.850825893
