BgName,NumOut,EtrMin,EtrMax,Desc,Status,Cause,x,y
OWLS HEAD,520,7/31/2021 12:30:00 PM,7/31/2021 12:30:00 PM,,Assessing,Investigating,-7692344.260599794,5477283.201326967
"ROCKLAND,ROCKPORT",51,7/31/2021 11:15:00 AM,7/31/2021 11:15:00 AM,,Assessing,Investigating,-7693333.022586875,5485931.192016391
"LEBANON,LEBANNON",374,7/31/2021 12:30:00 PM,7/31/2021 12:30:00 PM,,Crew Assigned,Investigating,-7889745.132093583,5375615.051996596
"MOSCOW,CONCORD,PLEASANT RIDGE P,BINGHAM",1016,7/31/2021 12:15:00 PM,7/31/2021 12:15:00 PM,,Assessing,Investigating,-7780964.326898982,5632996.298563522
