BgName,NumOut,EtrMin,EtrMax,Desc,Status,Cause,x,y
WINTHROP,6,9/6/2024 3:15:00 PM,9/6/2024 3:15:00 PM,,Crew Assigned,Investigating,-7790506.856252091,5510587.884394102
STANDISH,2,9/6/2024 2:30:00 PM,9/6/2024 2:30:00 PM,,Crew Assigned,Investigating,-7860804.290957569,5423182.080330306
