BgName,NumOut,EtrMin,EtrMax,Desc,Status,Cause,x,y
BRUNSWICK,62,7/31/2023 1:00:00 PM,7/31/2023 1:00:00 PM,,Assessing,Investigating,-7782035.031117743,5449519.982970211
SMITHFIELD,18,7/31/2023 1:45:00 PM,7/31/2023 1:45:00 PM,,Assessing,Investigating,-7773724.06265724,5564096.607676904
