BgName,NumOut,EtrMin,EtrMax,Desc,Status,Cause,x,y
MECHANIC FALLS,2,9/30/2021 12:00:00 PM,9/30/2021 12:00:00 PM,,Assessing,Investigating,-7839669.428462281,5483979.57927148
PERU,2,9/30/2021 1:00:00 PM,9/30/2021 1:00:00 PM,,Assessing,Investigating,-7838026.163480263,5535199.401197219
PORTLAND,33,9/30/2021 1:00:00 PM,9/30/2021 1:00:00 PM,,Assessing,Investigating,-7823943.735857816,5416424.374441965
STANDISH,4,9/30/2021 12:45:00 PM,9/30/2021 12:45:00 PM,,Assessing,Investigating,-7843881.668929309,5436997.748930031
SO PORTLAND,257,9/30/2021 12:30:00 PM,9/30/2021 12:30:00 PM,,Assessing,Investigating,-7827549.763789505,5409181.481277769
