BgName,NumOut,EtrMin,EtrMax,Desc,Status,Cause,x,y
HERMON,31,8/22/2023 9:30:00 AM,8/22/2023 9:30:00 AM,,Investigating,Investigating,-7666650.431989331,5587482.570150264
BUXTON,36,8/22/2023 9:45:00 AM,8/22/2023 9:45:00 AM,,Assessing,Investigating,-7855539.658271482,5409742.382062434
STARKS,3,8/22/2023 9:45:00 AM,8/22/2023 9:45:00 AM,,Assessing,Investigating,-7786197.367018219,5576539.012600063
LINCOLN PLT,10,8/22/2023 10:30:00 AM,8/22/2023 10:30:00 AM,,Assessing,Investigating,-7906831.77223482,5611080.693908603
