BgName,NumOut,EtrMin,EtrMax,Desc,Status,Cause,x,y
WATERFORD,3,4/22/2022 6:30:00 PM,4/22/2022 6:30:00 PM,,Assessing,Investigating,-7873459.936643766,5490126.821124236
ALBANY,6,4/22/2022 7:00:00 PM,4/22/2022 7:00:00 PM,,Assessing,Investigating,-7873435.357328014,5507000.700682904
NEWPORT,25,4/22/2022 7:00:00 PM,4/22/2022 7:00:00 PM,,Assessing,Tree,-7707246.522900661,5593962.144526801
CARRABASSETT VAL,9,4/22/2022 8:00:00 PM,4/22/2022 8:00:00 PM,,Assessing,Investigating,-7822708.401240647,5635648.5310783
