BgName,NumOut,EtrMin,EtrMax,Desc,Status,Cause,x,y
DAMARISCOTTA,1,8/15/2021 8:00:00 AM,8/15/2021 8:00:00 AM,,Assessing,Investigating,-7738503.421788446,5470914.710491456
NOBLEBORO,265,8/15/2021 7:00:00 AM,8/15/2021 7:00:00 AM,,Assessing,Investigating,-7738706.14573135,5475867.574808901
DAMARISCOTTA,1,8/15/2021 7:00:00 AM,8/15/2021 7:00:00 AM,,Assessing,Investigating,-7740544.921080907,5468338.1175056575
WINTHROP,235,8/15/2021 8:15:00 AM,8/15/2021 8:15:00 AM,,Assessing,Investigating,-7788720.356523403,5514348.766566863
SABATTUS,32,8/15/2021 8:00:00 AM,8/15/2021 8:00:00 AM,,Assessing,Investigating,-7801916.64764468,5484290.723253791
"LEWISTON,CASCO",136,8/15/2021 7:30:00 AM,8/15/2021 7:30:00 AM,,Assessing,Investigating,-7815654.719572064,5481001.520603489
SANFORD,1,8/15/2021 8:15:00 AM,8/15/2021 8:15:00 AM,,Assessing,Investigating,-7882631.182156619,5377202.665244994
