BgName,NumOut,EtrMin,EtrMax,Desc,Status,Cause,x,y
EDGECOMB,8,9/26/2021 8:00:00 PM,9/26/2021 8:00:00 PM,,Assessing,Investigating,-7747570.071509693,5464355.391211029
"SOMERVILLE PLT,WASHINGTON",59,9/26/2021 8:15:00 PM,9/26/2021 8:15:00 PM,,Assessing,Investigating,-7730847.178872025,5505400.094517478
WINTHROP,1,9/26/2021 11:45:00 PM,9/26/2021 11:45:00 PM,,Assessing,Investigating,-7794646.037731938,5518450.713909753
WELLS,24,9/26/2021 8:45:00 PM,9/26/2021 8:45:00 PM,,Assessing,Investigating,-7857068.019222152,5356116.617962182
ELIOT,1,9/27/2021 3:00:00 PM,9/27/2021 3:00:00 PM,,Crew Assigned,Investigating,-7883635.250578752,5335677.033129553
