BgName,NumOut,EtrMin,EtrMax,Desc,Status,Cause,x,y
 ,1,8/1/2022 4:00:00 PM,8/1/2022 4:00:00 PM,,Assessing,Investigating,-7766762.386585941,5600079.345499168
THOMASTON,1,8/1/2022 5:00:00 PM,8/1/2022 5:00:00 PM,,Repairs in Progress,Investigating,-7700501.329875137,5481861.72371168
