BgName,NumOut,EtrMin,EtrMax,Desc,Status,Cause,x,y
NORWAY,13,12/8/2021 9:15:00 AM,12/8/2021 9:15:00 AM,,Assessing,Investigating,-7865323.35019829,5500304.320356019
NORWAY,21,12/8/2021 9:45:00 AM,12/8/2021 9:45:00 AM,,Assessing,Investigating,-7852267.633345356,5497879.113379146
