BgName,NumOut,EtrMin,EtrMax,Desc,Status,Cause,x,y
BREMEN,3,5/25/2021 7:00:00 AM,5/25/2021 7:00:00 AM,,Assessing,Investigating,-7730076.291388407,5461346.849661955
OAKLAND,73,5/25/2021 8:00:00 AM,5/25/2021 8:00:00 AM,,Assessing,Investigating,-7761456.064730173,5548842.406667842
