BgName,NumOut,EtrMin,EtrMax,Desc,Status,Cause,x,y
GREENE,65,Assessing,Assessing,,Assessing,Investigating,-7808651.777404706,5492742.576772175
MINOT,1,Assessing,Assessing,,Assessing,Investigating,-7833379.743563379,5489631.67303306
AUBURN,2,Assessing,Assessing,,Assessing,Investigating,-7817453.2640845,5477916.109656233
LEWISTON,18,7/26/2023 2:45:00 AM,7/26/2023 2:45:00 AM,,Assessing,Investigating,-7813857.911703743,5481548.879475304
"GREENE,WALES",264,7/26/2023 6:30:00 AM,7/26/2023 6:30:00 AM,,Assessing,Investigating,-7805502.549045368,5496371.513256735
WALES,31,7/26/2023 3:00:00 AM,7/26/2023 3:00:00 AM,,Assessing,Investigating,-7801764.050917578,5489438.623689602
MINOT,1,Assessing,Assessing,,Assessing,Investigating,-7834785.285722388,5489188.419497217
