BgName,NumOut,EtrMin,EtrMax,Desc,Status,Cause,x,y
LIBERTY,50,5/3/2022 8:30:00 PM,5/3/2022 8:30:00 PM,,Assessing,Investigating,-7716198.201815805,5525618.786827911
HANOVER,112,5/3/2022 7:30:00 PM,5/3/2022 7:30:00 PM,,Assessing,Investigating,-7869789.143008963,5542596.171795228
