BgName,NumOut,EtrMin,EtrMax,Desc,Status,Cause,x,y
FREEPORT,13,4/4/2021 11:15:00 AM,4/4/2021 11:15:00 AM,,Assessing,Investigating,-7799670.888189579,5436552.168813542
KENNEBUNK,14,4/4/2021 9:45:00 AM,4/4/2021 9:45:00 AM,,Assessing,Investigating,-7845922.266512332,5367686.062737595
ARUNDEL,2,4/4/2021 10:30:00 AM,4/4/2021 10:30:00 AM,,Repairs in Progress,Investigating,-7849307.403163372,5370654.761140858
SCARBOROUGH,22,4/4/2021 10:45:00 AM,4/4/2021 10:45:00 AM,,Assessing,Investigating,-7825178.380302351,5400819.902934192
"BELGRADE,OAKLAND",131,4/4/2021 11:15:00 AM,4/4/2021 11:15:00 AM,,Assessing,Investigating,-7764755.819398851,5553931.421084008
