BgName,NumOut,EtrMin,EtrMax,Desc,Status,Cause,x,y
CHINA,1,6/19/2022 6:45:00 AM,6/19/2022 6:45:00 AM,,Assessing,Investigating,-7741731.186066201,5535230.666579036
BATH,21,6/19/2022 12:15:00 PM,6/19/2022 12:15:00 PM,,Assessing,Tree,-7772937.401215189,5452094.331760026
ROME,61,6/19/2022 7:30:00 AM,6/19/2022 7:30:00 AM,,Assessing,Investigating,-7783428.049857182,5549606.209881507
OTISFIELD,2,6/19/2022 10:00:00 AM,6/19/2022 10:00:00 AM,,Assessing,Tree,-7859615.098194716,5478671.305740255
HOLLIS,23,6/19/2022 6:45:00 AM,6/19/2022 6:45:00 AM,,Crew Assigned,Investigating,-7855372.589943888,5405391.347837311
