BgName,NumOut,EtrMin,EtrMax,Desc,Status,Cause,x,y
KENNEBUNK,61,5/6/2023 2:15:00 PM,5/6/2023 2:15:00 PM,,Assessing,Investigating,-7845774.167019734,5365276.115495759
ATHENS,45,5/6/2023 2:30:00 PM,5/6/2023 2:30:00 PM,,Assessing,Investigating,-7752879.5548045905,5614426.880663349
