BgName,NumOut,EtrMin,EtrMax,Desc,Status,Cause,x,y
BOOTHBAY,17,1/12/2022 12:15:00 PM,1/12/2022 12:15:00 PM,,Assessing,Investigating,-7746925.731992435,5445645.495385265
HARPSWELL,14,1/12/2022 11:30:00 AM,1/12/2022 11:30:00 AM,,Assessing,Investigating,-7790638.023990133,5433193.910815434
"ST GEORGE,SO THOMASTON,SOUTH THOMASTON,SPRUCE HEAD",971,1/12/2022 11:45:00 AM,1/12/2022 11:45:00 AM,,Assessing,Investigating,-7702873.14744823,5467891.7284202995
RANGELEY,2,1/12/2022 11:30:00 AM,1/12/2022 11:30:00 AM,,Assessing,Investigating,-7865213.689336501,5620738.701820888
