BgName,NumOut,EtrMin,EtrMax,Desc,Status,Cause,x,y
WATERFORD,4,5/31/2024 5:15:00 PM,5/31/2024 5:15:00 PM,,Investigating,Investigating,-7870879.659306706,5494439.150467904
WATERFORD,16,5/31/2024 5:00:00 PM,5/31/2024 5:00:00 PM,,Investigating,Investigating,-7870428.733609969,5494659.201961576
