BgName,NumOut,EtrMin,EtrMax,Desc,Status,Cause,x,y
VASSALBORO,68,7/1/2022 7:45:00 AM,7/1/2022 7:45:00 AM,,Assessing,Investigating,-7749539.758510607,5525203.644534307
PORTLAND,24,7/1/2022 12:00:00 PM,7/1/2022 12:00:00 PM,,Assessing,Equipment Interruption,-7825865.789334542,5418039.356493259
