BgName,NumOut,EtrMin,EtrMax,Desc,Status,Cause,x,y
LOVELL,1,3/15/2021 1:15:00 PM,3/15/2021 1:15:00 PM,,Assessing,Investigating,-7891260.346226817,5498929.645239486
WARREN,2,3/15/2021 12:00:00 PM,3/15/2021 12:00:00 PM,,Assessing,Investigating,-7712554.380976175,5490583.077424434
