BgName,NumOut,EtrMin,EtrMax,Desc,Status,Cause,x,y
BATH,19,5/13/2021 9:45:00 AM,5/13/2021 9:45:00 AM,,Investigating,Investigating,-7771705.481420804,5453296.298443116
BATH,186,5/13/2021 9:45:00 AM,5/13/2021 9:45:00 AM,,Assessing,Investigating,-7772180.985231946,5453991.200083041
BRUNSWICK,39,5/13/2021 9:45:00 AM,5/13/2021 9:45:00 AM,,Assessing,Investigating,-7788147.873747439,5443846.886054715
CHINA,85,5/13/2021 10:30:00 AM,5/13/2021 10:30:00 AM,,Assessing,Investigating,-7735769.470718612,5538863.183209749
GORHAM,21,5/13/2021 10:00:00 AM,5/13/2021 10:00:00 AM,,Assessing,Investigating,-7848026.995188037,5419272.685619629
BUCKSPORT,3,5/13/2021 10:00:00 AM,5/13/2021 10:00:00 AM,,Assessing,Investigating,-7647469.84874649,5565034.694965749
