BgName,NumOut,EtrMin,EtrMax,Desc,Status,Cause,x,y
AUGUSTA,112,4/23/2023 10:30:00 AM,4/23/2023 10:30:00 AM,,Assessing,Investigating,-7768044.987516221,5517563.327867458
YARMOUTH,26,4/23/2023 9:15:00 AM,4/23/2023 9:15:00 AM,,Assessing,Investigating,-7809838.231701934,5431171.026601014
PALMYRA,4,4/23/2023 9:45:00 AM,4/23/2023 9:45:00 AM,,Assessing,Investigating,-7720612.008529723,5601789.8334056055
WATERVILLE,31,4/23/2023 12:00:00 PM,4/23/2023 12:00:00 PM,,Assessing,Fire/Emergency,-7751327.63858455,5550442.100122388
