BgName,NumOut,EtrMin,EtrMax,Desc,Status,Cause,x,y
FREEPORT,1,4/25/2021 9:30:00 AM,4/25/2021 9:30:00 AM,,Assessing,Investigating,-7803479.072328606,5440991.5607475275
LEBANON,25,4/25/2021 8:45:00 AM,4/25/2021 8:45:00 AM,,Crew Assigned,Investigating,-7891103.16316546,5367395.241204222
