BgName,NumOut,EtrMin,EtrMax,Desc,Status,Cause,x,y
FREEPORT,21,7/27/2023 2:30:00 PM,7/27/2023 2:30:00 PM,,Assessing,Vehicle Accident,-7803552.17586565,5439310.288806141
WINDHAM,61,7/27/2023 2:00:00 PM,7/27/2023 2:00:00 PM,,Assessing,Investigating,-7841547.299177838,5435623.127493134
