BgName,NumOut,EtrMin,EtrMax,Desc,Status,Cause,x,y
SHAPLEIGH,51,7/4/2021 11:00:00 AM,7/4/2021 11:00:00 AM,,Assessing,Investigating,-7888110.739343735,5392910.115942171
"BUCKSPORT,ORLAND,ELLSWORTH",18,7/4/2021 12:15:00 PM,7/4/2021 12:15:00 PM,,Assessing,Investigating,-7654216.778416127,5554683.11891505
"BUCKSPORT,ELLSWORTH,ORLAND",403,7/4/2021 12:00:00 PM,7/4/2021 12:00:00 PM,,Assessing,Investigating,-7654131.296121467,5554752.972580722
WALDO,7,7/4/2021 11:45:00 AM,7/4/2021 11:45:00 AM,,Assessing,Investigating,-7692664.315290672,5534123.076304415
NOBLEBORO,1,7/4/2021 11:00:00 AM,7/4/2021 11:00:00 AM,,Assessing,Investigating,-7732008.764429505,5478603.488632718
GEORGETOWN,2,7/4/2021 11:00:00 AM,7/4/2021 11:00:00 AM,,Assessing,Investigating,-7764495.309466402,5428619.659175901
