BgName,NumOut,EtrMin,EtrMax,Desc,Status,Cause,x,y
FAYETTE,1,4/16/2021 10:00:00 PM,4/16/2021 10:00:00 PM,,Assessing,Investigating,-7796588.139852476,5536984.060091165
"CARTHAGE,WELD",270,4/16/2021 10:00:00 PM,4/16/2021 10:00:00 PM,,Assessing,Investigating,-7844583.838885869,5561633.549861171
YORK,10,4/16/2021 9:00:00 PM,4/16/2021 9:00:00 PM,,Assessing,Investigating,-7859036.793401197,5341449.186011918
YORK,14,4/16/2021 10:00:00 PM,4/16/2021 10:00:00 PM,,Assessing,Investigating,-7862190.441207962,5333384.071217821
SO PORTLAND,82,4/16/2021 10:45:00 PM,4/16/2021 10:45:00 PM,,Assessing,Investigating,-7819980.316738248,5409333.662202928
HERMON,81,4/16/2021 10:00:00 PM,4/16/2021 10:00:00 PM,,Assessing,Investigating,-7675447.598332644,5591062.486989887
WALDO,11,4/16/2021 10:45:00 PM,4/16/2021 10:45:00 PM,,Assessing,Investigating,-7694081.969008178,5536517.728078025
LEEDS,1,4/16/2021 10:00:00 PM,4/16/2021 10:00:00 PM,,Assessing,Investigating,-7806208.937924883,5512415.035290141
