BgName,NumOut,EtrMin,EtrMax,Desc,Status,Cause,x,y
STANDISH,198,2/16/2024 4:00:00 PM,2/16/2024 4:00:00 PM,,Repairs in Progress,Investigating,-7864800.649451702,5424186.482649427
LEBANON,34,2/16/2024 2:30:00 PM,2/16/2024 2:30:00 PM,,Crew Assigned,Investigating,-7891055.151017415,5378593.477483133
