BgName,NumOut,EtrMin,EtrMax,Desc,Status,Cause,x,y
BRISTOL,2,8/20/2021 4:15:00 PM,8/20/2021 4:15:00 PM,,Assessing,Investigating,-7738358.216635975,5458416.826123253
PITTSFIELD,13,8/20/2021 3:45:00 PM,8/20/2021 3:45:00 PM,,Assessing,Investigating,-7738245.828521115,5589358.167375133
