BgName,NumOut,EtrMin,EtrMax,Desc,Status,Cause,x,y
BRUNSWICK,62,4/16/2024 3:45:00 PM,4/16/2024 3:45:00 PM,,Assessing,Investigating,-7782001.535120054,5449545.164015738
YARMOUTH,25,4/16/2024 4:15:00 PM,4/16/2024 4:15:00 PM,,Assessing,Investigating,-7814285.356214054,5435259.918812063
PHILLIPS,32,4/16/2024 4:45:00 PM,4/16/2024 4:45:00 PM,,Assessing,Investigating,-7840676.524774048,5598677.460670019
MINOT,1,4/16/2024 4:00:00 PM,4/16/2024 4:00:00 PM,,Repairs in Progress,Vehicle Accident,-7828637.143676135,5493767.573450838
