BgName,NumOut,EtrMin,EtrMax,Desc,Status,Cause,x,y
RAYMOND,73,4/10/2022 12:00:00 PM,4/10/2022 12:00:00 PM,,Assessing,Investigating,-7841228.76959427,5455107.7442929875
RAYMOND,1,4/10/2022 12:00:00 PM,4/10/2022 12:00:00 PM,,Assessing,Investigating,-7839033.727315401,5455316.674746001
SCARBOROUGH,32,4/10/2022 12:15:00 PM,4/10/2022 12:15:00 PM,,Assessing,Investigating,-7826109.545611816,5401944.151857268
 ,1,4/10/2022 12:45:00 PM,4/10/2022 12:45:00 PM,,Assessing,Investigating,-7756295.404537933,5538688.324473468
WESTBROOK,15,4/10/2022 11:30:00 AM,4/10/2022 11:30:00 AM,,Assessing,Investigating,-7832945.6977631375,5415504.899789121
