BgName,NumOut,EtrMin,EtrMax,Desc,Status,Cause,x,y
LOVELL,17,6/30/2023 6:30:00 PM,6/30/2023 6:30:00 PM,,Assessing,Investigating,-7890821.3577934615,5499261.365741854
FALMOUTH,32,6/30/2023 6:00:00 PM,6/30/2023 6:00:00 PM,,Assessing,Investigating,-7831496.473903883,5429997.506588177
BUXTON,40,6/30/2023 7:45:00 PM,6/30/2023 7:45:00 PM,,Assessing,Vehicle Accident,-7846630.737122272,5410959.542843274
