BgName,NumOut,EtrMin,EtrMax,Desc,Status,Cause,x,y
"CAMDEN,HOPE",311,8/3/2023 7:45:00 AM,8/3/2023 7:45:00 AM,,Assessing,Investigating,-7694026.353748695,5500523.790567598
SANFORD,5,8/3/2023 8:00:00 AM,8/3/2023 8:00:00 AM,,Assessing,Investigating,-7873390.228407651,5365993.3067076905
