BgName,NumOut,EtrMin,EtrMax,Desc,Status,Cause,x,y
AUGUSTA,7,6/14/2021 4:00:00 PM,6/14/2021 4:00:00 PM,,Assessing,Investigating,-7771304.399923037,5515055.599105089
SIDNEY,2,6/14/2021 4:30:00 PM,6/14/2021 4:30:00 PM,,Assessing,Investigating,-7767271.806865479,5532288.002509563
WELLS,17,6/14/2021 4:30:00 PM,6/14/2021 4:30:00 PM,,Crew Assigned,Investigating,-7867471.493475239,5353366.62830469
WILLIMANTIC,4,6/14/2021 3:15:00 PM,6/14/2021 3:15:00 PM,,Assessing,Investigating,-7717232.538021743,5669182.65323083
HOLLIS,1,6/14/2021 3:15:00 PM,6/14/2021 3:15:00 PM,,Crew Assigned,Investigating,-7855378.723610331,5404896.018859976
