BgName,NumOut,EtrMin,EtrMax,Desc,Status,Cause,x,y
"PITTSTON,WHITEFIELD,PITTSON",653,6/18/2021 12:30:00 AM,6/18/2021 12:30:00 AM,,Assessing,Tree,-7763856.8254041355,5492145.038510471
HARPSWELL,2,6/17/2021 10:45:00 PM,6/17/2021 10:45:00 PM,,Assessing,Investigating,-7792928.567279293,5422102.2374008605
