BgName,NumOut,EtrMin,EtrMax,Desc,Status,Cause,x,y
BRUNSWICK,6,7/5/2022 8:15:00 AM,7/5/2022 8:15:00 AM,,Assessing,Investigating,-7788104.136384877,5448631.354240072
NEW GLOUCESTER,6,7/5/2022 8:15:00 AM,7/5/2022 8:15:00 AM,,Assessing,Investigating,-7828639.303293756,5455335.781100232
LEWISTON,88,7/5/2022 8:15:00 AM,7/5/2022 8:15:00 AM,,Assessing,Investigating,-7813423.420605005,5478190.584006462
