BgName,NumOut,EtrMin,EtrMax,Desc,Status,Cause,x,y
CUSHING,4,11/4/2023 5:45:00 PM,11/4/2023 5:45:00 PM,,Assessing,Investigating,-7712784.500587641,5462656.723870502
CASCO,6,11/4/2023 6:00:00 PM,11/4/2023 6:00:00 PM,,Crew Assigned,Investigating,-7849930.825664706,5467916.479866724
