BgName,NumOut,EtrMin,EtrMax,Desc,Status,Cause,x,y
CAMDEN,8,2/6/2022 5:00:00 PM,2/6/2022 5:00:00 PM,,Assessing,Tree,-7688375.787522484,5498080.121656876
WALDOBORO,3,2/6/2022 4:45:00 PM,2/6/2022 4:45:00 PM,,Crew Assigned,Investigating,-7721065.323701403,5489749.068770456
