BgName,NumOut,EtrMin,EtrMax,Desc,Status,Cause,x,y
ROCKPORT,3,6/9/2021 5:15:00 PM,6/9/2021 5:15:00 PM,,Assessing,Investigating,-7695896.532353181,5491867.47639474
NORWAY,29,6/9/2021 5:30:00 PM,6/9/2021 5:30:00 PM,,Assessing,Investigating,-7864636.108153037,5504192.305921109
PEAKS IS,41,6/9/2021 6:00:00 PM,6/9/2021 6:00:00 PM,,Assessing,Investigating,-7813824.705029945,5412462.217124022
