BgName,NumOut,EtrMin,EtrMax,Desc,Status,Cause,x,y
CAMDEN,13,7/12/2023 3:30:00 PM,7/12/2023 3:30:00 PM,,Assessing,Equipment Interruption,-7688341.579027178,5496585.594026479
HARPSWELL,10,7/12/2023 1:45:00 PM,7/12/2023 1:45:00 PM,,Assessing,Investigating,-7781669.190771304,5434937.351253113
