BgName,NumOut,EtrMin,EtrMax,Desc,Status,Cause,x,y
WOOLWICH,4,7/17/2023 11:00:00 PM,7/17/2023 11:00:00 PM,,Assessing,Tree,-7772244.68223869,5461650.822804129
"STOW,LOVELL",11,7/18/2023 12:15:00 AM,7/18/2023 12:15:00 AM,,Assessing,Investigating,-7897735.010704378,5486823.563358109
"LOVELL,STOW",44,7/17/2023 10:00:00 PM,7/17/2023 10:00:00 PM,,Assessing,Investigating,-7896978.216197397,5489066.7953377105
SANFORD,53,7/17/2023 10:30:00 PM,7/17/2023 10:30:00 PM,,Assessing,Investigating,-7877749.900419523,5377276.898999303
PORTLAND,51,7/17/2023 11:30:00 PM,7/17/2023 11:30:00 PM,,Assessing,Investigating,-7826145.624200631,5414414.72006218
ORLAND,34,7/17/2023 10:15:00 PM,7/17/2023 10:15:00 PM,,Assessing,Investigating,-7652392.99775264,5554399.552902444
