BgName,NumOut,EtrMin,EtrMax,Desc,Status,Cause,x,y
PHIPPSBURG,7,9/2/2023 2:45:00 PM,9/2/2023 2:45:00 PM,,Investigating,Investigating,-7775763.481120274,5438510.855643589
NEW GLOUCESTER,1,9/2/2023 2:15:00 PM,9/2/2023 2:15:00 PM,,Assessing,Investigating,-7820345.188600502,5452283.429263803
SACO,113,9/2/2023 2:00:00 PM,9/2/2023 2:00:00 PM,,Assessing,Investigating,-7840018.904789735,5389293.992418213
ALFRED,1,9/2/2023 2:30:00 PM,9/2/2023 2:30:00 PM,,Assessing,Investigating,-7872938.493905478,5386138.216494395
KITTERY,1,9/2/2023 2:15:00 PM,9/2/2023 2:15:00 PM,,Assessing,Investigating,-7868715.177138893,5324640.999082539
