BgName,NumOut,EtrMin,EtrMax,Desc,Status,Cause,x,y
SKOWHEGAN,11,6/16/2022 5:30:00 PM,6/16/2022 5:30:00 PM,,Investigating,Investigating,-7761295.355020851,5585917.961229981
SANGERVILLE,25,6/16/2022 5:15:00 PM,6/16/2022 5:15:00 PM,,Assessing,Investigating,-7713059.058946848,5639973.121676904
