BgName,NumOut,EtrMin,EtrMax,Desc,Status,Cause,x,y
OWLS HEAD,11,9/22/2024 8:45:00 PM,9/22/2024 8:45:00 PM,,Assessing,Investigating,-7692786.822333347,5478370.409991956
WALDOBORO,7,9/22/2024 9:15:00 PM,9/22/2024 9:15:00 PM,,Assessing,Investigating,-7722576.9199845735,5478731.467398931
