BgName,NumOut,EtrMin,EtrMax,Desc,Status,Cause,x,y
OWLS HEAD,5,3/1/2022 7:45:00 PM,3/1/2022 7:45:00 PM,,Assessing,Investigating,-7691411.158321958,5471777.7928699525
"PORTLAND,WESTBROOK",187,3/1/2022 7:30:00 PM,3/1/2022 7:30:00 PM,,Assessing,Investigating,-7829031.860348685,5415687.0605237605
