BgName,NumOut,EtrMin,EtrMax,Desc,Status,Cause,x,y
FREEPORT,6,6/16/2024 3:30:00 PM,6/16/2024 3:30:00 PM,,Crew Assigned,Investigating,-7805823.605557756,5441584.21958994
WEST BATH,3,6/16/2024 4:30:00 PM,6/16/2024 4:30:00 PM,,Crew Assigned,Investigating,-7776649.850582231,5453916.702720108
LITCHFIELD,13,6/16/2024 4:00:00 PM,6/16/2024 4:00:00 PM,,Assessing,Investigating,-7788521.651279302,5495740.371516942
SACO,3,6/16/2024 4:00:00 PM,6/16/2024 4:00:00 PM,,Assessing,Investigating,-7847187.445939796,5398572.260408836
