BgName,NumOut,EtrMin,EtrMax,Desc,Status,Cause,x,y
LINCOLNVILLE,4,12/2/2021 9:45:00 PM,12/2/2021 9:45:00 PM,,Assessing,Investigating,-7683411.338982842,5505949.4740629075
GEORGETOWN,48,12/2/2021 10:00:00 PM,12/2/2021 10:00:00 PM,,Assessing,Investigating,-7760514.669268391,5440071.377350969
WEST BATH,3,12/2/2021 9:00:00 PM,12/2/2021 9:00:00 PM,,Assessing,Investigating,-7779907.715656857,5446493.9453917155
