BgName,NumOut,EtrMin,EtrMax,Desc,Status,Cause,x,y
MECHANIC FALLS,2,6/8/2021 6:45:00 PM,6/8/2021 6:45:00 PM,,Assessing,Investigating,-7839407.682946644,5482843.175357306
WESTBROOK,4,6/8/2021 8:15:00 PM,6/8/2021 8:15:00 PM,,Assessing,Investigating,-7832622.793382122,5417289.844146699
YORK,3,6/8/2021 7:00:00 PM,6/8/2021 7:00:00 PM,,Assessing,Investigating,-7875432.729521615,5340630.703511105
YORK,2,6/8/2021 7:00:00 PM,6/8/2021 7:00:00 PM,,Assessing,Investigating,-7868095.6062493175,5335304.810617081
