BgName,NumOut,EtrMin,EtrMax,Desc,Status,Cause,x,y
DOVER-FOXCROFT,50,6/9/2021 12:15:00 AM,6/9/2021 12:15:00 AM,,Investigating,Investigating,-7699715.346692374,5650871.5939907
LISBON,1,6/8/2021 11:00:00 PM,6/8/2021 11:00:00 PM,,Assessing,Investigating,-7802550.556485136,5468113.318050733
SO BERWICK,15,6/8/2021 11:00:00 PM,6/8/2021 11:00:00 PM,,Assessing,Investigating,-7879594.197150085,5347178.286275686
YORK,82,6/8/2021 11:00:00 PM,6/8/2021 11:00:00 PM,,Assessing,Investigating,-7860999.044377727,5343546.07592002
SANFORD,89,6/8/2021 11:00:00 PM,6/8/2021 11:00:00 PM,,Assessing,Investigating,-7879693.2937855655,5379914.045389965
VASSALBORO,4,6/8/2021 11:30:00 PM,6/8/2021 11:30:00 PM,,Assessing,Investigating,-7749759.95961863,5539062.756266449
