BgName,NumOut,EtrMin,EtrMax,Desc,Status,Cause,x,y
SIDNEY,32,11/1/2023 5:00:00 PM,11/1/2023 5:00:00 PM,,Assessing,Investigating,-7767608.514899234,5538082.171331727
KENNEBUNKPORT,4,11/1/2023 5:15:00 PM,11/1/2023 5:15:00 PM,,Crew Assigned,Investigating,-7841909.020713406,5367334.055414566
