BgName,NumOut,EtrMin,EtrMax,Desc,Status,Cause,x,y
CASCO,7,5/9/2023 1:15:00 PM,5/9/2023 1:15:00 PM,,Assessing,Investigating,-7844790.759526841,5462588.653820659
SIDNEY,3,5/9/2023 12:30:00 PM,5/9/2023 12:30:00 PM,,Assessing,Investigating,-7766419.322136385,5542263.761559178
