BgName,NumOut,EtrMin,EtrMax,Desc,Status,Cause,x,y
TOPSHAM,57,1/1/2024 11:45:00 AM,1/1/2024 11:45:00 AM,,Assessing,Investigating,-7784713.444815285,5455278.400293556
"DAYTON,BIDDEFORD",12,1/1/2024 11:30:00 AM,1/1/2024 11:30:00 AM,,Crew Assigned,Investigating,-7854795.9215823,5388589.4238666445
ACTON,3,1/1/2024 11:30:00 AM,1/1/2024 11:30:00 AM,,Crew Assigned,Investigating,-7897214.113376658,5400690.543466604
SACO,3,1/1/2024 11:30:00 AM,1/1/2024 11:30:00 AM,,Crew Assigned,Investigating,-7842857.106564862,5393297.335980636
