BgName,NumOut,EtrMin,EtrMax,Desc,Status,Cause,x,y
WASHINGTON,2,1/3/2024 12:00:00 PM,1/3/2024 12:00:00 PM,,Assessing,Investigating,-7725828.40641852,5500420.579277876
ROCKPORT,68,1/3/2024 12:00:00 PM,1/3/2024 12:00:00 PM,,Assessing,Investigating,-7696722.834671912,5494165.812302485
NEW GLOUCESTER,40,1/3/2024 12:00:00 PM,1/3/2024 12:00:00 PM,,Assessing,Investigating,-7827563.289130687,5466791.2272642935
PARSONSFIELD,5,1/3/2024 11:15:00 AM,1/3/2024 11:15:00 AM,,Assessing,Investigating,-7886640.119832738,5421146.636403348
