BgName,NumOut,EtrMin,EtrMax,Desc,Status,Cause,x,y
SOUTH PORTLAND; CAPE ELIZABETH,20,9/25/2024 11:15:00 AM,9/25/2024 11:15:00 AM,,Investigating,Investigating,-7817864.287111485,5409028.828273688
PHIPPSBURG,7,9/25/2024 11:15:00 AM,9/25/2024 11:15:00 AM,,Assessing,Investigating,-7772177.467594063,5444670.651090026
DAMARISCOTTA,18,9/25/2024 10:00:00 AM,9/25/2024 10:00:00 AM,,Crew Assigned,Investigating,-7733019.912677275,5474497.2131119585
ACTON,445,9/25/2024 10:45:00 AM,9/25/2024 10:45:00 AM,,Assessing,Vehicle Accident,-7893999.8855525255,5396239.487940212
SANFORD,33,9/25/2024 11:30:00 AM,9/25/2024 11:30:00 AM,,Assessing,Investigating,-7876939.984344657,5374656.270177396
SAINT ALBANS,7,9/25/2024 10:45:00 AM,9/25/2024 10:45:00 AM,,Assessing,Investigating,-7733396.105813328,5606550.475618745
SOUTH PORTLAND,11,9/25/2024 11:30:00 AM,9/25/2024 11:30:00 AM,,Crew Assigned,Tree,-7817906.612693608,5409022.858276495
