BgName,NumOut,EtrMin,EtrMax,Desc,Status,Cause,x,y
GRAY,98,8/24/2022 10:30:00 PM,8/24/2022 10:30:00 PM,,Assessing,Investigating,-7835331.330101415,5444562.291627471
NEW PORTLAND,2,8/24/2022 11:45:00 PM,8/24/2022 11:45:00 PM,,Assessing,Investigating,-7792670.239189346,5602357.119790412
RANGELEY PLT,1,8/24/2022 10:30:00 PM,8/24/2022 10:30:00 PM,,Assessing,Investigating,-7874583.8070803825,5602577.0880098725
WINDHAM,5,8/24/2022 11:00:00 PM,8/24/2022 11:00:00 PM,,Assessing,Investigating,-7844581.400956688,5443268.948186237
