BgName,NumOut,EtrMin,EtrMax,Desc,Status,Cause,x,y
HARRISON,2,8/11/2023 6:30:00 PM,8/11/2023 6:30:00 PM,,Assessing,Investigating,-7866231.149450207,5486181.648418612
"BUCKFIELD,SUMNER",321,8/11/2023 5:00:00 PM,8/11/2023 5:00:00 PM,,Assessing,Investigating,-7833058.831813051,5510498.571385997
"BUXTON,SACO",283,8/11/2023 6:15:00 PM,8/11/2023 6:15:00 PM,,Assessing,Tree,-7851962.907314417,5404551.096968673
