BgName,NumOut,EtrMin,EtrMax,Desc,Status,Cause,x,y
STRONG,19,6/1/2021 8:15:00 AM,6/1/2021 8:15:00 AM,,Investigating,Investigating,-7817607.895589468,5591883.986210556
MANCHESTER,4,6/1/2021 7:45:00 AM,6/1/2021 7:45:00 AM,,Assessing,Investigating,-7775631.36622192,5514678.76012483
