BgName,NumOut,EtrMin,EtrMax,Desc,Status,Cause,x,y
"BOOTHBAY HBR,BOOTHBAY HARBOR",59,5/11/2023 6:45:00 PM,5/11/2023 6:45:00 PM,,Assessing,Investigating,-7753669.143924078,5443009.655867905
JEFFERSON,4,5/11/2023 6:00:00 PM,5/11/2023 6:00:00 PM,,Assessing,Investigating,-7738484.864814514,5494249.780910266
"TURNER,MINOT,AUBURN",23,5/11/2023 5:30:00 PM,5/11/2023 5:30:00 PM,,Assessing,Investigating,-7823806.579115275,5496302.400480242
SO PORTLAND,1,5/11/2023 7:00:00 PM,5/11/2023 7:00:00 PM,,Assessing,Investigating,-7828594.196598267,5408397.467791526
WELD,23,5/11/2023 5:45:00 PM,5/11/2023 5:45:00 PM,,Assessing,Investigating,-7839056.547862267,5580752.971065949
