BgName,NumOut,EtrMin,EtrMax,Desc,Status,Cause,x,y
EDGECOMB,20,6/19/2023 10:15:00 AM,6/19/2023 10:15:00 AM,,Assessing,Investigating,-7749151.5541283535,5465858.476492946
WARREN,12,6/19/2023 10:45:00 AM,6/19/2023 10:45:00 AM,,Assessing,Investigating,-7715304.272891274,5483565.455404804
NORWAY,18,6/19/2023 10:15:00 AM,6/19/2023 10:15:00 AM,,Crew Assigned,Investigating,-7852482.17932264,5498912.746566999
CAPE ELIZABETH,15,6/19/2023 11:00:00 AM,6/19/2023 11:00:00 AM,,Assessing,System Upgrade,-7816204.036714842,5406656.018901693
FALMOUTH,8,6/19/2023 2:00:00 PM,6/19/2023 2:00:00 PM,,Assessing,Vehicle Accident,-7826432.5168676935,5424564.723679473
