BgName,NumOut,EtrMin,EtrMax,Desc,Status,Cause,x,y
NEW SHARON,100,1/20/2022 11:30:00 PM,1/20/2022 11:30:00 PM,,Assessing,Investigating,-7792305.133565404,5564638.071977413
EDGECOMB,3,1/20/2022 11:45:00 PM,1/20/2022 11:45:00 PM,,Assessing,Investigating,-7754158.304022995,5464555.804861412
