BgName,NumOut,EtrMin,EtrMax,Desc,Status,Cause,x,y
PORTLAND,42,5/31/2023 9:45:00 AM,5/31/2023 9:45:00 AM,,Assessing,Investigating,-7825136.468483428,5412764.981553205
EUSTIS,2,5/31/2023 9:45:00 AM,5/31/2023 9:45:00 AM,,Assessing,Investigating,-7844803.472258329,5652130.52496981
