BgName,NumOut,EtrMin,EtrMax,Desc,Status,Cause,x,y
BRISTOL,2,9/27/2024 10:30:00 AM,9/27/2024 10:30:00 AM,,Repairs in Progress,Investigating,-7736291.058218959,5449309.330458704
CHINA,38,9/27/2024 11:30:00 AM,9/27/2024 11:30:00 AM,,Assessing,Investigating,-7737030.353235824,5529182.286832984
GRAY,15,9/27/2024 10:15:00 AM,9/27/2024 10:15:00 AM,,Assessing,Investigating,-7827026.662394404,5447574.024991954
JAY,11,9/27/2024 11:30:00 AM,9/27/2024 11:30:00 AM,,Assessing,Investigating,-7808987.427954644,5547476.417008716
GORHAM,47,9/27/2024 11:00:00 AM,9/27/2024 11:00:00 AM,,Crew Assigned,Investigating,-7843100.718180191,5419423.570003798
YORK,14,9/27/2024 11:30:00 AM,9/27/2024 11:30:00 AM,,Assessing,Investigating,-7860829.827645064,5340582.151937188
GORHAM,9594,9/27/2024 10:30:00 AM,9/27/2024 10:30:00 AM,,Assessing,Investigating,-7841428.3765477985,5417687.523764017
