BgName,NumOut,EtrMin,EtrMax,Desc,Status,Cause,x,y
BREMEN,16,3/28/2024 5:45:00 PM,3/28/2024 5:45:00 PM,,Crew Assigned,Investigating,-7727948.664278646,5463953.880866148
POLAND,61,3/28/2024 6:15:00 PM,3/28/2024 6:15:00 PM,,Assessing,Investigating,-7839680.638311346,5474459.555728133
