BgName,NumOut,EtrMin,EtrMax,Desc,Status,Cause,x,y
POLAND,39,5/5/2023 4:15:00 PM,5/5/2023 4:15:00 PM,,Assessing,Investigating,-7833035.554855251,5478211.892066734
POLAND,165,5/5/2023 4:15:00 PM,5/5/2023 4:15:00 PM,,Assessing,Investigating,-7832742.695608793,5478001.634116399
