BgName,NumOut,EtrMin,EtrMax,Desc,Status,Cause,x,y
LEWISTON,102,8/6/2022 7:45:00 PM,8/6/2022 7:45:00 PM,,Assessing,Investigating,-7810981.393734873,5473141.506648212
"CASCO,OTISFIELD",213,8/6/2022 7:15:00 PM,8/6/2022 7:15:00 PM,,Assessing,Investigating,-7850886.8597139185,5467654.897203891
RAYMOND,8,8/6/2022 3:15:00 PM,8/6/2022 3:15:00 PM,,Assessing,Investigating,-7847914.540298426,5442882.250959374
PALMYRA,2,8/6/2022 8:00:00 PM,8/6/2022 8:00:00 PM,,Assessing,Investigating,-7720021.146879207,5598636.381203963
