BgName,NumOut,EtrMin,EtrMax,Desc,Status,Cause,x,y
UNION,11,7/15/2023 4:00:00 PM,7/15/2023 4:00:00 PM,,Assessing,Investigating,-7714680.983939443,5502123.791611992
BREMEN,1,Assessing,Assessing,,Assessing,Investigating,-7726112.282308398,5468181.522065586
TURNER,68,7/15/2023 3:45:00 PM,7/15/2023 3:45:00 PM,,Assessing,Investigating,-7821783.425259941,5499372.672021233
WATERFORD,2,7/15/2023 3:15:00 PM,7/15/2023 3:15:00 PM,,Assessing,Investigating,-7865702.971872483,5491032.6368708275
