BgName,NumOut,EtrMin,EtrMax,Desc,Status,Cause,x,y
CHINA,189,10/8/2022 4:00:00 AM,10/8/2022 4:00:00 AM,,Assessing,Vehicle Accident,-7738985.145762861,5528878.305882121
ROME,2,10/8/2022 1:15:00 AM,10/8/2022 1:15:00 AM,,Assessing,Investigating,-7783565.5182486065,5555230.382900741
