BgName,NumOut,EtrMin,EtrMax,Desc,Status,Cause,x,y
CUMBERLAND,13,6/15/2023 6:15:00 AM,6/15/2023 6:15:00 AM,,Investigating,Investigating,-7826476.637959833,5438822.048346721
"TOPSHAM,BOWDOIN",148,6/15/2023 6:45:00 AM,6/15/2023 6:45:00 AM,,Assessing,Vehicle Accident,-7790019.844558246,5464464.974463375
CUMBERLAND,149,6/15/2023 5:45:00 AM,6/15/2023 5:45:00 AM,,Assessing,Vehicle Accident,-7827191.148030754,5436939.124767649
CUMBERLAND,4,6/15/2023 5:45:00 AM,6/15/2023 5:45:00 AM,,Assessing,Vehicle Accident,-7825949.189898775,5437541.5513552055
