BgName,NumOut,EtrMin,EtrMax,Desc,Status,Cause,x,y
BRIDGTON,13,9/26/2022 2:00:00 PM,9/26/2022 2:00:00 PM,,Crew Assigned,Investigating,-7871127.893496854,5468701.597807942
"CASCO,OTISFIELD",330,9/26/2022 2:45:00 PM,9/26/2022 2:45:00 PM,,Crew Assigned,Investigating,-7850550.819627904,5466415.719731163
"CUMBERLAND,FALMOUTH,YARMOUTH",2186,9/26/2022 2:45:00 PM,9/26/2022 2:45:00 PM,,Assessing,Investigating,-7814392.890895651,5432475.023851206
DENMARK,2,9/26/2022 4:00:00 PM,9/26/2022 4:00:00 PM,,Crew Assigned,Investigating,-7881365.858067204,5470137.206818804
