BgName,NumOut,EtrMin,EtrMax,Desc,Status,Cause,x,y
GRAY,2,5/29/2024 7:30:00 PM,5/29/2024 7:30:00 PM,,Repairs in Progress,Investigating,-7824662.848581262,5448549.7328757495
CORINNA,12,5/29/2024 9:00:00 PM,5/29/2024 9:00:00 PM,,Assessing,Investigating,-7704232.636752554,5617887.910034696
