BgName,NumOut,EtrMin,EtrMax,Desc,Status,Cause,x,y
LEWISTON,18,6/4/2022 12:30:00 PM,6/4/2022 12:30:00 PM,,Assessing,Investigating,-7813873.229251244,5482523.134732698
CUMBERLAND,15,6/4/2022 12:30:00 PM,6/4/2022 12:30:00 PM,,Assessing,Investigating,-7826543.569187173,5438800.097338203
