BgName,NumOut,EtrMin,EtrMax,Desc,Status,Cause,x,y
NEW SHARON,1,5/25/2021 11:30:00 PM,5/25/2021 11:30:00 PM,,Assessing,Investigating,-7792802.197312201,5565835.174410767
HOLLIS,1,5/25/2021 11:30:00 PM,5/25/2021 11:30:00 PM,,Assessing,Investigating,-7860491.605616436,5415724.924476373
