BgName,NumOut,EtrMin,EtrMax,Desc,Status,Cause,x,y
"STONEHAM,LOVELL,STOW",86,9/22/2022 7:30:00 AM,9/22/2022 7:30:00 AM,,Crew Assigned,Investigating,-7894593.841767306,5494318.070951743
ROCKWOOD,92,9/22/2022 7:30:00 AM,9/22/2022 7:30:00 AM,,Assessing,Investigating,-7767738.157630078,5729113.762678591
STRONG,16,9/22/2022 7:30:00 AM,9/22/2022 7:30:00 AM,,Assessing,Investigating,-7815330.134209244,5589940.566694353
