BgName,NumOut,EtrMin,EtrMax,Desc,Status,Cause,x,y
FRYEBURG,1,4/2/2022 2:45:00 PM,4/2/2022 2:45:00 PM,,Assessing,Investigating,-7901279.979882763,5461888.721228247
RAYMOND,42,4/2/2022 3:45:00 PM,4/2/2022 3:45:00 PM,,Assessing,Investigating,-7841093.40505805,5454658.195068946
SO BERWICK,2,4/2/2022 3:00:00 PM,4/2/2022 3:00:00 PM,,Repairs in Progress,Investigating,-7878575.223141625,5345193.722189797
SO BRISTOL,6,4/2/2022 3:45:00 PM,4/2/2022 3:45:00 PM,,Crew Assigned,Investigating,-7742762.8729062695,5440997.209597342
