BgName,NumOut,EtrMin,EtrMax,Desc,Status,Cause,x,y
BUCKSPORT,20,4/1/2022 12:00:00 AM,4/1/2022 12:00:00 AM,,Investigating,Investigating,-7662527.066815322,5563603.919697169
BUCKSPORT,208,4/1/2022 12:00:00 AM,4/1/2022 12:00:00 AM,,Investigating,Investigating,-7660583.422368204,5559053.633978341
WOOLWICH,5,3/31/2022 11:45:00 PM,3/31/2022 11:45:00 PM,,Assessing,Equipment Interruption,-7768197.740117815,5460363.023687442
WISCASSET,8,3/31/2022 11:45:00 PM,3/31/2022 11:45:00 PM,,Assessing,Investigating,-7760179.764553392,5461304.574752889
PARSONSFIELD,5,3/31/2022 11:00:00 PM,3/31/2022 11:00:00 PM,,Assessing,Investigating,-7889990.7696769135,5423334.060739627
WALES,8,3/31/2022 11:00:00 PM,3/31/2022 11:00:00 PM,,Assessing,Investigating,-7802653.05943387,5487071.4381486
