BgName,NumOut,EtrMin,EtrMax,Desc,Status,Cause,x,y
"NEWCASTLE,JEFFERSON",317,7/18/2021 4:30:00 PM,7/18/2021 4:30:00 PM,,Assessing,Tree,-7740841.865800917,5477589.655304516
WATERBORO,2,7/18/2021 5:30:00 PM,7/18/2021 5:30:00 PM,,Assessing,Investigating,-7873255.331394806,5411181.582353097
