BgName,NumOut,EtrMin,EtrMax,Desc,Status,Cause,x,y
PORTLAND,14,7/16/2023 4:30:00 AM,7/16/2023 4:30:00 AM,,Investigating,Investigating,-7821872.59037741,5412661.467036583
PORTLAND,45,7/16/2023 4:15:00 AM,7/16/2023 4:15:00 AM,,Investigating,Investigating,-7821601.542347903,5412715.427676064
