BgName,NumOut,EtrMin,EtrMax,Desc,Status,Cause,x,y
LEVANT,5,10/6/2024 12:15:00 PM,10/6/2024 12:15:00 PM,,Crew Assigned,Investigating,-7676138.525002717,5601877.50339162
CUSHING,2,10/6/2024 1:15:00 PM,10/6/2024 1:15:00 PM,,Crew Assigned,Investigating,-7711098.455614804,5462431.181686044
LIMERICK,7,10/6/2024 1:30:00 PM,10/6/2024 1:30:00 PM,,Crew Assigned,Investigating,-7877861.041738632,5421185.600873257
