BgName,NumOut,EtrMin,EtrMax,Desc,Status,Cause,x,y
LINCOLNVILLE,7,4/28/2022 2:00:00 AM,4/28/2022 2:00:00 AM,,Assessing,Investigating,-7696014.542161344,5506585.766778919
WINTERPORT,4,4/28/2022 12:45:00 AM,4/28/2022 12:45:00 AM,,Assessing,Investigating,-7662781.110008466,5569907.458890501
EDGECOMB,6,4/28/2022 8:30:00 AM,4/28/2022 8:30:00 AM,,Assessing,Equipment Interruption,-7753470.193705742,5463556.843869278
