BgName,NumOut,EtrMin,EtrMax,Desc,Status,Cause,x,y
LEVANT,29,7/1/2024 3:30:00 PM,7/1/2024 3:30:00 PM,,Repairs in Progress,Investigating,-7673588.86333891,5600883.367473323
PORTER,8,7/1/2024 5:00:00 PM,7/1/2024 5:00:00 PM,,Crew Assigned,Investigating,-7892200.127681772,5435268.541139163
LEBANON,16,7/1/2024 4:45:00 PM,7/1/2024 4:45:00 PM,,Crew Assigned,Investigating,-7898237.696044364,5370331.421322576
