BgName,NumOut,EtrMin,EtrMax,Desc,Status,Cause,x,y
FREEPORT,9,9/29/2022 6:00:00 PM,9/29/2022 6:00:00 PM,,Assessing,Investigating,-7805161.5440012505,5441632.26931663
CLINTON,1,9/29/2022 6:30:00 PM,9/29/2022 6:30:00 PM,,Assessing,Investigating,-7746329.282186159,5567123.822009141
