BgName,NumOut,EtrMin,EtrMax,Desc,Status,Cause,x,y
"VASSALBORO,CHINA",1017,Assessing,Assessing,,Assessing,Investigating,-7752349.284383997,5533267.698773856
VIENNA,77,7/15/2022 4:00:00 PM,7/15/2022 4:00:00 PM,,Assessing,Investigating,-7792536.756059299,5543670.923586856
BELFAST,1,7/15/2022 5:00:00 PM,7/15/2022 5:00:00 PM,,Assessing,Investigating,-7691793.496236898,5531985.086975022
NEWPORT,1,7/15/2022 4:00:00 PM,7/15/2022 4:00:00 PM,,Crew Assigned,Investigating,-7709693.035892863,5597335.958643703
