BgName,NumOut,EtrMin,EtrMax,Desc,Status,Cause,x,y
GREENVILLE,3,9/7/2024 6:15:00 AM,9/7/2024 6:15:00 AM,,Investigating,Investigating,-7742530.962089609,5696380.139154212
HARTFORD,17,9/7/2024 7:00:00 AM,9/7/2024 7:00:00 AM,,Crew Assigned,Investigating,-7825369.304335639,5521177.318851465
TOMHEGAN,17,9/7/2024 6:45:00 AM,9/7/2024 6:45:00 AM,,Repairs in Progress,Investigating,-7770208.236903974,5737496.335266705
