BgName,NumOut,EtrMin,EtrMax,Desc,Status,Cause,x,y
WATERFORD,57,9/16/2024 12:15:00 PM,9/16/2024 12:15:00 PM,,Repairs in Progress,Investigating,-7877459.768426134,5500707.302550263
WELLS,1,9/16/2024 12:15:00 PM,9/16/2024 12:15:00 PM,,Crew Assigned,Investigating,-7865924.586763187,5358470.972561153
