BgName,NumOut,EtrMin,EtrMax,Desc,Status,Cause,x,y
BLANCHARD,27,3/22/2022 9:00:00 AM,3/22/2022 9:00:00 AM,,Assessing,Tree,-7746035.020269454,5664085.347335913
JEFFERSON,1,3/23/2022 12:00:00 AM,3/23/2022 12:00:00 AM,,Assessing,Tree,-7735664.073429751,5490784.81001476
