BgName,NumOut,EtrMin,EtrMax,Desc,Status,Cause,x,y
"PHIPPSBURG,WEST BATH",3148,4/24/2023 4:00:00 AM,4/24/2023 4:00:00 AM,,Assessing,Investigating,-7771928.34571017,5450631.6738032065
WALES,66,4/24/2023 3:30:00 AM,4/24/2023 3:30:00 AM,,Assessing,Investigating,-7795266.365568899,5486169.550418064
