BgName,NumOut,EtrMin,EtrMax,Desc,Status,Cause,x,y
"CARTHAGE,WELD",260,9/7/2021 9:00:00 PM,9/7/2021 9:00:00 PM,,Assessing,Investigating,-7844786.0729804,5562079.1037686085
VIENNA,17,9/7/2021 10:00:00 PM,9/7/2021 10:00:00 PM,,Assessing,Investigating,-7791143.047147227,5548446.755455744
PARKMAN,1,9/7/2021 9:00:00 PM,9/7/2021 9:00:00 PM,,Assessing,Investigating,-7731802.890159913,5644335.87040464
CUSHING,3,9/7/2021 8:15:00 PM,9/7/2021 8:15:00 PM,,Assessing,Investigating,-7704411.104141026,5472092.998703581
DRESDEN,2,9/7/2021 8:00:00 PM,9/7/2021 8:00:00 PM,,Assessing,Investigating,-7764539.113703826,5469361.564824429
