BgName,NumOut,EtrMin,EtrMax,Desc,Status,Cause,x,y
DURHAM,389,2/5/2023 1:30:00 AM,2/5/2023 1:30:00 AM,,Assessing,Investigating,-7800679.108860024,5456530.237646157
ACTON,13,2/5/2023 1:00:00 AM,2/5/2023 1:00:00 AM,,Assessing,Investigating,-7899460.151043212,5403612.404527305
GORHAM,1,2/5/2023 12:45:00 AM,2/5/2023 12:45:00 AM,,Assessing,Investigating,-7849481.551316599,5421270.599370842
