BgName,NumOut,EtrMin,EtrMax,Desc,Status,Cause,x,y
ATHENS,25,6/15/2021 5:30:00 AM,6/15/2021 5:30:00 AM,,Investigating,Investigating,-7752116.7410592595,5615132.546024044
WAYNE,39,6/15/2021 6:30:00 AM,6/15/2021 6:30:00 AM,,Investigating,Investigating,-7799817.786437414,5511115.836555716
SCARBOROUGH,48,6/15/2021 5:15:00 AM,6/15/2021 5:15:00 AM,,Assessing,Investigating,-7831998.313296855,5395969.210621239
ATHENS,1,6/15/2021 5:30:00 AM,6/15/2021 5:30:00 AM,,Assessing,Investigating,-7750695.633375155,5620009.6124584265
