BgName,NumOut,EtrMin,EtrMax,Desc,Status,Cause,x,y
AUBURN,8,2/26/2022 4:00:00 AM,2/26/2022 4:00:00 AM,,Assessing,Investigating,-7817472.166144741,5482437.134027034
AUBURN,74,2/26/2022 4:00:00 AM,2/26/2022 4:00:00 AM,,Assessing,Investigating,-7817786.810679124,5482287.537878926
RUMFORD,10,2/26/2022 3:45:00 AM,2/26/2022 3:45:00 AM,,Assessing,Investigating,-7853144.597077904,5548679.209246814
