BgName,NumOut,EtrMin,EtrMax,Desc,Status,Cause,x,y
CHESTERVILLE,19,6/29/2023 11:30:00 PM,6/29/2023 11:30:00 PM,,Investigating,Investigating,-7806839.793547357,5557460.686050974
CHESTERVILLE,30,6/29/2023 11:30:00 PM,6/29/2023 11:30:00 PM,,Investigating,Investigating,-7805598.4944531545,5557623.319740135
JAY,5,6/29/2023 8:45:00 PM,6/29/2023 8:45:00 PM,,Investigating,Investigating,-7816935.192920577,5552819.26653118
WILTON; FARMINGTON,29,6/29/2023 11:30:00 PM,6/29/2023 11:30:00 PM,,Investigating,Investigating,-7807327.18947134,5558050.512075179
"LIVERMORE FALLS,JAY,LIVERMR FL",845,Assessing,Assessing,,Assessing,Fire/Emergency,-7811491.871598341,5539778.824850866
JAY,65,6/29/2023 9:30:00 PM,6/29/2023 9:30:00 PM,,Assessing,Investigating,-7814219.588689437,5539803.147624981
JAY,85,6/29/2023 7:30:00 PM,6/29/2023 7:30:00 PM,,Assessing,Investigating,-7809512.399543365,5546298.904764973
CHESTERVILLE,75,6/29/2023 8:30:00 PM,6/29/2023 8:30:00 PM,,Assessing,Investigating,-7805545.440360811,5552333.628998544
