BgName,NumOut,EtrMin,EtrMax,Desc,Status,Cause,x,y
FREEPORT,29,2/20/2024 4:30:00 PM,2/20/2024 4:30:00 PM,,Repairs in Progress,Investigating,-7802458.617662595,5447554.826551723
SHAPLEIGH,90,2/20/2024 5:45:00 PM,2/20/2024 5:45:00 PM,,Crew Assigned,Investigating,-7890958.559085868,5399211.183708029
