BgName,NumOut,EtrMin,EtrMax,Desc,Status,Cause,x,y
JAY,4,4/20/2024 7:15:00 PM,4/20/2024 7:15:00 PM,,Assessing,Investigating,-7820695.900611255,5544335.281644809
"SUMNER,BUCKFIELD,HARTFORD,TURNER,HEBRON",1335,4/20/2024 6:15:00 PM,4/20/2024 6:15:00 PM,,Assessing,Investigating,-7822281.067954853,5507192.535487395
TURNER,1295,4/20/2024 6:15:00 PM,4/20/2024 6:15:00 PM,,Assessing,Investigating,-7822280.010370919,5507191.820369614
TURNER,256,4/20/2024 6:15:00 PM,4/20/2024 6:15:00 PM,,Assessing,Investigating,-7822292.800989602,5507204.194920981
"CASTINE,PENOBSCOT,BUCKSPORT,ORLAND",4366,4/20/2024 5:45:00 PM,4/20/2024 5:45:00 PM,,Crew Assigned,Investigating,-7659486.041986341,5554890.1655449495
