BgName,NumOut,EtrMin,EtrMax,Desc,Status,Cause,x,y
GREENE,57,8/7/2021 6:30:00 PM,8/7/2021 6:30:00 PM,,Assessing,Investigating,-7809542.043929297,5500806.617620194
LEWISTON,4,8/7/2021 6:30:00 PM,8/7/2021 6:30:00 PM,,Assessing,Investigating,-7814102.80345214,5482243.150950112
POLAND,5,8/7/2021 7:00:00 PM,8/7/2021 7:00:00 PM,,Assessing,Investigating,-7843380.497383965,5471534.419523015
