BgName,NumOut,EtrMin,EtrMax,Desc,Status,Cause,x,y
NOBLEBORO,3,5/24/2021 1:00:00 AM,5/24/2021 1:00:00 AM,,Assessing,Investigating,-7732904.7082096,5485325.90939896
WOOLWICH,14,5/24/2021 1:00:00 AM,5/24/2021 1:00:00 AM,,Assessing,Investigating,-7772018.94863722,5464974.843327099
WINSLOW,59,5/24/2021 2:00:00 AM,5/24/2021 2:00:00 AM,,Assessing,Investigating,-7742614.806851108,5547252.972362995
