BgName,NumOut,EtrMin,EtrMax,Desc,Status,Cause,x,y
BRISTOL,128,8/31/2022 7:45:00 PM,8/31/2022 7:45:00 PM,,Assessing,Investigating,-7734753.724924032,5447134.68193519
BRISTOL,119,8/31/2022 7:45:00 PM,8/31/2022 7:45:00 PM,,Assessing,Investigating,-7733806.629781641,5454798.330033553
POLAND,1,8/31/2022 9:45:00 PM,8/31/2022 9:45:00 PM,,Assessing,Investigating,-7837585.004316844,5476158.023312609
SCARBOROUGH,8,8/31/2022 8:45:00 PM,8/31/2022 8:45:00 PM,,Assessing,Investigating,-7825030.737320812,5402719.256924808
SO PORTLAND,10,8/31/2022 7:45:00 PM,8/31/2022 7:45:00 PM,,Assessing,Investigating,-7822228.358147925,5409508.025801839
NEW SHARON,7,8/31/2022 7:30:00 PM,8/31/2022 7:30:00 PM,,Assessing,Investigating,-7797661.070463611,5570427.5261525
BELGRADE,164,8/31/2022 8:00:00 PM,8/31/2022 8:00:00 PM,,Assessing,Vehicle Accident,-7769255.64260545,5547907.395175009
