BgName,NumOut,EtrMin,EtrMax,Desc,Status,Cause,x,y
HOPE,1,Assessing,Assessing,,Assessing,Investigating,-7698755.294745256,5509195.257213389
LINCOLNVILLE,7,2/6/2024 8:45:00 AM,2/6/2024 8:45:00 AM,,Assessing,Investigating,-7683237.613803119,5506255.832297784
NEW GLOUCESTER,10,2/6/2024 9:15:00 AM,2/6/2024 9:15:00 AM,,Crew Assigned,Investigating,-7826736.430188831,5467773.497751099
BRIDGTON,18,2/6/2024 9:45:00 AM,2/6/2024 9:45:00 AM,,Assessing,Investigating,-7886086.884203339,5478162.47287883
