BgName,NumOut,EtrMin,EtrMax,Desc,Status,Cause,x,y
DURHAM,2,Assessing,Assessing,,Assessing,Animal,-7808410.125082745,5458591.115688136
SANFORD,1,7/6/2024 11:15:00 AM,7/6/2024 11:15:00 AM,,Assessing,Investigating,-7874625.451700191,5375775.60180497
ACTON,3,7/6/2024 9:30:00 AM,7/6/2024 9:30:00 AM,,Crew Assigned,Investigating,-7897728.142215324,5404645.674047353
