BgName,NumOut,EtrMin,EtrMax,Desc,Status,Cause,x,y
POLAND,5,3/16/2021 2:30:00 PM,3/16/2021 2:30:00 PM,,Assessing,Investigating,-7834115.509829932,5469675.898058244
POLAND,20,3/16/2021 3:00:00 PM,3/16/2021 3:00:00 PM,,Assessing,Investigating,-7842699.144231136,5473258.505386862
