BgName,NumOut,EtrMin,EtrMax,Desc,Status,Cause,x,y
BETHEL,1,9/7/2022 8:45:00 AM,9/7/2022 8:45:00 AM,,Assessing,Investigating,-7876470.672465181,5530618.226489633
LOVELL,10,9/7/2022 8:15:00 AM,9/7/2022 8:15:00 AM,,Crew Assigned,Investigating,-7894191.065572378,5489395.443269301
TURNER,8,9/7/2022 9:15:00 AM,9/7/2022 9:15:00 AM,,Crew Assigned,Investigating,-7821533.234679679,5518822.711990765
LEEDS,67,9/7/2022 8:45:00 AM,9/7/2022 8:45:00 AM,,Assessing,Investigating,-7810022.94408147,5511387.448371573
