BgName,NumOut,EtrMin,EtrMax,Desc,Status,Cause,x,y
BOWDOINHAM,33,8/9/2021 2:45:00 PM,8/9/2021 2:45:00 PM,,Assessing,Investigating,-7782041.031234678,5467238.182132936
"JAY,DIXFIELD,WILTON,CARTHAGE,CANTON",1544,8/9/2021 1:15:00 PM,8/9/2021 1:15:00 PM,,Assessing,Investigating,-7819940.052463692,5544294.07302
PORTLAND,25,8/9/2021 2:15:00 PM,8/9/2021 2:15:00 PM,,Assessing,Investigating,-7826970.279075098,5417852.669372036
SHIRLEY,2,8/9/2021 2:00:00 PM,8/9/2021 2:00:00 PM,,Assessing,Investigating,-7747395.299858479,5683424.1377656525
STONEHAM,1,8/9/2021 1:00:00 PM,8/9/2021 1:00:00 PM,,Assessing,Investigating,-7893792.230189056,5505338.840226392
