BgName,NumOut,EtrMin,EtrMax,Desc,Status,Cause,x,y
WINDSOR,10,5/1/2021 2:45:00 PM,5/1/2021 2:45:00 PM,,Assessing,Investigating,-7744909.546738222,5513463.008240431
"NAPLES,BRIDGTON",3,5/1/2021 3:30:00 PM,5/1/2021 3:30:00 PM,,Assessing,Investigating,-7860454.54733089,5460954.147986242
"NAPLES,BRIDGTON",278,5/1/2021 3:00:00 PM,5/1/2021 3:00:00 PM,,Assessing,Investigating,-7860600.131007103,5460867.900748807
ACTON,188,5/1/2021 3:45:00 PM,5/1/2021 3:45:00 PM,,Assessing,Investigating,-7894323.647093102,5399046.386284467
SO BERWICK,2,5/1/2021 3:15:00 PM,5/1/2021 3:15:00 PM,,Crew Assigned,Investigating,-7880891.581329734,5344824.617223347
LEBANON,22,5/1/2021 2:15:00 PM,5/1/2021 2:15:00 PM,,Crew Assigned,Investigating,-7895432.044207841,5365223.194782856
"MAGALLOWAY PLT,DAVIS,RANGELEY PLT,STETSONTOWN,LINCOLN PLT,RANGLEY,ADAMSTOWN,LOWER CUPSUPTIC,RANGELY",1900,5/1/2021 3:30:00 PM,5/1/2021 3:30:00 PM,,Assessing,Investigating,-7863420.4102185005,5615573.586893778
