BgName,NumOut,EtrMin,EtrMax,Desc,Status,Cause,x,y
BATH,31,11/7/2023 2:15:00 PM,11/7/2023 2:15:00 PM,,Assessing,Investigating,-7772228.774730747,5455413.7371108215
CHINA,6,11/7/2023 3:15:00 PM,11/7/2023 3:15:00 PM,,Assessing,Investigating,-7739247.626001002,5535011.202400176
