BgName,NumOut,EtrMin,EtrMax,Desc,Status,Cause,x,y
BOWDOIN,1,9/22/2023 11:30:00 PM,9/22/2023 11:30:00 PM,,Assessing,Vehicle Accident,-7784331.251662408,5468253.240506836
BOWDOINHAM,31,9/22/2023 11:30:00 PM,9/22/2023 11:30:00 PM,,Assessing,Investigating,-7784331.485424096,5468255.34571298
