BgName,NumOut,EtrMin,EtrMax,Desc,Status,Cause,x,y
 ,1,7/24/2021 1:45:00 PM,7/24/2021 1:45:00 PM,,Assessing,Investigating,-7819020.408752287,5450037.875728557
VIENNA,14,7/24/2021 12:30:00 PM,7/24/2021 12:30:00 PM,,Assessing,Investigating,-7796039.713206576,5551132.1809824705
NEW VINEYARD,1,7/24/2021 12:45:00 PM,7/24/2021 12:45:00 PM,,Assessing,Investigating,-7805367.373720964,5590535.931181987
MERCER,1,7/24/2021 1:15:00 PM,7/24/2021 1:15:00 PM,,Assessing,Investigating,-7785632.086705183,5570675.055128569
