BgName,NumOut,EtrMin,EtrMax,Desc,Status,Cause,x,y
GR CHEB IS,32,7/14/2021 10:00:00 PM,7/14/2021 10:00:00 PM,,Assessing,Investigating,-7804889.635007921,5423956.766318592
LIVERMR FL,6,7/16/2021 12:00:00 AM,7/16/2021 12:00:00 AM,,Assessing,Investigating,-7812894.5639670985,5539112.568280104
