BgName,NumOut,EtrMin,EtrMax,Desc,Status,Cause,x,y
WALDOBORO,73,2/15/2022 1:30:00 PM,2/15/2022 1:30:00 PM,,Assessing,Investigating,-7725708.860490715,5484636.878531466
SCARBOROUGH,87,2/15/2022 3:15:00 PM,2/15/2022 3:15:00 PM,,Assessing,Investigating,-7843635.352285788,5405005.281668161
