BgName,NumOut,EtrMin,EtrMax,Desc,Status,Cause,x,y
"SANFORD,LEBANON",177,9/6/2023 11:30:00 PM,9/6/2023 11:30:00 PM,,Crew Assigned,Investigating,-7881857.200008623,5376091.790136305
SANFORD,24,9/6/2023 11:30:00 PM,9/6/2023 11:30:00 PM,,Assessing,Investigating,-7882220.802850252,5373965.101699055
DALLAS PLT,23,9/8/2023 12:00:00 AM,9/8/2023 12:00:00 AM,,Assessing,Investigating,-7861650.497158051,5618085.249376499
