BgName,NumOut,EtrMin,EtrMax,Desc,Status,Cause,x,y
SO THOMASTON,2,8/29/2021 11:00:00 AM,8/29/2021 11:00:00 AM,,Assessing,Investigating,-7694908.827849923,5474673.481368882
"WALDOBORO,JEFFERSON",141,8/29/2021 10:45:00 AM,8/29/2021 10:45:00 AM,,Assessing,Investigating,-7727494.213535733,5488427.810479714
POLAND,2,8/29/2021 12:00:00 PM,8/29/2021 12:00:00 PM,,Assessing,Investigating,-7830014.277132512,5468811.774808546
CUMBERLAND,5,8/29/2021 11:30:00 AM,8/29/2021 11:30:00 AM,,Assessing,Investigating,-7820295.328583821,5430280.081228179
NEWFIELD,1,8/29/2021 11:00:00 AM,8/29/2021 11:00:00 AM,,Crew Assigned,Investigating,-7892225.519607216,5411115.506863106
ELIOT,8,8/29/2021 11:45:00 AM,8/29/2021 11:45:00 AM,,Crew Assigned,Investigating,-7878315.336607052,5327281.198925292
CORNVILLE,4,8/29/2021 11:30:00 AM,8/29/2021 11:30:00 AM,,Assessing,Investigating,-7755111.933580455,5606976.019800663
