BgName,NumOut,EtrMin,EtrMax,Desc,Status,Cause,x,y
NEW GLOUCESTER,146,5/8/2021 10:00:00 AM,5/8/2021 10:00:00 AM,,Assessing,Investigating,-7823675.188727987,5459785.423373948
SACO,2,5/8/2021 10:15:00 AM,5/8/2021 10:15:00 AM,,Assessing,Investigating,-7840224.523072752,5387871.650304187
YORK,42,5/8/2021 9:45:00 AM,5/8/2021 9:45:00 AM,,Assessing,Investigating,-7867378.808917875,5337678.436304606
SO THOMASTON,4,5/8/2021 9:15:00 AM,5/8/2021 9:15:00 AM,,Assessing,Investigating,-7695207.453551737,5467145.653565581
