BgName,NumOut,EtrMin,EtrMax,Desc,Status,Cause,x,y
BATH,2,7/5/2021 8:00:00 AM,7/5/2021 8:00:00 AM,,Assessing,Investigating,-7776206.175602435,5458307.376880558
LISBON,31,7/5/2021 8:15:00 AM,7/5/2021 8:15:00 AM,,Assessing,Investigating,-7798268.207033368,5465923.583993653
CHINA,64,7/5/2021 7:30:00 AM,7/5/2021 7:30:00 AM,,Assessing,Investigating,-7747074.777644219,5525607.135088433
UNION,12,7/5/2021 8:15:00 AM,7/5/2021 8:15:00 AM,,Assessing,Investigating,-7714680.983939443,5502123.791611992
LOVELL,18,7/5/2021 9:30:00 AM,7/5/2021 9:30:00 AM,,Assessing,Investigating,-7890821.3577934615,5499261.365741854
