BgName,NumOut,EtrMin,EtrMax,Desc,Status,Cause,x,y
HARPSWELL,1901,6/29/2024 7:00:00 PM,6/29/2024 7:00:00 PM,,Assessing,Investigating,-7782655.225405195,5441635.773076692
HARPSWELL,71,6/29/2024 7:00:00 PM,6/29/2024 7:00:00 PM,,Assessing,Investigating,-7784224.607577798,5435623.543935669
CAPE ELIZABETH,50,6/29/2024 5:45:00 PM,6/29/2024 5:45:00 PM,,Repairs in Progress,Investigating,-7820307.651679129,5400007.802391654
PORTLAND,10,6/29/2024 7:00:00 PM,6/29/2024 7:00:00 PM,,Assessing,Investigating,-7821175.73216717,5417894.83750361
HOLLIS,2,6/29/2024 6:45:00 PM,6/29/2024 6:45:00 PM,,Repairs in Progress,Investigating,-7859478.876498931,5409615.851090493
