BgName,NumOut,EtrMin,EtrMax,Desc,Status,Cause,x,y
WAYNE,6,5/30/2022 10:30:00 AM,5/30/2022 10:30:00 AM,,Assessing,Investigating,-7798283.8473421885,5521029.298426921
WATERFORD,32,5/30/2022 10:15:00 AM,5/30/2022 10:15:00 AM,,Crew Assigned,Investigating,-7868123.091017625,5493784.726472282
NAPLES,1,5/30/2022 10:00:00 AM,5/30/2022 10:00:00 AM,,Crew Assigned,Investigating,-7858546.586930898,5455492.698769006
SCARBOROUGH,135,5/30/2022 8:45:00 AM,5/30/2022 8:45:00 AM,,Assessing,Investigating,-7828116.602647279,5403691.031231225
