BgName,NumOut,EtrMin,EtrMax,Desc,Status,Cause,x,y
"STARKS,INDUSTRY,NEW SHARON,SKOWHEGAN",406,1/19/2024 8:30:00 AM,1/19/2024 8:30:00 AM,,Assessing,Investigating,-7782065.911186982,5585358.673235172
STETSON,34,1/19/2024 9:30:00 AM,1/19/2024 9:30:00 AM,,Assessing,Investigating,-7694395.967819696,5598145.844920148
ANSON,38,1/19/2024 9:45:00 AM,1/19/2024 9:45:00 AM,,Assessing,Investigating,-7786422.655421298,5598429.275247804
