BgName,NumOut,EtrMin,EtrMax,Desc,Status,Cause,x,y
WESTBROOK,26,6/9/2023 11:00:00 AM,6/9/2023 11:00:00 AM,,Assessing,Investigating,-7832144.876469593,5417723.733379177
WYMAN,20,6/9/2023 11:15:00 AM,6/9/2023 11:15:00 AM,,Assessing,Investigating,-7835539.108002061,5639627.082985959
