BgName,NumOut,EtrMin,EtrMax,Desc,Status,Cause,x,y
ALBANY,19,2/10/2023 5:00:00 PM,2/10/2023 5:00:00 PM,,Assessing,Tree,-7880474.044210423,5522321.425508027
WOODSTOCK,96,2/10/2023 6:30:00 PM,2/10/2023 6:30:00 PM,,Assessing,Investigating,-7855830.213238374,5521283.365210572
SUMNER,4,2/10/2023 6:30:00 PM,2/10/2023 6:30:00 PM,,Assessing,Investigating,-7835398.700720646,5516930.518555119
STANDISH,14,2/10/2023 7:00:00 PM,2/10/2023 7:00:00 PM,,Assessing,Investigating,-7854870.360914728,5431448.009602667
"KINGFIELD,FREEMAN,SALEM,STRONG,FREEMAN TOWNSHIP",396,2/10/2023 6:45:00 PM,2/10/2023 6:45:00 PM,,Assessing,Investigating,-7810613.549645307,5614023.604765808
AUBURN,18,2/10/2023 6:45:00 PM,2/10/2023 6:45:00 PM,,Assessing,Investigating,-7817473.813689116,5480764.4126818795
