BgName,NumOut,EtrMin,EtrMax,Desc,Status,Cause,x,y
SO THOMASTON,13,3/27/2021 5:15:00 PM,3/27/2021 5:15:00 PM,,Assessing,Investigating,-7695725.389764585,5467703.06779424
NOBLEBORO,1,3/27/2021 3:45:00 PM,3/27/2021 3:45:00 PM,,Assessing,Investigating,-7732252.843468097,5485282.950044041
ALBANY,12,3/27/2021 12:00:00 PM,3/27/2021 12:00:00 PM,,Assessing,Tree,-7880741.400206822,5503670.335422021
SACO,1,3/27/2021 11:15:00 AM,3/27/2021 11:15:00 AM,,Assessing,Investigating,-7838666.139212406,5393092.169922117
STONEHAM,6,3/27/2021 11:00:00 AM,3/27/2021 11:00:00 AM,,Assessing,Tree,-7882500.303842572,5498105.7158412235
