BgName,NumOut,EtrMin,EtrMax,Desc,Status,Cause,x,y
TURNER,15,6/1/2024 12:15:00 PM,6/1/2024 12:15:00 PM,,Crew Assigned,Investigating,-7821805.04356093,5500374.84602581
"RUMFORD,BYRON,ROXBURY,MEXICO",926,6/1/2024 1:15:00 PM,6/1/2024 1:15:00 PM,,Repairs in Progress,Investigating,-7854654.82412826,5551216.550632221
NEW SHARON,5,6/1/2024 12:45:00 PM,6/1/2024 12:45:00 PM,,Repairs in Progress,Investigating,-7792716.047169899,5571654.372646378
