BgName,NumOut,EtrMin,EtrMax,Desc,Status,Cause,x,y
ANDOVER,3,7/27/2023 6:00:00 PM,7/27/2023 6:00:00 PM,,Investigating,Investigating,-7875204.894567747,5561495.133946859
RUMFORD,16,7/27/2023 6:00:00 PM,7/27/2023 6:00:00 PM,,Investigating,Investigating,-7868910.86150121,5550331.135318317
RUMFORD,10,7/27/2023 6:00:00 PM,7/27/2023 6:00:00 PM,,Assessing,Investigating,-7868982.343923476,5550375.49722531
BRIDGTON,205,7/27/2023 5:45:00 PM,7/27/2023 5:45:00 PM,,Crew Assigned,Investigating,-7874112.369020719,5475118.713297864
HEBRON,95,7/27/2023 5:45:00 PM,7/27/2023 5:45:00 PM,,Assessing,Investigating,-7833279.188695453,5492649.06091685
"BRIDGTON,SWEDEN",597,7/27/2023 5:45:00 PM,7/27/2023 5:45:00 PM,,Crew Assigned,Investigating,-7883302.883905009,5475573.231452209
PARSONSFIELD,42,7/27/2023 6:15:00 PM,7/27/2023 6:15:00 PM,,Assessing,Investigating,-7889645.27851072,5435442.685908671
PALMYRA,2,7/27/2023 5:00:00 PM,7/27/2023 5:00:00 PM,,Assessing,Investigating,-7719333.838159315,5597121.189153328
