BgName,NumOut,EtrMin,EtrMax,Desc,Status,Cause,x,y
"CARMEL,LEVANT",106,1/7/2022 9:45:00 PM,1/7/2022 9:45:00 PM,,Assessing,Investigating,-7679739.610301288,5594684.551412296
CUSHING,9,1/7/2022 9:00:00 PM,1/7/2022 9:00:00 PM,,Assessing,Investigating,-7715635.58198109,5460222.726509972
WINTERPORT,3,1/7/2022 9:30:00 PM,1/7/2022 9:30:00 PM,,Assessing,Investigating,-7662613.785694303,5569655.364696261
