BgName,NumOut,EtrMin,EtrMax,Desc,Status,Cause,x,y
"BIDDEFORD,KENNEBUNKPORT,ARUNDEL",2383,8/2/2022 2:00:00 AM,8/2/2022 2:00:00 AM,,Assessing,Vehicle Accident,-7844375.916323284,5367521.288767716
CARRABASSETT VAL,18,8/2/2022 1:30:00 AM,8/2/2022 1:30:00 AM,,Assessing,Investigating,-7826582.297241981,5633646.577582889
PITTSFIELD,4,8/2/2022 2:15:00 AM,8/2/2022 2:15:00 AM,,Assessing,Investigating,-7723494.392965914,5589627.266499505
