BgName,NumOut,EtrMin,EtrMax,Desc,Status,Cause,x,y
NORWAY,25,7/3/2023 12:45:00 PM,7/3/2023 12:45:00 PM,,Crew Assigned,Investigating,-7858325.194689448,5504223.216595315
BRIDGTON,18,7/3/2023 2:15:00 PM,7/3/2023 2:15:00 PM,,Crew Assigned,Investigating,-7883571.041498768,5474839.1259393515
