BgName,NumOut,EtrMin,EtrMax,Desc,Status,Cause,x,y
BOOTHBAY HBR,136,5/24/2022 12:00:00 PM,5/24/2022 12:00:00 PM,,Assessing,Fire/Emergency,-7752488.033008593,5442290.342047283
"SO BRISTOL,SOUTH BRISTOL",492,5/24/2022 10:45:00 AM,5/24/2022 10:45:00 AM,,Assessing,Investigating,-7743471.276741459,5445422.068633532
"FREEPORT,BRUNSWICK",191,5/24/2022 9:45:00 AM,5/24/2022 9:45:00 AM,,Assessing,Investigating,-7800621.233870844,5443849.526065754
UNITY,25,5/24/2022 10:00:00 AM,5/24/2022 10:00:00 AM,,Assessing,Investigating,-7717702.117000231,5559388.456226471
