BgName,NumOut,EtrMin,EtrMax,Desc,Status,Cause,x,y
BOWDOIN,2,11/7/2021 9:15:00 AM,11/7/2021 9:15:00 AM,,Assessing,Investigating,-7787765.224183623,5473449.2781557515
VIENNA,42,11/7/2021 8:45:00 AM,11/7/2021 8:45:00 AM,,Assessing,Investigating,-7792885.642426305,5545596.389031428
BRIDGTON,74,11/7/2021 9:15:00 AM,11/7/2021 9:15:00 AM,,Assessing,Investigating,-7871096.690666297,5463761.819965821
MINOT,28,11/7/2021 8:45:00 AM,11/7/2021 8:45:00 AM,,Assessing,Investigating,-7835235.673316737,5484987.730259434
SKOWHEGAN,37,11/7/2021 9:30:00 AM,11/7/2021 9:30:00 AM,,Assessing,Investigating,-7763072.457129209,5583842.40997268
