BgName,NumOut,EtrMin,EtrMax,Desc,Status,Cause,x,y
ROCKLAND,127,9/26/2024 5:00:00 PM,9/26/2024 5:00:00 PM,,Crew Assigned,Investigating,-7693331.675578943,5482540.809373537
"TOPSHAM,BOWDOIN",149,9/26/2024 3:45:00 PM,9/26/2024 3:45:00 PM,,Repairs in Progress,Investigating,-7790019.844558246,5464464.974463375
NEWRY,3,9/26/2024 5:30:00 PM,9/26/2024 5:30:00 PM,,Assessing,Investigating,-7881389.123812454,5542349.203914539
AUBURN,136,9/26/2024 4:15:00 PM,9/26/2024 4:15:00 PM,,Crew Assigned,Investigating,-7821417.763012876,5472242.273741189
NORWAY,19,9/26/2024 4:30:00 PM,9/26/2024 4:30:00 PM,,Crew Assigned,Investigating,-7857820.394181597,5499708.089936824
NORTH YARMOUTH,91,9/26/2024 4:45:00 PM,9/26/2024 4:45:00 PM,,Assessing,Investigating,-7819345.873499547,5437361.164877133
PORTLAND,20,9/26/2024 5:00:00 PM,9/26/2024 5:00:00 PM,,Assessing,Investigating,-7823977.220743061,5412053.238446604
