BgName,NumOut,EtrMin,EtrMax,Desc,Status,Cause,x,y
YARMOUTH,71,8/28/2023 8:30:00 AM,8/28/2023 8:30:00 AM,,Assessing,Investigating,-7812014.906218683,5433025.329210792
BATH,4,8/28/2023 10:15:00 AM,8/28/2023 10:15:00 AM,,Assessing,Investigating,-7771946.179074048,5455464.069695529
