BgName,NumOut,EtrMin,EtrMax,Desc,Status,Cause,x,y
KITTERY,1,7/2/2021 7:30:00 PM,7/2/2021 7:30:00 PM,,Crew Assigned,Investigating,-7871754.177000992,5327174.233771606
LEBANON,1,7/2/2021 7:15:00 PM,7/2/2021 7:15:00 PM,,Assessing,Investigating,-7890439.209190449,5373280.98646531
ELIOT,3,7/2/2021 7:30:00 PM,7/2/2021 7:30:00 PM,,Crew Assigned,Investigating,-7880304.627053396,5330899.984956202
