BgName,NumOut,EtrMin,EtrMax,Desc,Status,Cause,x,y
HIRAM,21,5/24/2024 2:15:00 PM,5/24/2024 2:15:00 PM,,Investigating,Investigating,-7890061.320656453,5446993.02405486
PARSONSFIELD,11,Assessing,Assessing,,Assessing,Investigating,-7896976.4462159565,5428620.892306881
"NEWFIELD,ACTON,WATERBORO,SHAPLEIGH",724,5/24/2024 2:00:00 PM,5/24/2024 2:00:00 PM,,Crew Assigned,Investigating,-7893415.892290945,5410016.692390868
SCARBOROUGH,693,5/24/2024 2:15:00 PM,5/24/2024 2:15:00 PM,,Repairs in Progress,Investigating,-7833048.868659624,5404180.746037726
BUCKSPORT,10,5/24/2024 1:45:00 PM,5/24/2024 1:45:00 PM,,Crew Assigned,Investigating,-7657891.189900993,5554575.479709001
SANGERVILLE,12,5/24/2024 2:15:00 PM,5/24/2024 2:15:00 PM,,Assessing,Investigating,-7718426.962741601,5636368.226789898
"TAUNTON-RAYNHAM,ROCKWOOD",64,5/24/2024 2:00:00 PM,5/24/2024 2:00:00 PM,,Crew Assigned,Investigating,-7770730.792888499,5725169.532302624
CANAAN,23,5/24/2024 1:30:00 PM,5/24/2024 1:30:00 PM,,Crew Assigned,Investigating,-7740284.522473082,5592956.668810411
