BgName,NumOut,EtrMin,EtrMax,Desc,Status,Cause,x,y
WISCASSET,9,8/9/2024 8:00:00 PM,8/9/2024 8:00:00 PM,,Investigating,Investigating,-7755908.477085155,5467237.70328706
WISCASSET,36,8/9/2024 8:00:00 PM,8/9/2024 8:00:00 PM,,Crew Assigned,Investigating,-7757525.885621726,5468361.182852712
"LYMAN,ARUNDEL",198,8/9/2024 8:00:00 PM,8/9/2024 8:00:00 PM,,Assessing,Investigating,-7856941.693804932,5389092.2299543405
