BgName,NumOut,EtrMin,EtrMax,Desc,Status,Cause,x,y
BOOTHBAY,1,8/18/2021 8:30:00 PM,8/18/2021 8:30:00 PM,,Assessing,Investigating,-7756770.393672915,5446964.377676369
HOPE,73,8/18/2021 8:45:00 PM,8/18/2021 8:45:00 PM,,Assessing,Investigating,-7699362.6427517105,5505888.0606451975
YARMOUTH,19,8/18/2021 9:00:00 PM,8/18/2021 9:00:00 PM,,Assessing,Investigating,-7808610.411096463,5427867.900112127
ST ALBANS,14,8/18/2021 9:00:00 PM,8/18/2021 9:00:00 PM,,Assessing,Vehicle Accident,-7721996.711660111,5608836.280193164
ST ALBANS,2,8/18/2021 9:00:00 PM,8/18/2021 9:00:00 PM,,Assessing,Vehicle Accident,-7722109.077550092,5607169.222788845
SANFORD,3,8/18/2021 7:45:00 PM,8/18/2021 7:45:00 PM,,Repairs in Progress,Investigating,-7880893.173211789,5381968.53181812
