BgName,NumOut,EtrMin,EtrMax,Desc,Status,Cause,x,y
"FRYEBURG,DENMARK",91,8/4/2023 9:45:00 AM,8/4/2023 9:45:00 AM,,Assessing,Investigating,-7889559.963303109,5472121.3544605635
BUXTON,3,8/4/2023 9:45:00 AM,8/4/2023 9:45:00 AM,,Assessing,Equipment Interruption,-7851727.778295081,5408047.985944085
KITTERY,20,8/4/2023 10:15:00 AM,8/4/2023 10:15:00 AM,,Crew Assigned,Investigating,-7875610.272975773,5328538.25372958
