BgName,NumOut,EtrMin,EtrMax,Desc,Status,Cause,x,y
LIVERMORE FALLS,5,6/9/2024 1:15:00 PM,6/9/2024 1:15:00 PM,,Crew Assigned,Investigating,-7808439.268507866,5531047.72143257
RAYMOND,82,6/9/2024 12:15:00 PM,6/9/2024 12:15:00 PM,,Repairs in Progress,Investigating,-7840911.7205681335,5460579.714331399
GORHAM,19,6/9/2024 11:30:00 AM,6/9/2024 11:30:00 AM,,Crew Assigned,Investigating,-7840078.16022428,5423840.685633376
