BgName,NumOut,EtrMin,EtrMax,Desc,Status,Cause,x,y
NAPLES,37,8/20/2024 5:45:00 PM,8/20/2024 5:45:00 PM,,Crew Assigned,Investigating,-7861576.05782563,5456672.101743365
BUXTON,8,8/20/2024 6:00:00 PM,8/20/2024 6:00:00 PM,,Crew Assigned,Investigating,-7848767.603775404,5407367.961621445
NEWPORT,103,8/20/2024 6:00:00 PM,8/20/2024 6:00:00 PM,,Crew Assigned,Investigating,-7711690.274536949,5600753.110143583
