BgName,NumOut,EtrMin,EtrMax,Desc,Status,Cause,x,y
NOBLEBORO,27,2/12/2024 5:00:00 PM,2/12/2024 5:00:00 PM,,Crew Assigned,Investigating,-7734522.926252384,5490829.65731065
GILEAD,1,2/12/2024 5:00:00 PM,2/12/2024 5:00:00 PM,,Assessing,Equipment Interruption,-7894373.551659655,5529535.055839468
