BgName,NumOut,EtrMin,EtrMax,Desc,Status,Cause,x,y
WOOLWICH,17,7/20/2024 2:00:00 PM,7/20/2024 2:00:00 PM,,Investigating,Investigating,-7768318.845491372,5466957.576049169
WOOLWICH,28,7/20/2024 2:00:00 PM,7/20/2024 2:00:00 PM,,Assessing,Investigating,-7770033.008841823,5465411.202029024
