BgName,NumOut,EtrMin,EtrMax,Desc,Status,Cause,x,y
SO BRISTOL,15,7/10/2021 4:15:00 PM,7/10/2021 4:15:00 PM,,Assessing,Investigating,-7742641.812883487,5453346.848490656
SEARSPORT,1,7/10/2021 2:15:00 PM,7/10/2021 2:15:00 PM,,Crew Assigned,Investigating,-7674177.264835365,5533698.706196887
