BgName,NumOut,EtrMin,EtrMax,Desc,Status,Cause,x,y
NEWRY,2,9/20/2023 11:00:00 PM,9/20/2023 11:00:00 PM,,Assessing,Investigating,-7886209.691882565,5541979.00632885
"PARIS,NORWAY",21,9/22/2023 12:00:00 AM,9/22/2023 12:00:00 AM,,Assessing,Investigating,-7851145.3435782455,5497630.200359375
KENNEBUNKPORT,101,9/20/2023 11:30:00 PM,9/20/2023 11:30:00 PM,,Assessing,Investigating,-7841099.883910915,5368787.387101691
