BgName,NumOut,EtrMin,EtrMax,Desc,Status,Cause,x,y
APPLETON,3,5/6/2023 12:30:00 PM,5/6/2023 12:30:00 PM,,Assessing,Investigating,-7717567.587398693,5512070.284769063
LEWISTON,17,5/6/2023 12:00:00 PM,5/6/2023 12:00:00 PM,,Assessing,Investigating,-7811420.304281042,5482246.329196036
LITCHFIELD,34,5/6/2023 12:00:00 PM,5/6/2023 12:00:00 PM,,Assessing,Investigating,-7790669.293595442,5492999.816362705
