BgName,NumOut,EtrMin,EtrMax,Desc,Status,Cause,x,y
FALMOUTH,19,5/8/2023 7:15:00 PM,5/8/2023 7:15:00 PM,,Assessing,Investigating,-7829381.325663805,5432209.343229121
FALMOUTH,16,5/8/2023 7:15:00 PM,5/8/2023 7:15:00 PM,,Assessing,Investigating,-7829306.518920077,5432500.775013619
