BgName,NumOut,EtrMin,EtrMax,Desc,Status,Cause,x,y
BOOTHBAY HBR,44,8/23/2021 7:00:00 AM,8/23/2021 7:00:00 AM,,Crew Assigned,Investigating,-7750390.183834265,5439074.238981683
LITCHFIELD,186,8/23/2021 7:00:00 AM,8/23/2021 7:00:00 AM,,Assessing,Investigating,-7780763.517599463,5495361.238418156
"NEW PORTLAND,EMBDEN",63,8/23/2021 6:30:00 AM,8/23/2021 6:30:00 AM,,Assessing,Investigating,-7794730.373342928,5609691.644769306
