BgName,NumOut,EtrMin,EtrMax,Desc,Status,Cause,x,y
BREMEN,36,8/14/2021 11:00:00 PM,8/14/2021 11:00:00 PM,,Assessing,Investigating,-7728772.77354232,5465618.153914273
 ,1,8/16/2021 12:00:00 AM,8/16/2021 12:00:00 AM,,Assessing,Investigating,-7781956.161225449,5542597.31117151
CANTON,11,8/14/2021 11:30:00 PM,8/14/2021 11:30:00 PM,,Assessing,Investigating,-7822833.691298821,5532869.1227368405
"SEBAGO,NAPLES",83,8/16/2021 12:00:00 AM,8/16/2021 12:00:00 AM,,Assessing,Investigating,-7863735.989899754,5452958.444783001
YORK,4,8/14/2021 11:30:00 PM,8/14/2021 11:30:00 PM,,Assessing,Investigating,-7858590.469055523,5341920.0224134065
FAIRFIELD,3,8/16/2021 12:00:00 AM,8/16/2021 12:00:00 AM,,Assessing,Investigating,-7747769.489251404,5557070.840776908
