BgName,NumOut,EtrMin,EtrMax,Desc,Status,Cause,x,y
AUGUSTA,5,10/9/2021 6:30:00 PM,10/9/2021 6:30:00 PM,,Assessing,Investigating,-7752363.611222426,5517083.437006754
LIMERICK,50,10/9/2021 6:00:00 PM,10/9/2021 6:00:00 PM,,Crew Assigned,Investigating,-7878008.818369798,5420962.550645217
STOCKTON SPRINGS,26,10/9/2021 6:00:00 PM,10/9/2021 6:00:00 PM,,Assessing,Vehicle Accident,-7662150.59646894,5537674.478004848
