BgName,NumOut,EtrMin,EtrMax,Desc,Status,Cause,x,y
BREMEN,2,6/26/2021 3:30:00 PM,6/26/2021 3:30:00 PM,,Assessing,Investigating,-7735032.691618226,5463818.634710112
SIDNEY,7,6/26/2021 3:30:00 PM,6/26/2021 3:30:00 PM,,Assessing,Investigating,-7765362.811206552,5529834.1653126655
NORWAY,28,6/26/2021 3:00:00 PM,6/26/2021 3:00:00 PM,,Assessing,Investigating,-7859652.501566585,5502460.196105261
