BgName,NumOut,EtrMin,EtrMax,Desc,Status,Cause,x,y
DURHAM,4,5/22/2024 10:00:00 PM,5/22/2024 10:00:00 PM,,Crew Assigned,Investigating,-7800642.072899463,5464392.264480624
LEWISTON,7,5/22/2024 11:00:00 PM,5/22/2024 11:00:00 PM,,Assessing,Investigating,-7815403.092984233,5488294.421532463
LOVELL,7,5/22/2024 10:00:00 PM,5/22/2024 10:00:00 PM,,Assessing,Investigating,-7894287.8356033,5492514.073913845
"RAYMOND,GRAY",5,Assessing,Assessing,,Assessing,Investigating,-7838634.635845404,5448827.115577427
