BgName,NumOut,EtrMin,EtrMax,Desc,Status,Cause,x,y
NEW GLOUCESTER,30,12/2/2021 3:45:00 PM,12/2/2021 3:45:00 PM,,Investigating,Investigating,-7828026.303159925,5466101.553513531
FAYETTE,68,12/2/2021 3:30:00 PM,12/2/2021 3:30:00 PM,,Assessing,Investigating,-7797339.423990783,5530875.179155549
"BRIDGTON,NAPLES",824,12/2/2021 2:30:00 PM,12/2/2021 2:30:00 PM,,Assessing,Investigating,-7868728.390731087,5472748.315705674
"LEEDS,MONMOUTH",92,12/2/2021 3:30:00 PM,12/2/2021 3:30:00 PM,,Assessing,Investigating,-7801874.279414817,5504807.603506608
