BgName,NumOut,EtrMin,EtrMax,Desc,Status,Cause,x,y
WINSLOW,48,5/18/2022 3:15:00 AM,5/18/2022 3:15:00 AM,,Investigating,Investigating,-7749223.44500787,5541613.69278091
WINSLOW,44,5/18/2022 3:30:00 AM,5/18/2022 3:30:00 AM,,Investigating,Investigating,-7749251.76941613,5541555.736299975
FAIRFIELD,1,5/18/2022 3:30:00 AM,5/18/2022 3:30:00 AM,,Assessing,Investigating,-7757605.946547343,5559498.622898877
"VASSALBORO,WINSLOW",102,5/18/2022 3:15:00 AM,5/18/2022 3:15:00 AM,,Assessing,Investigating,-7750341.225527025,5541005.893278025
