BgName,NumOut,EtrMin,EtrMax,Desc,Status,Cause,x,y
HARPSWELL,7,5/28/2024 12:45:00 AM,5/28/2024 12:45:00 AM,,Investigating,Investigating,-7781692.982605487,5439149.103102374
GARDINER,25,5/28/2024 3:30:00 AM,5/28/2024 3:30:00 AM,,Assessing,Investigating,-7771052.851322507,5491014.216489877
WOOLWICH,27,5/28/2024 3:00:00 AM,5/28/2024 3:00:00 AM,,Repairs in Progress,Investigating,-7765839.458998345,5453467.22715797
WATERFORD,11,5/28/2024 1:30:00 AM,5/28/2024 1:30:00 AM,,Crew Assigned,Investigating,-7873799.461130454,5489924.916740355
SWEDEN,55,5/28/2024 3:00:00 AM,5/28/2024 3:00:00 AM,,Assessing,Investigating,-7882435.504702031,5486544.363191446
KENNEBUNKPORT,142,5/28/2024 3:00:00 AM,5/28/2024 3:00:00 AM,,Repairs in Progress,Investigating,-7842507.941886291,5366347.26891436
