BgName,NumOut,EtrMin,EtrMax,Desc,Status,Cause,x,y
"LOVELL,STOW,FRYEBURG",393,8/1/2024 10:00:00 AM,8/1/2024 10:00:00 AM,,Crew Assigned,Investigating,-7892107.287149802,5484667.351129001
LOVELL,76,8/1/2024 10:15:00 AM,8/1/2024 10:15:00 AM,,Assessing,Investigating,-7890306.605344734,5497832.662944866
LOVELL,8,8/1/2024 10:15:00 AM,8/1/2024 10:15:00 AM,,Assessing,Investigating,-7893066.994811497,5502035.6022710325
SOLON,9,8/1/2024 10:00:00 AM,8/1/2024 10:00:00 AM,,Assessing,Investigating,-7764298.607965431,5605354.878336874
WELD,6,8/1/2024 9:15:00 AM,8/1/2024 9:15:00 AM,,Crew Assigned,Investigating,-7840744.30715423,5572874.119471804
