BgName,NumOut,EtrMin,EtrMax,Desc,Status,Cause,x,y
HARPSWELL,5,5/28/2024 3:15:00 PM,5/28/2024 3:15:00 PM,,Repairs in Progress,Investigating,-7794311.544978114,5429712.9983629305
"WATERFORD,STONEHAM",112,5/28/2024 4:00:00 PM,5/28/2024 4:00:00 PM,,Crew Assigned,Investigating,-7878318.230947171,5501111.933537449
"ELIOT,KITTERY,SHAPLEIGH,NORTH BERWICK",4322,5/28/2024 4:00:00 PM,5/28/2024 4:00:00 PM,,Assessing,Investigating,-7877960.828546737,5329641.407333967
"STRONG,NEW VINEYARD",79,5/28/2024 4:15:00 PM,5/28/2024 4:15:00 PM,,Crew Assigned,Investigating,-7812062.228093998,5590716.012028019
