BgName,NumOut,EtrMin,EtrMax,Desc,Status,Cause,x,y
SOUTHPORT,3,3/2/2022 6:00:00 AM,3/2/2022 6:00:00 AM,,Assessing,Investigating,-7754351.910859592,5432633.680278727
HARPSWELL,34,3/2/2022 6:30:00 AM,3/2/2022 6:30:00 AM,,Assessing,Investigating,-7780729.9770519035,5432078.54116349
"SKOWHEGAN,FAIRFIELD",172,3/2/2022 6:30:00 AM,3/2/2022 6:30:00 AM,,Assessing,Vehicle Accident,-7756614.579744257,5578430.190420524
