BgName,NumOut,EtrMin,EtrMax,Desc,Status,Cause,x,y
BRISTOL,8,9/4/2021 10:00:00 AM,9/4/2021 10:00:00 AM,,Assessing,Investigating,-7739062.913521353,5447593.300562931
DAMARISCOTTA,10,9/4/2021 9:45:00 AM,9/4/2021 9:45:00 AM,,Assessing,Investigating,-7739720.366418619,5469019.06651027
TOPSHAM,1,9/4/2021 10:30:00 AM,9/4/2021 10:30:00 AM,,Assessing,Investigating,-7789831.447453777,5455475.632642443
BOWDOIN,60,9/4/2021 10:30:00 AM,9/4/2021 10:30:00 AM,,Assessing,Investigating,-7786564.220398714,5466590.0065092435
SANFORD,1,9/4/2021 9:45:00 AM,9/4/2021 9:45:00 AM,,Assessing,Investigating,-7882786.47279947,5377040.2360317875
WINDHAM,66,9/4/2021 10:00:00 AM,9/4/2021 10:00:00 AM,,Assessing,Investigating,-7832756.4434991125,5429264.856918109
"BROOKS,SWANVILLE,WALDO",312,9/4/2021 9:45:00 AM,9/4/2021 9:45:00 AM,,Assessing,Tree,-7694693.925573768,5550643.89540329
TROY,86,9/4/2021 10:15:00 AM,9/4/2021 10:15:00 AM,,Assessing,Investigating,-7704065.02301439,5570047.7613103185
SANFORD,3,9/4/2021 9:30:00 AM,9/4/2021 9:30:00 AM,,Assessing,Investigating,-7880641.891710276,5384096.273970711
