BgName,NumOut,EtrMin,EtrMax,Desc,Status,Cause,x,y
DAYTON,2,7/23/2021 11:00:00 AM,7/23/2021 11:00:00 AM,,Assessing,Investigating,-7856367.763908971,5394704.555875524
DEXTER,366,7/23/2021 10:00:00 AM,7/23/2021 10:00:00 AM,,Assessing,Investigating,-7713251.819836432,5625307.248770131
