BgName,NumOut,EtrMin,EtrMax,Desc,Status,Cause,x,y
"READFIELD,WINTHROP",15,11/9/2021 1:15:00 PM,11/9/2021 1:15:00 PM,,Assessing,Investigating,-7786338.831883561,5519923.650012218
NEW GLOUCESTER,6,11/9/2021 3:00:00 PM,11/9/2021 3:00:00 PM,,Assessing,Investigating,-7823528.480793192,5460012.431709263
HARMONY,10,11/9/2021 2:30:00 PM,11/9/2021 2:30:00 PM,,Assessing,Investigating,-7743332.105043243,5618131.248536264
SEARSPORT,3,11/9/2021 2:30:00 PM,11/9/2021 2:30:00 PM,,Assessing,Investigating,-7675971.6125496235,5541627.096908976
TROY,1,11/9/2021 3:00:00 PM,11/9/2021 3:00:00 PM,,Assessing,Investigating,-7709649.086993488,5571526.257186424
ROCKLAND,13,11/9/2021 2:30:00 PM,11/9/2021 2:30:00 PM,,Assessing,Investigating,-7693231.087273584,5479864.3080494385
