BgName,NumOut,EtrMin,EtrMax,Desc,Status,Cause,x,y
BRUNSWICK,40,4/13/2024 9:00:00 AM,4/13/2024 9:00:00 AM,,Assessing,Investigating,-7789706.825343352,5450480.787194252
FREEPORT,14,4/13/2024 8:45:00 AM,4/13/2024 8:45:00 AM,,Assessing,Investigating,-7803706.55368663,5443614.996375616
