BgName,NumOut,EtrMin,EtrMax,Desc,Status,Cause,x,y
VASSALBORO,12,6/15/2021 6:30:00 PM,6/15/2021 6:30:00 PM,,Assessing,Investigating,-7745960.9816856515,5538076.259418618
BIDDEFORD,1,6/15/2021 5:30:00 PM,6/15/2021 5:30:00 PM,,Crew Assigned,Investigating,-7837016.317590434,5383445.891652917
