BgName,NumOut,EtrMin,EtrMax,Desc,Status,Cause,x,y
MEXICO,7,6/1/2021 7:30:00 PM,6/1/2021 7:30:00 PM,,Assessing,Investigating,-7848743.870506777,5556535.0949097695
YORK,7,6/1/2021 7:30:00 PM,6/1/2021 7:30:00 PM,,Assessing,Investigating,-7861560.740278129,5336776.788778281
