BgName,NumOut,EtrMin,EtrMax,Desc,Status,Cause,x,y
EDGECOMB,3,6/14/2022 12:30:00 PM,6/14/2022 12:30:00 PM,,Assessing,Investigating,-7745445.516739313,5461250.033847171
GEORGETOWN,3,6/14/2022 12:00:00 PM,6/14/2022 12:00:00 PM,,Assessing,Investigating,-7765963.880784512,5430425.734628227
BRIDGTON,1,6/14/2022 11:00:00 AM,6/14/2022 11:00:00 AM,,Crew Assigned,Investigating,-7871468.731554044,5473978.791450411
