BgName,NumOut,EtrMin,EtrMax,Desc,Status,Cause,x,y
"RICHMOND,BOWDOINHAM",163,8/26/2024 7:30:00 PM,8/26/2024 7:30:00 PM,,Repairs in Progress,Tree,-7777389.17893642,5480779.851777318
"AUBURN,MINOT",80,8/26/2024 8:15:00 PM,8/26/2024 8:15:00 PM,,Repairs in Progress,Investigating,-7823581.101500373,5491940.4978407705
STANDISH,14,8/26/2024 7:30:00 PM,8/26/2024 7:30:00 PM,,Assessing,Investigating,-7855455.4338850025,5424312.612672477
STANDISH,313,8/26/2024 8:45:00 PM,8/26/2024 8:45:00 PM,,Assessing,Investigating,-7853841.824501464,5424699.501943664
GORHAM,4,8/26/2024 8:30:00 PM,8/26/2024 8:30:00 PM,,Assessing,Investigating,-7840959.621291445,5409325.110274559
"LEBANON,NORTH BERWICK",13,8/26/2024 8:45:00 PM,8/26/2024 8:45:00 PM,,Crew Assigned,Investigating,-7886568.140654378,5370181.33470828
