BgName,NumOut,EtrMin,EtrMax,Desc,Status,Cause,x,y
YARMOUTH,13,5/27/2024 3:00:00 PM,5/27/2024 3:00:00 PM,,Crew Assigned,Investigating,-7810472.630290644,5434367.2209174195
SQUIRREL ISLAND,10,5/27/2024 2:15:00 PM,5/27/2024 2:15:00 PM,,Crew Assigned,Investigating,-7751164.188207141,5435747.146491954
