BgName,NumOut,EtrMin,EtrMax,Desc,Status,Cause,x,y
CAMDEN,272,3/26/2021 12:45:00 PM,3/26/2021 12:45:00 PM,,Investigating,Investigating,-7688702.884597081,5498725.150910891
CAMDEN,37,3/26/2021 12:45:00 PM,3/26/2021 12:45:00 PM,,Investigating,Investigating,-7688471.90292056,5498503.631523794
CAMDEN,217,3/26/2021 12:45:00 PM,3/26/2021 12:45:00 PM,,Assessing,Investigating,-7688290.572426939,5498311.885377156
"LINCOLNVILLE,CAMDEN",581,3/26/2021 12:45:00 PM,3/26/2021 12:45:00 PM,,Assessing,Investigating,-7689286.48111452,5498184.471387239
