BgName,NumOut,EtrMin,EtrMax,Desc,Status,Cause,x,y
UPTON,26,4/1/2024 8:00:00 PM,4/1/2024 8:00:00 PM,,Assessing,Investigating,-7905098.884022488,5575186.971969957
WARREN,2,4/1/2024 8:00:00 PM,4/1/2024 8:00:00 PM,,Assessing,Investigating,-7713103.074721087,5490322.569508828
MONROE,1,4/1/2024 7:00:00 PM,4/1/2024 7:00:00 PM,,Crew Assigned,Investigating,-7689332.289095072,5566920.6273520915
