BgName,NumOut,EtrMin,EtrMax,Desc,Status,Cause,x,y
"LIVERMORE,CANTON,JAY",29,7/24/2021 11:30:00 PM,7/24/2021 11:30:00 PM,,Assessing,Investigating,-7817359.310406393,5537060.328705788
SUMNER,40,7/25/2021 12:15:00 AM,7/25/2021 12:15:00 AM,,Assessing,Investigating,-7834751.010452331,5520894.996832967
