BgName,NumOut,EtrMin,EtrMax,Desc,Status,Cause,x,y
KITTERY,1,3/28/2021 4:00:00 PM,3/28/2021 4:00:00 PM,,Assessing,Investigating,-7866960.058340142,5329009.612725867
KITTERY,106,3/28/2021 4:00:00 PM,3/28/2021 4:00:00 PM,,Crew Assigned,Investigating,-7868150.709435549,5325760.71920531
