BgName,NumOut,EtrMin,EtrMax,Desc,Status,Cause,x,y
NEWCASTLE,15,8/9/2022 3:30:00 PM,8/9/2022 3:30:00 PM,,Assessing,Vehicle Accident,-7748953.884043084,5473240.755724472
MECHANIC FALLS,10,8/9/2022 1:15:00 PM,8/9/2022 1:15:00 PM,,Crew Assigned,Investigating,-7837293.369541137,5478567.705094335
SANFORD,6,8/9/2022 12:15:00 PM,8/9/2022 12:15:00 PM,,Crew Assigned,Investigating,-7874749.584062356,5369477.358696619
SHAPLEIGH,12,8/9/2022 12:00:00 PM,8/9/2022 12:00:00 PM,,Crew Assigned,Investigating,-7889791.830671127,5396772.90800787
