BgName,NumOut,EtrMin,EtrMax,Desc,Status,Cause,x,y
FREEPORT,1,1/28/2024 1:30:00 PM,1/28/2024 1:30:00 PM,,Assessing,Investigating,-7805661.791512161,5439751.048614583
WARREN,59,1/28/2024 12:45:00 PM,1/28/2024 12:45:00 PM,,Assessing,Investigating,-7708011.087405908,5484090.405074534
ANDOVER,32,1/28/2024 11:45:00 AM,1/28/2024 11:45:00 AM,,Assessing,Investigating,-7869203.502303127,5559216.688908848
"SANFORD,SHAPLEIGH",43,1/28/2024 1:15:00 PM,1/28/2024 1:15:00 PM,,Assessing,Investigating,-7885161.362812063,5383279.365132371
SCARBOROUGH,25,1/28/2024 1:15:00 PM,1/28/2024 1:15:00 PM,,Assessing,Investigating,-7830805.346809445,5402834.242583306
SEARSPORT,15,1/28/2024 1:15:00 PM,1/28/2024 1:15:00 PM,,Assessing,Investigating,-7676056.1040351065,5551589.889510252
