BgName,NumOut,EtrMin,EtrMax,Desc,Status,Cause,x,y
DENMARK,30,7/13/2023 7:00:00 AM,7/13/2023 7:00:00 AM,,Assessing,Investigating,-7876875.341078615,5455234.731281288
"BALDWIN,SEBAGO",333,7/13/2023 8:45:00 AM,7/13/2023 8:45:00 AM,,Assessing,Investigating,-7879187.513681087,5440956.386439712
