BgName,NumOut,EtrMin,EtrMax,Desc,Status,Cause,x,y
CANTON,42,3/18/2021 9:30:00 AM,3/18/2021 9:30:00 AM,,Assessing,Investigating,-7825742.925993003,5531980.457254961
BINGHAM,6,3/18/2021 10:30:00 AM,3/18/2021 10:30:00 AM,,Assessing,Investigating,-7779287.643806471,5630491.447971279
