BgName,NumOut,EtrMin,EtrMax,Desc,Status,Cause,x,y
BROWNFIELD,2,8/6/2022 12:00:00 PM,8/6/2022 12:00:00 PM,,Assessing,Investigating,-7892485.161167547,5459044.831679135
RANGELEY,8,8/6/2022 1:00:00 PM,8/6/2022 1:00:00 PM,,Assessing,Investigating,-7877207.718864801,5614831.716229628
