BgName,NumOut,EtrMin,EtrMax,Desc,Status,Cause,x,y
NAPLES,2,6/17/2023 9:45:00 AM,6/17/2023 9:45:00 AM,,Investigating,Investigating,-7865188.551395387,5463190.222167942
SKOWHEGAN,7,6/17/2023 9:00:00 AM,6/17/2023 9:00:00 AM,,Investigating,Investigating,-7760559.087393048,5584326.332436003
HERMON,29,6/17/2023 9:00:00 AM,6/17/2023 9:00:00 AM,,Assessing,Investigating,-7665742.575873758,5596759.394574059
