BgName,NumOut,EtrMin,EtrMax,Desc,Status,Cause,x,y
AUGUSTA,5,7/20/2021 11:30:00 AM,7/20/2021 11:30:00 AM,,Assessing,Investigating,-7766569.692571226,5511273.3361735875
WALDOBORO,2,7/20/2021 10:45:00 AM,7/20/2021 10:45:00 AM,,Assessing,Investigating,-7725193.595968742,5477936.688773742
SACO,19,7/20/2021 12:00:00 PM,7/20/2021 12:00:00 PM,,Assessing,Investigating,-7843103.534533005,5391184.121033411
DRESDEN,1,7/20/2021 12:00:00 PM,7/20/2021 12:00:00 PM,,Assessing,Investigating,-7760418.055011851,5479766.413214085
SWANVILLE,2,7/20/2021 11:00:00 AM,7/20/2021 11:00:00 AM,,Repairs in Progress,Investigating,-7681609.588481403,5546447.180368939
