BgName,NumOut,EtrMin,EtrMax,Desc,Status,Cause,x,y
JEFFERSON,2,4/1/2021 3:30:00 PM,4/1/2021 3:30:00 PM,,Assessing,Investigating,-7745933.140618478,5483841.385992264
ALNA,1,4/1/2021 3:45:00 PM,4/1/2021 3:45:00 PM,,Assessing,Investigating,-7748746.6517532375,5477903.480168479
