BgName,NumOut,EtrMin,EtrMax,Desc,Status,Cause,x,y
ST GEORGE,4,12/2/2021 5:30:00 PM,12/2/2021 5:30:00 PM,,Assessing,Investigating,-7705022.270421919,5457087.039030211
NEW GLOUCESTER,33,12/2/2021 5:45:00 PM,12/2/2021 5:45:00 PM,,Assessing,Investigating,-7827568.654637198,5466785.624485099
WARREN,1,12/2/2021 5:30:00 PM,12/2/2021 5:30:00 PM,,Assessing,Investigating,-7708907.097960753,5483132.666697528
