BgName,NumOut,EtrMin,EtrMax,Desc,Status,Cause,x,y
WELLS,51,9/3/2021 1:00:00 PM,9/3/2021 1:00:00 PM,,Assessing,Investigating,-7856968.187864175,5358368.620184427
PLYMOUTH,25,9/3/2021 12:15:00 PM,9/3/2021 12:15:00 PM,,Assessing,Investigating,-7706788.020221733,5580967.023470519
DIXMONT,2,9/3/2021 12:15:00 PM,9/3/2021 12:15:00 PM,,Assessing,Investigating,-7702232.448106026,5577789.732308606
