BgName,NumOut,EtrMin,EtrMax,Desc,Status,Cause,x,y
BRISTOL,7,4/4/2022 11:30:00 AM,4/4/2022 11:30:00 AM,,Assessing,Investigating,-7738155.069719566,5461649.647145746
"UNION,HOPE,ROCKPORT",91,4/4/2022 11:45:00 AM,4/4/2022 11:45:00 AM,,Assessing,Investigating,-7705752.014246538,5497220.691866967
