BgName,NumOut,EtrMin,EtrMax,Desc,Status,Cause,x,y
WESTPORT,9,3/6/2022 1:15:00 PM,3/6/2022 1:15:00 PM,,Investigating,Investigating,-7759502.779690724,5448831.338492429
WESTPORT,77,3/6/2022 1:15:00 PM,3/6/2022 1:15:00 PM,,Assessing,Investigating,-7759859.186676818,5449020.980881802
