BgName,NumOut,EtrMin,EtrMax,Desc,Status,Cause,x,y
BOOTHBAY HBR,39,8/23/2022 12:15:00 PM,8/23/2022 12:15:00 PM,,Assessing,Investigating,-7752687.150213872,5442836.819157904
WOOLWICH,12,8/23/2022 12:30:00 PM,8/23/2022 12:30:00 PM,,Crew Assigned,Investigating,-7766309.79492421,5466350.299330036
RAYMOND,57,8/23/2022 12:15:00 PM,8/23/2022 12:15:00 PM,,Assessing,Investigating,-7844441.7729476495,5447778.474974827
NO BERWICK,23,8/23/2022 1:30:00 PM,8/23/2022 1:30:00 PM,,Crew Assigned,Investigating,-7878902.379983132,5371688.360437786
NORRIDGEWOCK,12,8/23/2022 12:15:00 PM,8/23/2022 12:15:00 PM,,Assessing,Investigating,-7769991.7094084425,5581014.777705711
WILTON,4,8/23/2022 12:15:00 PM,8/23/2022 12:15:00 PM,,Assessing,Investigating,-7820136.564752847,5557201.237799928
