BgName,NumOut,EtrMin,EtrMax,Desc,Status,Cause,x,y
"SOUTH THOMASTON,ST GEORGE",300,11/1/2023 10:45:00 AM,11/1/2023 10:45:00 AM,,Assessing,Investigating,-7699036.13163307,5474590.574947164
WINTHROP,28,11/1/2023 5:00:00 PM,11/1/2023 5:00:00 PM,,Assessing,Investigating,-7789473.555305088,5512502.827140785
HOLLIS,70,11/1/2023 9:15:00 AM,11/1/2023 9:15:00 AM,,Crew Assigned,Investigating,-7863050.25073693,5412083.948533922
GORHAM,10,11/1/2023 10:15:00 AM,11/1/2023 10:15:00 AM,,Assessing,Investigating,-7848685.50566923,5425965.356104781
MADISON,41,11/1/2023 10:30:00 AM,11/1/2023 10:30:00 AM,,Assessing,Investigating,-7767688.453387786,5595015.4188264785
