BgName,NumOut,EtrMin,EtrMax,Desc,Status,Cause,x,y
HOPE,6,6/11/2024 2:30:00 PM,6/11/2024 2:30:00 PM,,Crew Assigned,Investigating,-7702136.179035916,5510610.605510292
WALDOBORO,4,6/11/2024 2:30:00 PM,6/11/2024 2:30:00 PM,,Assessing,Investigating,-7726099.358140206,5486901.8960185265
