BgName,NumOut,EtrMin,EtrMax,Desc,Status,Cause,x,y
SCARBOROUGH,86,5/28/2024 1:15:00 PM,5/28/2024 1:15:00 PM,,Investigating,Investigating,-7830223.409449382,5405436.29986974
SCARBOROUGH,20,5/28/2024 1:15:00 PM,5/28/2024 1:15:00 PM,,Investigating,Investigating,-7829479.002710105,5404527.554294862
LOVELL,31,5/28/2024 12:00:00 PM,5/28/2024 12:00:00 PM,,Assessing,Investigating,-7893020.78608232,5496977.402525896
LEWISTON,12,5/28/2024 12:15:00 PM,5/28/2024 12:15:00 PM,,Assessing,Investigating,-7810707.837297286,5479113.322328075
