BgName,NumOut,EtrMin,EtrMax,Desc,Status,Cause,x,y
JAY,1,1/4/2022 11:15:00 AM,1/4/2022 11:15:00 AM,,Assessing,Investigating,-7822548.268076745,5551292.8605313
NO YARMOUTH,2,1/4/2022 11:30:00 AM,1/4/2022 11:30:00 AM,,Assessing,Investigating,-7819456.135434221,5440165.532084959
PORTLAND,6,1/4/2022 9:45:00 AM,1/4/2022 9:45:00 AM,,Assessing,Investigating,-7820552.766076771,5417109.1298172735
