BgName,NumOut,EtrMin,EtrMax,Desc,Status,Cause,x,y
LIMINGTON,8,8/7/2023 9:15:00 PM,8/7/2023 9:15:00 PM,,Assessing,Investigating,-7868820.797077004,5422481.933251945
"BLANCHARD,MONSON",20,8/7/2023 8:45:00 PM,8/7/2023 8:45:00 PM,,Assessing,Investigating,-7745755.296627883,5663186.446921189
