BgName,NumOut,EtrMin,EtrMax,Desc,Status,Cause,x,y
YARMOUTH,2,9/12/2023 6:45:00 PM,9/12/2023 6:45:00 PM,,Assessing,Investigating,-7806845.073157711,5428100.842536291
WILTON,15,9/12/2023 6:00:00 PM,9/12/2023 6:00:00 PM,,Assessing,Investigating,-7811352.276926618,5558201.864735652
PHILLIPS,3,9/12/2023 7:00:00 PM,9/12/2023 7:00:00 PM,,Assessing,Investigating,-7830957.609562673,5595583.80308538
