BgName,NumOut,EtrMin,EtrMax,Desc,Status,Cause,x,y
LEWISTON,19,7/13/2023 3:00:00 PM,7/13/2023 3:00:00 PM,,Assessing,System Upgrade,-7815643.988358815,5480540.052590977
SEBAGO,11,7/13/2023 12:45:00 PM,7/13/2023 12:45:00 PM,,Crew Assigned,Investigating,-7861818.778843961,5441168.79251128
"SCARBOROUGH,WESTBROOK",68,7/13/2023 12:45:00 PM,7/13/2023 12:45:00 PM,,Assessing,Tree,-7833330.58493188,5407704.145949455
