BgName,NumOut,EtrMin,EtrMax,Desc,Status,Cause,x,y
AUGUSTA,5,7/20/2021 11:30:00 AM,7/20/2021 11:30:00 AM,,Assessing,Investigating,-7766552.037306723,5511260.816098799
WALDOBORO,2,7/20/2021 1:00:00 PM,7/20/2021 1:00:00 PM,,Assessing,Investigating,-7725240.483657995,5477969.541010487
NEW GLOUCESTER,102,7/20/2021 1:00:00 PM,7/20/2021 1:00:00 PM,,Assessing,Investigating,-7824404.843452858,5466500.471453008
SACO,19,7/20/2021 12:00:00 PM,7/20/2021 12:00:00 PM,,Assessing,Investigating,-7843173.721505051,5391119.2626932245
SUMNER,3,7/20/2021 12:45:00 PM,7/20/2021 12:45:00 PM,,Assessing,Investigating,-7846206.910462029,5520544.181021602
THORNDIKE,1,7/20/2021 12:15:00 PM,7/20/2021 12:15:00 PM,,Crew Assigned,Investigating,-7706461.108254355,5557152.592648788
SWANVILLE,2,7/20/2021 12:00:00 PM,7/20/2021 12:00:00 PM,,Repairs in Progress,Investigating,-7681609.588481403,5546447.180368939
