BgName,NumOut,EtrMin,EtrMax,Desc,Status,Cause,x,y
HARPSWELL,25,3/6/2024 11:30:00 PM,3/6/2024 11:30:00 PM,,Crew Assigned,Investigating,-7783910.096592922,5436195.063153849
READFIELD,1,3/7/2024 12:00:00 AM,3/7/2024 12:00:00 AM,,Assessing,Investigating,-7787814.494139745,5525667.435063931
JAY,85,3/7/2024 12:00:00 AM,3/7/2024 12:00:00 AM,,Crew Assigned,Investigating,-7809512.399543365,5546298.904764973
