BgName,NumOut,EtrMin,EtrMax,Desc,Status,Cause,x,y
"PARIS,NORWAY",21,9/22/2023 12:00:00 AM,9/22/2023 12:00:00 AM,,Crew Assigned,Investigating,-7851145.3435782455,5497630.200359375
FALMOUTH,1,9/21/2023 12:15:00 AM,9/21/2023 12:15:00 AM,,Assessing,Investigating,-7822183.329439742,5428945.319883361
KENNEBUNKPORT,101,9/20/2023 11:30:00 PM,9/20/2023 11:30:00 PM,,Assessing,Investigating,-7841099.883910915,5368787.387101691
