BgName,NumOut,EtrMin,EtrMax,Desc,Status,Cause,x,y
LEWISTON,25,7/7/2024 8:30:00 AM,7/7/2024 8:30:00 AM,,Investigating,Investigating,-7812789.868263639,5477697.524448135
THOMASTON,6,7/7/2024 9:15:00 AM,7/7/2024 9:15:00 AM,,Assessing,Investigating,-7700519.040801947,5477309.961525378
THOMASTON,25,7/7/2024 9:15:00 AM,7/7/2024 9:15:00 AM,,Assessing,Investigating,-7700612.538069115,5477289.98818403
GRAY,16,7/7/2024 8:30:00 AM,7/7/2024 8:30:00 AM,,Repairs Complete,Investigating,-7828847.626604966,5447732.0304155275
BETHEL,6,7/7/2024 7:45:00 AM,7/7/2024 7:45:00 AM,,Repairs in Progress,Investigating,-7870129.89196641,5530568.180294435
RUMFORD,17,7/7/2024 9:15:00 AM,7/7/2024 9:15:00 AM,,Crew Assigned,Investigating,-7854921.334077532,5544143.2881937735
ELIOT,14,7/7/2024 8:45:00 AM,7/7/2024 8:45:00 AM,,Crew Assigned,Investigating,-7877724.486169086,5335426.838360843
LEWISTON,100,Assessing,Assessing,,Assessing,Investigating,-7816053.443730869,5480578.959463525
