BgName,NumOut,EtrMin,EtrMax,Desc,Status,Cause,x,y
SO PORTLAND,24,9/26/2022 11:00:00 PM,9/26/2022 11:00:00 PM,,Assessing,Investigating,-7821231.547750915,5407216.935597618
NEWPORT,10,9/27/2022 2:15:00 AM,9/27/2022 2:15:00 AM,,Assessing,Investigating,-7711505.049984055,5600588.017633297
PALMYRA,56,9/27/2022 1:15:00 AM,9/27/2022 1:15:00 AM,,Assessing,Investigating,-7720920.318973296,5597532.849547894
