BgName,NumOut,EtrMin,EtrMax,Desc,Status,Cause,x,y
SO BERWICK,9,3/1/2023 6:45:00 PM,3/1/2023 6:45:00 PM,,Assessing,Investigating,-7882406.027303035,5348052.275755948
"SO BERWICK,SOUTH BERWICK",558,3/1/2023 6:45:00 PM,3/1/2023 6:45:00 PM,,Assessing,Investigating,-7882595.582203617,5346591.165277009
"ELIOT,SO BERWICK,YORK,SOUTH BERWICK",1792,3/1/2023 6:45:00 PM,3/1/2023 6:45:00 PM,,Assessing,Investigating,-7882594.34652031,5346591.333448154
