BgName,NumOut,EtrMin,EtrMax,Desc,Status,Cause,x,y
BRISTOL,4,6/14/2022 5:30:00 PM,6/14/2022 5:30:00 PM,,Assessing,Investigating,-7740591.75320796,5446809.551438817
"SABATTUS,LEWISTON",24,6/14/2022 4:15:00 PM,6/14/2022 4:15:00 PM,,Assessing,Investigating,-7805495.11282076,5477228.162516654
LEWISTON,21,6/14/2022 4:45:00 PM,6/14/2022 4:45:00 PM,,Assessing,Investigating,-7814543.016356255,5486446.862303836
CARMEL,1,6/14/2022 4:30:00 PM,6/14/2022 4:30:00 PM,,Crew Assigned,Investigating,-7683883.511765003,5587283.844041875
GEORGETOWN,3,6/14/2022 6:30:00 PM,6/14/2022 6:30:00 PM,,Assessing,Investigating,-7765963.880784512,5430425.734628227
