BgName,NumOut,EtrMin,EtrMax,Desc,Status,Cause,x,y
MONMOUTH,5,8/7/2022 3:30:00 PM,8/7/2022 3:30:00 PM,,Investigating,Investigating,-7791317.946741669,5496221.78395048
LEWISTON,102,8/7/2022 2:15:00 PM,8/7/2022 2:15:00 PM,,Assessing,Investigating,-7810981.393734873,5473141.506648212
MONMOUTH,25,8/7/2022 3:15:00 PM,8/7/2022 3:15:00 PM,,Assessing,Investigating,-7792732.656063022,5499483.435841609
PORTLAND,33,8/7/2022 1:15:00 PM,8/7/2022 1:15:00 PM,,Assessing,Investigating,-7820329.036118316,5412379.08439495
