BgName,NumOut,EtrMin,EtrMax,Desc,Status,Cause,x,y
SOUTHPORT,25,10/3/2023 11:15:00 AM,10/3/2023 11:15:00 AM,,Assessing,Investigating,-7756036.620037047,5436236.991431567
TOPSHAM,75,10/3/2023 11:00:00 AM,10/3/2023 11:00:00 AM,,Assessing,Investigating,-7792396.315340457,5458747.887989931
WALDOBORO,36,10/3/2023 10:30:00 AM,10/3/2023 10:30:00 AM,,Assessing,Investigating,-7722650.435382686,5478634.700476074
FRYEBURG,263,10/3/2023 10:15:00 AM,10/3/2023 10:15:00 AM,,Assessing,Investigating,-7900178.5736941425,5468465.720916611
SANFORD,44,10/3/2023 11:15:00 AM,10/3/2023 11:15:00 AM,,Crew Assigned,Investigating,-7871458.467864172,5365612.950319717
LINCOLNVILLE,2,10/3/2023 10:30:00 AM,10/3/2023 10:30:00 AM,,Crew Assigned,Investigating,-7690309.985995145,5507545.139409852
