BgName,NumOut,EtrMin,EtrMax,Desc,Status,Cause,x,y
TOPSHAM,23,2/24/2023 1:45:00 PM,2/24/2023 1:45:00 PM,,Assessing,Vehicle Accident,-7792370.85654015,5458929.158229072
LOVELL,9,2/24/2023 2:30:00 PM,2/24/2023 2:30:00 PM,,Crew Assigned,Investigating,-7893121.029301365,5490658.478233587
NAPLES,2,2/24/2023 2:00:00 PM,2/24/2023 2:00:00 PM,,Assessing,Investigating,-7859375.883701824,5458358.730336222
PORTLAND,5,2/24/2023 3:30:00 PM,2/24/2023 3:30:00 PM,,Assessing,Investigating,-7828340.655367058,5415238.029765411
PORTLAND,85,2/24/2023 3:30:00 PM,2/24/2023 3:30:00 PM,,Assessing,Investigating,-7827734.888130214,5415095.447826008
BELGRADE,28,2/24/2023 2:30:00 PM,2/24/2023 2:30:00 PM,,Assessing,Tree,-7770111.032686995,5541573.073540571
BOWDOINHAM,1,2/24/2023 2:00:00 PM,2/24/2023 2:00:00 PM,,Assessing,Investigating,-7777765.76170866,5469018.369821407
