BgName,NumOut,EtrMin,EtrMax,Desc,Status,Cause,x,y
HARPSWELL,3,4/1/2023 1:15:00 PM,4/1/2023 1:15:00 PM,,Assessing,Investigating,-7788413.682411648,5430779.903448244
BURNHAM,1,4/1/2023 12:45:00 PM,4/1/2023 12:45:00 PM,,Assessing,Investigating,-7720207.217479229,5570374.771477627
"OAKLAND,NEW SHARON,ROME,BELGRADE,MT VERNON",3010,4/1/2023 12:45:00 PM,4/1/2023 12:45:00 PM,,Assessing,Lightning,-7763638.349827789,5551870.821408853
