BgName,NumOut,EtrMin,EtrMax,Desc,Status,Cause,x,y
OWLS HEAD,33,4/18/2021 5:00:00 PM,4/18/2021 5:00:00 PM,,Assessing,Investigating,-7692749.1073126,5477167.282338588
SO BERWICK,1,4/18/2021 4:45:00 PM,4/18/2021 4:45:00 PM,,Crew Assigned,Investigating,-7882534.200588885,5344635.976789331
