BgName,NumOut,EtrMin,EtrMax,Desc,Status,Cause,x,y
HARRISON,30,7/29/2022 8:00:00 PM,7/29/2022 8:00:00 PM,,Assessing,Investigating,-7865961.255412553,5474916.984543441
NEWFIELD,2,7/29/2022 7:45:00 PM,7/29/2022 7:45:00 PM,,Crew Assigned,Investigating,-7887684.797615743,5413698.186992623
HARTLAND,36,7/29/2022 8:45:00 PM,7/29/2022 8:45:00 PM,,Assessing,Investigating,-7738254.055030423,5605683.5434495825
POLAND,1,7/29/2022 8:45:00 PM,7/29/2022 8:45:00 PM,,Assessing,Investigating,-7840542.173271883,5470902.570652459
 ,2,7/29/2022 9:30:00 PM,7/29/2022 9:30:00 PM,,Assessing,Investigating,-7798834.355618411,5480274.125983398
WELLS,5,7/29/2022 7:45:00 PM,7/29/2022 7:45:00 PM,,Crew Assigned,Investigating,-7858785.1223636065,5354586.931035413
