BgName,NumOut,EtrMin,EtrMax,Desc,Status,Cause,x,y
BRUNSWICK,109,8/11/2022 8:15:00 AM,8/11/2022 8:15:00 AM,,Assessing,Investigating,-7782222.470850462,5449773.850682477
FALMOUTH,5,8/11/2022 7:45:00 AM,8/11/2022 7:45:00 AM,,Assessing,Investigating,-7826304.332469402,5425783.917114561
