BgName,NumOut,EtrMin,EtrMax,Desc,Status,Cause,x,y
NOBLEBORO,16,4/22/2022 2:30:00 PM,4/22/2022 2:30:00 PM,,Assessing,Investigating,-7739001.698993669,5478591.4471830875
NAPLES,6,4/22/2022 2:30:00 PM,4/22/2022 2:30:00 PM,,Assessing,Investigating,-7862765.3395881085,5462753.183171552
"NEWFIELD,ACTON,PARSONSFIELD,WATERBORO,SHAPLEIGH,LIMERICK",2198,4/22/2022 1:45:00 PM,4/22/2022 1:45:00 PM,,Assessing,Tree,-7879309.998498883,5416133.896452248
YORK,287,4/22/2022 2:00:00 PM,4/22/2022 2:00:00 PM,,Crew Assigned,Tree,-7859111.744806869,5341391.865844198
"HARMONY,ATHENS",125,4/22/2022 1:00:00 PM,4/22/2022 1:00:00 PM,,Assessing,Investigating,-7741943.561413539,5617289.198981675
CAMBRIDGE,4,4/22/2022 2:00:00 PM,4/22/2022 2:00:00 PM,,Assessing,Investigating,-7734527.289937387,5626528.0169769395
