BgName,NumOut,EtrMin,EtrMax,Desc,Status,Cause,x,y
"BOWDOINHAM,RICHMOND",201,8/8/2023 4:30:00 AM,8/8/2023 4:30:00 AM,,Assessing,Investigating,-7781630.407054186,5473283.658542968
WINDHAM,11,8/8/2023 6:00:00 AM,8/8/2023 6:00:00 AM,,Assessing,Investigating,-7840347.430964163,5427100.097744818
