BgName,NumOut,EtrMin,EtrMax,Desc,Status,Cause,x,y
LOVELL,46,7/15/2023 8:45:00 PM,7/15/2023 8:45:00 PM,,Assessing,Investigating,-7892943.5080720885,5492469.202731399
GREENWOOD,20,7/15/2023 8:15:00 PM,7/15/2023 8:15:00 PM,,Assessing,Investigating,-7864743.709609389,5514707.3259319365
WESTBROOK,33,7/15/2023 8:45:00 PM,7/15/2023 8:45:00 PM,,Assessing,Investigating,-7833253.184484583,5416359.446698231
HARPSWELL,1,7/15/2023 7:45:00 PM,7/15/2023 7:45:00 PM,,Assessing,Equipment Interruption,-7785993.8973404905,5434152.226338735
