BgName,NumOut,EtrMin,EtrMax,Desc,Status,Cause,x,y
DENMARK,12,4/16/2024 9:00:00 AM,4/16/2024 9:00:00 AM,,Assessing,Investigating,-7881930.882393672,5466156.578646707
SOUTH PORTLAND,21,4/16/2024 9:00:00 AM,4/16/2024 9:00:00 AM,,Assessing,Investigating,-7823039.921767159,5406291.257486513
