BgName,NumOut,EtrMin,EtrMax,Desc,Status,Cause,x,y
CAPE ELIZABETH,59,8/3/2024 6:15:00 AM,8/3/2024 6:15:00 AM,,Crew Assigned,Investigating,-7816447.503568115,5400840.448701797
WELLS,5,8/3/2024 6:30:00 AM,8/3/2024 6:30:00 AM,,Repairs in Progress,Investigating,-7860062.7138860095,5363120.0068736235
