BgName,NumOut,EtrMin,EtrMax,Desc,Status,Cause,x,y
FREEPORT,46,7/7/2023 1:00:00 PM,7/7/2023 1:00:00 PM,,Investigating,Investigating,-7801220.355868549,5439670.769295843
DAMARISCOTTA,9,7/7/2023 12:30:00 PM,7/7/2023 12:30:00 PM,,Assessing,Investigating,-7732367.7474994445,5471790.274656892
FREEPORT,9,7/7/2023 1:15:00 PM,7/7/2023 1:15:00 PM,,Assessing,Investigating,-7801397.019337591,5439357.616819909
LIBERTY,11,7/7/2023 12:30:00 PM,7/7/2023 12:30:00 PM,,Assessing,Investigating,-7720382.723752829,5524752.011210627
"LIMERICK,PARSONSFIELD,NEWFIELD,CORNISH",1096,7/7/2023 12:15:00 PM,7/7/2023 12:15:00 PM,,Assessing,Vehicle Accident,-7881052.671765267,5417482.046637681
STANDISH,1,7/7/2023 12:00:00 PM,7/7/2023 12:00:00 PM,,Assessing,Investigating,-7863529.013596475,5431771.179713985
