BgName,NumOut,EtrMin,EtrMax,Desc,Status,Cause,x,y
NOBLEBORO,2,4/15/2024 5:45:00 PM,4/15/2024 5:45:00 PM,,Assessing,Investigating,-7732191.606615422,5488734.016948829
WISCASSET,108,4/15/2024 6:00:00 PM,4/15/2024 6:00:00 PM,,Assessing,Investigating,-7758156.900122056,5463633.2607318945
FREEPORT,2,4/15/2024 6:15:00 PM,4/15/2024 6:15:00 PM,,Assessing,Investigating,-7808513.340428986,5437310.221658111
