BgName,NumOut,EtrMin,EtrMax,Desc,Status,Cause,x,y
BERWICK; BIDDEFORD,71,3/26/2022 6:00:00 AM,3/26/2022 6:00:00 AM,,Investigating,Investigating,-7889243.074856734,5353155.4596438855
BERWICK,5,3/26/2022 8:00:00 AM,3/26/2022 8:00:00 AM,,Crew Assigned,Vehicle Accident,-7889261.170614352,5353200.349673631
