BgName,NumOut,EtrMin,EtrMax,Desc,Status,Cause,x,y
FARMINGDALE,7,9/19/2022 7:30:00 AM,9/19/2022 7:30:00 AM,,Assessing,Investigating,-7768321.6943806065,5505665.306534419
BETHEL,3,9/19/2022 12:15:00 PM,9/19/2022 12:15:00 PM,,Assessing,Investigating,-7882375.89316885,5530853.202424052
NEW GLOUCESTER,1,9/19/2022 7:00:00 AM,9/19/2022 7:00:00 AM,,Assessing,Investigating,-7824785.478161108,5458039.434167848
"CARATUNK,THE FORKS PLT",160,9/19/2022 11:45:00 AM,9/19/2022 11:45:00 AM,,Assessing,Investigating,-7791145.830162725,5658699.791323444
