BgName,NumOut,EtrMin,EtrMax,Desc,Status,Cause,x,y
CARTHAGE,22,8/4/2024 8:30:00 PM,8/4/2024 8:30:00 PM,,Repairs in Progress,Investigating,-7832990.503922188,5556834.718020652
YARMOUTH,4,8/4/2024 8:00:00 PM,8/4/2024 8:00:00 PM,,Repairs in Progress,Investigating,-7812534.211664343,5431386.568401413
WYMAN,17,8/4/2024 8:30:00 PM,8/4/2024 8:30:00 PM,,Assessing,Investigating,-7835029.865821902,5639289.559786963
