BgName,NumOut,EtrMin,EtrMax,Desc,Status,Cause,x,y
DAMARISCOTTA,2,7/25/2024 8:15:00 PM,7/25/2024 8:15:00 PM,,Crew Assigned,Investigating,-7738811.620907397,5470988.525213639
BRUNSWICK,4,7/25/2024 8:30:00 PM,7/25/2024 8:30:00 PM,,Crew Assigned,Investigating,-7788364.24546859,5448390.107004853
