BgName,NumOut,EtrMin,EtrMax,Desc,Status,Cause,x,y
GREENE,62,4/27/2021 10:45:00 AM,4/27/2021 10:45:00 AM,,Assessing,Investigating,-7808651.777404706,5492742.576772175
JAY,27,4/27/2021 11:30:00 AM,4/27/2021 11:30:00 AM,,Assessing,Investigating,-7810004.075458658,5545859.041629333
LOVELL,13,4/27/2021 12:00:00 PM,4/27/2021 12:00:00 PM,,Assessing,Tree,-7891665.103939994,5493344.0191921685
"ACTON,SHAPLEIGH,YORK,SANFORD",3635,4/27/2021 11:30:00 AM,4/27/2021 11:30:00 AM,,Assessing,Investigating,-7882494.671036833,5385280.825896179
PITTSFIELD,2,4/27/2021 11:15:00 AM,4/27/2021 11:15:00 AM,,Assessing,Investigating,-7723193.440659536,5589950.387405994
LIVERMORE,2,4/27/2021 10:30:00 AM,4/27/2021 10:30:00 AM,,Assessing,Investigating,-7819913.747616264,5525193.114697315
YORK,1,4/27/2021 10:45:00 AM,4/27/2021 10:45:00 AM,,Crew Assigned,Investigating,-7863570.112705602,5329821.189473303
