BgName,NumOut,EtrMin,EtrMax,Desc,Status,Cause,x,y
BELFAST,19,6/4/2024 8:45:00 AM,6/4/2024 8:45:00 AM,,Investigating,Investigating,-7686162.967141604,5532404.464837057
CASCO,12,6/4/2024 9:15:00 AM,6/4/2024 9:15:00 AM,,Investigating,Investigating,-7849205.273732773,5454965.71305422
BOOTHBAY,21,6/4/2024 9:00:00 AM,6/4/2024 9:00:00 AM,,Crew Assigned,Investigating,-7747249.3711960595,5447604.127575709
ROCKLAND,125,6/4/2024 7:45:00 AM,6/4/2024 7:45:00 AM,,Assessing,Investigating,-7693331.675578943,5482540.809373537
ST GEORGE,26,6/4/2024 9:00:00 AM,6/4/2024 9:00:00 AM,,Crew Assigned,Investigating,-7707209.665039472,5456126.750090886
CASCO,3,6/4/2024 9:15:00 AM,6/4/2024 9:15:00 AM,,Crew Assigned,Investigating,-7849157.266590331,5454564.572080101
NORTH YARMOUTH,25,6/4/2024 8:15:00 AM,6/4/2024 8:15:00 AM,,Repairs in Progress,Investigating,-7820996.619155946,5439856.357584872
SCARBOROUGH,11,6/4/2024 9:15:00 AM,6/4/2024 9:15:00 AM,,Crew Assigned,Investigating,-7825119.692703485,5401519.101877624
