BgName,NumOut,EtrMin,EtrMax,Desc,Status,Cause,x,y
SANFORD,5,1/28/2023 12:30:00 PM,1/28/2023 12:30:00 PM,,Assessing,Investigating,-7884418.694919364,5386349.703503428
WELLS,29,1/28/2023 12:00:00 PM,1/28/2023 12:00:00 PM,,Assessing,Investigating,-7866383.59040292,5358604.700729669
ARUNDEL,1,1/28/2023 2:30:00 PM,1/28/2023 2:30:00 PM,,Assessing,Investigating,-7846786.105752435,5381393.286143954
BELFAST,25,1/28/2023 12:15:00 PM,1/28/2023 12:15:00 PM,,Assessing,Investigating,-7680739.582137426,5530090.207402426
RANGELEY PLT,1,1/28/2023 12:00:00 PM,1/28/2023 12:00:00 PM,,Assessing,Investigating,-7879166.429778345,5607099.309615995
AUGUSTA,4,1/28/2023 12:30:00 PM,1/28/2023 12:30:00 PM,,Assessing,Vehicle Accident,-7766984.034813966,5518709.285129172
