BgName,NumOut,EtrMin,EtrMax,Desc,Status,Cause,x,y
PHIPPSBURG,2,7/21/2021 11:45:00 PM,7/21/2021 11:45:00 PM,,Assessing,Investigating,-7775744.500271826,5422156.084938209
PARSONSFIELD,3,7/22/2021 9:30:00 AM,7/22/2021 9:30:00 AM,,Assessing,Investigating,-7890824.8087567,5427505.767472725
OAKLAND,12,7/22/2021 10:30:00 AM,7/22/2021 10:30:00 AM,,Assessing,Investigating,-7765727.326870052,5550290.963443769
