BgName,NumOut,EtrMin,EtrMax,Desc,Status,Cause,x,y
ST GEORGE,3,3/17/2023 1:00:00 PM,3/17/2023 1:00:00 PM,,Assessing,Investigating,-7709471.910850527,5453224.663036381
GEORGETOWN,144,3/17/2023 1:45:00 PM,3/17/2023 1:45:00 PM,,Assessing,Investigating,-7764126.897641274,5435205.316106443
OAKLAND,2,3/17/2023 2:15:00 PM,3/17/2023 2:15:00 PM,,Assessing,Investigating,-7766548.486231412,5553879.574542995
