BgName,NumOut,EtrMin,EtrMax,Desc,Status,Cause,x,y
KITTERY,22,7/29/2022 4:30:00 AM,7/29/2022 4:30:00 AM,,Assessing,Investigating,-7873527.96399819,5325737.747238266
VASSALBORO,17,7/29/2022 3:15:00 AM,7/29/2022 3:15:00 AM,,Assessing,Investigating,-7756477.779200468,5536728.962674755
