BgName,NumOut,EtrMin,EtrMax,Desc,Status,Cause,x,y
AUBURN,55,5/19/2023 5:00:00 PM,5/19/2023 5:00:00 PM,,Assessing,Investigating,-7817652.85992559,5473467.508507025
BUCKSPORT,58,5/19/2023 5:15:00 PM,5/19/2023 5:15:00 PM,,Assessing,Investigating,-7657325.063440725,5556302.190080755
