BgName,NumOut,EtrMin,EtrMax,Desc,Status,Cause,x,y
LIVERMR FL,24,9/29/2023 4:15:00 PM,9/29/2023 4:15:00 PM,,Assessing,Investigating,-7808546.825414348,5530159.280375814
SO BERWICK,36,9/29/2023 4:30:00 PM,9/29/2023 4:30:00 PM,,Assessing,Investigating,-7879706.017629497,5346926.713005523
ELIOT,9,9/29/2023 4:30:00 PM,9/29/2023 4:30:00 PM,,Assessing,Investigating,-7877303.587186286,5330745.606638945
