BgName,NumOut,EtrMin,EtrMax,Desc,Status,Cause,x,y
NEW GLOUCESTER,20,1/15/2024 10:15:00 AM,1/15/2024 10:15:00 AM,,Assessing,Investigating,-7826953.414095302,5454662.631260963
"SACO,SCARBOROUGH",1153,1/15/2024 10:45:00 AM,1/15/2024 10:45:00 AM,,Crew Assigned,Investigating,-7849273.305992688,5394127.643748861
MADRID,39,1/15/2024 11:00:00 AM,1/15/2024 11:00:00 AM,,Assessing,Investigating,-7843761.087642456,5600142.152444808
ACTON,1,Assessing,Assessing,,Assessing,Investigating,-7894897.387777247,5400527.302445451
