BgName,NumOut,EtrMin,EtrMax,Desc,Status,Cause,x,y
WALDOBORO,17,9/20/2021 7:00:00 PM,9/20/2021 7:00:00 PM,,Assessing,Investigating,-7725329.851001848,5477655.853242928
BERWICK,1,9/20/2021 7:30:00 PM,9/20/2021 7:30:00 PM,,Crew Assigned,Investigating,-7886897.501663378,5362491.216874398
OAKLAND,1,9/20/2021 7:45:00 PM,9/20/2021 7:45:00 PM,,Assessing,Investigating,-7759357.291621532,5555996.301548645
BURNHAM,4,9/20/2021 7:00:00 PM,9/20/2021 7:00:00 PM,,Assessing,System Upgrade,-7729012.87863221,5572914.628095227
