BgName,NumOut,EtrMin,EtrMax,Desc,Status,Cause,x,y
GEORGETOWN,2,9/18/2024 11:45:00 AM,9/18/2024 11:45:00 AM,,Crew Assigned,Investigating,-7762596.16563628,5443459.855770314
BRUNSWICK,3,9/18/2024 12:30:00 PM,9/18/2024 12:30:00 PM,,Assessing,Investigating,-7792302.116788221,5447631.3576101195
