BgName,NumOut,EtrMin,EtrMax,Desc,Status,Cause,x,y
YARMOUTH,19,3/13/2024 4:45:00 PM,3/13/2024 4:45:00 PM,,Assessing,Investigating,-7807997.908920074,5428732.640358436
OXFORD,143,3/13/2024 4:00:00 PM,3/13/2024 4:00:00 PM,,Crew Assigned,Investigating,-7843863.434816808,5487847.2147580255
JACKMAN,77,3/13/2024 4:30:00 PM,3/13/2024 4:30:00 PM,,Crew Assigned,Investigating,-7820247.717284512,5719978.5971702775
