BgName,NumOut,EtrMin,EtrMax,Desc,Status,Cause,x,y
LEWISTON,49,6/22/2023 8:00:00 AM,6/22/2023 8:00:00 AM,,Assessing,Investigating,-7810484.997935824,5482046.7533855345
DEXTER,51,6/22/2023 8:30:00 AM,6/22/2023 8:30:00 AM,,Assessing,Investigating,-7712994.849866858,5625845.269794817
