BgName,NumOut,EtrMin,EtrMax,Desc,Status,Cause,x,y
SO BRISTOL,1,8/20/2021 9:00:00 PM,8/20/2021 9:00:00 PM,,Assessing,Investigating,-7742083.523396458,5462286.010973281
BRISTOL,14,8/20/2021 9:00:00 PM,8/20/2021 9:00:00 PM,,Assessing,Investigating,-7731676.765167064,5454305.363200507
GRAY,9,8/20/2021 9:30:00 PM,8/20/2021 9:30:00 PM,,Assessing,Investigating,-7836813.460098034,5449285.200491031
BIDDEFORD,7,8/20/2021 8:45:00 PM,8/20/2021 8:45:00 PM,,Crew Assigned,Investigating,-7840341.397409793,5381338.034644692
YORK,9,8/20/2021 8:00:00 PM,8/20/2021 8:00:00 PM,,Repairs in Progress,Investigating,-7860204.646174623,5340320.558185355
PORTLAND,10,8/20/2021 8:30:00 PM,8/20/2021 8:30:00 PM,,Assessing,Investigating,-7825753.044920816,5414837.285204166
PALERMO,1,8/20/2021 9:00:00 PM,8/20/2021 9:00:00 PM,,Assessing,Investigating,-7731397.976572243,5518607.409235834
