BgName,NumOut,EtrMin,EtrMax,Desc,Status,Cause,x,y
ARUNDEL,5,2/26/2024 1:15:00 PM,2/26/2024 1:15:00 PM,,Assessing,Investigating,-7849823.725169162,5376306.787887267
VASSALBORO,4,2/26/2024 12:00:00 PM,2/26/2024 12:00:00 PM,,Assessing,Investigating,-7756291.08530269,5538455.18990633
