BgName,NumOut,EtrMin,EtrMax,Desc,Status,Cause,x,y
SCARBOROUGH,143,4/25/2023 1:00:00 PM,4/25/2023 1:00:00 PM,,Assessing,Vehicle Accident,-7839315.899998596,5404286.141793322
FAIRFIELD,2,4/25/2023 2:30:00 PM,4/25/2023 2:30:00 PM,,Assessing,Investigating,-7755152.298067191,5560544.725679356
BELGRADE,33,4/25/2023 1:45:00 PM,4/25/2023 1:45:00 PM,,Assessing,Investigating,-7777759.327405666,5546101.811464735
SEBAGO,2,4/25/2023 1:00:00 PM,4/25/2023 1:00:00 PM,,Crew Assigned,Investigating,-7875956.743738588,5448676.196885809
