BgName,NumOut,EtrMin,EtrMax,Desc,Status,Cause,x,y
MINOT,137,8/4/2023 12:00:00 PM,8/4/2023 12:00:00 PM,,Assessing,Investigating,-7827062.273459842,5482744.178952813
PALMYRA,8,8/4/2023 1:15:00 PM,8/4/2023 1:15:00 PM,,Assessing,Investigating,-7727691.716634064,5600526.008483858
