BgName,NumOut,EtrMin,EtrMax,Desc,Status,Cause,x,y
WINTHROP; READFIELD,33,7/6/2023 12:30:00 PM,7/6/2023 12:30:00 PM,,Investigating,Investigating,-7781030.45132314,5516250.017728043
"GREENWOOD,MILTON,RUMFORD,BETHEL,WOODSTOCK",950,7/6/2023 11:30:00 AM,7/6/2023 11:30:00 AM,,Assessing,Investigating,-7870997.916892248,5528372.81006999
NAPLES,7,7/6/2023 12:00:00 PM,7/6/2023 12:00:00 PM,,Assessing,Investigating,-7859516.524744926,5464621.382809232
CHESTERVILLE,14,7/6/2023 11:00:00 AM,7/6/2023 11:00:00 AM,,Assessing,Investigating,-7805291.164407103,5554587.590619517
KENNEBUNKPORT,1,7/6/2023 12:30:00 PM,7/6/2023 12:30:00 PM,,Crew Assigned,Investigating,-7839701.5552271595,5370425.802833797
SO PORTLAND,13,7/6/2023 11:15:00 AM,7/6/2023 11:15:00 AM,,Assessing,Investigating,-7820289.907314889,5407515.268601004
