BgName,NumOut,EtrMin,EtrMax,Desc,Status,Cause,x,y
"HARPSWELL,BRUNSWICK",2667,6/23/2024 6:00:00 PM,6/23/2024 6:00:00 PM,,Crew Assigned,Equipment Interruption,-7789533.968435629,5450597.374126294
BRUNSWICK,2274,6/23/2024 6:00:00 PM,6/23/2024 6:00:00 PM,,Crew Assigned,Equipment Interruption,-7789534.012985508,5450595.8908616025
"BRUNSWICK,FREEPORT",1877,6/23/2024 6:00:00 PM,6/23/2024 6:00:00 PM,,Crew Assigned,Equipment Interruption,-7789534.380296697,5450594.871125952
"FREEPORT,BRUNSWICK",1215,6/23/2024 6:00:00 PM,6/23/2024 6:00:00 PM,,Crew Assigned,Equipment Interruption,-7789534.313521946,5450593.990476834
TOPSHAM,94,6/23/2024 6:00:00 PM,6/23/2024 6:00:00 PM,,Crew Assigned,Equipment Interruption,-7789134.131030581,5456191.062073987
"MONMOUTH,WAYNE,LEEDS",223,6/23/2024 6:45:00 PM,6/23/2024 6:45:00 PM,,Repairs in Progress,Investigating,-7795675.765278637,5507140.332316116
GREENE,1,6/23/2024 5:45:00 PM,6/23/2024 5:45:00 PM,,Assessing,Investigating,-7810458.1699027065,5492959.692505751
LYMAN,9,6/23/2024 7:00:00 PM,6/23/2024 7:00:00 PM,,Crew Assigned,Investigating,-7860448.358002131,5393876.499819263
FRIENDSHIP,1,6/23/2024 6:45:00 PM,6/23/2024 6:45:00 PM,,Crew Assigned,Investigating,-7720975.678146103,5462023.412953759
