BgName,NumOut,EtrMin,EtrMax,Desc,Status,Cause,x,y
LOVELL,13,4/27/2021 12:00:00 PM,4/27/2021 12:00:00 PM,,Assessing,Tree,-7891665.103939994,5493344.0191921685
