BgName,NumOut,EtrMin,EtrMax,Desc,Status,Cause,x,y
"FREEPORT,POWNAL",74,2/12/2022 3:00:00 PM,2/12/2022 3:00:00 PM,,Assessing,Investigating,-7805164.048705182,5449954.7897054
GRAY,2,2/12/2022 3:15:00 PM,2/12/2022 3:15:00 PM,,Assessing,Investigating,-7831622.4763595555,5454736.22276237
SACO,1,2/12/2022 2:15:00 PM,2/12/2022 2:15:00 PM,,Repairs in Progress,Investigating,-7842218.255191405,5387962.880456872
LEWISTON,1,2/12/2022 2:30:00 PM,2/12/2022 2:30:00 PM,,Repairs in Progress,Investigating,-7815606.774298879,5480576.35529537
