BgName,NumOut,EtrMin,EtrMax,Desc,Status,Cause,x,y
OGUNQUIT,43,6/9/2022 10:15:00 AM,6/9/2022 10:15:00 AM,,Investigating,Investigating,-7861806.402889477,5352422.813257837
NORWAY,4,6/9/2022 11:00:00 AM,6/9/2022 11:00:00 AM,,Assessing,Investigating,-7859680.286871334,5499509.872794813
