BgName,NumOut,EtrMin,EtrMax,Desc,Status,Cause,x,y
FREEPORT,1,8/15/2021 10:00:00 PM,8/15/2021 10:00:00 PM,,Assessing,Investigating,-7801903.64548919,5438532.861052689
KENNEBUNKPORT,5,8/16/2021 12:30:00 AM,8/16/2021 12:30:00 AM,,Assessing,Investigating,-7839465.680372884,5372317.298276292
