BgName,NumOut,EtrMin,EtrMax,Desc,Status,Cause,x,y
YARMOUTH,312,9/15/2022 10:45:00 PM,9/15/2022 10:45:00 PM,,Assessing,Investigating,-7808555.196585602,5427924.000531848
FRYEBURG,3,9/16/2022 1:00:00 AM,9/16/2022 1:00:00 AM,,Assessing,Investigating,-7901804.628610055,5462947.357995891
LOVELL,9,9/15/2022 10:45:00 PM,9/15/2022 10:45:00 PM,,Assessing,Investigating,-7888925.030316153,5503549.10918085
CASCO,2,9/16/2022 12:30:00 AM,9/16/2022 12:30:00 AM,,Assessing,Investigating,-7843227.255034108,5464208.998647323
HARTFORD,8,9/15/2022 10:30:00 PM,9/15/2022 10:30:00 PM,,Assessing,Tree,-7834887.020611307,5528003.476196143
WELLS,8,9/15/2022 8:45:00 PM,9/15/2022 8:45:00 PM,,Assessing,Investigating,-7855743.050062015,5357294.883084947
KITTERY,4,9/17/2022 12:00:00 AM,9/17/2022 12:00:00 AM,,Assessing,Tree,-7868750.009032073,5322820.772441686
SEARSMONT,43,9/16/2022 12:45:00 AM,9/16/2022 12:45:00 AM,,Assessing,Investigating,-7702594.904364091,5522372.9057043325
