BgName,NumOut,EtrMin,EtrMax,Desc,Status,Cause,x,y
BATH,11,6/13/2023 2:30:00 PM,6/13/2023 2:30:00 PM,,Assessing,Investigating,-7771995.727341728,5454823.386386397
PITTSTON,1,6/13/2023 3:15:00 PM,6/13/2023 3:15:00 PM,,Assessing,Investigating,-7762451.004933569,5492005.806337686
"SANFORD,LEBANON",45,6/13/2023 1:15:00 PM,6/13/2023 1:15:00 PM,,Assessing,Investigating,-7885189.738177364,5377281.9113295935
PITTSTON,5580,6/13/2023 3:15:00 PM,6/13/2023 3:15:00 PM,,Assessing,Investigating,-7762391.872036201,5492022.676765519
NORRIDGEWOCK,1,6/13/2023 2:30:00 PM,6/13/2023 2:30:00 PM,,Assessing,Investigating,-7772108.349318389,5574311.9346669605
