BgName,NumOut,EtrMin,EtrMax,Desc,Status,Cause,x,y
GEORGETOWN,27,9/28/2024 12:30:00 PM,9/28/2024 12:30:00 PM,,Crew Assigned,Investigating,-7766751.009749945,5435359.669772797
BOOTHBAY,1,9/28/2024 1:15:00 PM,9/28/2024 1:15:00 PM,,Crew Assigned,Investigating,-7750084.411431945,5451165.250176073
BATH,3,9/28/2024 12:00:00 PM,9/28/2024 12:00:00 PM,,Repairs in Progress,Investigating,-7774041.701643817,5452012.80334242
