BgName,NumOut,EtrMin,EtrMax,Desc,Status,Cause,x,y
CUSHING,9,1/7/2022 8:00:00 PM,1/7/2022 8:00:00 PM,,Assessing,Investigating,-7715635.58198109,5460222.726509972
WINTERPORT,3,1/7/2022 8:30:00 PM,1/7/2022 8:30:00 PM,,Assessing,Investigating,-7662613.785694303,5569655.364696261
