BgName,NumOut,EtrMin,EtrMax,Desc,Status,Cause,x,y
ALBANY,18,9/5/2022 5:15:00 PM,9/5/2022 5:15:00 PM,,Assessing,Investigating,-7880165.555567364,5519384.901692356
NAPLES,7,9/5/2022 4:45:00 PM,9/5/2022 4:45:00 PM,,Assessing,Investigating,-7860772.921039964,5454762.00541461
SEARSMONT,57,9/5/2022 5:00:00 PM,9/5/2022 5:00:00 PM,,Assessing,Investigating,-7697615.884111889,5521731.276599272
