BgName,NumOut,EtrMin,EtrMax,Desc,Status,Cause,x,y
WATERFORD,10,8/25/2022 9:30:00 AM,8/25/2022 9:30:00 AM,,Investigating,Investigating,-7873799.466536504,5489924.92190349
CAPE ELIZABETH,22,8/25/2022 8:30:00 AM,8/25/2022 8:30:00 AM,,Assessing,Investigating,-7818768.136541702,5404987.063413895
"OGUNQUIT,YORK",119,8/25/2022 9:15:00 AM,8/25/2022 9:15:00 AM,,Assessing,Investigating,-7858147.729222591,5347698.948092773
