BgName,NumOut,EtrMin,EtrMax,Desc,Status,Cause,x,y
DAMARISCOTTA,16,5/31/2021 1:45:00 PM,5/31/2021 1:45:00 PM,,Assessing,Investigating,-7739842.55069997,5470556.515474912
DURHAM,71,5/31/2021 1:00:00 PM,5/31/2021 1:00:00 PM,,Assessing,Investigating,-7812743.002498933,5462602.608183595
CUSHING,7,5/31/2021 1:45:00 PM,5/31/2021 1:45:00 PM,,Assessing,Investigating,-7704325.88904548,5474477.74155814
TOPSHAM,21,5/31/2021 1:45:00 PM,5/31/2021 1:45:00 PM,,Assessing,Investigating,-7792370.85654015,5458929.158229072
PORTLAND,11,5/31/2021 1:45:00 PM,5/31/2021 1:45:00 PM,,Assessing,Investigating,-7829435.237616496,5411569.291140604
TEMPLE,45,5/31/2021 1:15:00 PM,5/31/2021 1:15:00 PM,,Assessing,Investigating,-7819834.666287276,5574351.196912132
CAPE ELIZABETH,1,5/31/2021 1:15:00 PM,5/31/2021 1:15:00 PM,,Assessing,Investigating,-7819896.804849386,5405529.536623763
