BgName,NumOut,EtrMin,EtrMax,Desc,Status,Cause,x,y
DAMARISCOTTA,57,6/12/2021 3:15:00 AM,6/12/2021 3:15:00 AM,,Assessing,Investigating,-7732244.305309901,5470250.698935725
YARMOUTH,10,6/12/2021 1:00:00 AM,6/12/2021 1:00:00 AM,,Repairs in Progress,Investigating,-7811255.295358882,5433946.551763631
