BgName,NumOut,EtrMin,EtrMax,Desc,Status,Cause,x,y
PORTLAND,675,3/18/2021 5:00:00 PM,3/18/2021 5:00:00 PM,,Investigating,Investigating,-7821552.795177018,5412727.849988417
PORTLAND,2309,3/18/2021 5:00:00 PM,3/18/2021 5:00:00 PM,,Assessing,Investigating,-7823125.047762961,5410346.373730641
PORTLAND,53,3/18/2021 5:00:00 PM,3/18/2021 5:00:00 PM,,Assessing,Investigating,-7823277.455278246,5411896.320065587
KITTERY,7,3/18/2021 6:30:00 PM,3/18/2021 6:30:00 PM,,Assessing,Investigating,-7872192.096737983,5327454.455917071
