BgName,NumOut,EtrMin,EtrMax,Desc,Status,Cause,x,y
AUGUSTA,40,7/2/2023 1:45:00 PM,7/2/2023 1:45:00 PM,,Assessing,Investigating,-7770547.416304344,5513555.866067726
AUGUSTA,30,7/2/2023 1:45:00 PM,7/2/2023 1:45:00 PM,,Assessing,Investigating,-7770307.511638827,5514178.780064817
WINDSOR,1,7/2/2023 2:15:00 PM,7/2/2023 2:15:00 PM,,Assessing,Investigating,-7744320.989467387,5508718.324850805
LIMINGTON,13,7/2/2023 3:00:00 PM,7/2/2023 3:00:00 PM,,Assessing,Tree,-7873059.754252514,5415576.070519145
EMBDEN,16,7/2/2023 2:15:00 PM,7/2/2023 2:15:00 PM,,Assessing,Investigating,-7779954.291697229,5614908.752625793
BELGRADE,2,7/2/2023 3:00:00 PM,7/2/2023 3:00:00 PM,,Assessing,Investigating,-7769935.459638645,5552918.218064002
