BgName,NumOut,EtrMin,EtrMax,Desc,Status,Cause,x,y
NOBLEBORO,7,8/10/2022 5:00:00 PM,8/10/2022 5:00:00 PM,,Assessing,Equipment Interruption,-7736944.548179838,5483923.414733562
SIDNEY,2,8/10/2022 4:45:00 PM,8/10/2022 4:45:00 PM,,Assessing,Investigating,-7759257.504813427,5533425.787040541
