BgName,NumOut,EtrMin,EtrMax,Desc,Status,Cause,x,y
LEWISTON,10,8/28/2023 8:15:00 AM,8/28/2023 8:15:00 AM,,Assessing,Investigating,-7808656.319189089,5484049.855155441
PHILLIPS,58,8/28/2023 7:15:00 AM,8/28/2023 7:15:00 AM,,Assessing,Investigating,-7831252.583976995,5594368.3873504875
