BgName,NumOut,EtrMin,EtrMax,Desc,Status,Cause,x,y
FRYEBURG,38,8/18/2021 12:15:00 PM,8/18/2021 12:15:00 PM,,Assessing,Investigating,-7901360.308007504,5479852.078856616
LIVERMR FL,1,8/18/2021 1:45:00 PM,8/18/2021 1:45:00 PM,,Assessing,Investigating,-7812257.115163769,5539312.084510086
DAYTON,1,8/18/2021 12:00:00 PM,8/18/2021 12:00:00 PM,,Assessing,Investigating,-7856470.767818514,5392951.78675248
BETHEL,2,8/18/2021 12:45:00 PM,8/18/2021 12:45:00 PM,,Assessing,Investigating,-7871636.601278769,5532732.214706706
WATERBORO,4,8/18/2021 12:45:00 PM,8/18/2021 12:45:00 PM,,Assessing,Investigating,-7871454.794351795,5396606.479774954
OTISFIELD,1,8/18/2021 1:15:00 PM,8/18/2021 1:15:00 PM,,Assessing,Investigating,-7855852.844473307,5480783.6186417425
