BgName,NumOut,EtrMin,EtrMax,Desc,Status,Cause,x,y
SABATTUS,3,10/6/2021 1:00:00 PM,10/6/2021 1:00:00 PM,,Assessing,Investigating,-7802397.648009039,5482483.1963216765
TURNER,20,10/6/2021 12:45:00 PM,10/6/2021 12:45:00 PM,,Crew Assigned,Investigating,-7822616.384530919,5508736.641095146
SKOWHEGAN,2,10/6/2021 1:00:00 PM,10/6/2021 1:00:00 PM,,Assessing,Investigating,-7754762.7354644565,5581601.295637347
NEW GLOUCESTER,2,10/6/2021 12:15:00 PM,10/6/2021 12:15:00 PM,,Crew Assigned,Investigating,-7825769.965462815,5460701.456227356
