BgName,NumOut,EtrMin,EtrMax,Desc,Status,Cause,x,y
HARRISON,29,11/3/2024 4:45:00 PM,11/3/2024 4:45:00 PM,,Crew Assigned,Investigating,-7866085.120575601,5485697.802928599
BETHEL,5,11/3/2024 5:00:00 PM,11/3/2024 5:00:00 PM,,Crew Assigned,Investigating,-7865218.008571745,5534779.175403068
ELIOT,28,11/3/2024 3:45:00 PM,11/3/2024 3:45:00 PM,,Repairs Complete,Investigating,-7880839.2945964215,5330058.133650214
