BgName,NumOut,EtrMin,EtrMax,Desc,Status,Cause,x,y
WALDOBORO,33,7/8/2024 9:30:00 AM,7/8/2024 9:30:00 AM,,Crew Assigned,Investigating,-7722650.435382686,5478634.700476074
WATERFORD,15,7/8/2024 9:45:00 AM,7/8/2024 9:45:00 AM,,Assessing,Investigating,-7878233.182838563,5500979.928541049
SHAPLEIGH,20,7/8/2024 10:30:00 AM,7/8/2024 10:30:00 AM,,Assessing,Investigating,-7882877.242713454,5391244.31295147
MONTVILLE,2,7/8/2024 9:00:00 AM,7/8/2024 9:00:00 AM,,Repairs in Progress,Investigating,-7708344.923424534,5530790.046931856
WATERVILLE,7,7/8/2024 10:15:00 AM,7/8/2024 10:15:00 AM,,Crew Assigned,Investigating,-7755469.792391828,5555611.091423099
