BgName,NumOut,EtrMin,EtrMax,Desc,Status,Cause,x,y
PORTLAND,51,7/2/2023 6:15:00 PM,7/2/2023 6:15:00 PM,,Assessing,Investigating,-7824530.400710152,5417580.281660897
HARTLAND,35,7/2/2023 5:45:00 PM,7/2/2023 5:45:00 PM,,Assessing,Investigating,-7739054.842886538,5596733.960803156
