BgName,NumOut,EtrMin,EtrMax,Desc,Status,Cause,x,y
BRUNSWICK,31,8/26/2023 10:30:00 AM,8/26/2023 10:30:00 AM,,Assessing,Investigating,-7789656.764902307,5448348.679414786
ST GEORGE,3,8/26/2023 9:45:00 AM,8/26/2023 9:45:00 AM,,Assessing,Investigating,-7697036.154523358,5465885.404643271
UNION,9,8/26/2023 9:30:00 AM,8/26/2023 9:30:00 AM,,Assessing,Investigating,-7711510.304266056,5502522.736248329
WINDHAM,14,8/26/2023 11:00:00 AM,8/26/2023 11:00:00 AM,,Assessing,Investigating,-7830495.177284687,5437988.290221879
CORINNA,35,8/26/2023 10:00:00 AM,8/26/2023 10:00:00 AM,,Assessing,Investigating,-7713558.371411009,5614361.016952429
"WILTON,FARMINGTON",15,8/26/2023 10:30:00 AM,8/26/2023 10:30:00 AM,,Assessing,Tree,-7807653.987411069,5558315.06553198
WINSLOW,44,8/26/2023 10:30:00 AM,8/26/2023 10:30:00 AM,,Assessing,Investigating,-7749251.763909962,5541555.736720983
