BgName,NumOut,EtrMin,EtrMax,Desc,Status,Cause,x,y
BATH,493,9/10/2021 9:45:00 PM,9/10/2021 9:45:00 PM,,Assessing,Investigating,-7771928.657359053,5450632.909746111
TOPSHAM,6,9/10/2021 9:30:00 PM,9/10/2021 9:30:00 PM,,Crew Assigned,Investigating,-7792307.426732529,5456044.9231410595
"BATH,WEST BATH",983,9/10/2021 9:45:00 PM,9/10/2021 9:45:00 PM,,Assessing,Investigating,-7773973.11776638,5450482.19318652
 ,1,9/10/2021 9:00:00 PM,9/10/2021 9:00:00 PM,,Assessing,Investigating,-7881151.133890433,5468914.320824638
YORK,9,9/10/2021 9:15:00 PM,9/10/2021 9:15:00 PM,,Crew Assigned,Investigating,-7865320.043997103,5331742.049539241
TOPSHAM,8,9/10/2021 9:15:00 PM,9/10/2021 9:15:00 PM,,Assessing,Equipment Interruption,-7788378.627969334,5458895.492627422
