BgName,NumOut,EtrMin,EtrMax,Desc,Status,Cause,x,y
"CAMDEN,ROCKPORT",2197,7/28/2021 2:15:00 PM,7/28/2021 2:15:00 PM,,Assessing,Investigating,-7689260.766327645,5498111.897038344
"JEFFERSON,SOMERVILLE PLT",12,7/28/2021 2:00:00 PM,7/28/2021 2:00:00 PM,,Assessing,Investigating,-7740388.661853754,5506581.818445237
SOMERVILLE PLT,38,7/28/2021 2:00:00 PM,7/28/2021 2:00:00 PM,,Assessing,Investigating,-7739714.254977054,5508101.784444397
YARMOUTH,8,7/28/2021 3:00:00 PM,7/28/2021 3:00:00 PM,,Assessing,System Upgrade,-7810556.910339433,5434492.503119206
