BgName,NumOut,EtrMin,EtrMax,Desc,Status,Cause,x,y
HARPSWELL,61,8/25/2023 11:00:00 AM,8/25/2023 11:00:00 AM,,Assessing,Investigating,-7786531.436898644,5436840.637136749
"SABATTUS,BOWDOIN,LISBON",1180,8/25/2023 10:15:00 AM,8/25/2023 10:15:00 AM,,Assessing,Investigating,-7803505.532950415,5483069.855647728
LYMAN,37,8/25/2023 12:30:00 PM,8/25/2023 12:30:00 PM,,Assessing,Investigating,-7859966.18872922,5382613.059031589
KENNEBUNKPORT,550,8/25/2023 11:30:00 AM,8/25/2023 11:30:00 AM,,Assessing,Investigating,-7841627.939051571,5368529.041985435
"WELLS,YORK,OGUNQUIT",126,8/25/2023 9:30:00 AM,8/25/2023 9:30:00 AM,,Assessing,Investigating,-7861410.670479839,5353485.452862644
"ALFRED,SHAPLEIGH",61,8/25/2023 10:45:00 AM,8/25/2023 10:45:00 AM,,Assessing,Investigating,-7877697.680460967,5392234.626838827
WATERBORO,82,8/25/2023 10:15:00 AM,8/25/2023 10:15:00 AM,,Repairs in Progress,Investigating,-7870472.433230281,5402814.2917504795
