BgName,NumOut,EtrMin,EtrMax,Desc,Status,Cause,x,y
HARPSWELL,13,1/25/2024 12:45:00 PM,1/25/2024 12:45:00 PM,,Assessing,Investigating,-7793404.090712401,5429843.905642773
FREEPORT,106,1/25/2024 2:15:00 PM,1/25/2024 2:15:00 PM,,Assessing,Investigating,-7799533.9875337165,5442726.258354543
AUGUSTA,10,1/25/2024 2:00:00 PM,1/25/2024 2:00:00 PM,,Assessing,Investigating,-7770734.533175633,5519127.867885949
OGUNQUIT,5,1/25/2024 2:00:00 PM,1/25/2024 2:00:00 PM,,Crew Assigned,Investigating,-7858346.300917182,5348494.932160069
PITTSFIELD,5,1/25/2024 2:30:00 PM,1/25/2024 2:30:00 PM,,Assessing,Investigating,-7724191.286315488,5588438.688271234
FARMINGTON,3,1/25/2024 1:00:00 PM,1/25/2024 1:00:00 PM,,Assessing,Investigating,-7809226.998646289,5578385.458145927
