BgName,NumOut,EtrMin,EtrMax,Desc,Status,Cause,x,y
PALERMO,1,7/14/2024 2:30:00 PM,7/14/2024 2:30:00 PM,,Assessing,Investigating,-7730908.493712007,5523907.059694668
PALERMO,221,7/14/2024 2:30:00 PM,7/14/2024 2:30:00 PM,,Crew Assigned,Investigating,-7730964.164533689,5523852.985408166
BRIDGTON,6,7/14/2024 1:00:00 PM,7/14/2024 1:00:00 PM,,Repairs in Progress,Investigating,-7883514.346430467,5476910.5334816715
