BgName,NumOut,EtrMin,EtrMax,Desc,Status,Cause,x,y
"CAMDEN,HOPE",56,7/7/2023 1:45:00 AM,7/7/2023 1:45:00 AM,,Assessing,Investigating,-7695740.840861588,5499235.923654652
WINDSOR,15,7/7/2023 1:15:00 AM,7/7/2023 1:15:00 AM,,Assessing,Investigating,-7743412.221731285,5510122.604710914
"WINDSOR,CHINA,SOMERVILLE PLT,PALERMO,WASHINGTON",414,7/7/2023 1:15:00 AM,7/7/2023 1:15:00 AM,,Assessing,Investigating,-7743411.653995725,5510124.657470917
WASHINGTON,6,7/7/2023 1:30:00 AM,7/7/2023 1:30:00 AM,,Assessing,Investigating,-7729551.820760497,5508549.889221574
GRAY,164,7/7/2023 2:00:00 AM,7/7/2023 2:00:00 AM,,Assessing,Tree,-7837080.081371929,5447776.930490793
PARIS,49,7/7/2023 2:00:00 AM,7/7/2023 2:00:00 AM,,Assessing,Vehicle Accident,-7850126.803655733,5494523.767021285
