BgName,NumOut,EtrMin,EtrMax,Desc,Status,Cause,x,y
BOOTHBAY HBR,39,8/9/2022 9:45:00 AM,8/9/2022 9:45:00 AM,,Assessing,Investigating,-7748994.192867512,5442390.030216253
NO YARMOUTH,1,8/9/2022 9:30:00 AM,8/9/2022 9:30:00 AM,,Assessing,Investigating,-7816200.8752757115,5446503.751967598
SHAPLEIGH,12,8/9/2022 12:00:00 PM,8/9/2022 12:00:00 PM,,Crew Assigned,Investigating,-7889791.830671127,5396772.90800787
RANGELEY,4,8/9/2022 10:45:00 AM,8/9/2022 10:45:00 AM,,Assessing,Investigating,-7864105.069672629,5614544.074137224
