BgName,NumOut,EtrMin,EtrMax,Desc,Status,Cause,x,y
NEWCASTLE,1,11/3/2024 8:30:00 AM,11/3/2024 8:30:00 AM,,Assessing,Investigating,-7741327.786473405,5475462.926689415
OWLS HEAD,17,11/3/2024 8:30:00 AM,11/3/2024 8:30:00 AM,,Assessing,Investigating,-7692865.157927514,5478293.219453682
ACTON,199,11/3/2024 12:00:00 PM,11/3/2024 12:00:00 PM,,Repairs in Progress,Tree,-7894882.1035670675,5399868.236279255
