BgName,NumOut,EtrMin,EtrMax,Desc,Status,Cause,x,y
CARTHAGE,2,6/8/2021 10:00:00 AM,6/8/2021 10:00:00 AM,,Investigating,Investigating,-7846929.063589105,5562306.244699751
BRIDGTON,16,6/8/2021 10:00:00 AM,6/8/2021 10:00:00 AM,,Assessing,Investigating,-7878423.56146128,5479104.860172312
"WINDHAM,GRAY,RICHMOND,CORNVILLE",2168,6/8/2021 9:45:00 AM,6/8/2021 9:45:00 AM,,Assessing,Investigating,-7840775.454322479,5439950.077938175
"OGUNQUIT,YORK",117,6/8/2021 9:00:00 AM,6/8/2021 9:00:00 AM,,Crew Assigned,Investigating,-7858147.729222591,5347698.948092773
ELIOT,3,6/8/2021 9:15:00 AM,6/8/2021 9:15:00 AM,,Crew Assigned,Investigating,-7884130.956205174,5336518.491395158
LEBANON,1,6/8/2021 8:45:00 AM,6/8/2021 8:45:00 AM,,Assessing,Investigating,-7898576.686232924,5372553.519124435
BUXTON,3,6/8/2021 10:30:00 AM,6/8/2021 10:30:00 AM,,Assessing,Investigating,-7852598.474811684,5405622.724540163
