BgName,NumOut,EtrMin,EtrMax,Desc,Status,Cause,x,y
HARPSWELL,20,6/27/2023 7:15:00 AM,6/27/2023 7:15:00 AM,,Investigating,Investigating,-7785856.280482869,5438419.161731862
NEWCASTLE,6,6/27/2023 6:00:00 AM,6/27/2023 6:00:00 AM,,Assessing,Investigating,-7750631.602394539,5467316.595291758
LITCHFIELD,78,6/27/2023 8:00:00 AM,6/27/2023 8:00:00 AM,,Assessing,Vehicle Accident,-7781617.939196821,5484931.482135798
"LEWISTON,LISBON",1429,6/27/2023 6:30:00 AM,6/27/2023 6:30:00 AM,,Assessing,Investigating,-7813080.946115884,5476067.9456307795
PORTLAND,11,6/27/2023 5:45:00 AM,6/27/2023 5:45:00 AM,,Assessing,Investigating,-7829435.237616496,5411569.291140604
