BgName,NumOut,EtrMin,EtrMax,Desc,Status,Cause,x,y
UNION,9,8/21/2023 10:15:00 AM,8/21/2023 10:15:00 AM,,Assessing,Investigating,-7716371.826883453,5504887.846535367
WELLS,13,8/21/2023 10:15:00 AM,8/21/2023 10:15:00 AM,,Assessing,Investigating,-7865059.623164404,5366157.7168024825
YORK,1,8/21/2023 9:30:00 AM,8/21/2023 9:30:00 AM,,Assessing,Investigating,-7874430.64261772,5338093.751369803
ELIOT,1,8/21/2023 9:00:00 AM,8/21/2023 9:00:00 AM,,Assessing,Investigating,-7880916.984467721,5335797.69242677
SKOWHEGAN,5,8/21/2023 9:15:00 AM,8/21/2023 9:15:00 AM,,Assessing,Investigating,-7760074.322714662,5584308.324838848
