BgName,NumOut,EtrMin,EtrMax,Desc,Status,Cause,x,y
HOLLIS,6,8/7/2024 12:15:00 PM,8/7/2024 12:15:00 PM,,Investigating,Investigating,-7859209.231239782,5408263.296943434
BOOTHBAY,24,8/7/2024 10:45:00 AM,8/7/2024 10:45:00 AM,,Repairs in Progress,Investigating,-7754542.556681426,5446841.0723744435
BRIDGTON,27,8/7/2024 12:00:00 PM,8/7/2024 12:00:00 PM,,Repairs in Progress,Investigating,-7879668.068847064,5471403.4595424365
HIRAM,41,8/7/2024 10:45:00 AM,8/7/2024 10:45:00 AM,,Repairs in Progress,Investigating,-7890095.810767022,5440297.483015088
