BgName,NumOut,EtrMin,EtrMax,Desc,Status,Cause,x,y
CAMDEN,6,9/7/2024 9:30:00 AM,9/7/2024 9:30:00 AM,,Investigating,Investigating,-7687621.532057876,5497895.404830156
GREENE,11,9/7/2024 9:30:00 AM,9/7/2024 9:30:00 AM,,Assessing,Investigating,-7803431.026843237,5497107.470722602
WINDHAM,4,9/7/2024 9:30:00 AM,9/7/2024 9:30:00 AM,,Assessing,Investigating,-7833163.605704035,5428783.829090192
