BgName,NumOut,EtrMin,EtrMax,Desc,Status,Cause,x,y
HARPSWELL,1494,9/11/2024 11:30:00 AM,9/11/2024 11:30:00 AM,,Repairs in Progress,Investigating,-7788432.873895892,5438009.227475137
TOPSHAM,42,9/11/2024 11:15:00 AM,9/11/2024 11:15:00 AM,,Crew Assigned,Investigating,-7784977.272061357,5455251.8278225865
DRESDEN,22,9/11/2024 11:30:00 AM,9/11/2024 11:30:00 AM,,Crew Assigned,Investigating,-7762225.349219292,5482585.554273117
RAYMOND,46,9/11/2024 12:30:00 PM,9/11/2024 12:30:00 PM,,Crew Assigned,Investigating,-7849538.6360210795,5444426.666567879
LISBON,52,9/11/2024 12:15:00 PM,9/11/2024 12:15:00 PM,,Crew Assigned,Investigating,-7801939.011680497,5474192.535369078
"SEBAGO,NAPLES",99,9/11/2024 12:00:00 PM,9/11/2024 12:00:00 PM,,Crew Assigned,Investigating,-7863735.989899754,5452958.444783001
BIDDEFORD,9,9/11/2024 11:00:00 AM,9/11/2024 11:00:00 AM,,Crew Assigned,Investigating,-7844134.887299087,5386217.876480746
