BgName,NumOut,EtrMin,EtrMax,Desc,Status,Cause,x,y
JEFFERSON,19,5/11/2023 1:30:00 PM,5/11/2023 1:30:00 PM,,Assessing,Investigating,-7738196.213378564,5494120.871034967
"NO BERWICK,NORTH BERWICK",155,5/11/2023 1:15:00 PM,5/11/2023 1:15:00 PM,,Assessing,Investigating,-7877702.678656282,5362064.5436657965
