BgName,NumOut,EtrMin,EtrMax,Desc,Status,Cause,x,y
WISCASSET,29,9/17/2024 1:00:00 PM,9/17/2024 1:00:00 PM,,Assessing,Investigating,-7759033.563418277,5471910.554640829
PORTLAND,27,9/17/2024 11:30:00 AM,9/17/2024 11:30:00 AM,,Repairs in Progress,Investigating,-7820601.668721701,5412236.207982522
"YORK,ELIOT",6,9/17/2024 11:30:00 AM,9/17/2024 11:30:00 AM,,Crew Assigned,Investigating,-7875944.609955209,5338403.5782596385
SANFORD,28,9/17/2024 12:00:00 PM,9/17/2024 12:00:00 PM,,Repairs in Progress,Investigating,-7875525.647940779,5377269.081721415
WATERBORO,72,9/17/2024 1:00:00 PM,9/17/2024 1:00:00 PM,,Crew Assigned,Investigating,-7873897.544731877,5394395.164480011
ELIOT,4,9/17/2024 12:30:00 PM,9/17/2024 12:30:00 PM,,Assessing,Investigating,-7884592.063800221,5334266.441044188
