BgName,NumOut,EtrMin,EtrMax,Desc,Status,Cause,x,y
BENTON,52,6/3/2021 1:15:00 AM,6/3/2021 1:15:00 AM,,Assessing,Investigating,-7739819.095742902,5560232.37712892
JACKSON,2,6/3/2021 1:00:00 AM,6/3/2021 1:00:00 AM,,Assessing,Investigating,-7699770.929315319,5558735.864077807
