BgName,NumOut,EtrMin,EtrMax,Desc,Status,Cause,x,y
"CAMDEN,HOPE,LINCOLNVILLE",561,9/11/2023 8:00:00 PM,9/11/2023 8:00:00 PM,,Assessing,Investigating,-7694254.258180334,5500517.530063667
BROWNFIELD,45,9/11/2023 7:30:00 PM,9/11/2023 7:30:00 PM,,Assessing,Investigating,-7893955.936553043,5455812.833917526
AUBURN,1,9/11/2023 8:45:00 PM,9/11/2023 8:45:00 PM,,Assessing,Investigating,-7817749.251432766,5479671.076918185
WINSLOW,3,9/11/2023 8:00:00 PM,9/11/2023 8:00:00 PM,,Assessing,Investigating,-7748607.391055387,5551190.635136157
