BgName,NumOut,EtrMin,EtrMax,Desc,Status,Cause,x,y
BOOTHBAY,32,Assessing,Assessing,,Assessing,Investigating,-7745211.857164973,5442524.15885692
"BOOTHBAY HBR,BOOTHBAY HARBOR",59,6/14/2022 2:15:00 AM,6/14/2022 2:15:00 AM,,Assessing,Investigating,-7753669.143924078,5443009.655867905
SO BRISTOL,19,6/14/2022 1:00:00 AM,6/14/2022 1:00:00 AM,,Assessing,Investigating,-7743773.6760677295,5442591.8181577
WAYNE,1,6/14/2022 1:00:00 AM,6/14/2022 1:00:00 AM,,Assessing,Investigating,-7798497.725471844,5510802.453894853
NEW GLOUCESTER,7,6/14/2022 2:00:00 AM,6/14/2022 2:00:00 AM,,Assessing,Equipment Interruption,-7825854.212074175,5459945.618446592
HEBRON,12,6/14/2022 2:00:00 AM,6/14/2022 2:00:00 AM,,Assessing,Investigating,-7835072.6459128335,5499853.0313926
 ,6,6/14/2022 1:15:00 AM,6/14/2022 1:15:00 AM,,Assessing,Investigating,-7787886.695967362,5513164.90177057
