BgName,NumOut,EtrMin,EtrMax,Desc,Status,Cause,x,y
FARMINGTON,19,5/2/2023 4:15:00 PM,5/2/2023 4:15:00 PM,,Investigating,Investigating,-7812184.59548033,5573875.933709639
WALDOBORO,5,5/2/2023 3:00:00 PM,5/2/2023 3:00:00 PM,,Assessing,Tree,-7724973.071999289,5481755.513586349
GRAY,104,5/2/2023 3:15:00 PM,5/2/2023 3:15:00 PM,,Assessing,Investigating,-7837198.514253708,5446190.179487194
BETHEL,7,5/2/2023 2:15:00 PM,5/2/2023 2:15:00 PM,,Assessing,Investigating,-7871635.8666563835,5532714.879148743
ACTON,24,5/2/2023 3:45:00 PM,5/2/2023 3:45:00 PM,,Assessing,Investigating,-7888667.637373075,5389829.3764204485
RANGELEY PLT,2,5/2/2023 5:00:00 PM,5/2/2023 5:00:00 PM,,Assessing,Tree,-7863568.609923284,5610730.274574401
