BgName,NumOut,EtrMin,EtrMax,Desc,Status,Cause,x,y
WARREN,38,9/13/2021 2:45:00 PM,9/13/2021 2:45:00 PM,,Assessing,Investigating,-7713566.831682011,5479870.399443325
LIVERMORE,112,9/13/2021 2:00:00 PM,9/13/2021 2:00:00 PM,,Assessing,Investigating,-7814737.335690465,5533302.18484816
"SIDNEY,OAKLAND",16,9/13/2021 2:45:00 PM,9/13/2021 2:45:00 PM,,Assessing,Investigating,-7764927.908146635,5544777.162995508
