BgName,NumOut,EtrMin,EtrMax,Desc,Status,Cause,x,y
HERMON,2,9/14/2024 3:00:00 PM,9/14/2024 3:00:00 PM,,Repairs in Progress,Investigating,-7671439.039080158,5592026.6086626705
SWEDEN,22,9/14/2024 4:15:00 PM,9/14/2024 4:15:00 PM,,Crew Assigned,Investigating,-7879769.970622808,5485765.222732462
