BgName,NumOut,EtrMin,EtrMax,Desc,Status,Cause,x,y
RICHMOND,5,9/30/2024 7:15:00 PM,9/30/2024 7:15:00 PM,,Assessing,Investigating,-7769493.020342156,5479569.634804431
TURNER,2,9/30/2024 6:30:00 PM,9/30/2024 6:30:00 PM,,Crew Assigned,Investigating,-7822227.11135218,5506208.562176708
