BgName,NumOut,EtrMin,EtrMax,Desc,Status,Cause,x,y
WOODSTOCK,9,7/16/2023 12:45:00 PM,7/16/2023 12:45:00 PM,,Investigating,Investigating,-7851326.698899668,5530583.437579873
BREMEN,64,7/16/2023 12:00:00 PM,7/16/2023 12:00:00 PM,,Assessing,Investigating,-7732645.422848017,5468098.952847007
BOWDOINHAM,2,7/16/2023 12:15:00 PM,7/16/2023 12:15:00 PM,,Assessing,Investigating,-7779112.727493312,5472029.48902271
WATERFORD,58,7/16/2023 12:45:00 PM,7/16/2023 12:45:00 PM,,Assessing,Investigating,-7877459.768426134,5500707.302550263
GORHAM,23,7/16/2023 1:00:00 PM,7/16/2023 1:00:00 PM,,Assessing,Investigating,-7843950.3752438035,5416073.4344992
DAYTON,1,7/16/2023 12:00:00 PM,7/16/2023 12:00:00 PM,,Assessing,Investigating,-7859194.399536168,5400080.482741563
KITTERY,20,7/16/2023 12:15:00 PM,7/16/2023 12:15:00 PM,,Assessing,Investigating,-7875528.208307026,5325193.129629369
KITTERY,23,7/16/2023 12:00:00 PM,7/16/2023 12:00:00 PM,,Assessing,Investigating,-7875401.615790796,5325142.067132965
