BgName,NumOut,EtrMin,EtrMax,Desc,Status,Cause,x,y
WOOLWICH,7,10/5/2022 7:15:00 PM,10/5/2022 7:15:00 PM,,Assessing,Investigating,-7766598.090161406,5465731.915146909
YARMOUTH,6,10/5/2022 6:45:00 PM,10/5/2022 6:45:00 PM,,Assessing,Investigating,-7810315.680990976,5434112.389555987
