BgName,NumOut,EtrMin,EtrMax,Desc,Status,Cause,x,y
THE FORKS PLT,48,2/19/2022 10:00:00 AM,2/19/2022 10:00:00 AM,,Assessing,Investigating,-7785099.200256028,5662862.446031237
LIMINGTON,1,2/18/2022 10:00:00 PM,2/18/2022 10:00:00 PM,,Crew Assigned,Investigating,-7870412.298411293,5432027.611609482
NOBLEBORO,2,2/18/2022 9:30:00 PM,2/18/2022 9:30:00 PM,,Assessing,Investigating,-7735908.397442588,5480208.947638309
