BgName,NumOut,EtrMin,EtrMax,Desc,Status,Cause,x,y
WINDHAM,10,5/24/2024 7:45:00 PM,5/24/2024 7:45:00 PM,,Crew Assigned,Investigating,-7833466.9179522935,5424523.495501317
THORNDIKE,5,5/24/2024 9:00:00 PM,5/24/2024 9:00:00 PM,,Assessing,Investigating,-7712062.615961141,5555878.690989053
"THORNDIKE,FREEDOM,UNITY,MONTVILLE,KNOX",851,5/24/2024 9:00:00 PM,5/24/2024 9:00:00 PM,,Crew Assigned,Investigating,-7711880.252411041,5555219.802671929
