BgName,NumOut,EtrMin,EtrMax,Desc,Status,Cause,x,y
HARPSWELL,20,8/21/2023 10:45:00 AM,8/21/2023 10:45:00 AM,,Assessing,Investigating,-7787335.820379949,5441298.118538267
WISCASSET,3,8/21/2023 11:15:00 AM,8/21/2023 11:15:00 AM,,Assessing,Investigating,-7755620.64136237,5469109.957432694
WELLS,13,8/21/2023 10:15:00 AM,8/21/2023 10:15:00 AM,,Assessing,Investigating,-7865059.623164404,5366157.7168024825
ELIOT,1,8/21/2023 9:30:00 AM,8/21/2023 9:30:00 AM,,Assessing,Investigating,-7880916.984467721,5335797.69242677
SKOWHEGAN,5,8/21/2023 9:15:00 AM,8/21/2023 9:15:00 AM,,Assessing,Investigating,-7760074.322714662,5584308.324838848
