BgName,NumOut,EtrMin,EtrMax,Desc,Status,Cause,x,y
LEWISTON,37,6/23/2022 5:30:00 AM,6/23/2022 5:30:00 AM,,Assessing,Investigating,-7811356.941248171,5481372.0295129595
LEWISTON,18,6/23/2022 5:30:00 AM,6/23/2022 5:30:00 AM,,Assessing,Investigating,-7812573.295917898,5481318.981365726
LEWISTON,20,6/23/2022 5:30:00 AM,6/23/2022 5:30:00 AM,,Assessing,Investigating,-7813204.644392108,5481232.108366838
LEWISTON,33,6/23/2022 5:30:00 AM,6/23/2022 5:30:00 AM,,Assessing,Investigating,-7812288.496093705,5481349.055361037
LEWISTON,32,6/23/2022 5:30:00 AM,6/23/2022 5:30:00 AM,,Assessing,Investigating,-7810242.766665748,5482540.731849433
LEWISTON,7,6/23/2022 5:30:00 AM,6/23/2022 5:30:00 AM,,Assessing,Investigating,-7810848.055266765,5482368.762007652
LEWISTON,36,6/23/2022 5:30:00 AM,6/23/2022 5:30:00 AM,,Assessing,Investigating,-7811285.140169186,5480164.989241176
LEWISTON,83,6/23/2022 5:30:00 AM,6/23/2022 5:30:00 AM,,Assessing,Investigating,-7811003.279234983,5481187.881574963
LEWISTON,41,6/23/2022 5:30:00 AM,6/23/2022 5:30:00 AM,,Assessing,Investigating,-7810560.617189133,5482113.479735313
