BgName,NumOut,EtrMin,EtrMax,Desc,Status,Cause,x,y
"NEW GLOUCESTER,POLAND,AUBURN",2897,8/22/2021 7:00:00 PM,8/22/2021 7:00:00 PM,,Assessing,Investigating,-7822205.003302931,5476059.052680077
POLAND,85,8/22/2021 7:00:00 PM,8/22/2021 7:00:00 PM,,Assessing,Investigating,-7833475.634209858,5470487.473215259
NORWAY,25,8/22/2021 8:45:00 PM,8/22/2021 8:45:00 PM,,Assessing,Investigating,-7857982.453101316,5502342.621783299
FALMOUTH,9,8/22/2021 8:00:00 PM,8/22/2021 8:00:00 PM,,Assessing,Investigating,-7821807.091753817,5420819.0332171
NEWPORT,1,8/22/2021 8:30:00 PM,8/22/2021 8:30:00 PM,,Assessing,Investigating,-7711471.464886623,5600362.914831799
NO YARMOUTH,2,8/22/2021 7:30:00 PM,8/22/2021 7:30:00 PM,,Assessing,Investigating,-7824152.426480222,5442185.777079181
