BgName,NumOut,EtrMin,EtrMax,Desc,Status,Cause,x,y
HARPSWELL,9,5/18/2022 8:15:00 AM,5/18/2022 8:15:00 AM,,Investigating,Investigating,-7779737.431429173,5437366.662485435
HERMON,81,5/18/2022 7:15:00 AM,5/18/2022 7:15:00 AM,,Assessing,Investigating,-7670259.130410546,5588136.623384049
HARPSWELL,37,5/18/2022 8:15:00 AM,5/18/2022 8:15:00 AM,,Assessing,Investigating,-7780724.177359339,5437521.386616433
HOLLIS,1,5/18/2022 7:30:00 AM,5/18/2022 7:30:00 AM,,Assessing,Investigating,-7861756.250645664,5418799.830644628
ATHENS,1,5/18/2022 7:30:00 AM,5/18/2022 7:30:00 AM,,Assessing,Investigating,-7759983.252264237,5612495.717996986
