BgName,NumOut,EtrMin,EtrMax,Desc,Status,Cause,x,y
FAYETTE,1,3/18/2022 8:00:00 PM,3/18/2022 8:00:00 PM,,Assessing,Investigating,-7804184.058637986,5540203.993221919
JAY,1,3/18/2022 7:45:00 PM,3/18/2022 7:45:00 PM,,Assessing,Investigating,-7813226.151268361,5547508.333626815
