BgName,NumOut,EtrMin,EtrMax,Desc,Status,Cause,x,y
HERMON,29,10/3/2022 12:15:00 PM,10/3/2022 12:15:00 PM,,Assessing,Investigating,-7670760.290743335,5591379.681081254
CAMDEN,5,10/3/2022 12:00:00 PM,10/3/2022 12:00:00 PM,,Assessing,Investigating,-7696732.396976603,5499566.366054362
CUMBERLAND,10,10/3/2022 11:30:00 AM,10/3/2022 11:30:00 AM,,Assessing,Investigating,-7815604.202820189,5431786.089681628
