BgName,NumOut,EtrMin,EtrMax,Desc,Status,Cause,x,y
NEW GLOUCESTER,3,6/2/2023 11:15:00 AM,6/2/2023 11:15:00 AM,,Repairs in Progress,Investigating,-7827195.778914881,5458311.489980317
WINDHAM,64,6/2/2023 4:00:00 PM,6/2/2023 4:00:00 PM,,Assessing,System Upgrade,-7838788.9580040695,5441322.829443553
