BgName,NumOut,EtrMin,EtrMax,Desc,Status,Cause,x,y
SIDNEY,15,6/14/2023 1:00:00 PM,6/14/2023 1:00:00 PM,,Investigating,Investigating,-7763427.2366934605,5534867.024898496
SO BRISTOL,6,6/14/2023 1:30:00 PM,6/14/2023 1:30:00 PM,,Assessing,Investigating,-7742669.69840042,5440212.910711468
"AUGUSTA,MANCHESTER",178,6/14/2023 1:15:00 PM,6/14/2023 1:15:00 PM,,Assessing,Investigating,-7771086.770293699,5518970.992416629
HOLLIS,45,6/14/2023 12:30:00 PM,6/14/2023 12:30:00 PM,,Assessing,Investigating,-7864979.283927226,5411838.470768507
HOLLIS,1,6/14/2023 1:00:00 PM,6/14/2023 1:00:00 PM,,Assessing,Investigating,-7855461.745750931,5405443.806483755
CLINTON,2,6/14/2023 12:45:00 PM,6/14/2023 12:45:00 PM,,Assessing,Investigating,-7743151.812011023,5575974.829893694
SANFORD,2,6/14/2023 12:30:00 PM,6/14/2023 12:30:00 PM,,Assessing,Investigating,-7872549.72168755,5378105.404859294
SANFORD,7,6/14/2023 1:00:00 PM,6/14/2023 1:00:00 PM,,Assessing,System Upgrade,-7877963.0994889885,5377432.664483382
AUBURN,6,6/14/2023 12:30:00 PM,6/14/2023 12:30:00 PM,,Assessing,Investigating,-7819490.644566077,5478069.741108422
