BgName,NumOut,EtrMin,EtrMax,Desc,Status,Cause,x,y
"LEBANON,SANFORD",356,7/26/2023 6:45:00 PM,7/26/2023 6:45:00 PM,,Assessing,Investigating,-7887785.820007044,5379145.537445502
BREMEN,1,7/26/2023 8:30:00 PM,7/26/2023 8:30:00 PM,,Assessing,Investigating,-7735037.912462792,5464055.691907026
