BgName,NumOut,EtrMin,EtrMax,Desc,Status,Cause,x,y
FRYEBURG,75,Assessing,Assessing,,Assessing,Investigating,-7903901.487075316,5482161.230246738
BOOTHBAY HBR,70,4/12/2023 11:00:00 AM,4/12/2023 11:00:00 AM,,Assessing,System Upgrade,-7750921.13321493,5442549.027427577
GARDINER,3,4/12/2023 11:00:00 AM,4/12/2023 11:00:00 AM,,Assessing,Investigating,-7774836.790019547,5491936.47808136
"DURHAM,BRUNSWICK",130,4/12/2023 12:00:00 PM,4/12/2023 12:00:00 PM,,Assessing,Investigating,-7798861.39518833,5462548.523562879
LOVELL,5,4/12/2023 12:00:00 PM,4/12/2023 12:00:00 PM,,Assessing,Investigating,-7891146.733541092,5499520.59041726
LOVELL,46,4/12/2023 12:00:00 PM,4/12/2023 12:00:00 PM,,Assessing,Investigating,-7892943.5080720885,5492469.202731399
GREENWOOD,75,Assessing,Assessing,,Assessing,Investigating,-7864074.9799882015,5509552.525884642
MOSCOW,95,4/12/2023 10:30:00 AM,4/12/2023 10:30:00 AM,,Assessing,Investigating,-7778740.530731066,5632450.489460604
