BgName,NumOut,EtrMin,EtrMax,Desc,Status,Cause,x,y
HOPE,39,7/8/2022 4:15:00 PM,7/8/2022 4:15:00 PM,,Assessing,Investigating,-7703769.636739007,5500541.639844981
HIRAM,50,7/8/2022 4:00:00 PM,7/8/2022 4:00:00 PM,,Crew Assigned,Investigating,-7880460.073570747,5447028.625618548
SWEDEN,42,7/8/2022 2:30:00 PM,7/8/2022 2:30:00 PM,,Crew Assigned,Investigating,-7877108.388467628,5484002.8856448755
CANTON,51,7/8/2022 4:00:00 PM,7/8/2022 4:00:00 PM,,Assessing,Investigating,-7827390.576884909,5533595.867530519
