BgName,NumOut,EtrMin,EtrMax,Desc,Status,Cause,x,y
LIMERICK,47,7/2/2021 11:00:00 PM,7/2/2021 11:00:00 PM,,Crew Assigned,Investigating,-7878008.818369798,5420962.550645217
CLINTON,174,7/2/2021 11:45:00 PM,7/2/2021 11:45:00 PM,,Assessing,Vehicle Accident,-7737438.728799069,5565476.566821851
LEBANON,1,7/2/2021 11:15:00 PM,7/2/2021 11:15:00 PM,,Crew Assigned,Investigating,-7890439.209190449,5373280.98646531
PHIPPSBURG,2,7/2/2021 10:45:00 PM,7/2/2021 10:45:00 PM,,Assessing,Investigating,-7774335.763236261,5440248.792097325
SO BERWICK,1,7/2/2021 11:45:00 PM,7/2/2021 11:45:00 PM,,Assessing,Investigating,-7881752.314793017,5346366.786047139
ACTON,1,7/3/2021 12:30:00 AM,7/3/2021 12:30:00 AM,,Assessing,Investigating,-7894779.233307138,5383055.570695807
