BgName,NumOut,EtrMin,EtrMax,Desc,Status,Cause,x,y
PHIPPSBURG,152,6/15/2024 9:45:00 PM,6/15/2024 9:45:00 PM,,Repairs in Progress,Investigating,-7771785.522724456,5437683.107590422
BREMEN,5,6/15/2024 10:45:00 PM,6/15/2024 10:45:00 PM,,Crew Assigned,Investigating,-7727518.358765532,5463383.728755177
NEW GLOUCESTER,122,6/15/2024 11:30:00 PM,6/15/2024 11:30:00 PM,,Assessing,Investigating,-7821639.8231019685,5458089.873748182
NEW GLOUCESTER,2,6/15/2024 11:30:00 PM,6/15/2024 11:30:00 PM,,Assessing,Investigating,-7818526.784756186,5461736.675347367
NEW GLOUCESTER,3,6/15/2024 11:30:00 PM,6/15/2024 11:30:00 PM,,Assessing,Investigating,-7823351.126550853,5459489.337251685
