BgName,NumOut,EtrMin,EtrMax,Desc,Status,Cause,x,y
SIDNEY,35,9/14/2022 1:00:00 PM,9/14/2022 1:00:00 PM,,Assessing,Investigating,-7769445.386717849,5531183.216971465
MECHANIC FALLS,2,9/14/2022 1:15:00 PM,9/14/2022 1:15:00 PM,,Assessing,Investigating,-7839670.318959167,5483977.656344223
FREEPORT,3,9/14/2022 1:15:00 PM,9/14/2022 1:15:00 PM,,Assessing,Investigating,-7810932.813951379,5440116.533197277
ANSON,48,9/14/2022 3:45:00 PM,9/14/2022 3:45:00 PM,,Assessing,Investigating,-7786113.866341911,5598548.318555323
