BgName,NumOut,EtrMin,EtrMax,Desc,Status,Cause,x,y
AUBURN,24,6/6/2023 5:00:00 PM,6/6/2023 5:00:00 PM,,Assessing,Investigating,-7817323.29859233,5475589.792718397
"AUBURN,DURHAM",186,6/6/2023 5:00:00 PM,6/6/2023 5:00:00 PM,,Assessing,Investigating,-7816374.188594374,5478521.925883634
WESTBROOK,12,6/6/2023 4:00:00 PM,6/6/2023 4:00:00 PM,,Assessing,Investigating,-7830029.193931389,5419040.828088743
