BgName,NumOut,EtrMin,EtrMax,Desc,Status,Cause,x,y
TURNER,65,8/19/2022 2:30:00 PM,8/19/2022 2:30:00 PM,,Crew Assigned,Investigating,-7823703.330231488,5496301.701713926
WYMAN,28,8/19/2022 2:15:00 PM,8/19/2022 2:15:00 PM,,Assessing,Investigating,-7833445.566850423,5638671.128856565
STRONG,1,8/19/2022 3:00:00 PM,8/19/2022 3:00:00 PM,,Assessing,Investigating,-7811928.900738332,5591097.758104724
HARPSWELL,1,8/19/2022 2:00:00 PM,8/19/2022 2:00:00 PM,,Crew Assigned,Investigating,-7788549.102610183,5440200.039675169
