BgName,NumOut,EtrMin,EtrMax,Desc,Status,Cause,x,y
PHIPPSBURG,3,10/2/2021 2:30:00 PM,10/2/2021 2:30:00 PM,,Assessing,Investigating,-7777526.992514266,5431366.108751985
INDUSTRY,31,10/2/2021 2:00:00 PM,10/2/2021 2:00:00 PM,,Assessing,Investigating,-7800621.590069598,5579060.117157072
