BgName,NumOut,EtrMin,EtrMax,Desc,Status,Cause,x,y
HARPSWELL,61,3/22/2022 7:00:00 PM,3/22/2022 7:00:00 PM,,Assessing,Investigating,-7786528.075035149,5436887.937062645
TURNER,17,3/22/2022 7:15:00 PM,3/22/2022 7:15:00 PM,,Assessing,Investigating,-7826177.161005061,5503370.310777812
ANSON,4,3/22/2022 6:30:00 PM,3/22/2022 6:30:00 PM,,Assessing,Investigating,-7785450.736089029,5593897.905064882
BENTON,58,3/22/2022 5:45:00 PM,3/22/2022 5:45:00 PM,,Assessing,Investigating,-7733515.774278309,5556238.810902762
"MOSCOW,CARATUNK,THE FORKS PLT",370,3/22/2022 7:00:00 PM,3/22/2022 7:00:00 PM,,Assessing,Investigating,-7781226.528825564,5633458.860045441
AUBURN,1,3/22/2022 5:30:00 PM,3/22/2022 5:30:00 PM,,Assessing,Tree,-7821938.593565845,5486645.417199585
PHILLIPS,1,3/22/2022 7:00:00 PM,3/22/2022 7:00:00 PM,,Assessing,Investigating,-7842597.631991467,5594826.289732749
