BgName,NumOut,EtrMin,EtrMax,Desc,Status,Cause,x,y
GEORGETOWN,27,6/18/2023 2:30:00 AM,6/18/2023 2:30:00 AM,,Assessing,Investigating,-7766751.009749945,5435359.669772797
LITCHFIELD,57,6/18/2023 2:45:00 AM,6/18/2023 2:45:00 AM,,Assessing,Investigating,-7792230.950219546,5486351.301223173
"GORHAM,WINDHAM,SO PORTLAND",992,6/18/2023 2:30:00 AM,6/18/2023 2:30:00 AM,,Assessing,Investigating,-7840142.447191457,5423607.265288295
NEWPORT,11,6/18/2023 3:15:00 AM,6/18/2023 3:15:00 AM,,Assessing,Investigating,-7711008.854509258,5595738.192319557
"SEARSPORT,BELFAST",311,6/18/2023 2:00:00 AM,6/18/2023 2:00:00 AM,,Assessing,Investigating,-7673392.017075882,5536205.361413672
KINGFIELD,16,6/18/2023 2:15:00 AM,6/18/2023 2:15:00 AM,,Assessing,Investigating,-7810192.784212008,5615545.5358134
