BgName,NumOut,EtrMin,EtrMax,Desc,Status,Cause,x,y
WOODSTOCK,8,7/29/2024 2:15:00 PM,7/29/2024 2:15:00 PM,,Assessing,Investigating,-7858310.890176002,5520243.975058577
STANDISH,24,7/29/2024 1:30:00 PM,7/29/2024 1:30:00 PM,,Assessing,Investigating,-7854173.923976092,5423952.006008223
LINCOLNVILLE,86,7/29/2024 2:00:00 PM,7/29/2024 2:00:00 PM,,Crew Assigned,Investigating,-7684472.469784469,5510371.593823092
