BgName,NumOut,EtrMin,EtrMax,Desc,Status,Cause,x,y
BOOTHBAY,13,2/7/2023 1:30:00 PM,2/7/2023 1:30:00 PM,,Assessing,Investigating,-7753929.742856157,5452075.216714889
BRUNSWICK,3,2/7/2023 1:15:00 PM,2/7/2023 1:15:00 PM,,Assessing,Investigating,-7779219.783438977,5451994.136640555
