BgName,NumOut,EtrMin,EtrMax,Desc,Status,Cause,x,y
BRUNSWICK,6,11/3/2023 12:15:00 PM,11/3/2023 12:15:00 PM,,Assessing,Investigating,-7788574.951046672,5446882.740264802
HARPSWELL,14,11/3/2023 3:00:00 PM,11/3/2023 3:00:00 PM,,Assessing,Investigating,-7785824.647170395,5435559.4835876245
NORWAY,50,11/3/2023 11:00:00 AM,11/3/2023 11:00:00 AM,,Assessing,System Upgrade,-7851159.280780495,5498756.016010232
CUMBERLAND,17,11/3/2023 11:30:00 AM,11/3/2023 11:30:00 AM,,Assessing,Investigating,-7814733.907052211,5426358.833055203
ELIOT,26,11/3/2023 11:45:00 AM,11/3/2023 11:45:00 AM,,Crew Assigned,Investigating,-7879610.4052945785,5333219.613435867
"STOCKTON SPRINGS,SEARSPORT",63,11/3/2023 12:00:00 PM,11/3/2023 12:00:00 PM,,Assessing,Investigating,-7670081.765055764,5545354.9752749
FARMINGTON,6,11/3/2023 12:00:00 PM,11/3/2023 12:00:00 PM,,Assessing,Investigating,-7812297.512987826,5574039.923015065
NORWAY,3,11/3/2023 12:15:00 PM,11/3/2023 12:15:00 PM,,Assessing,System Upgrade,-7851144.8871673085,5498749.9431876885
