BgName,NumOut,EtrMin,EtrMax,Desc,Status,Cause,x,y
AUBURN,17,4/28/2024 10:15:00 AM,4/28/2024 10:15:00 AM,,Crew Assigned,Investigating,-7822801.341784579,5492968.710757877
ALFRED,2,4/28/2024 10:15:00 AM,4/28/2024 10:15:00 AM,,Crew Assigned,Investigating,-7872665.371553837,5385641.83009521
