BgName,NumOut,EtrMin,EtrMax,Desc,Status,Cause,x,y
BROWNFIELD,17,4/19/2021 2:15:00 PM,4/19/2021 2:15:00 PM,,Assessing,Investigating,-7886556.66360619,5452177.777176911
PORTLAND,32,4/19/2021 2:30:00 PM,4/19/2021 2:30:00 PM,,Crew Assigned,Investigating,-7820442.626579168,5412407.56443747
