BgName,NumOut,EtrMin,EtrMax,Desc,Status,Cause,x,y
RICHMOND,14,4/5/2021 10:30:00 AM,4/5/2021 10:30:00 AM,,Assessing,Investigating,-7779442.032839999,5485476.563302119
DENMARK,12,4/5/2021 10:00:00 AM,4/5/2021 10:00:00 AM,,Assessing,Investigating,-7877039.136542338,5457914.635022708
SWEDEN,103,4/5/2021 6:15:00 AM,4/5/2021 6:15:00 AM,,Assessing,Investigating,-7891158.043602336,5484733.088511654
