BgName,NumOut,EtrMin,EtrMax,Desc,Status,Cause,x,y
NEWFIELD,27,5/28/2022 1:00:00 PM,5/28/2022 1:00:00 PM,,Crew Assigned,Investigating,-7888445.432521931,5411559.660145845
BURNHAM,3,5/28/2022 1:00:00 PM,5/28/2022 1:00:00 PM,,Assessing,Investigating,-7719451.057582672,5567180.454373411
