BgName,NumOut,EtrMin,EtrMax,Desc,Status,Cause,x,y
SACO,1,8/1/2021 1:15:00 PM,8/1/2021 1:15:00 PM,,Assessing,Investigating,-7847877.381800685,5397481.433032827
WELLS,1,8/1/2021 1:00:00 PM,8/1/2021 1:00:00 PM,,Crew Assigned,Investigating,-7870676.359419053,5363011.282436782
WATERBORO,4,8/1/2021 1:45:00 PM,8/1/2021 1:45:00 PM,,Assessing,Investigating,-7878267.792082493,5400087.3819543375
LEBANON,2,8/1/2021 12:30:00 PM,8/1/2021 12:30:00 PM,,Crew Assigned,Investigating,-7888508.205594353,5374397.945541166
