BgName,NumOut,EtrMin,EtrMax,Desc,Status,Cause,x,y
FREEPORT,7,7/15/2024 12:00:00 AM,7/15/2024 12:00:00 AM,,Repairs in Progress,Investigating,-7802856.339999893,5449592.88451458
BERWICK,2,7/14/2024 11:30:00 PM,7/14/2024 11:30:00 PM,,Crew Assigned,Investigating,-7884802.7693783045,5355915.468134227
