BgName,NumOut,EtrMin,EtrMax,Desc,Status,Cause,x,y
DURHAM,23,11/4/2021 6:30:00 PM,11/4/2021 6:30:00 PM,,Assessing,Investigating,-7805246.881533854,5453758.992710607
TOPSHAM,2,11/4/2021 6:00:00 PM,11/4/2021 6:00:00 PM,,Assessing,Investigating,-7789870.2311708955,5460427.705415263
KITTERY,2,11/4/2021 5:15:00 PM,11/4/2021 5:15:00 PM,,Assessing,Investigating,-7868071.928542887,5329548.856630585
