BgName,NumOut,EtrMin,EtrMax,Desc,Status,Cause,x,y
GARDINER,55,9/12/2023 12:30:00 PM,9/12/2023 12:30:00 PM,,Assessing,Investigating,-7768129.044815646,5501273.101244716
ELIOT,20,9/12/2023 1:30:00 PM,9/12/2023 1:30:00 PM,,Repairs in Progress,Investigating,-7882732.427197166,5339298.040476752
