BgName,NumOut,EtrMin,EtrMax,Desc,Status,Cause,x,y
LIBERTY,50,5/15/2021 10:30:00 AM,5/15/2021 10:30:00 AM,,Assessing,Investigating,-7716198.201815805,5525618.786827911
WINTHROP,1,5/15/2021 9:45:00 AM,5/15/2021 9:45:00 AM,,Assessing,Investigating,-7791323.329067009,5510822.702757014
KENNEBUNK,14,5/15/2021 10:15:00 AM,5/15/2021 10:15:00 AM,,Crew Assigned,Investigating,-7847256.107804531,5365861.890952931
YORK,5,5/15/2021 9:00:00 AM,5/15/2021 9:00:00 AM,,Repairs in Progress,Investigating,-7857634.067695121,5346645.920395264
SMITHFIELD,2,5/15/2021 10:30:00 AM,5/15/2021 10:30:00 AM,,Assessing,Investigating,-7772870.052920948,5564569.925652508
DALLAS PLT,1,5/15/2021 9:15:00 AM,5/15/2021 9:15:00 AM,,Assessing,Investigating,-7857221.395221623,5616879.752968328
