BgName,NumOut,EtrMin,EtrMax,Desc,Status,Cause,x,y
PHIPPSBURG,6,3/1/2022 10:00:00 PM,3/1/2022 10:00:00 PM,,Assessing,Investigating,-7771223.960473668,5443170.222902732
SOUTHPORT,50,3/1/2022 10:30:00 PM,3/1/2022 10:30:00 PM,,Crew Assigned,Investigating,-7754222.89162673,5432855.038961824
"HALLOWELL,FARMINGDALE",120,3/1/2022 11:00:00 PM,3/1/2022 11:00:00 PM,,Assessing,Investigating,-7770517.883243036,5508446.633963875
BRUNSWICK,109,3/1/2022 11:30:00 PM,3/1/2022 11:30:00 PM,,Crew Assigned,Equipment Interruption,-7782222.470850462,5449773.850682477
HARPSWELL,10,3/1/2022 11:30:00 PM,3/1/2022 11:30:00 PM,,Assessing,Investigating,-7781018.62848786,5431703.985320898
"PORTLAND,WESTBROOK",74,3/1/2022 10:30:00 PM,3/1/2022 10:30:00 PM,,Assessing,Vehicle Accident,-7829074.139478805,5416992.334605957
