BgName,NumOut,EtrMin,EtrMax,Desc,Status,Cause,x,y
BOOTHBAY HARBOR,41,7/4/2024 1:30:00 PM,7/4/2024 1:30:00 PM,,Crew Assigned,Investigating,-7756833.701043465,5444663.949941877
NEW GLOUCESTER,39,7/4/2024 12:45:00 PM,7/4/2024 12:45:00 PM,,Crew Assigned,Investigating,-7824981.021966077,5463581.877643517
WEST PARIS,11,7/4/2024 12:15:00 PM,7/4/2024 12:15:00 PM,,Repairs in Progress,Investigating,-7850952.349027087,5519270.300300374
YORK,29,7/4/2024 1:00:00 PM,7/4/2024 1:00:00 PM,,Crew Assigned,Investigating,-7858898.623724709,5337914.359184344
ATHENS,36,7/4/2024 1:30:00 PM,7/4/2024 1:30:00 PM,,Assessing,Investigating,-7753467.010041731,5614360.02583084
SANDBAR TRACT TWP,25,7/4/2024 12:00:00 PM,7/4/2024 12:00:00 PM,,Repairs in Progress,Investigating,-7760388.5887253,5720522.9163338095
