BgName,NumOut,EtrMin,EtrMax,Desc,Status,Cause,x,y
BOOTHBAY,3,7/29/2023 9:00:00 AM,7/29/2023 9:00:00 AM,,Assessing,Investigating,-7755534.769531634,5450545.028852714
WEST BATH,24,7/29/2023 8:15:00 AM,7/29/2023 8:15:00 AM,,Assessing,Investigating,-7779894.913925731,5445061.190973766
"AUBURN,MINOT",222,7/29/2023 8:45:00 AM,7/29/2023 8:45:00 AM,,Assessing,Investigating,-7824320.708166127,5484117.231873077
RIPLEY,1,7/29/2023 9:00:00 AM,7/29/2023 9:00:00 AM,,Assessing,Investigating,-7728224.079797411,5619295.172026867
