BgName,NumOut,EtrMin,EtrMax,Desc,Status,Cause,x,y
AUBURN,12,1/4/2024 4:30:00 PM,1/4/2024 4:30:00 PM,,Investigating,Investigating,-7822930.75766147,5492634.498777809
GARDINER,20,1/4/2024 4:30:00 PM,1/4/2024 4:30:00 PM,,Investigating,Investigating,-7766946.360438724,5500721.502565913
BOOTHBAY HARBOR,11,1/4/2024 4:15:00 PM,1/4/2024 4:15:00 PM,,Assessing,Investigating,-7754551.36203874,5442696.52670475
GARDINER,199,1/4/2024 4:30:00 PM,1/4/2024 4:30:00 PM,,Assessing,Investigating,-7767249.888028047,5500617.526800737
"SANFORD,ACTON",2,1/4/2024 2:30:00 PM,1/4/2024 2:30:00 PM,,Crew Assigned,Investigating,-7888687.485692629,5383352.849974102
FAIRFIELD,2,1/4/2024 2:45:00 PM,1/4/2024 2:45:00 PM,,Assessing,Investigating,-7746616.15252823,5562280.813620266
