BgName,NumOut,EtrMin,EtrMax,Desc,Status,Cause,x,y
WEST BATH,305,4/22/2021 9:00:00 PM,4/22/2021 9:00:00 PM,,Assessing,Vehicle Accident,-7777354.836891612,5451491.029218456
SANFORD,1,4/22/2021 10:15:00 PM,4/22/2021 10:15:00 PM,,Crew Assigned,Investigating,-7873678.623756922,5367459.85717354
WELLS,6,4/22/2021 9:45:00 PM,4/22/2021 9:45:00 PM,,Assessing,Investigating,-7859407.565268317,5360925.655673882
