BgName,NumOut,EtrMin,EtrMax,Desc,Status,Cause,x,y
GRAY,102,8/28/2022 12:00:00 PM,8/28/2022 12:00:00 PM,,Assessing,Investigating,-7831920.512100933,5446866.045391118
KENNEBUNKPORT,19,8/28/2022 12:30:00 PM,8/28/2022 12:30:00 PM,,Crew Assigned,Investigating,-7841146.359739102,5368358.923974865
