BgName,NumOut,EtrMin,EtrMax,Desc,Status,Cause,x,y
NOBLEBORO,16,1/18/2022 9:30:00 AM,1/18/2022 9:30:00 AM,,Assessing,Investigating,-7739001.698993669,5478591.4471830875
NEWCASTLE,3,1/18/2022 9:45:00 AM,1/18/2022 9:45:00 AM,,Assessing,Investigating,-7742573.362555559,5468381.988212996
GEORGETOWN,12,1/18/2022 10:00:00 AM,1/18/2022 10:00:00 AM,,Repairs in Progress,Investigating,-7764557.425803633,5429418.910820264
BELFAST,6,1/18/2022 10:30:00 AM,1/18/2022 10:30:00 AM,,Assessing,Investigating,-7686413.503208631,5526574.5850084545
ORLAND,21,Assessing,Assessing,,Assessing,Investigating,-7639551.114579596,5550347.9753063
BRISTOL,1,1/18/2022 10:15:00 AM,1/18/2022 10:15:00 AM,,Crew Assigned,Investigating,-7736361.6904895,5445879.829760648
GEORGETOWN,2,1/18/2022 10:15:00 AM,1/18/2022 10:15:00 AM,,Crew Assigned,Investigating,-7764845.398179399,5427864.463123726
