BgName,NumOut,EtrMin,EtrMax,Desc,Status,Cause,x,y
LIMERICK,2,8/12/2024 4:15:00 PM,8/12/2024 4:15:00 PM,,Repairs in Progress,Investigating,-7876907.913141982,5416289.409081686
ELIOT,9,8/12/2024 4:15:00 PM,8/12/2024 4:15:00 PM,,Crew Assigned,Investigating,-7877303.587186286,5330745.606638945
SEARSMONT,1,8/12/2024 4:15:00 PM,8/12/2024 4:15:00 PM,,Crew Assigned,Investigating,-7704965.152380116,5521426.095928951
CANAAN,65,8/12/2024 3:15:00 PM,8/12/2024 3:15:00 PM,,Repairs in Progress,Investigating,-7745514.712902175,5577089.037426266
