BgName,NumOut,EtrMin,EtrMax,Desc,Status,Cause,x,y
BRIDGTON,37,9/15/2021 8:30:00 AM,9/15/2021 8:30:00 AM,,Assessing,Investigating,-7871285.922705444,5473974.361379552
RUMFORD,1,9/15/2021 7:45:00 AM,9/15/2021 7:45:00 AM,,Assessing,Investigating,-7866691.778409435,5547797.353180342
SEBAGO,103,9/15/2021 7:15:00 AM,9/15/2021 7:15:00 AM,,Assessing,Investigating,-7862143.119332649,5449460.630203766
CARMEL,1,9/15/2021 8:30:00 AM,9/15/2021 8:30:00 AM,,Assessing,Investigating,-7684339.910488619,5587606.583280104
