BgName,NumOut,EtrMin,EtrMax,Desc,Status,Cause,x,y
BRUNSWICK,11,6/23/2021 8:15:00 AM,6/23/2021 8:15:00 AM,,Assessing,Investigating,-7786884.453188972,5445947.266669623
BRUNSWICK,264,6/23/2021 8:15:00 AM,6/23/2021 8:15:00 AM,,Assessing,Investigating,-7789366.054060921,5450087.282734021
OWLS HEAD,56,6/23/2021 8:30:00 AM,6/23/2021 8:30:00 AM,,Assessing,Investigating,-7692862.219037522,5477523.209791203
BRUNSWICK,64,6/23/2021 8:30:00 AM,6/23/2021 8:30:00 AM,,Assessing,Investigating,-7786621.427540261,5452145.187051081
BRIDGTON,10,6/23/2021 8:15:00 AM,6/23/2021 8:15:00 AM,,Assessing,Investigating,-7869203.357641183,5473877.257527556
LEWISTON,8,6/23/2021 8:15:00 AM,6/23/2021 8:15:00 AM,,Assessing,Investigating,-7807280.877826951,5478543.699655812
"SEARSPORT,FRANKFORT,SWANVILLE",551,6/23/2021 7:45:00 AM,6/23/2021 7:45:00 AM,,Assessing,Investigating,-7672841.864998419,5536754.540640769
SO PORTLAND,14,6/23/2021 8:00:00 AM,6/23/2021 8:00:00 AM,,Assessing,Investigating,-7822156.423519436,5408371.983646649
