BgName,NumOut,EtrMin,EtrMax,Desc,Status,Cause,x,y
KITTERY,56,7/17/2024 6:45:00 PM,7/17/2024 6:45:00 PM,,Investigating,Investigating,-7877113.360533697,5327703.281907832
"RICHMOND,BOWDOINHAM",288,7/17/2024 7:00:00 PM,7/17/2024 7:00:00 PM,,Crew Assigned,Investigating,-7780141.1637945,5481499.240836998
READFIELD,6,7/17/2024 6:15:00 PM,7/17/2024 6:15:00 PM,,Crew Assigned,Investigating,-7790815.823530967,5525508.593429399
BROWNFIELD,52,7/17/2024 6:45:00 PM,7/17/2024 6:45:00 PM,,Crew Assigned,Investigating,-7898801.896648698,5455266.667575592
"FAYETTE,CHESTERVILLE",104,7/17/2024 7:00:00 PM,7/17/2024 7:00:00 PM,,Assessing,Investigating,-7799330.328544062,5537792.680216323
"LITCHFIELD,WALES",39,7/17/2024 7:45:00 PM,7/17/2024 7:45:00 PM,,Repairs in Progress,Vehicle Accident,-7794979.19469038,5491231.322213908
"YORK,OGUNQUIT",375,7/17/2024 6:45:00 PM,7/17/2024 6:45:00 PM,,Assessing,Investigating,-7859334.394956515,5348475.678556239
"OGUNQUIT,YORK",1065,7/17/2024 6:45:00 PM,7/17/2024 6:45:00 PM,,Assessing,Investigating,-7858871.450605283,5348849.1305413535
"EMBDEN,ANSON,SOLON",941,7/17/2024 6:15:00 PM,7/17/2024 6:15:00 PM,,Repairs in Progress,Investigating,-7777949.23840489,5611588.932151336
