BgName,NumOut,EtrMin,EtrMax,Desc,Status,Cause,x,y
WEST BATH,16,7/8/2023 1:45:00 PM,7/8/2023 1:45:00 PM,,Investigating,Investigating,-7777398.974302014,5448442.402232567
"FAYETTE,MT VERNON,MOUNT VERNON",33,7/8/2023 1:30:00 PM,7/8/2023 1:30:00 PM,,Assessing,Investigating,-7795212.097317343,5529065.427449484
PARIS,2,7/8/2023 2:45:00 PM,7/8/2023 2:45:00 PM,,Assessing,Investigating,-7849950.506997322,5495678.141639376
KENNEBUNKPORT,2,7/8/2023 1:15:00 PM,7/8/2023 1:15:00 PM,,Assessing,Investigating,-7838437.377721309,5375167.225030323
"SKOWHEGAN,CLINTON,CANAAN,CORNVILLE",2240,7/8/2023 2:00:00 PM,7/8/2023 2:00:00 PM,,Assessing,Investigating,-7759758.4870468415,5585888.597282601
BINGHAM,3,7/8/2023 3:00:00 PM,7/8/2023 3:00:00 PM,,Assessing,Investigating,-7778621.274227263,5629309.140246043
