BgName,NumOut,EtrMin,EtrMax,Desc,Status,Cause,x,y
WAYNE,34,8/24/2022 6:15:00 AM,8/24/2022 6:15:00 AM,,Assessing,Investigating,-7801807.265094456,5519953.648935546
CASCO,17,8/24/2022 5:15:00 AM,8/24/2022 5:15:00 AM,,Assessing,Investigating,-7850029.187577686,5452213.705245806
