BgName,NumOut,EtrMin,EtrMax,Desc,Status,Cause,x,y
SEARSMONT,3,6/5/2024 11:30:00 PM,6/5/2024 11:30:00 PM,,Crew Assigned,Investigating,-7698781.944678994,5519984.659766278
DOVER-FOXCROFT,33,6/6/2024 12:00:00 AM,6/6/2024 12:00:00 AM,,Repairs in Progress,Investigating,-7703864.503138874,5662355.385769382
DOVER-FOXCROFT,70,6/6/2024 12:00:00 AM,6/6/2024 12:00:00 AM,,Assessing,Tree,-7707667.121347024,5660910.859133937
KITTERY,4,6/5/2024 11:30:00 PM,6/5/2024 11:30:00 PM,,Crew Assigned,Investigating,-7876000.380989082,5324836.521151348
