BgName,NumOut,EtrMin,EtrMax,Desc,Status,Cause,x,y
HARPSWELL,3,7/12/2022 5:45:00 PM,7/12/2022 5:45:00 PM,,Assessing,Investigating,-7787065.6813680595,5438137.953686136
"WARREN,UNION",400,7/12/2022 4:45:00 PM,7/12/2022 4:45:00 PM,,Assessing,Investigating,-7709177.615496389,5484316.697569015
READFIELD,1,7/12/2022 5:00:00 PM,7/12/2022 5:00:00 PM,,Assessing,Investigating,-7789824.901926273,5527288.893596278
SACO,148,7/12/2022 5:30:00 PM,7/12/2022 5:30:00 PM,,Assessing,Investigating,-7844951.19312707,5400496.507863664
SEBAGO,4,7/12/2022 4:45:00 PM,7/12/2022 4:45:00 PM,,Crew Assigned,Investigating,-7861688.20106636,5449573.882756652
