BgName,NumOut,EtrMin,EtrMax,Desc,Status,Cause,x,y
MT VERNON,12,7/3/2023 5:45:00 AM,7/3/2023 5:45:00 AM,,Investigating,Investigating,-7789445.844083266,5533988.163536534
MT VERNON,16,7/3/2023 5:45:00 AM,7/3/2023 5:45:00 AM,,Assessing,Investigating,-7790082.651068103,5533174.93629418
POWNAL,2,7/3/2023 6:15:00 AM,7/3/2023 6:15:00 AM,,Assessing,Investigating,-7813683.028727907,5455052.204493097
PALMYRA,2,7/3/2023 5:45:00 AM,7/3/2023 5:45:00 AM,,Assessing,Investigating,-7729912.662911621,5601650.043764079
