BgName,NumOut,EtrMin,EtrMax,Desc,Status,Cause,x,y
WEST GARDINER,145,6/15/2021 12:30:00 AM,6/15/2021 12:30:00 AM,,Assessing,Investigating,-7778379.866779434,5503819.022842802
LIMINGTON,15,6/15/2021 1:30:00 AM,6/15/2021 1:30:00 AM,,Assessing,Investigating,-7873220.889137812,5421386.124171911
