BgName,NumOut,EtrMin,EtrMax,Desc,Status,Cause,x,y
BOOTHBAY HBR,4,12/3/2021 5:30:00 PM,12/3/2021 5:30:00 PM,,Assessing,Investigating,-7752753.207162489,5443844.137883714
"JEFFERSON,RANGELEY",11,12/3/2021 4:00:00 PM,12/3/2021 4:00:00 PM,,Assessing,Investigating,-7731964.815430017,5494691.385571161
HOPE,10,12/3/2021 7:00:00 PM,12/3/2021 7:00:00 PM,,Assessing,Investigating,-7705144.8888893295,5498699.652069486
"WALDOBORO,JEFFERSON",142,12/3/2021 5:30:00 PM,12/3/2021 5:30:00 PM,,Assessing,Investigating,-7727494.213535733,5488427.810479714
ARROWSIC,54,12/3/2021 6:00:00 PM,12/3/2021 6:00:00 PM,,Assessing,Investigating,-7768941.153945561,5448299.374400967
RAYMOND,11,12/3/2021 6:15:00 PM,12/3/2021 6:15:00 PM,,Assessing,Investigating,-7841328.055441566,5459357.373593277
SACO,284,12/3/2021 7:15:00 PM,12/3/2021 7:15:00 PM,,Repairs in Progress,Investigating,-7842234.530010537,5387597.811500249
ELLIOTSVILLE,5,12/3/2021 6:00:00 PM,12/3/2021 6:00:00 PM,,Assessing,Investigating,-7722069.92652178,5679448.389833745
NO BERWICK,1,12/3/2021 5:30:00 PM,12/3/2021 5:30:00 PM,,Crew Assigned,Investigating,-7877192.6349788755,5364391.949703919
