BgName,NumOut,EtrMin,EtrMax,Desc,Status,Cause,x,y
VIENNA,76,4/6/2023 11:00:00 AM,4/6/2023 11:00:00 AM,,Assessing,Investigating,-7792536.756059299,5543670.923586856
WELLS,29,4/6/2023 9:45:00 AM,4/6/2023 9:45:00 AM,,Crew Assigned,Investigating,-7866383.59040292,5358604.700729669
CHESTERVILLE,18,4/6/2023 12:00:00 PM,4/6/2023 12:00:00 PM,,Assessing,Investigating,-7807307.895071879,5552769.462026584
NEW PORTLAND,49,4/6/2023 12:00:00 PM,4/6/2023 12:00:00 PM,,Assessing,Investigating,-7795308.7672361955,5606372.54673627
"AVON,PHILLIPS",9,4/6/2023 10:00:00 AM,4/6/2023 10:00:00 AM,,Assessing,Investigating,-7831541.881035699,5590725.064737397
"RANGELEY,MAGALLOWAY PLT,DAVIS,STETSONTOWN,LINCOLN PLT,ADAMSTOWN,LOWER CUPSUPTIC",200,4/6/2023 3:00:00 PM,4/6/2023 3:00:00 PM,,Assessing,Tree,-7877790.788091948,5616458.493540162
"MAGALLOWAY PLT,LINCOLN PLT",150,4/6/2023 3:00:00 PM,4/6/2023 3:00:00 PM,,Assessing,Investigating,-7904702.018944866,5612650.978299926
RANGELEY,5,4/6/2023 11:30:00 AM,4/6/2023 11:30:00 AM,,Assessing,Investigating,-7870096.618617973,5616663.196744701
