BgName,NumOut,EtrMin,EtrMax,Desc,Status,Cause,x,y
UNION,6,4/22/2022 2:30:00 PM,4/22/2022 2:30:00 PM,,Assessing,Investigating,-7706634.733221891,5497437.51013165
NAPLES,6,4/22/2022 3:30:00 PM,4/22/2022 3:30:00 PM,,Assessing,Investigating,-7862765.3395881085,5462753.183171552
WATERBORO,11,4/22/2022 3:45:00 PM,4/22/2022 3:45:00 PM,,Assessing,Investigating,-7873367.9422590295,5391510.982784449
ISLESBORO,9,4/22/2022 3:00:00 PM,4/22/2022 3:00:00 PM,,Assessing,Investigating,-7667808.342732973,5519478.644922466
"WILTON,CHESTERVILLE,JAY,FARMINGTON",340,4/22/2022 3:45:00 PM,4/22/2022 3:45:00 PM,,Assessing,Investigating,-7811814.085806727,5560913.240601145
WILTON,3,4/22/2022 4:00:00 PM,4/22/2022 4:00:00 PM,,Assessing,Investigating,-7812121.694965234,5561120.476104603
HARTLAND,36,4/22/2022 2:45:00 PM,4/22/2022 2:45:00 PM,,Assessing,Investigating,-7739054.842886538,5596733.960803156
