BgName,NumOut,EtrMin,EtrMax,Desc,Status,Cause,x,y
AUBURN,72,5/5/2021 6:30:00 AM,5/5/2021 6:30:00 AM,,Assessing,Investigating,-7817512.085332986,5487833.051307956
"WATERFORD,LOVELL,STONEHAM,ALBANY",1133,5/5/2021 7:30:00 AM,5/5/2021 7:30:00 AM,,Assessing,Investigating,-7872941.154383798,5504890.410945896
VASSALBORO,2,5/5/2021 7:00:00 AM,5/5/2021 7:00:00 AM,,Assessing,Investigating,-7751392.938685901,5528840.268020177
