BgName,NumOut,EtrMin,EtrMax,Desc,Status,Cause,x,y
BOOTHBAY,1,7/27/2023 8:00:00 PM,7/27/2023 8:00:00 PM,,Assessing,Investigating,-7746479.674845878,5449591.540483122
BRISTOL,13,7/27/2023 8:15:00 PM,7/27/2023 8:15:00 PM,,Assessing,Investigating,-7734051.254431026,5448611.52040726
NOBLEBORO,4,7/27/2023 7:30:00 PM,7/27/2023 7:30:00 PM,,Assessing,Investigating,-7733407.159787899,5479205.103761838
FREEPORT,1,7/27/2023 9:00:00 PM,7/27/2023 9:00:00 PM,,Assessing,Investigating,-7805895.718285623,5446914.3233969435
BRIDGTON,6,7/27/2023 8:00:00 PM,7/27/2023 8:00:00 PM,,Assessing,Tree,-7874263.329416,5475270.082540741
"WOODSTOCK,GREENWOOD",23,7/27/2023 8:45:00 PM,7/27/2023 8:45:00 PM,,Assessing,Investigating,-7866293.454999254,5525074.437181385
