BgName,NumOut,EtrMin,EtrMax,Desc,Status,Cause,x,y
ROCKLAND,10,6/3/2024 3:00:00 PM,6/3/2024 3:00:00 PM,,Repairs in Progress,System Upgrade,-7694816.109855125,5482328.808653441
WINDHAM,25,6/3/2024 3:15:00 PM,6/3/2024 3:15:00 PM,,Assessing,Investigating,-7841273.308554192,5431504.625160816
