BgName,NumOut,EtrMin,EtrMax,Desc,Status,Cause,x,y
LEWISTON,28,8/15/2022 4:15:00 PM,8/15/2022 4:15:00 PM,,Assessing,Investigating,-7815618.028697817,5482486.4676513355
HARTFORD,1,8/15/2022 4:15:00 PM,8/15/2022 4:15:00 PM,,Crew Assigned,Investigating,-7825707.081065765,5519375.701799642
WEST BATH,10,8/15/2022 3:45:00 PM,8/15/2022 3:45:00 PM,,Assessing,Investigating,-7777895.882975211,5448884.610485855
