BgName,NumOut,EtrMin,EtrMax,Desc,Status,Cause,x,y
RANGELEY PLT,15,7/8/2023 7:00:00 PM,7/8/2023 7:00:00 PM,,Assessing,Investigating,-7877381.855905584,5608658.746537317
BINGHAM,3,7/8/2023 6:00:00 PM,7/8/2023 6:00:00 PM,,Assessing,Investigating,-7778621.274227263,5629309.140246043
