BgName,NumOut,EtrMin,EtrMax,Desc,Status,Cause,x,y
BOOTHBAY,13,6/8/2022 2:30:00 PM,6/8/2022 2:30:00 PM,,Assessing,Investigating,-7753929.742856157,5452075.216714889
MT VERNON,36,6/8/2022 2:15:00 PM,6/8/2022 2:15:00 PM,,Assessing,Investigating,-7788843.809825382,5533887.34564401
LIVERMORE,31,6/8/2022 2:45:00 PM,6/8/2022 2:45:00 PM,,Assessing,Investigating,-7815421.137884918,5525146.9301141035
