BgName,NumOut,EtrMin,EtrMax,Desc,Status,Cause,x,y
WARREN,2,7/16/2021 7:00:00 PM,7/16/2021 7:00:00 PM,,Assessing,Investigating,-7711248.269326408,5490204.483746096
LIVERMORE,3,7/16/2021 6:30:00 PM,7/16/2021 6:30:00 PM,,Assessing,Investigating,-7819165.068394082,5527455.54087524
O O BEACH,16,7/16/2021 7:00:00 PM,7/16/2021 7:00:00 PM,,Assessing,Investigating,-7835591.005099179,5392678.381257064
"YORK,KITTERY",272,7/16/2021 6:45:00 PM,7/16/2021 6:45:00 PM,,Assessing,Investigating,-7864872.73995469,5330923.6101882085
ORLAND,25,7/16/2021 5:30:00 PM,7/16/2021 5:30:00 PM,,Assessing,Investigating,-7654260.615990874,5551132.696416842
PALMYRA,1,7/16/2021 6:15:00 PM,7/16/2021 6:15:00 PM,,Assessing,Investigating,-7714319.351503619,5592076.335680202
WELLS,2,7/16/2021 6:30:00 PM,7/16/2021 6:30:00 PM,,Crew Assigned,Investigating,-7857788.055879912,5366184.401799005
YORK,7,7/16/2021 5:45:00 PM,7/16/2021 5:45:00 PM,,Assessing,Investigating,-7860345.264992845,5338752.371077891
