BgName,NumOut,EtrMin,EtrMax,Desc,Status,Cause,x,y
BOOTHBAY HBR,25,5/19/2023 1:00:00 AM,5/19/2023 1:00:00 AM,,Assessing,System Upgrade,-7750808.711662641,5442505.326062924
BRISTOL,43,5/19/2023 2:30:00 AM,5/19/2023 2:30:00 AM,,Assessing,Investigating,-7739481.9646355305,5450061.652263656
