BgName,NumOut,EtrMin,EtrMax,Desc,Status,Cause,x,y
BOOTHBAY,3,7/18/2024 3:00:00 PM,7/18/2024 3:00:00 PM,,Assessing,Investigating,-7753398.403839311,5455034.845446451
BRUNSWICK,61,7/18/2024 2:45:00 PM,7/18/2024 2:45:00 PM,,Assessing,Investigating,-7778587.967441399,5451927.1498371465
OXFORD,202,7/18/2024 2:45:00 PM,7/18/2024 2:45:00 PM,,Assessing,Investigating,-7847842.650119696,5485994.689561921
WILTON,6,7/18/2024 3:00:00 PM,7/18/2024 3:00:00 PM,,Repairs Complete,Investigating,-7819125.449842393,5558980.150704338
