BgName,NumOut,EtrMin,EtrMax,Desc,Status,Cause,x,y
FRYEBURG,128,6/16/2022 3:30:00 PM,6/16/2022 3:30:00 PM,,Crew Assigned,Investigating,-7897627.03072428,5477353.115964043
SANFORD,6,6/16/2022 3:15:00 PM,6/16/2022 3:15:00 PM,,Assessing,Investigating,-7881479.882614003,5376116.54193831
PORTER,36,6/16/2022 2:30:00 PM,6/16/2022 2:30:00 PM,,Assessing,Vehicle Accident,-7897278.044145088,5433842.652060766
