BgName,NumOut,EtrMin,EtrMax,Desc,Status,Cause,x,y
HOLLIS,10,1/27/2024 12:15:00 PM,1/27/2024 12:15:00 PM,,Crew Assigned,Investigating,-7860812.82911576,5403624.332978689
SEBAGO,29,1/27/2024 1:00:00 PM,1/27/2024 1:00:00 PM,,Crew Assigned,Investigating,-7862046.527401108,5441371.309916392
