BgName,NumOut,EtrMin,EtrMax,Desc,Status,Cause,x,y
WARREN,21,1/14/2022 4:45:00 PM,1/14/2022 4:45:00 PM,,Assessing,Investigating,-7710804.872658173,5486651.435404882
LEEDS,26,1/14/2022 5:00:00 PM,1/14/2022 5:00:00 PM,,Assessing,Investigating,-7812611.83466078,5518520.30573801
