BgName,NumOut,EtrMin,EtrMax,Desc,Status,Cause,x,y
BRISTOL,12,1/10/2022 2:30:00 AM,1/10/2022 2:30:00 AM,,Assessing,Tree,-7731760.911566238,5455277.828372383
"SKOWHEGAN,NORRIDGEWOCK,FAIRFIELD",198,1/10/2022 12:15:00 AM,1/10/2022 12:15:00 AM,,Assessing,Investigating,-7760780.856356232,5582120.764639185
