BgName,NumOut,EtrMin,EtrMax,Desc,Status,Cause,x,y
HARPSWELL,7,1/15/2023 2:30:00 PM,1/15/2023 2:30:00 PM,,Assessing,Investigating,-7791791.872786559,5424156.209860536
SANFORD,42,1/15/2023 3:00:00 PM,1/15/2023 3:00:00 PM,,Assessing,Tree,-7879157.123460222,5378675.617479126
KITTERY,112,1/15/2023 3:00:00 PM,1/15/2023 3:00:00 PM,,Repairs in Progress,Tree,-7874485.790253717,5326283.844898282
LEBANON,10,1/15/2023 3:30:00 PM,1/15/2023 3:30:00 PM,,Assessing,Investigating,-7891895.223551459,5377836.545070414
