BgName,NumOut,EtrMin,EtrMax,Desc,Status,Cause,x,y
PHIPPSBURG,146,7/18/2022 1:00:00 PM,7/18/2022 1:00:00 PM,,Assessing,Investigating,-7775439.774340999,5428865.506699458
HARPSWELL,68,7/18/2022 12:45:00 PM,7/18/2022 12:45:00 PM,,Assessing,Investigating,-7791115.673703547,5432197.578169734
SACO,64,7/18/2022 1:00:00 PM,7/18/2022 1:00:00 PM,,Crew Assigned,Investigating,-7842648.616266716,5393984.895423286
SANGERVILLE,7,7/18/2022 12:30:00 PM,7/18/2022 12:30:00 PM,,Assessing,Investigating,-7720765.161879948,5647333.52151973
