BgName,NumOut,EtrMin,EtrMax,Desc,Status,Cause,x,y
BOWDOINHAM,3,8/26/2024 10:15:00 PM,8/26/2024 10:15:00 PM,,Crew Assigned,Investigating,-7778102.926153354,5478286.571360437
WILTON,8,8/26/2024 8:15:00 PM,8/26/2024 8:15:00 PM,,Assessing,Investigating,-7813644.167123595,5561789.051033345
