BgName,NumOut,EtrMin,EtrMax,Desc,Status,Cause,x,y
HARPSWELL,7,9/19/2022 1:15:00 PM,9/19/2022 1:15:00 PM,,Assessing,Investigating,-7783993.218845597,5433894.408978792
NORRIDGEWOCK,5,9/19/2022 4:15:00 PM,9/19/2022 4:15:00 PM,,Assessing,Investigating,-7765279.332655014,5587474.117313509
