BgName,NumOut,EtrMin,EtrMax,Desc,Status,Cause,x,y
READFIELD,5,7/24/2021 2:30:00 PM,7/24/2021 2:30:00 PM,,Assessing,Investigating,-7793921.381202383,5530911.838230593
 ,1,7/24/2021 1:45:00 PM,7/24/2021 1:45:00 PM,,Assessing,Investigating,-7819020.408752287,5450037.875728557
VIENNA,14,7/24/2021 1:30:00 PM,7/24/2021 1:30:00 PM,,Assessing,Investigating,-7796039.713206576,5551132.1809824705
NEW VINEYARD,1,7/24/2021 2:45:00 PM,7/24/2021 2:45:00 PM,,Assessing,Investigating,-7805367.373720964,5590535.931181987
