BgName,NumOut,EtrMin,EtrMax,Desc,Status,Cause,x,y
"SCARBOROUGH,SACO",138,1/7/2024 10:15:00 PM,1/7/2024 10:15:00 PM,,Assessing,Tree,-7837969.590949141,5400005.389912183
ARUNDEL,9,1/7/2024 9:30:00 PM,1/7/2024 9:30:00 PM,,Crew Assigned,Investigating,-7846435.994814559,5372935.477511832
OLD ORCHARD BEACH,61,1/7/2024 11:45:00 PM,1/7/2024 11:45:00 PM,,Assessing,Weather,-7838272.101700146,5389826.444816507
"STOCKTON SPRINGS,SEARSPORT,LINCOLNVILLE,PROSPECT",88,1/7/2024 9:00:00 PM,1/7/2024 9:00:00 PM,,Assessing,Investigating,-7671801.128027027,5550830.74636403
GRAY,5,1/7/2024 10:00:00 PM,1/7/2024 10:00:00 PM,,Assessing,Investigating,-7832170.034733456,5453007.372976226
