BgName,NumOut,EtrMin,EtrMax,Desc,Status,Cause,x,y
PALERMO,9,12/8/2023 11:15:00 AM,12/8/2023 11:15:00 AM,,Assessing,Investigating,-7730213.047382324,5521061.869802097
SCARBOROUGH,80,12/8/2023 11:30:00 AM,12/8/2023 11:30:00 AM,,Assessing,Investigating,-7827137.703501335,5398007.980866996
