BgName,NumOut,EtrMin,EtrMax,Desc,Status,Cause,x,y
ACTON,21,2/3/2023 1:00:00 PM,2/3/2023 1:00:00 PM,,Assessing,Investigating,-7900874.142360779,5405625.568924602
BUXTON,86,2/3/2023 11:45:00 AM,2/3/2023 11:45:00 AM,,Assessing,Investigating,-7856504.007829635,5416188.755717379
STANDISH,15,2/3/2023 12:45:00 PM,2/3/2023 12:45:00 PM,,Assessing,Investigating,-7859802.126066374,5426078.381825815
ACTON,8,2/3/2023 1:30:00 PM,2/3/2023 1:30:00 PM,,Assessing,Investigating,-7896894.80452072,5401483.939331524
"SANFORD,NO BERWICK",10,2/3/2023 1:00:00 PM,2/3/2023 1:00:00 PM,,Crew Assigned,Investigating,-7878990.856729994,5374803.180506381
LIMERICK,6,2/3/2023 1:00:00 PM,2/3/2023 1:00:00 PM,,Assessing,Investigating,-7877286.9337432925,5423059.524113395
BERWICK,7,2/3/2023 1:00:00 PM,2/3/2023 1:00:00 PM,,Assessing,Investigating,-7880002.995786941,5356271.677227149
SIDNEY,1,2/3/2023 4:45:00 PM,2/3/2023 4:45:00 PM,,Assessing,Emergency Controlled Outage,-7762205.890636033,5542036.371713128
MERCER,8,2/3/2023 12:00:00 PM,2/3/2023 12:00:00 PM,,Assessing,Investigating,-7780121.393362142,5575722.942820667
