BgName,NumOut,EtrMin,EtrMax,Desc,Status,Cause,x,y
HOPE,5,4/5/2021 12:30:00 AM,4/5/2021 12:30:00 AM,,Assessing,Investigating,-7695795.220437766,5505978.789812109
WINDSOR,54,4/5/2021 12:30:00 AM,4/5/2021 12:30:00 AM,,Assessing,Investigating,-7742329.650828157,5505944.779950802
DENMARK,12,4/5/2021 10:00:00 AM,4/5/2021 10:00:00 AM,,Assessing,Investigating,-7877039.136542338,5457914.635022708
"JAY,CANTON",152,4/5/2021 12:00:00 AM,4/5/2021 12:00:00 AM,,Assessing,Investigating,-7817059.872094882,5543864.186977121
"BROOKS,NEWBURGH,MONROE,WINTERPORT",528,4/4/2021 11:00:00 PM,4/4/2021 11:00:00 PM,,Assessing,Investigating,-7693485.585976653,5552425.165363471
DOVER-FOXCROFT,48,4/4/2021 11:45:00 PM,4/4/2021 11:45:00 PM,,Assessing,Investigating,-7699493.788264874,5650599.779360993
HARMONY,12,4/5/2021 12:15:00 AM,4/5/2021 12:15:00 AM,,Assessing,Investigating,-7741781.112857633,5618704.393936691
