BgName,NumOut,EtrMin,EtrMax,Desc,Status,Cause,x,y
WALDOBORO,81,6/8/2021 1:15:00 AM,6/8/2021 1:15:00 AM,,Investigating,Investigating,-7725185.1918606125,5475125.84796548
WALDOBORO,1,6/8/2021 1:15:00 AM,6/8/2021 1:15:00 AM,,Assessing,Investigating,-7725166.088875441,5475185.978007169
YORK,8,6/8/2021 1:00:00 AM,6/8/2021 1:00:00 AM,,Assessing,Investigating,-7858315.810484131,5347609.594500453
SANFORD,2,6/7/2021 11:00:00 PM,6/7/2021 11:00:00 PM,,Assessing,Investigating,-7880065.958071186,5386984.945414262
ELIOT,58,6/8/2021 12:45:00 AM,6/8/2021 12:45:00 AM,,Assessing,Investigating,-7878769.342051471,5329464.404148378
