BgName,NumOut,EtrMin,EtrMax,Desc,Status,Cause,x,y
LYMAN,223,8/20/2022 7:00:00 PM,8/20/2022 7:00:00 PM,,Assessing,Tree,-7863185.103099793,5389614.295116545
SANFORD,20,8/20/2022 7:30:00 PM,8/20/2022 7:30:00 PM,,Assessing,Vehicle Accident,-7877333.977407152,5376248.424754307
"NEW PORTLAND,EMBDEN,LEXINGTON",58,8/20/2022 7:45:00 PM,8/20/2022 7:45:00 PM,,Assessing,Investigating,-7795003.473469695,5609956.239723517
