BgName,NumOut,EtrMin,EtrMax,Desc,Status,Cause,x,y
RICHMOND,26,4/5/2022 7:45:00 PM,4/5/2022 7:45:00 PM,,Assessing,Investigating,-7770563.913772727,5479046.865770942
SO BERWICK,47,4/5/2022 8:00:00 PM,4/5/2022 8:00:00 PM,,Assessing,Investigating,-7881046.916522456,5345447.967770199
SIDNEY,2,4/5/2022 7:00:00 PM,4/5/2022 7:00:00 PM,,Assessing,Investigating,-7761909.2909022225,5529532.640342585
