BgName,NumOut,EtrMin,EtrMax,Desc,Status,Cause,x,y
"UNION,WARREN",59,4/30/2021 2:00:00 AM,4/30/2021 2:00:00 AM,,Assessing,Investigating,-7712758.49637677,5495526.853962387
PITTSTON,6,4/30/2021 1:00:00 AM,4/30/2021 1:00:00 AM,,Assessing,Investigating,-7763624.902373802,5487022.607137711
"AUBURN,DURHAM,NEW GLOUCESTER",636,4/30/2021 1:15:00 AM,4/30/2021 1:15:00 AM,,Assessing,Investigating,-7822102.266592503,5476028.515613992
POLAND,13,4/30/2021 1:45:00 AM,4/30/2021 1:45:00 AM,,Assessing,Investigating,-7843269.07775329,5472907.389683398
