BgName,NumOut,EtrMin,EtrMax,Desc,Status,Cause,x,y
HARPSWELL,7,7/6/2021 11:00:00 AM,7/6/2021 11:00:00 AM,,Assessing,Investigating,-7790069.381813602,5435811.161810766
GRAY,17,7/6/2021 12:30:00 PM,7/6/2021 12:30:00 PM,,Assessing,Investigating,-7839627.394206291,5447375.911810597
CASCO,20,7/6/2021 12:00:00 PM,7/6/2021 12:00:00 PM,,Assessing,Investigating,-7844936.064891497,5463439.504553916
BROOKS,4,7/6/2021 11:00:00 AM,7/6/2021 11:00:00 AM,,Crew Assigned,Investigating,-7689836.032119099,5547637.594252851
RANGELEY,45,7/6/2021 11:45:00 AM,7/6/2021 11:45:00 AM,,Assessing,Investigating,-7868712.438673274,5616279.6769789
FRYEBURG,1,7/6/2021 12:30:00 PM,7/6/2021 12:30:00 PM,,Assessing,Investigating,-7902333.518585282,5479585.722824226
HOPE,2,7/6/2021 12:00:00 PM,7/6/2021 12:00:00 PM,,Assessing,Investigating,-7696303.750120306,5504575.271009503
