BgName,NumOut,EtrMin,EtrMax,Desc,Status,Cause,x,y
CASCO,52,9/16/2022 5:45:00 PM,9/16/2022 5:45:00 PM,,Assessing,Investigating,-7851214.105655167,5462009.088159068
FAIRFIELD,79,9/16/2022 6:45:00 PM,9/16/2022 6:45:00 PM,,Assessing,Investigating,-7747656.96748693,5557399.025260251
