BgName,NumOut,EtrMin,EtrMax,Desc,Status,Cause,x,y
MONMOUTH,7,3/2/2024 7:15:00 PM,3/2/2024 7:15:00 PM,,Assessing,Investigating,-7797106.833012702,5496915.878547957
"YORK,OGUNQUIT",1817,3/2/2024 7:00:00 PM,3/2/2024 7:00:00 PM,,Assessing,Investigating,-7860307.850508538,5339153.048597201
ROME,2,3/2/2024 6:15:00 PM,3/2/2024 6:15:00 PM,,Assessing,Investigating,-7781316.497242294,5550523.573673264
