BgName,NumOut,EtrMin,EtrMax,Desc,Status,Cause,x,y
AUGUSTA,20,1/6/2023 12:15:00 PM,1/6/2023 12:15:00 PM,,Assessing,Investigating,-7767584.826080367,5513763.535627763
NO BERWICK,5,1/6/2023 11:45:00 AM,1/6/2023 11:45:00 AM,,Crew Assigned,Investigating,-7874628.902663435,5366606.165805764
