BgName,NumOut,EtrMin,EtrMax,Desc,Status,Cause,x,y
LEWISTON,1,8/23/2021 3:30:00 PM,8/23/2021 3:30:00 PM,,Assessing,Investigating,-7815816.878703967,5480870.6888318565
SO PORTLAND,18,8/23/2021 2:30:00 PM,8/23/2021 2:30:00 PM,,Assessing,Investigating,-7818446.901829829,5409063.155970758
WESTPORT,1,8/23/2021 3:15:00 PM,8/23/2021 3:15:00 PM,,Assessing,Investigating,-7758833.221742245,5447839.685729183
