BgName,NumOut,EtrMin,EtrMax,Desc,Status,Cause,x,y
BOWDOINHAM,3,1/6/2022 1:30:00 PM,1/6/2022 1:30:00 PM,,Assessing,Investigating,-7772837.202546016,5471308.318488997
BOWDOIN,13,1/6/2022 12:30:00 PM,1/6/2022 12:30:00 PM,,Assessing,Investigating,-7786459.257295913,5466954.021145397
AUBURN,4,1/6/2022 12:30:00 PM,1/6/2022 12:30:00 PM,,Assessing,Investigating,-7821534.592800045,5478610.276467209
POLAND,15,1/6/2022 12:30:00 PM,1/6/2022 12:30:00 PM,,Assessing,Investigating,-7844680.742466299,5472345.059634907
ST ALBANS,18,1/6/2022 12:15:00 PM,1/6/2022 12:15:00 PM,,Assessing,Investigating,-7724030.674615885,5609897.955569298
"GREENVILLE,FRENCHTOWN,BEAVER COVE PLT,LILY BAY,MSHE JT TP",2291,1/6/2022 12:00:00 PM,1/6/2022 12:00:00 PM,,Assessing,Investigating,-7746227.758834047,5693577.110710066
"TOMHEGAN,ROCKWOOD,TAUNTON-RAYNHAM,SANDBAR TRACT,KINEO,SAPLING,BIG MOOSE TWP,HARFORD'S POINT,GREENVILLE,MSHE JT TP,SHIRLEY,MONSON",1649,1/6/2022 12:00:00 PM,1/6/2022 12:00:00 PM,,Assessing,Investigating,-7736374.458783191,5667364.632707226
