BgName,NumOut,EtrMin,EtrMax,Desc,Status,Cause,x,y
FREEPORT,21,7/27/2023 2:30:00 PM,7/27/2023 2:30:00 PM,,Assessing,Vehicle Accident,-7803552.17586565,5439310.288806141
"DEXTER,GARLAND,DOVER FOXCROFT,DOVER-FOXCROFT,SANGERVILLE",955,7/27/2023 4:30:00 PM,7/27/2023 4:30:00 PM,,Assessing,Investigating,-7713627.189150245,5623773.119758996
PALMYRA,2,7/27/2023 4:00:00 PM,7/27/2023 4:00:00 PM,,Assessing,Investigating,-7719333.838159315,5597121.189153328
