BgName,NumOut,EtrMin,EtrMax,Desc,Status,Cause,x,y
"FRYEBURG,STOW",20,11/1/2024 12:30:00 PM,11/1/2024 12:30:00 PM,,Crew Assigned,Investigating,-7901345.235334133,5484362.4127156045
TEMPLE,3,11/1/2024 1:15:00 PM,11/1/2024 1:15:00 PM,,Assessing,Investigating,-7818404.088401582,5570868.189308887
