BgName,NumOut,EtrMin,EtrMax,Desc,Status,Cause,x,y
BUXTON,23,1/26/2024 6:15:00 PM,1/26/2024 6:15:00 PM,,Assessing,Investigating,-7856865.495603507,5416753.284042232
KNOX,10,1/26/2024 6:15:00 PM,1/26/2024 6:15:00 PM,,Assessing,Investigating,-7707983.112889336,5546811.001911292
