BgName,NumOut,EtrMin,EtrMax,Desc,Status,Cause,x,y
AUGUSTA,30,8/16/2024 4:00:00 PM,8/16/2024 4:00:00 PM,,Investigating,Investigating,-7770307.510037038,5514178.774188387
AUGUSTA,40,8/16/2024 4:00:00 PM,8/16/2024 4:00:00 PM,,Crew Assigned,Investigating,-7770547.416304344,5513555.866067726
YARMOUTH,42,8/16/2024 2:45:00 PM,8/16/2024 2:45:00 PM,,Crew Assigned,Investigating,-7810671.970145169,5434586.816814724
"DAVIS,STETSONTOWN",72,8/16/2024 3:30:00 PM,8/16/2024 3:30:00 PM,,Assessing,Investigating,-7878811.4096447835,5637435.025140223
ARROWSIC,1,8/16/2024 2:45:00 PM,8/16/2024 2:45:00 PM,,Repairs in Progress,Investigating,-7770557.8246561615,5447744.911988071
ARROWSIC,3,8/16/2024 2:45:00 PM,8/16/2024 2:45:00 PM,,Repairs in Progress,Investigating,-7770700.725428952,5447762.195467738
