BgName,NumOut,EtrMin,EtrMax,Desc,Status,Cause,x,y
POLAND,1,4/11/2022 7:30:00 PM,4/11/2022 7:30:00 PM,,Crew Assigned,Investigating,-7844180.14986907,5470449.600020836
 ,2,4/11/2022 6:45:00 PM,4/11/2022 6:45:00 PM,,Assessing,Investigating,-7789553.393681567,5444901.316640263
