BgName,NumOut,EtrMin,EtrMax,Desc,Status,Cause,x,y
AUGUSTA,42,9/14/2023 2:30:00 PM,9/14/2023 2:30:00 PM,,Investigating,Investigating,-7771817.491812815,5521717.199174282
AUGUSTA,37,9/14/2023 2:30:00 PM,9/14/2023 2:30:00 PM,,Investigating,Investigating,-7771969.2502014255,5520501.896481973
AUGUSTA,71,9/14/2023 2:30:00 PM,9/14/2023 2:30:00 PM,,Investigating,Investigating,-7772089.2608494675,5516250.353460189
AUGUSTA,18,9/14/2023 2:30:00 PM,9/14/2023 2:30:00 PM,,Investigating,Investigating,-7771888.708737864,5522294.696140092
AUGUSTA; MANCHESTER,26,9/14/2023 2:30:00 PM,9/14/2023 2:30:00 PM,,Investigating,Investigating,-7772066.223660077,5520671.546729383
"EDGECOMB,NEWCASTLE,BOOTHBAY",1203,9/14/2023 2:15:00 PM,9/14/2023 2:15:00 PM,,Assessing,Investigating,-7750801.598399568,5465930.0220199665
"AUGUSTA,SIDNEY",279,9/14/2023 2:30:00 PM,9/14/2023 2:30:00 PM,,Assessing,Investigating,-7769543.303332335,5521926.877911788
WESTPORT,27,9/14/2023 2:00:00 PM,9/14/2023 2:00:00 PM,,Assessing,Investigating,-7759525.128008941,5452600.6711803675
