BgName,NumOut,EtrMin,EtrMax,Desc,Status,Cause,x,y
HARRISON,5,6/15/2024 12:00:00 AM,6/15/2024 12:00:00 AM,,Assessing,Investigating,-7860102.722073887,5471517.044753089
RAYMOND,107,6/14/2024 11:00:00 PM,6/14/2024 11:00:00 PM,,Assessing,Investigating,-7847645.67030716,5451477.617126994
NAPLES,50,6/14/2024 10:00:00 PM,6/14/2024 10:00:00 PM,,Repairs Complete,Investigating,-7855991.971621654,5456257.3377930075
BROOKS,3,6/14/2024 10:45:00 PM,6/14/2024 10:45:00 PM,,Crew Assigned,Investigating,-7695347.894270585,5548257.173902344
