BgName,NumOut,EtrMin,EtrMax,Desc,Status,Cause,x,y
FREEPORT,8,12/2/2023 9:15:00 AM,12/2/2023 9:15:00 AM,,Assessing,Investigating,-7803722.361082499,5443589.229395938
FREEPORT,86,12/2/2023 9:15:00 AM,12/2/2023 9:15:00 AM,,Assessing,Investigating,-7803802.143796668,5443631.608156631
BOWDOINHAM,6,12/2/2023 9:15:00 AM,12/2/2023 9:15:00 AM,,Assessing,Investigating,-7779494.208248683,5465617.503828681
UNION,71,12/2/2023 9:15:00 AM,12/2/2023 9:15:00 AM,,Assessing,Investigating,-7714035.130527424,5498952.011235056
ISLESBORO,405,12/2/2023 9:00:00 AM,12/2/2023 9:00:00 AM,,Assessing,Investigating,-7670247.230388855,5513416.245172176
LEWISTON,17,12/2/2023 9:45:00 AM,12/2/2023 9:45:00 AM,,Assessing,Investigating,-7814868.848514817,5478033.882167263
