BgName,NumOut,EtrMin,EtrMax,Desc,Status,Cause,x,y
AUGUSTA,58,7/3/2022 11:15:00 AM,7/3/2022 11:15:00 AM,,Assessing,Investigating,-7771817.493714945,5521717.200714614
TURNER,3,7/3/2022 9:45:00 AM,7/3/2022 9:45:00 AM,,Assessing,Investigating,-7817974.038875042,5500251.038194243
WELLS,32,7/3/2022 12:00:00 PM,7/3/2022 12:00:00 PM,,Assessing,Investigating,-7857747.669168297,5356350.576753225
BELFAST,10,7/3/2022 11:15:00 AM,7/3/2022 11:15:00 AM,,Assessing,Investigating,-7682439.430763009,5532197.042634714
