BgName,NumOut,EtrMin,EtrMax,Desc,Status,Cause,x,y
CUSHING,11,4/2/2022 4:45:00 PM,4/2/2022 4:45:00 PM,,Crew Assigned,Investigating,-7705962.19653882,5468954.865962682
FRYEBURG,1,4/2/2022 5:15:00 PM,4/2/2022 5:15:00 PM,,Assessing,Investigating,-7901279.979882763,5461888.721228247
