BgName,NumOut,EtrMin,EtrMax,Desc,Status,Cause,x,y
BOWDOINHAM,58,7/13/2023 11:45:00 PM,7/13/2023 11:45:00 PM,,Assessing,Investigating,-7773084.921759669,5470697.048068203
WILTON,10,7/14/2023 12:45:00 AM,7/14/2023 12:45:00 AM,,Assessing,Investigating,-7818573.383021432,5558257.2065023435
