BgName,NumOut,EtrMin,EtrMax,Desc,Status,Cause,x,y
PHIPPSBURG,2,7/23/2024 10:00:00 AM,7/23/2024 10:00:00 AM,,Assessing,Investigating,-7771264.836933543,5432720.203019094
WEST BATH,41,7/23/2024 11:00:00 AM,7/23/2024 11:00:00 AM,,Crew Assigned,Investigating,-7777735.850123607,5448155.9866528
MINOT,252,7/23/2024 10:00:00 AM,7/23/2024 10:00:00 AM,,Crew Assigned,Investigating,-7829429.482473802,5479323.063298604
POLAND,41,7/23/2024 8:00:00 AM,7/23/2024 8:00:00 AM,,Crew Assigned,Investigating,-7834332.137537644,5473812.031585717
WATERVILLE,22,7/23/2024 10:45:00 AM,7/23/2024 10:45:00 AM,,Crew Assigned,Investigating,-7751380.448603664,5552523.904939678
