BgName,NumOut,EtrMin,EtrMax,Desc,Status,Cause,x,y
BOOTHBAY HBR,25,5/19/2023 1:00:00 AM,5/19/2023 1:00:00 AM,,Assessing,System Upgrade,-7750808.711662641,5442505.326062924
BRISTOL,43,5/19/2023 1:00:00 AM,5/19/2023 1:00:00 AM,,Assessing,Investigating,-7739481.9646355305,5450061.652263656
FREEPORT,78,5/19/2023 12:30:00 AM,5/19/2023 12:30:00 AM,,Assessing,Tree,-7806785.628611461,5435350.368753951
"LIVERMORE FALLS,JAY,LIVERMR FL",847,5/19/2023 12:30:00 AM,5/19/2023 12:30:00 AM,,Assessing,System Upgrade,-7811491.871598341,5539778.824850866
"LIVERMR FL,LIVERMORE FALLS,LIVERMRE FL,LEEDS,WAYNE,LIVERMORE FL,JAY,CANTON",2009,5/19/2023 12:45:00 AM,5/19/2023 12:45:00 AM,,Assessing,System Upgrade,-7811396.949436047,5539815.379331195
"LIVERMORE FALLS,LIVERMR FL,FAYETTE,CHESTERVILLE,JAY",1097,5/19/2023 12:45:00 AM,5/19/2023 12:45:00 AM,,Assessing,System Upgrade,-7811431.525242544,5539923.873742757
