BgName,NumOut,EtrMin,EtrMax,Desc,Status,Cause,x,y
NAPLES,76,3/22/2021 11:15:00 AM,3/22/2021 11:15:00 AM,,Assessing,Investigating,-7860559.577308552,5454921.989366084
RANGELEY,70,3/22/2021 12:30:00 PM,3/22/2021 12:30:00 PM,,Assessing,Investigating,-7863483.316940544,5614583.574320139
HIGHLAND PLT,1,3/22/2021 12:15:00 PM,3/22/2021 12:15:00 PM,,Assessing,Investigating,-7802715.810281419,5629157.027769298
WELLS,15,3/22/2021 12:00:00 PM,3/22/2021 12:00:00 PM,,Assessing,Investigating,-7856806.641017703,5354761.613806743
ROCKPORT,3,3/22/2021 11:30:00 AM,3/22/2021 11:30:00 AM,,Assessing,Investigating,-7697653.476695568,5492867.214371094
