BgName,NumOut,EtrMin,EtrMax,Desc,Status,Cause,x,y
PORTLAND,21,6/10/2024 7:45:00 AM,6/10/2024 7:45:00 AM,,Investigating,Investigating,-7827186.223618036,5418964.428694136
PORTLAND,1378,6/10/2024 7:45:00 AM,6/10/2024 7:45:00 AM,,Crew Assigned,Investigating,-7825671.915298828,5417117.596612413
KENNEBUNKPORT,79,6/10/2024 8:00:00 AM,6/10/2024 8:00:00 AM,,Crew Assigned,Investigating,-7844624.303484684,5366468.341748796
