BgName,NumOut,EtrMin,EtrMax,Desc,Status,Cause,x,y
AUGUSTA,298,1/13/2023 3:00:00 AM,1/13/2023 3:00:00 AM,,Assessing,Investigating,-7767377.838664651,5515391.530964264
YARMOUTH,17,1/13/2023 2:45:00 AM,1/13/2023 2:45:00 AM,,Assessing,Investigating,-7808317.429312826,5427069.615125913
WESTPORT,143,1/13/2023 3:00:00 AM,1/13/2023 3:00:00 AM,,Assessing,Investigating,-7759793.819900827,5450630.854843485
POLAND,8,1/13/2023 2:30:00 AM,1/13/2023 2:30:00 AM,,Assessing,Investigating,-7836653.204597178,5465049.972039068
