BgName,NumOut,EtrMin,EtrMax,Desc,Status,Cause,x,y
CAMDEN,61,4/27/2023 6:00:00 PM,4/27/2023 6:00:00 PM,,Assessing,Investigating,-7691753.476936586,5501856.382848486
"READFIELD,WINTHROP",141,4/27/2023 6:00:00 PM,4/27/2023 6:00:00 PM,,Assessing,Investigating,-7785512.128816205,5524105.853724142
GRAY,9,4/27/2023 6:00:00 PM,4/27/2023 6:00:00 PM,,Assessing,Investigating,-7825016.365932506,5450219.15965794
JAY,209,4/27/2023 5:15:00 PM,4/27/2023 5:15:00 PM,,Assessing,Investigating,-7809715.635459404,5540663.508226945
