BgName,NumOut,EtrMin,EtrMax,Desc,Status,Cause,x,y
FREEPORT,23,7/30/2024 3:00:00 PM,7/30/2024 3:00:00 PM,,Crew Assigned,Investigating,-7804420.056029433,5439040.692172898
RUMFORD,20,7/30/2024 2:00:00 PM,7/30/2024 2:00:00 PM,,Repairs in Progress,Tree,-7853797.407978602,5546619.23731417
CLINTON,49,7/30/2024 3:30:00 PM,7/30/2024 3:30:00 PM,,Repairs in Progress,Investigating,-7746651.607719169,5565949.205775343
AUBURN,7,7/30/2024 3:15:00 PM,7/30/2024 3:15:00 PM,,Assessing,Investigating,-7821497.089316108,5476547.827891321
