BgName,NumOut,EtrMin,EtrMax,Desc,Status,Cause,x,y
SO BRISTOL,12,11/5/2021 12:00:00 PM,11/5/2021 12:00:00 PM,,Assessing,Investigating,-7740987.037515959,5463818.557344067
MT VERNON,4,11/5/2021 12:15:00 PM,11/5/2021 12:15:00 PM,,Assessing,Investigating,-7791666.861039946,5534344.265583688
ISLESBORO,4,11/5/2021 1:30:00 PM,11/5/2021 1:30:00 PM,,Assessing,Investigating,-7669909.208684486,5517952.208134288
