BgName,NumOut,EtrMin,EtrMax,Desc,Status,Cause,x,y
SANFORD,20,5/20/2023 5:30:00 PM,5/20/2023 5:30:00 PM,,Assessing,Investigating,-7871165.975928909,5373287.850461647
"YORK,OGUNQUIT",144,5/20/2023 5:30:00 PM,5/20/2023 5:30:00 PM,,Assessing,Investigating,-7863398.792017627,5345997.329181083
