BgName,NumOut,EtrMin,EtrMax,Desc,Status,Cause,x,y
FRYEBURG,129,5/28/2023 3:15:00 PM,5/28/2023 3:15:00 PM,,Assessing,Investigating,-7897709.1957053235,5477396.533984118
LEWISTON,140,Assessing,Assessing,,Assessing,Fire/Emergency,-7816778.701333307,5479553.717282429
KITTERY,5,5/28/2023 1:45:00 PM,5/28/2023 1:45:00 PM,,Assessing,Investigating,-7875506.0000455985,5326893.257735462
"MOSCOW,CARATUNK,THE FORKS PLT",334,5/28/2023 2:30:00 PM,5/28/2023 2:30:00 PM,,Assessing,Investigating,-7781951.953414939,5634830.842226232
