BgName,NumOut,EtrMin,EtrMax,Desc,Status,Cause,x,y
MECHANIC FALLS,69,9/4/2024 9:30:00 AM,9/4/2024 9:30:00 AM,,Assessing,Investigating,-7837647.487965264,5480479.878921703
SABATTUS,30,9/4/2024 10:15:00 AM,9/4/2024 10:15:00 AM,,Crew Assigned,Investigating,-7799482.613622288,5479262.293257743
BIDDEFORD,6,9/4/2024 10:30:00 AM,9/4/2024 10:30:00 AM,,Assessing,Investigating,-7847663.002810338,5387760.456399128
BIDDEFORD,45,9/4/2024 9:15:00 AM,9/4/2024 9:15:00 AM,,Assessing,Investigating,-7843938.241460425,5387615.765374969
"YORK,ELIOT",141,9/4/2024 11:00:00 AM,9/4/2024 11:00:00 AM,,Assessing,Investigating,-7875228.001835589,5340307.626791395
