BgName,NumOut,EtrMin,EtrMax,Desc,Status,Cause,x,y
AUGUSTA,4,7/10/2024 8:00:00 PM,7/10/2024 8:00:00 PM,,Assessing,Investigating,-7769065.097095915,5513897.39009845
HARTFORD,47,7/10/2024 9:00:00 PM,7/10/2024 9:00:00 PM,,Repairs in Progress,Investigating,-7834228.844204098,5527188.744578512
DEXTER,23,7/10/2024 9:15:00 PM,7/10/2024 9:15:00 PM,,Crew Assigned,Investigating,-7709969.742757249,5623146.809195992
WATERVILLE,1,7/10/2024 7:30:00 PM,7/10/2024 7:30:00 PM,,Assessing,Investigating,-7752040.829178365,5553637.237604555
