BgName,NumOut,EtrMin,EtrMax,Desc,Status,Cause,x,y
HARRISON,25,7/24/2024 3:00:00 AM,7/24/2024 3:00:00 AM,,Crew Assigned,Investigating,-7865279.20087455,5477550.854067413
"FRYEBURG,STOW",19,7/24/2024 1:30:00 AM,7/24/2024 1:30:00 AM,,Repairs in Progress,Investigating,-7901345.235334133,5484362.4127156045
CASCO,20,7/24/2024 1:30:00 AM,7/24/2024 1:30:00 AM,,Assessing,Investigating,-7855624.672942656,5452372.964860972
FALMOUTH,51,7/24/2024 3:00:00 AM,7/24/2024 3:00:00 AM,,Assessing,System Upgrade,-7822307.851438093,5430097.709416421
