BgName,NumOut,EtrMin,EtrMax,Desc,Status,Cause,x,y
BRISTOL,53,3/20/2023 5:00:00 PM,3/20/2023 5:00:00 PM,,Assessing,Investigating,-7739374.318729418,5447467.793597285
SO BERWICK,5,3/20/2023 5:45:00 PM,3/20/2023 5:45:00 PM,,Assessing,Investigating,-7869333.690444541,5353138.905664812
