BgName,NumOut,EtrMin,EtrMax,Desc,Status,Cause,x,y
MINOT,15,9/19/2022 5:30:00 PM,9/19/2022 5:30:00 PM,,Investigating,Investigating,-7826425.520135078,5485850.73106834
DENMARK,28,9/19/2022 5:30:00 PM,9/19/2022 5:30:00 PM,,Investigating,Investigating,-7881495.5531566655,5462692.6884765485
FRYEBURG,104,9/19/2022 4:45:00 PM,9/19/2022 4:45:00 PM,,Assessing,Investigating,-7901225.6114190295,5467534.224051054
