BgName,NumOut,EtrMin,EtrMax,Desc,Status,Cause,x,y
NO BERWICK,16,6/6/2022 8:00:00 AM,6/6/2022 8:00:00 AM,,Assessing,Investigating,-7878265.810564252,5360960.84834185
CORNVILLE,17,6/6/2022 8:45:00 AM,6/6/2022 8:45:00 AM,,Assessing,Investigating,-7754407.136482891,5603910.631871882
