BgName,NumOut,EtrMin,EtrMax,Desc,Status,Cause,x,y
GILEAD,18,4/1/2021 7:30:00 AM,4/1/2021 7:30:00 AM,,Assessing,Investigating,-7894445.285963883,5529514.905695759
MINOT,249,4/1/2021 6:45:00 AM,4/1/2021 6:45:00 AM,,Assessing,Investigating,-7829404.223997754,5479237.3560463255
LITCHFIELD,91,4/1/2021 7:00:00 AM,4/1/2021 7:00:00 AM,,Assessing,Investigating,-7786578.502687273,5501694.241602985
LITCHFIELD,16,4/1/2021 7:30:00 AM,4/1/2021 7:30:00 AM,,Assessing,Investigating,-7787573.476328097,5496943.425990102
CAMBRIDGE,35,4/1/2021 8:30:00 AM,4/1/2021 8:30:00 AM,,Assessing,Investigating,-7733667.992581779,5625067.30734504
