BgName,NumOut,EtrMin,EtrMax,Desc,Status,Cause,x,y
EDGECOMB,7,5/9/2021 7:45:00 PM,5/9/2021 7:45:00 PM,,Assessing,Investigating,-7751545.758062255,5464972.057799389
LEWISTON,1,5/9/2021 7:45:00 PM,5/9/2021 7:45:00 PM,,Assessing,Investigating,-7816066.768647678,5479869.577871563
LONG IS,1,5/9/2021 8:00:00 PM,5/9/2021 8:00:00 PM,,Assessing,Investigating,-7810319.421278111,5416714.38451279
