BgName,NumOut,EtrMin,EtrMax,Desc,Status,Cause,x,y
CHINA,45,3/6/2021 10:45:00 AM,3/6/2021 10:45:00 AM,,Assessing,Investigating,-7737789.952883076,5533169.900632129
DURHAM,11,3/6/2021 10:30:00 AM,3/6/2021 10:30:00 AM,,Assessing,Investigating,-7809452.420598877,5453811.479988504
YARMOUTH,51,3/6/2021 11:15:00 AM,3/6/2021 11:15:00 AM,,Assessing,Investigating,-7810959.9090835005,5436908.578655265
OAKLAND,6,3/6/2021 11:15:00 AM,3/6/2021 11:15:00 AM,,Assessing,Investigating,-7762453.98837343,5551476.194342787
