BgName,NumOut,EtrMin,EtrMax,Desc,Status,Cause,x,y
GREENWOOD,8,6/4/2024 2:15:00 PM,6/4/2024 2:15:00 PM,,Repairs Complete,Investigating,-7873115.024325578,5524516.725203934
CUMBERLAND,9,6/4/2024 2:30:00 PM,6/4/2024 2:30:00 PM,,Crew Assigned,Investigating,-7827615.676076178,5438462.654711836
BRISTOL,2,6/4/2024 3:15:00 PM,6/4/2024 3:15:00 PM,,Repairs in Progress,System Upgrade,-7736786.619183435,5456576.000050306
