BgName,NumOut,EtrMin,EtrMax,Desc,Status,Cause,x,y
MT VERNON,144,8/27/2021 11:45:00 AM,8/27/2021 11:45:00 AM,,Assessing,Investigating,-7787051.688503497,5543592.726504229
LIMINGTON,1,8/27/2021 1:30:00 PM,8/27/2021 1:30:00 PM,,Crew Assigned,Investigating,-7875156.71282985,5431039.576230303
TOPSHAM,1,8/27/2021 1:30:00 PM,8/27/2021 1:30:00 PM,,Assessing,Investigating,-7792359.50202914,5457436.050475077
