BgName,NumOut,EtrMin,EtrMax,Desc,Status,Cause,x,y
DAMARISCOTTA,1,8/15/2021 10:00:00 AM,8/15/2021 10:00:00 AM,,Assessing,Investigating,-7740544.921080907,5468338.1175056575
FRYEBURG,1,8/15/2021 9:30:00 AM,8/15/2021 9:30:00 AM,,Assessing,Investigating,-7894954.773018173,5478841.873372175
FALMOUTH,4,8/15/2021 9:45:00 AM,8/15/2021 9:45:00 AM,,Assessing,Investigating,-7816478.650836475,5425908.358402583
LINCOLNVILLE,4,8/15/2021 11:15:00 AM,8/15/2021 11:15:00 AM,,Assessing,Investigating,-7695295.963635919,5510178.7125780145
OAKLAND,1,8/15/2021 11:00:00 AM,8/15/2021 11:00:00 AM,,Assessing,Investigating,-7763124.454538631,5550850.959481517
SHAPLEIGH,1,8/15/2021 9:45:00 AM,8/15/2021 9:45:00 AM,,Assessing,Investigating,-7886772.322829717,5394494.321517525
