BgName,NumOut,EtrMin,EtrMax,Desc,Status,Cause,x,y
JEFFERSON,6,4/1/2023 12:00:00 PM,4/1/2023 12:00:00 PM,,Investigating,Investigating,-7740465.386945011,5503014.085011035
"AUGUSTA,BELGRADE,MANCHESTER,SIDNEY",205,4/1/2023 10:30:00 AM,4/1/2023 10:30:00 AM,,Assessing,Investigating,-7771390.616840083,5525991.544860761
BRIDGTON,10,4/1/2023 12:00:00 PM,4/1/2023 12:00:00 PM,,Assessing,Tree,-7881069.7259568805,5475775.888779576
ACTON,65,4/1/2023 11:15:00 AM,4/1/2023 11:15:00 AM,,Crew Assigned,Investigating,-7893530.050487358,5393074.282205216
YORK,11,4/1/2023 11:15:00 AM,4/1/2023 11:15:00 AM,,Crew Assigned,Investigating,-7865416.769478152,5339175.320793827
"HARTLAND,ATHENS",248,4/1/2023 10:30:00 AM,4/1/2023 10:30:00 AM,,Assessing,Vehicle Accident,-7733092.704565445,5604153.751302543
"OAKLAND,NEW SHARON,ROME,BELGRADE,MT VERNON",3010,4/1/2023 10:15:00 AM,4/1/2023 10:15:00 AM,,Assessing,Lightning,-7763638.349827789,5551870.821408853
