BgName,NumOut,EtrMin,EtrMax,Desc,Status,Cause,x,y
"WINTHROP,READFIELD",54,7/6/2023 12:30:00 PM,7/6/2023 12:30:00 PM,,Assessing,Investigating,-7781118.960806647,5515464.5849627685
"GREENWOOD,MILTON,RUMFORD,BETHEL,WOODSTOCK",212,7/6/2023 12:45:00 PM,7/6/2023 12:45:00 PM,,Assessing,Vehicle Accident,-7869852.316830018,5527375.504290988
GRAY,70,7/6/2023 1:00:00 PM,7/6/2023 1:00:00 PM,,Assessing,Investigating,-7838910.574549863,5447953.999585847
CHESTERVILLE,14,7/6/2023 12:00:00 PM,7/6/2023 12:00:00 PM,,Assessing,Investigating,-7805291.164407103,5554587.590619517
