BgName,NumOut,EtrMin,EtrMax,Desc,Status,Cause,x,y
BRUNSWICK,88,4/13/2022 2:00:00 PM,4/13/2022 2:00:00 PM,,Assessing,Equipment Interruption,-7791194.499045969,5450676.433383635
SKOWHEGAN,8,4/13/2022 12:30:00 PM,4/13/2022 12:30:00 PM,,Assessing,Investigating,-7762117.547438681,5587380.423078282
 ,8,4/13/2022 3:15:00 PM,4/13/2022 3:15:00 PM,,Assessing,Equipment Interruption,-7762175.066229109,5587367.938964957
