BgName,NumOut,EtrMin,EtrMax,Desc,Status,Cause,x,y
WOOLWICH,132,9/29/2021 9:30:00 AM,9/29/2021 9:30:00 AM,,Assessing,Investigating,-7768236.7019343125,5460271.616053019
ROCKPORT,1,9/29/2021 9:30:00 AM,9/29/2021 9:30:00 AM,,Assessing,Investigating,-7692110.578700463,5487620.524897433
