BgName,NumOut,EtrMin,EtrMax,Desc,Status,Cause,x,y
OGUNQUIT,13,6/13/2021 10:30:00 AM,6/13/2021 10:30:00 AM,,Investigating,Investigating,-7857975.33323085,5347485.258331567
WALDOBORO,1,6/13/2021 9:45:00 AM,6/13/2021 9:45:00 AM,,Assessing,Investigating,-7720343.004988954,5481377.796237534
WEST GARDINER,2,6/13/2021 11:00:00 AM,6/13/2021 11:00:00 AM,,Assessing,Investigating,-7772160.725151443,5501120.027650364
WESTPORT,18,6/13/2021 9:45:00 AM,6/13/2021 9:45:00 AM,,Assessing,Investigating,-7759132.660053756,5446480.710440472
SANFORD,7,6/13/2021 9:45:00 AM,6/13/2021 9:45:00 AM,,Crew Assigned,Investigating,-7869389.550578157,5377534.736666345
WATERVILLE,1,6/13/2021 10:30:00 AM,6/13/2021 10:30:00 AM,,Assessing,Investigating,-7752630.622132508,5549127.814183552
