BgName,NumOut,EtrMin,EtrMax,Desc,Status,Cause,x,y
LEWISTON,13,3/1/2021 6:00:00 PM,3/1/2021 6:00:00 PM,,Assessing,Vehicle Accident,-7808870.709391985,5485615.556611724
LEWISTON,3,3/1/2021 4:15:00 PM,3/1/2021 4:15:00 PM,,Assessing,Vehicle Accident,-7808874.928415049,5485480.099311478
