BgName,NumOut,EtrMin,EtrMax,Desc,Status,Cause,x,y
BRUNSWICK,9,7/25/2021 11:00:00 AM,7/25/2021 11:00:00 AM,,Assessing,Investigating,-7791021.909237257,5443247.520261999
DAMARISCOTTA,27,7/25/2021 11:00:00 AM,7/25/2021 11:00:00 AM,,Assessing,Investigating,-7734479.411438955,5467833.35592021
 ,5,7/25/2021 11:45:00 AM,7/25/2021 11:45:00 AM,,Assessing,Investigating,-7818774.403757649,5450061.250589768
"GRAY,RAYMOND,NEW GLOUCESTER",339,7/25/2021 12:00:00 PM,7/25/2021 12:00:00 PM,,Assessing,Investigating,-7833605.076516337,5454395.629499171
"CASCO,OTISFIELD",319,7/25/2021 12:00:00 PM,7/25/2021 12:00:00 PM,,Assessing,Investigating,-7850550.819627904,5466415.719731163
ACTON,30,7/25/2021 12:15:00 PM,7/25/2021 12:15:00 PM,,Assessing,Investigating,-7894998.58836804,5387010.155883292
TURNER,3,7/25/2021 11:00:00 AM,7/25/2021 11:00:00 AM,,Assessing,Investigating,-7816786.660643494,5508046.404516633
