BgName,NumOut,EtrMin,EtrMax,Desc,Status,Cause,x,y
ROCKPORT,23,6/7/2024 6:30:00 PM,6/7/2024 6:30:00 PM,,Crew Assigned,Investigating,-7690219.9173662225,5491409.65070848
AUBURN,19,6/7/2024 7:15:00 PM,6/7/2024 7:15:00 PM,,Repairs in Progress,Investigating,-7822222.881216678,5481028.601703787
PARIS,8,6/7/2024 7:15:00 PM,6/7/2024 7:15:00 PM,,Crew Assigned,Investigating,-7851319.43616927,5504891.374539379
