BgName,NumOut,EtrMin,EtrMax,Desc,Status,Cause,x,y
NEW PORTLAND,26,12/9/2023 1:00:00 PM,12/9/2023 1:00:00 PM,,Assessing,Investigating,-7797611.800507482,5609461.2682792125
WATERVILLE,26,12/9/2023 2:30:00 PM,12/9/2023 2:30:00 PM,,Assessing,Investigating,-7753497.010626416,5554097.869387403
