BgName,NumOut,EtrMin,EtrMax,Desc,Status,Cause,x,y
GLENBURN,67,1/18/2024 4:00:00 AM,1/18/2024 4:00:00 AM,,Assessing,Investigating,-7671871.504210889,5601659.32737828
STOCKTON SPRINGS,13,1/18/2024 4:00:00 AM,1/18/2024 4:00:00 AM,,Assessing,Investigating,-7664851.040328537,5535777.915719227
