BgName,NumOut,EtrMin,EtrMax,Desc,Status,Cause,x,y
LIBERTY,36,5/3/2023 6:45:00 PM,5/3/2023 6:45:00 PM,,Assessing,Investigating,-7712407.216530337,5523504.282878854
"BOWDOIN,BOWDOINHAM",62,5/3/2023 6:45:00 PM,5/3/2023 6:45:00 PM,,Assessing,Investigating,-7786399.122476931,5467158.066971725
NAPLES,42,5/3/2023 6:30:00 PM,5/3/2023 6:30:00 PM,,Assessing,Investigating,-7860989.136886609,5456695.740827981
ISLESBORO,8,5/3/2023 5:15:00 PM,5/3/2023 5:15:00 PM,,Assessing,Investigating,-7671008.499805355,5506398.639194793
