BgName,NumOut,EtrMin,EtrMax,Desc,Status,Cause,x,y
AUGUSTA,34,7/25/2021 8:15:00 AM,7/25/2021 8:15:00 AM,,Assessing,Investigating,-7766642.651346214,5514196.827293184
WEST GARDINER,5,7/25/2021 8:00:00 AM,7/25/2021 8:00:00 AM,,Assessing,Investigating,-7775524.833562049,5499444.930060227
