BgName,NumOut,EtrMin,EtrMax,Desc,Status,Cause,x,y
HIRAM,2,8/24/2024 11:00:00 PM,8/24/2024 11:00:00 PM,,Crew Assigned,Investigating,-7889382.4198489515,5442169.78524087
WINTERPORT,25,8/24/2024 11:30:00 PM,8/24/2024 11:30:00 PM,,Crew Assigned,Investigating,-7671840.969227965,5565455.758032782
