BgName,NumOut,EtrMin,EtrMax,Desc,Status,Cause,x,y
ETNA,3,6/26/2021 6:30:00 PM,6/26/2021 6:30:00 PM,,Assessing,Investigating,-7699943.218487481,5586629.445520023
FARMINGTON,3,6/26/2021 6:45:00 PM,6/26/2021 6:45:00 PM,,Assessing,Investigating,-7806284.178754558,5581622.36097622
