BgName,NumOut,EtrMin,EtrMax,Desc,Status,Cause,x,y
DURHAM,20,3/30/2023 2:00:00 PM,3/30/2023 2:00:00 PM,,Assessing,Investigating,-7808902.914144169,5465224.650538816
GREENE,2,3/30/2023 2:15:00 PM,3/30/2023 2:15:00 PM,,Assessing,Investigating,-7809704.870908834,5492719.52759748
STANDISH,2,3/30/2023 2:15:00 PM,3/30/2023 2:15:00 PM,,Assessing,Investigating,-7860213.395969732,5419951.892914888
