BgName,NumOut,EtrMin,EtrMax,Desc,Status,Cause,x,y
"FREEPORT,POWNAL",105,2/23/2024 11:00:00 AM,2/23/2024 11:00:00 AM,,Assessing,Investigating,-7805290.518784348,5444526.609624963
"SKOWHEGAN,MADISON,NORRIDGEWOCK",74,2/23/2024 11:15:00 AM,2/23/2024 11:15:00 AM,,Crew Assigned,Investigating,-7762780.521817064,5586592.0119924685
"MORRILL,WALDO",53,2/23/2024 11:45:00 AM,2/23/2024 11:45:00 AM,,Repairs in Progress,Investigating,-7697683.87812899,5534329.31259616
