BgName,NumOut,EtrMin,EtrMax,Desc,Status,Cause,x,y
BOWDOINHAM,77,10/7/2023 3:45:00 PM,10/7/2023 3:45:00 PM,,Assessing,Investigating,-7781568.891889945,5467760.541717821
BELGRADE,13,10/7/2023 3:45:00 PM,10/7/2023 3:45:00 PM,,Assessing,Investigating,-7781436.265819349,5534922.64782198
BELGRADE,73,10/7/2023 3:30:00 PM,10/7/2023 3:30:00 PM,,Assessing,Investigating,-7780986.969246357,5537462.75366452
"STANDISH,BALDWIN",92,10/7/2023 4:15:00 PM,10/7/2023 4:15:00 PM,,Assessing,Equipment Interruption,-7865003.4290569145,5433685.316531864
BENTON,4,10/7/2023 4:15:00 PM,10/7/2023 4:15:00 PM,,Assessing,Investigating,-7742368.668306967,5556653.745601779
POLAND,5,10/7/2023 5:00:00 PM,10/7/2023 5:00:00 PM,,Assessing,Investigating,-7835222.559836622,5475411.028146392
TURNER,4,10/7/2023 5:00:00 PM,10/7/2023 5:00:00 PM,,Assessing,Investigating,-7821476.083300553,5499088.926190258
