BgName,NumOut,EtrMin,EtrMax,Desc,Status,Cause,x,y
GREENWOOD,2,8/28/2022 12:15:00 AM,8/28/2022 12:15:00 AM,,Assessing,Investigating,-7862774.946442677,5509477.015698236
MONSON,7,8/28/2022 1:30:00 AM,8/28/2022 1:30:00 AM,,Assessing,Investigating,-7730405.118099282,5660531.91674575
MONSON,16,8/28/2022 1:15:00 AM,8/28/2022 1:15:00 AM,,Assessing,Investigating,-7731382.558812562,5664963.931101419
