BgName,NumOut,EtrMin,EtrMax,Desc,Status,Cause,x,y
BRISTOL,31,9/18/2024 9:45:00 AM,9/18/2024 9:45:00 AM,,Crew Assigned,Investigating,-7735282.971198126,5458332.535557316
ACTON,28,9/18/2024 10:15:00 AM,9/18/2024 10:15:00 AM,,Crew Assigned,Investigating,-7896047.2624247465,5392057.011374184
ELIOT,15,9/18/2024 10:00:00 AM,9/18/2024 10:00:00 AM,,Assessing,Investigating,-7883921.2303238325,5337004.06589151
