BgName,NumOut,EtrMin,EtrMax,Desc,Status,Cause,x,y
WELLS,27,5/25/2022 9:00:00 AM,5/25/2022 9:00:00 AM,,Crew Assigned,Investigating,-7860849.341890633,5353404.131589356
GREENVILLE,24,5/25/2022 9:15:00 AM,5/25/2022 9:15:00 AM,,Assessing,Investigating,-7741318.803016712,5695980.1727393055
