BgName,NumOut,EtrMin,EtrMax,Desc,Status,Cause,x,y
NEWRY,75,10/2/2022 3:00:00 PM,10/2/2022 3:00:00 PM,,Investigating,Investigating,-7884367.835984431,5538452.532150537
WELLS,28,10/2/2022 2:00:00 PM,10/2/2022 2:00:00 PM,,Crew Assigned,Investigating,-7866582.77438295,5362226.542838544
HIRAM,9,10/2/2022 2:45:00 PM,10/2/2022 2:45:00 PM,,Assessing,Investigating,-7891433.626208155,5442848.767464226
