BgName,NumOut,EtrMin,EtrMax,Desc,Status,Cause,x,y
"BUXTON,GORHAM",99,4/30/2022 4:30:00 PM,4/30/2022 4:30:00 PM,,Assessing,Investigating,-7854868.724482796,5417486.788244559
"DEXTER,PARKMAN,CAMBRIDGE,RIPLEY",139,4/30/2022 3:30:00 PM,4/30/2022 3:30:00 PM,,Assessing,Investigating,-7715896.6484365435,5628167.193110939
PARKMAN,2,4/30/2022 4:00:00 PM,4/30/2022 4:00:00 PM,,Assessing,Investigating,-7731088.786744226,5639652.480191539
