BgName,NumOut,EtrMin,EtrMax,Desc,Status,Cause,x,y
LIVERMORE,3,9/7/2023 10:00:00 AM,9/7/2023 10:00:00 AM,,Assessing,Investigating,-7815968.67393382,5534023.818966666
WATERBORO,164,9/7/2023 10:45:00 AM,9/7/2023 10:45:00 AM,,Crew Assigned,Investigating,-7880511.692456418,5401814.315584923
