BgName,NumOut,EtrMin,EtrMax,Desc,Status,Cause,x,y
SHAPLEIGH,6,1/28/2023 2:15:00 PM,1/28/2023 2:15:00 PM,,Assessing,Investigating,-7888683.233232136,5397654.8820188865
SANFORD,5,1/28/2023 12:30:00 PM,1/28/2023 12:30:00 PM,,Assessing,Investigating,-7884418.694919364,5386349.703503428
