BgName,NumOut,EtrMin,EtrMax,Desc,Status,Cause,x,y
WELLS,75,9/2/2024 2:00:00 AM,9/2/2024 2:00:00 AM,,Crew Assigned,Investigating,-7864198.522389925,5365114.996961616
BELFAST,14,9/2/2024 2:00:00 AM,9/2/2024 2:00:00 AM,,Repairs in Progress,Investigating,-7681294.2983242655,5531410.772349561
