BgName,NumOut,EtrMin,EtrMax,Desc,Status,Cause,x,y
FREEPORT,108,5/25/2022 7:30:00 PM,5/25/2022 7:30:00 PM,,Investigating,Investigating,-7804566.268709804,5442861.33830316
"FALMOUTH,PORTLAND",69,5/25/2022 7:15:00 PM,5/25/2022 7:15:00 PM,,Assessing,Investigating,-7826416.486822575,5423293.100032338
"WINDHAM,FALMOUTH",2053,5/25/2022 7:00:00 PM,5/25/2022 7:00:00 PM,,Assessing,Investigating,-7826415.24002683,5423292.915224901
