BgName,NumOut,EtrMin,EtrMax,Desc,Status,Cause,x,y
YARMOUTH,2,4/20/2024 11:45:00 AM,4/20/2024 11:45:00 AM,,Investigating,Investigating,-7808357.045461825,5430052.36279741
CUMBERLAND,83,4/20/2024 10:45:00 AM,4/20/2024 10:45:00 AM,,Assessing,Investigating,-7823774.652674656,5436654.062688327
