BgName,NumOut,EtrMin,EtrMax,Desc,Status,Cause,x,y
"ACTON,WATERBORO",46,2/10/2023 1:00:00 PM,2/10/2023 1:00:00 PM,,Assessing,Investigating,-7899107.5688388385,5403353.440364185
AUBURN,13,2/10/2023 1:45:00 PM,2/10/2023 1:45:00 PM,,Assessing,Investigating,-7817403.259305763,5480500.47926897
