BgName,NumOut,EtrMin,EtrMax,Desc,Status,Cause,x,y
WATERFORD; BRIDGTON,43,5/26/2024 11:45:00 AM,5/26/2024 11:45:00 AM,,Investigating,Investigating,-7871222.9902546005,5488058.016572511
BREMEN,49,5/26/2024 10:30:00 AM,5/26/2024 10:30:00 AM,,Investigating,Investigating,-7728549.898040406,5465994.859182702
SOUTH PORTLAND,4,5/26/2024 11:45:00 AM,5/26/2024 11:45:00 AM,,Investigating,Investigating,-7822208.8596199555,5409528.500137656
BREMEN,5,5/26/2024 10:45:00 AM,5/26/2024 10:45:00 AM,,Repairs in Progress,Investigating,-7727861.100353663,5463075.072254339
WATERFORD,11,5/26/2024 12:15:00 PM,5/26/2024 12:15:00 PM,,Crew Assigned,Investigating,-7871164.729133159,5487735.304135501
SOUTH PORTLAND,27,5/26/2024 11:45:00 AM,5/26/2024 11:45:00 AM,,Crew Assigned,Investigating,-7822285.264652921,5409416.982916433
CARRABASSETT VALLEY,34,5/26/2024 11:30:00 AM,5/26/2024 11:30:00 AM,,Crew Assigned,Investigating,-7819752.445744037,5633954.393509236
