BgName,NumOut,EtrMin,EtrMax,Desc,Status,Cause,x,y
DRESDEN,13,9/22/2022 2:30:00 AM,9/22/2022 2:30:00 AM,,Assessing,Investigating,-7764067.408545153,5477617.377124181
SCARBOROUGH,1489,9/22/2022 8:00:00 AM,9/22/2022 8:00:00 AM,,Assessing,Investigating,-7824659.33094338,5403499.26907273
