BgName,NumOut,EtrMin,EtrMax,Desc,Status,Cause,x,y
WALDOBORO,15,3/7/2022 12:15:00 PM,3/7/2022 12:15:00 PM,,Assessing,Investigating,-7716568.216735543,5489727.656276078
 ,2,3/7/2022 12:15:00 PM,3/7/2022 12:15:00 PM,,Assessing,Investigating,-7875966.183706325,5565982.548612841
LOVELL,9,3/7/2022 11:00:00 AM,3/7/2022 11:00:00 AM,,Assessing,Investigating,-7894191.065572378,5489395.443269301
MEXICO,1,3/7/2022 11:45:00 AM,3/7/2022 11:45:00 AM,,Assessing,Investigating,-7851602.054050855,5552945.107313167
SABATTUS,21,3/7/2022 11:45:00 AM,3/7/2022 11:45:00 AM,,Crew Assigned,Investigating,-7794561.234597572,5484553.3391596945
ARUNDEL,1,3/7/2022 10:45:00 AM,3/7/2022 10:45:00 AM,,Crew Assigned,Investigating,-7851332.271337831,5383331.269246054
