BgName,NumOut,EtrMin,EtrMax,Desc,Status,Cause,x,y
LEVANT,38,6/8/2023 3:45:00 PM,6/8/2023 3:45:00 PM,,Assessing,Investigating,-7672962.746921822,5600653.79668656
WESTBROOK,3,6/8/2023 3:30:00 PM,6/8/2023 3:30:00 PM,,Assessing,Investigating,-7833897.089815782,5417006.651020356
KITTERY,10,6/8/2023 4:30:00 PM,6/8/2023 4:30:00 PM,,Assessing,Investigating,-7869085.57048227,5324192.904651843
SANFORD,2,6/8/2023 3:45:00 PM,6/8/2023 3:45:00 PM,,Assessing,System Upgrade,-7866587.8616780145,5375265.19588011
CUSHING,1,6/8/2023 2:45:00 PM,6/8/2023 2:45:00 PM,,Assessing,System Upgrade,-7702821.005376862,5474993.372062669
