BgName,NumOut,EtrMin,EtrMax,Desc,Status,Cause,x,y
SWEDEN,29,7/21/2022 9:15:00 AM,7/21/2022 9:15:00 AM,,Assessing,Investigating,-7878030.358683479,5483407.095675815
"ACTON,SHAPLEIGH,YORK",2433,7/21/2022 10:30:00 AM,7/21/2022 10:30:00 AM,,Assessing,Vehicle Accident,-7888247.584437395,5389452.707283146
YORK,439,7/21/2022 9:00:00 AM,7/21/2022 9:00:00 AM,,Assessing,Investigating,-7866294.167496872,5335064.131946227
