BgName,NumOut,EtrMin,EtrMax,Desc,Status,Cause,x,y
BUCKSPORT,1,4/13/2021 7:15:00 PM,4/13/2021 7:15:00 PM,,Assessing,Investigating,-7650692.536941738,5560090.67836886
LIVERMORE,1,4/13/2021 7:00:00 PM,4/13/2021 7:00:00 PM,,Assessing,Investigating,-7817259.590373038,5533371.827871265
FREEDOM,1,4/13/2021 6:30:00 PM,4/13/2021 6:30:00 PM,,Assessing,Investigating,-7717005.880385847,5547938.610572375
