BgName,NumOut,EtrMin,EtrMax,Desc,Status,Cause,x,y
AUBURN,20,8/18/2024 5:30:00 AM,8/18/2024 5:30:00 AM,,Investigating,Investigating,-7819206.657251464,5481265.381173493
AUBURN,12,8/18/2024 5:30:00 AM,8/18/2024 5:30:00 AM,,Investigating,Investigating,-7817502.627445184,5483178.033747163
AUBURN,8,8/18/2024 5:30:00 AM,8/18/2024 5:30:00 AM,,Investigating,Investigating,-7818981.063005994,5483175.289119963
AUBURN,17,8/18/2024 5:30:00 AM,8/18/2024 5:30:00 AM,,Investigating,Investigating,-7818374.37884269,5482078.156117185
AUBURN,7,8/18/2024 5:30:00 AM,8/18/2024 5:30:00 AM,,Investigating,Investigating,-7817563.986534703,5477062.752788411
AUBURN,16,8/18/2024 5:30:00 AM,8/18/2024 5:30:00 AM,,Investigating,Investigating,-7817549.427736598,5483544.598834982
