BgName,NumOut,EtrMin,EtrMax,Desc,Status,Cause,x,y
TURNER,3,12/8/2023 12:45:00 PM,12/8/2023 12:45:00 PM,,Assessing,Investigating,-7820625.7137393225,5501027.09409056
PARSONSFIELD,11,12/8/2023 12:45:00 PM,12/8/2023 12:45:00 PM,,Crew Assigned,Investigating,-7889489.242032929,5425854.2888600165
