BgName,NumOut,EtrMin,EtrMax,Desc,Status,Cause,x,y
WINTHROP,13,1/2/2022 4:15:00 PM,1/2/2022 4:15:00 PM,,Assessing,Investigating,-7785466.6770343995,5510868.068309836
WATERVILLE,2111,1/2/2022 4:45:00 PM,1/2/2022 4:45:00 PM,,Assessing,Investigating,-7755489.139650453,5546848.334200124
