BgName,NumOut,EtrMin,EtrMax,Desc,Status,Cause,x,y
SIDNEY,7,7/22/2021 10:00:00 AM,7/22/2021 10:00:00 AM,,Assessing,Investigating,-7765362.811206552,5529834.1653126655
WAYNE,24,7/22/2021 9:00:00 AM,7/22/2021 9:00:00 AM,,Assessing,Investigating,-7796081.190839448,5518815.925324215
PARSONSFIELD,3,7/22/2021 9:30:00 AM,7/22/2021 9:30:00 AM,,Assessing,Investigating,-7890824.8087567,5427505.767472725
OAKLAND,12,7/22/2021 10:30:00 AM,7/22/2021 10:30:00 AM,,Assessing,Investigating,-7765727.326870052,5550290.963443769
CORINNA,2,7/22/2021 9:45:00 AM,7/22/2021 9:45:00 AM,,Assessing,Investigating,-7710157.839325279,5621017.64704084
