BgName,NumOut,EtrMin,EtrMax,Desc,Status,Cause,x,y
ST GEORGE,14,9/17/2022 4:45:00 PM,9/17/2022 4:45:00 PM,,Assessing,Investigating,-7709691.39946093,5453082.913976912
FRYEBURG,3,9/17/2022 4:00:00 PM,9/17/2022 4:00:00 PM,,Repairs in Progress,Investigating,-7894700.24097778,5480800.034303947
