BgName,NumOut,EtrMin,EtrMax,Desc,Status,Cause,x,y
WARREN,98,10/7/2024 2:15:00 PM,10/7/2024 2:15:00 PM,,Repairs in Progress,Investigating,-7710519.638748032,5486466.855612708
GREENE,12,10/7/2024 2:30:00 PM,10/7/2024 2:30:00 PM,,Crew Assigned,Investigating,-7808903.626641787,5488676.5199441565
SEBAGO,67,10/7/2024 2:15:00 PM,10/7/2024 2:15:00 PM,,Crew Assigned,Investigating,-7871004.117333444,5450609.409907584
