BgName,NumOut,EtrMin,EtrMax,Desc,Status,Cause,x,y
ALFRED,30,1/31/2022 10:30:00 AM,1/31/2022 10:30:00 AM,,Assessing,Investigating,-7873816.63765902,5390578.431765703
HOPE,1,1/31/2022 9:45:00 AM,1/31/2022 9:45:00 AM,,Crew Assigned,Investigating,-7703358.344610769,5497794.645535479
