BgName,NumOut,EtrMin,EtrMax,Desc,Status,Cause,x,y
FREEPORT,14,4/17/2022 9:45:00 AM,4/17/2022 9:45:00 AM,,Assessing,Tree,-7805635.253003158,5434775.585810594
"AVON,PHILLIPS",9,4/17/2022 12:00:00 PM,4/17/2022 12:00:00 PM,,Assessing,Investigating,-7831541.881035699,5590725.064737397
