BgName,NumOut,EtrMin,EtrMax,Desc,Status,Cause,x,y
PHIPPSBURG,5,1/9/2022 1:00:00 PM,1/9/2022 1:00:00 PM,,Assessing,Investigating,-7775597.07983942,5421314.954763211
"BOOTHBAY HBR,BOOTHBAY HARBOR",165,1/9/2022 12:30:00 PM,1/9/2022 12:30:00 PM,,Assessing,Investigating,-7750045.34940327,5441761.293130951
"BRISTOL,SO BRISTOL,SOUTH BRISTOL",1329,1/9/2022 1:15:00 PM,1/9/2022 1:15:00 PM,,Assessing,Investigating,-7738490.564395011,5451004.806328559
ST GEORGE,5,1/9/2022 1:30:00 PM,1/9/2022 1:30:00 PM,,Assessing,Investigating,-7703801.195768318,5459252.6917407485
ST GEORGE,2,1/9/2022 12:15:00 PM,1/9/2022 12:15:00 PM,,Assessing,Investigating,-7710354.140077619,5456939.308820473
ST GEORGE,51,1/9/2022 1:00:00 PM,1/9/2022 1:00:00 PM,,Assessing,Investigating,-7703540.708160867,5468540.862749117
GEORGETOWN,14,1/9/2022 12:00:00 PM,1/9/2022 12:00:00 PM,,Assessing,Investigating,-7766279.015067156,5428227.133934597
BUCKSPORT,1,1/9/2022 12:30:00 PM,1/9/2022 12:30:00 PM,,Crew Assigned,Investigating,-7646973.642159257,5565814.14571277
POLAND,1,1/9/2022 1:15:00 PM,1/9/2022 1:15:00 PM,,Assessing,Investigating,-7843678.466350592,5474982.31126786
