BgName,NumOut,EtrMin,EtrMax,Desc,Status,Cause,x,y
PARIS,2,9/4/2023 10:00:00 PM,9/4/2023 10:00:00 PM,,Assessing,Investigating,-7852638.616649175,5506997.265114426
SANFORD,10,9/4/2023 11:00:00 PM,9/4/2023 11:00:00 PM,,Assessing,Investigating,-7877838.432828691,5377197.193234908
