BgName,NumOut,EtrMin,EtrMax,Desc,Status,Cause,x,y
AUBURN,25,7/13/2024 6:00:00 AM,7/13/2024 6:00:00 AM,,Repairs in Progress,Investigating,-7819690.02887036,5479017.450224662
WESTBROOK,46,7/13/2024 4:45:00 AM,7/13/2024 4:45:00 AM,,Repairs in Progress,Vehicle Accident,-7834824.781937123,5416321.333873996
YORK,1,7/13/2024 6:15:00 AM,7/13/2024 6:15:00 AM,,Crew Assigned,Investigating,-7864018.9195303265,5345523.720290463
