BgName,NumOut,EtrMin,EtrMax,Desc,Status,Cause,x,y
MINOT,55,6/26/2024 1:15:00 AM,6/26/2024 1:15:00 AM,,Repairs in Progress,Investigating,-7831297.056162165,5487609.1540701
"OXFORD,OTISFIELD",828,6/26/2024 1:30:00 AM,6/26/2024 1:30:00 AM,,Assessing,Investigating,-7848092.673713023,5485814.946557543
LEWISTON,2,6/26/2024 12:45:00 AM,6/26/2024 12:45:00 AM,,Crew Assigned,Investigating,-7813867.952744364,5474455.295939181
