BgName,NumOut,EtrMin,EtrMax,Desc,Status,Cause,x,y
FARMINGTON,23,7/10/2022 6:15:00 AM,7/10/2022 6:15:00 AM,,Assessing,Investigating,-7811831.2624354055,5573218.143298674
TURNER,4,7/10/2022 5:30:00 AM,7/10/2022 5:30:00 AM,,Assessing,Investigating,-7822463.053081319,5511683.723604132
