BgName,NumOut,EtrMin,EtrMax,Desc,Status,Cause,x,y
GEORGETOWN,1,8/11/2024 4:00:00 PM,8/11/2024 4:00:00 PM,,Crew Assigned,Investigating,-7763446.869171385,5436628.176441274
NEWPORT,35,8/11/2024 3:00:00 PM,8/11/2024 3:00:00 PM,,Repairs in Progress,Investigating,-7706033.429882245,5595759.667379142
NORRIDGEWOCK,108,8/11/2024 3:30:00 PM,8/11/2024 3:30:00 PM,,Crew Assigned,Investigating,-7769891.900275344,5576556.964614055
KNOX,2,8/11/2024 4:15:00 PM,8/11/2024 4:15:00 PM,,Crew Assigned,Investigating,-7707975.643327405,5545400.622241101
HERMON,2,8/11/2024 4:00:00 PM,8/11/2024 4:00:00 PM,,Assessing,Investigating,-7677245.6084468365,5593691.786476719
