BgName,NumOut,EtrMin,EtrMax,Desc,Status,Cause,x,y
"WISCASSET,ALNA,BRUNSWICK,WOOLWICH,DRESDEN",817,7/14/2023 1:30:00 AM,7/14/2023 1:30:00 AM,,Assessing,Investigating,-7755808.582055899,5469743.695556217
"WISCASSET,WOOLWICH,DRESDEN",406,7/14/2023 1:45:00 AM,7/14/2023 1:45:00 AM,,Assessing,Investigating,-7755911.853164572,5466047.145422567
BOWDOINHAM,58,7/13/2023 11:45:00 PM,7/13/2023 11:45:00 PM,,Assessing,Investigating,-7773084.921759669,5470697.048068203
YORK,6,7/14/2023 2:15:00 AM,7/14/2023 2:15:00 AM,,Assessing,Investigating,-7861449.943945218,5341529.99071081
"CHESTERVILLE,FARMINGTON,WILTON",109,7/14/2023 1:30:00 AM,7/14/2023 1:30:00 AM,,Assessing,Investigating,-7804805.098972564,5557916.64115006
RANGELEY PLT,75,7/14/2023 2:15:00 AM,7/14/2023 2:15:00 AM,,Assessing,Investigating,-7878311.1955713,5608815.7488645455
