BgName,NumOut,EtrMin,EtrMax,Desc,Status,Cause,x,y
"LEWISTON,LISBON",48,7/2/2022 5:30:00 PM,7/2/2022 5:30:00 PM,,Assessing,Investigating,-7807547.28766415,5473399.605901163
PARSONSFIELD,8,7/2/2022 4:30:00 PM,7/2/2022 4:30:00 PM,,Assessing,Investigating,-7897543.607935167,5423246.3474696595
NEWBURGH,55,7/2/2022 5:15:00 PM,7/2/2022 5:15:00 PM,,Assessing,Investigating,-7688496.903107462,5581622.690109314
