BgName,NumOut,EtrMin,EtrMax,Desc,Status,Cause,x,y
BOOTHBAY HBR,74,1/9/2022 4:45:00 PM,1/9/2022 4:45:00 PM,,Assessing,Investigating,-7748165.374732405,5444809.954539164
"BOOTHBAY HBR,BOOTHBAY HARBOR",165,1/9/2022 5:30:00 PM,1/9/2022 5:30:00 PM,,Assessing,Investigating,-7750045.34940327,5441761.293130951
BRISTOL,9,1/9/2022 4:30:00 PM,1/9/2022 4:30:00 PM,,Assessing,Investigating,-7739112.228127464,5448182.198852307
SO BRISTOL,23,1/9/2022 5:15:00 PM,1/9/2022 5:15:00 PM,,Assessing,Investigating,-7744618.145724211,5446037.420151412
ST GEORGE,3,1/9/2022 6:30:00 PM,1/9/2022 6:30:00 PM,,Assessing,Investigating,-7708961.343987429,5459954.140288049
"BROWNFIELD,HIRAM,BALDWIN,SEBAGO",713,1/9/2022 6:00:00 PM,1/9/2022 6:00:00 PM,,Assessing,Investigating,-7880868.092935232,5442730.148474966
SCARBOROUGH,1,1/9/2022 6:00:00 PM,1/9/2022 6:00:00 PM,,Assessing,Investigating,-7827067.950715342,5405401.741040495
