BgName,NumOut,EtrMin,EtrMax,Desc,Status,Cause,x,y
PHIPPSBURG,23,11/4/2024 11:30:00 AM,11/4/2024 11:30:00 AM,,Crew Assigned,Investigating,-7774453.539282735,5424266.563493038
BOOTHBAY,273,11/4/2024 12:00:00 PM,11/4/2024 12:00:00 PM,,Repairs in Progress,Tree,-7751734.990001295,5446350.585775651
BOOTHBAY,4,11/4/2024 12:00:00 PM,11/4/2024 12:00:00 PM,,Assessing,Investigating,-7752751.080982296,5447447.854208495
DURHAM,4,11/4/2024 12:00:00 PM,11/4/2024 12:00:00 PM,,Assessing,Investigating,-7797518.136253385,5461831.608884663
WINTHROP,20,11/4/2024 11:45:00 AM,11/4/2024 11:45:00 AM,,Crew Assigned,Investigating,-7786388.703012677,5511286.913827488
FAYETTE,2,11/4/2024 1:00:00 PM,11/4/2024 1:00:00 PM,,Crew Assigned,Investigating,-7799950.199970082,5537467.432882825
PORTLAND,55,11/4/2024 12:45:00 PM,11/4/2024 12:45:00 PM,,Crew Assigned,Investigating,-7825174.473028287,5415379.705886367
