BgName,NumOut,EtrMin,EtrMax,Desc,Status,Cause,x,y
FREEPORT,3,6/21/2021 8:15:00 AM,6/21/2021 8:15:00 AM,,Assessing,Investigating,-7800580.268311225,5448446.610523822
MANCHESTER,125,6/21/2021 8:15:00 AM,6/21/2021 8:15:00 AM,,Assessing,Investigating,-7775577.610043611,5520645.004353692
"READFIELD,MT VERNON",48,6/21/2021 8:00:00 AM,6/21/2021 8:00:00 AM,,Assessing,Investigating,-7792767.387744012,5530515.095299431
WESTBROOK,7,6/21/2021 8:45:00 AM,6/21/2021 8:45:00 AM,,Assessing,Investigating,-7832095.762387965,5418666.370171872
PORTLAND,341,6/21/2021 8:15:00 AM,6/21/2021 8:15:00 AM,,Assessing,Investigating,-7826707.498200406,5414704.328351184
"BELFAST,WALDO",70,6/21/2021 8:45:00 AM,6/21/2021 8:45:00 AM,,Assessing,Investigating,-7687266.455461105,5535259.203301695
HARTFORD,7,6/21/2021 8:00:00 AM,6/21/2021 8:00:00 AM,,Assessing,Investigating,-7829108.459298733,5530768.273090996
