BgName,NumOut,EtrMin,EtrMax,Desc,Status,Cause,x,y
WAYNE,1,4/10/2022 2:00:00 PM,4/10/2022 2:00:00 PM,,Assessing,Investigating,-7798454.923156033,5511707.427285656
BRIDGTON,19,4/10/2022 1:30:00 PM,4/10/2022 1:30:00 PM,,Crew Assigned,Investigating,-7873370.213101162,5478713.645119015
SCARBOROUGH,32,4/10/2022 12:15:00 PM,4/10/2022 12:15:00 PM,,Assessing,Investigating,-7826109.545611816,5401944.151857268
HARTLAND,142,4/10/2022 2:15:00 PM,4/10/2022 2:15:00 PM,,Assessing,Investigating,-7732808.572688992,5603993.844465706
WESTBROOK,15,4/10/2022 1:30:00 PM,4/10/2022 1:30:00 PM,,Assessing,Investigating,-7832945.6977631375,5415504.899789121
