BgName,NumOut,EtrMin,EtrMax,Desc,Status,Cause,x,y
"ACTON,LEBANON",34,8/19/2023 9:30:00 AM,8/19/2023 9:30:00 AM,,Assessing,Investigating,-7897724.680239755,5385119.543872202
SCARBOROUGH,398,8/19/2023 8:45:00 AM,8/19/2023 8:45:00 AM,,Assessing,Investigating,-7829565.347870722,5402098.119478465
PORTLAND,359,8/19/2023 10:30:00 AM,8/19/2023 10:30:00 AM,,Assessing,Investigating,-7824979.430084016,5412136.568187116
WELLS,7,8/19/2023 10:30:00 AM,8/19/2023 10:30:00 AM,,Crew Assigned,Investigating,-7862869.512406216,5366597.745059856
SWANVILLE,38,8/19/2023 10:30:00 AM,8/19/2023 10:30:00 AM,,Crew Assigned,Investigating,-7679833.452654766,5546164.0115016615
SKOWHEGAN,2,8/19/2023 10:30:00 AM,8/19/2023 10:30:00 AM,,Assessing,Investigating,-7762302.560454774,5575524.959316459
