BgName,NumOut,EtrMin,EtrMax,Desc,Status,Cause,x,y
HARRISON,14,6/11/2022 10:30:00 AM,6/11/2022 10:30:00 AM,,Assessing,Investigating,-7860257.010895235,5471758.296170023
ISLESBORO,22,6/11/2022 2:30:00 PM,6/11/2022 2:30:00 PM,,Assessing,Investigating,-7672458.235837975,5502716.372793231
LILY BAY,16,6/11/2022 10:00:00 AM,6/11/2022 10:00:00 AM,,Assessing,Investigating,-7739194.070146959,5713541.525215196
GREENVILLE,190,6/11/2022 11:15:00 AM,6/11/2022 11:15:00 AM,,Assessing,Investigating,-7741971.369043285,5695554.077526771
SMITHFIELD,1,6/11/2022 10:30:00 AM,6/11/2022 10:30:00 AM,,Assessing,Investigating,-7770815.763009808,5570385.948557155
