BgName,NumOut,EtrMin,EtrMax,Desc,Status,Cause,x,y
PORTLAND,23,4/16/2021 1:00:00 PM,4/16/2021 1:00:00 PM,,Assessing,Equipment Interruption,-7823040.200078718,5416329.969249021
YORK,15,4/16/2021 11:30:00 AM,4/16/2021 11:30:00 AM,,Repairs in Progress,Investigating,-7861918.966400691,5335908.571553687
YORK,84,4/16/2021 1:00:00 PM,4/16/2021 1:00:00 PM,,Crew Assigned,Investigating,-7865855.936010888,5334351.6387220705
DOVER-FOXCROFT,2,4/16/2021 11:30:00 AM,4/16/2021 11:30:00 AM,,Assessing,Investigating,-7703384.17072226,5659468.746381172
