BgName,NumOut,EtrMin,EtrMax,Desc,Status,Cause,x,y
STOW,40,9/8/2023 5:15:00 AM,9/8/2023 5:15:00 AM,,Investigating,Investigating,-7899246.619902004,5490076.555326196
DENMARK,90,9/8/2023 6:00:00 AM,9/8/2023 6:00:00 AM,,Assessing,Investigating,-7881237.495469426,5461027.403174345
BRIDGTON,30,9/8/2023 9:00:00 AM,9/8/2023 9:00:00 AM,,Assessing,Investigating,-7878785.004685282,5472027.212481582
