BgName,NumOut,EtrMin,EtrMax,Desc,Status,Cause,x,y
EDGECOMB,26,6/1/2023 8:15:00 PM,6/1/2023 8:15:00 PM,,Investigating,Investigating,-7745542.116379483,5460899.774415809
WELLS,19,6/1/2023 8:30:00 PM,6/1/2023 8:30:00 PM,,Investigating,Investigating,-7871104.728564461,5363508.336435598
GRAY,43,6/1/2023 6:00:00 PM,6/1/2023 6:00:00 PM,,Crew Assigned,Vehicle Accident,-7825208.982060031,5448647.65084401
PERU,5,6/1/2023 8:15:00 PM,6/1/2023 8:15:00 PM,,Assessing,Investigating,-7838026.375017072,5535197.015330941
ANSON,12,6/1/2023 7:15:00 PM,6/1/2023 7:15:00 PM,,Assessing,Investigating,-7780553.646956063,5598966.9849263765
SO THOMASTON,6,6/1/2023 8:00:00 PM,6/1/2023 8:00:00 PM,,Assessing,Investigating,-7695219.542885356,5468534.9182328675
