BgName,NumOut,EtrMin,EtrMax,Desc,Status,Cause,x,y
FREEPORT,32,4/7/2022 5:45:00 PM,4/7/2022 5:45:00 PM,,Assessing,Investigating,-7805272.440446235,5441498.709464537
WINDHAM,60,4/7/2022 7:30:00 PM,4/7/2022 7:30:00 PM,,Assessing,Tree,-7842183.645947475,5439917.207020654
