BgName,NumOut,EtrMin,EtrMax,Desc,Status,Cause,x,y
SQUIRREL ISLAND,27,3/24/2021 12:45:00 PM,3/24/2021 12:45:00 PM,,Assessing,Investigating,-7751256.093592249,5435498.631996371
FAYETTE,15,3/24/2021 1:30:00 PM,3/24/2021 1:30:00 PM,,Assessing,Investigating,-7797242.164111489,5528634.654673974
"BROWNFIELD,PORTER,FRYEBURG",381,3/24/2021 12:45:00 PM,3/24/2021 12:45:00 PM,,Crew Assigned,Investigating,-7893548.752123236,5455854.357013886
GRAY,172,3/24/2021 1:15:00 PM,3/24/2021 1:15:00 PM,,Assessing,Investigating,-7836789.036556663,5453408.389999938
SANDY RIVER PLT,8,3/24/2021 1:00:00 PM,3/24/2021 1:00:00 PM,,Assessing,Investigating,-7858806.028166977,5603802.453593187
NOBLEBORO,1,3/24/2021 12:45:00 PM,3/24/2021 12:45:00 PM,,Repairs in Progress,Investigating,-7729944.210828494,5481083.6014388325
