BgName,NumOut,EtrMin,EtrMax,Desc,Status,Cause,x,y
"RUMFORD,HANOVER",330,8/20/2023 6:15:00 PM,8/20/2023 6:15:00 PM,,Assessing,Investigating,-7861491.031941901,5544812.847791369
RUMFORD,4,8/20/2023 6:15:00 PM,8/20/2023 6:15:00 PM,,Assessing,Investigating,-7865377.117489035,5540951.545934308
CAPE ELIZABETH,168,8/20/2023 6:00:00 PM,8/20/2023 6:00:00 PM,,Assessing,Investigating,-7819732.708749105,5402946.232396329
GORHAM,53,8/20/2023 6:30:00 PM,8/20/2023 6:30:00 PM,,Assessing,Investigating,-7840516.937120828,5413450.665924458
