BgName,NumOut,EtrMin,EtrMax,Desc,Status,Cause,x,y
YORK,2,10/3/2021 1:45:00 PM,10/3/2021 1:45:00 PM,,Repairs in Progress,Investigating,-7862400.690375106,5332571.345602861
LINCOLNVILLE,42,10/3/2021 1:30:00 PM,10/3/2021 1:30:00 PM,,Repairs in Progress,Investigating,-7681806.857818047,5511013.015806763
NEW GLOUCESTER,3,10/3/2021 1:45:00 PM,10/3/2021 1:45:00 PM,,Assessing,Investigating,-7832129.815008772,5460125.365757397
