BgName,NumOut,EtrMin,EtrMax,Desc,Status,Cause,x,y
YORK,2,6/11/2023 6:45:00 PM,6/11/2023 6:45:00 PM,,Crew Assigned,Investigating,-7863488.738209481,5337940.581716762
AUBURN,2,6/11/2023 5:15:00 PM,6/11/2023 5:15:00 PM,,Crew Assigned,Equipment Interruption,-7825653.224775389,5477421.156265647
