BgName,NumOut,EtrMin,EtrMax,Desc,Status,Cause,x,y
PARSONSFIELD,212,3/10/2021 6:45:00 PM,3/10/2021 6:45:00 PM,,Crew Assigned,Investigating,-7890521.541058318,5426405.432045146
POLAND,2,3/10/2021 7:30:00 PM,3/10/2021 7:30:00 PM,,Assessing,Investigating,-7830263.2653667955,5472085.5033099735
FREEPORT,2,3/10/2021 7:00:00 PM,3/10/2021 7:00:00 PM,,Assessing,Equipment Interruption,-7807667.267778006,5442423.234255859
