BgName,NumOut,EtrMin,EtrMax,Desc,Status,Cause,x,y
HARPSWELL,7,6/20/2022 6:30:00 PM,6/20/2022 6:30:00 PM,,Assessing,Investigating,-7785734.578541479,5430816.488228859
HARPSWELL,17,6/20/2022 6:30:00 PM,6/20/2022 6:30:00 PM,,Crew Assigned,Investigating,-7780876.017139064,5440448.55751818
