BgName,NumOut,EtrMin,EtrMax,Desc,Status,Cause,x,y
RICHMOND,30,1/5/2024 11:30:00 AM,1/5/2024 11:30:00 AM,,Assessing,Investigating,-7778064.175773559,5483547.080993838
LEWISTON,297,1/5/2024 12:00:00 PM,1/5/2024 12:00:00 PM,,Assessing,Investigating,-7815055.731624418,5485058.479149726
