BgName,NumOut,EtrMin,EtrMax,Desc,Status,Cause,x,y
LIMERICK,3,12/7/2021 1:45:00 PM,12/7/2021 1:45:00 PM,,Crew Assigned,Investigating,-7876282.909871031,5415730.326980834
YORK,135,12/7/2021 3:00:00 PM,12/7/2021 3:00:00 PM,,Assessing,Investigating,-7867331.765254014,5337793.703102355
YORK,42,12/7/2021 1:30:00 PM,12/7/2021 1:30:00 PM,,Assessing,Investigating,-7868046.1024313895,5334180.740714148
SEBAGO,35,Assessing,Assessing,,Assessing,Investigating,-7861789.000908523,5449623.441763254
TAUNTON-RAYNHAM,3,12/7/2021 1:45:00 PM,12/7/2021 1:45:00 PM,,Assessing,Investigating,-7771288.971050913,5725900.546919548
SOUTHPORT,2,12/7/2021 2:00:00 PM,12/7/2021 2:00:00 PM,,Assessing,Tree,-7757276.1403399585,5439341.058822225
BREMEN,1,Assessing,Assessing,,Assessing,Investigating,-7733180.580139303,5466996.523207954
