BgName,NumOut,EtrMin,EtrMax,Desc,Status,Cause,x,y
ANSON,28,9/7/2023 10:45:00 PM,9/7/2023 10:45:00 PM,,Assessing,Investigating,-7793702.7386390995,5597039.154536662
EMBDEN,76,9/7/2023 10:45:00 PM,9/7/2023 10:45:00 PM,,Assessing,Investigating,-7782795.087175928,5608975.096357207
