BgName,NumOut,EtrMin,EtrMax,Desc,Status,Cause,x,y
BOOTHBAY,2,4/26/2022 1:00:00 PM,4/26/2022 1:00:00 PM,,Assessing,Investigating,-7750670.096687652,5454719.065320575
GREENVILLE,1,4/26/2022 1:30:00 PM,4/26/2022 1:30:00 PM,,Crew Assigned,Investigating,-7745760.773559129,5700898.729303719
