BgName,NumOut,EtrMin,EtrMax,Desc,Status,Cause,x,y
KITTERY,262,1/16/2022 10:30:00 PM,1/16/2022 10:30:00 PM,,Crew Assigned,Investigating,-7870002.831926803,5324938.445006617
CLINTON,1,1/16/2022 11:00:00 PM,1/16/2022 11:00:00 PM,,Assessing,Investigating,-7737031.466381954,5567159.328690087
