BgName,NumOut,EtrMin,EtrMax,Desc,Status,Cause,x,y
"GRAY,RAYMOND",204,4/20/2024 8:45:00 AM,4/20/2024 8:45:00 AM,,Crew Assigned,Investigating,-7838417.440402124,5449863.8409045795
SCARBOROUGH,4,4/20/2024 7:45:00 AM,4/20/2024 7:45:00 AM,,Assessing,Investigating,-7835911.616413183,5409363.763465739
