BgName,NumOut,EtrMin,EtrMax,Desc,Status,Cause,x,y
BRIDGTON,1,6/2/2022 1:00:00 PM,6/2/2022 1:00:00 PM,,Assessing,Investigating,-7866187.345312888,5470588.752956516
LYMAN,186,6/2/2022 12:45:00 PM,6/2/2022 12:45:00 PM,,Assessing,Investigating,-7860584.958121548,5390170.449983305
SANFORD,53,6/2/2022 1:00:00 PM,6/2/2022 1:00:00 PM,,Assessing,Investigating,-7869401.350487776,5372642.224084285
ALFRED,2,6/2/2022 12:45:00 PM,6/2/2022 12:45:00 PM,,Crew Assigned,Investigating,-7876523.538146603,5391241.488307944
