BgName,NumOut,EtrMin,EtrMax,Desc,Status,Cause,x,y
HARPSWELL,1,10/8/2022 9:30:00 PM,10/8/2022 9:30:00 PM,,Assessing,Investigating,-7782484.439015352,5433727.171672805
OAKLAND,28,10/8/2022 9:00:00 PM,10/8/2022 9:00:00 PM,,Assessing,Investigating,-7766931.258232293,5547868.887326017
