BgName,NumOut,EtrMin,EtrMax,Desc,Status,Cause,x,y
RAYMOND,25,9/2/2022 8:00:00 PM,9/2/2022 8:00:00 PM,,Crew Assigned,Investigating,-7849268.17414776,5445235.33564129
LIVERMORE,4,9/2/2022 9:15:00 PM,9/2/2022 9:15:00 PM,,Assessing,Investigating,-7816917.305195846,5530216.025848879
