BgName,NumOut,EtrMin,EtrMax,Desc,Status,Cause,x,y
FALMOUTH,127,10/5/2023 9:15:00 AM,10/5/2023 9:15:00 AM,,Assessing,Investigating,-7822473.550432759,5425505.270494699
WESTBROOK,207,10/5/2023 8:00:00 AM,10/5/2023 8:00:00 AM,,Assessing,Equipment Interruption,-7835341.538128972,5412417.334827684
