BgName,NumOut,EtrMin,EtrMax,Desc,Status,Cause,x,y
"SUMNER,WEST PARIS",167,8/21/2024 6:30:00 PM,8/21/2024 6:30:00 PM,,Assessing,Investigating,-7848339.613754419,5507131.082538001
"PARIS,BUCKFIELD",52,8/21/2024 6:30:00 PM,8/21/2024 6:30:00 PM,,Assessing,Investigating,-7846989.1524566505,5506262.811777881
LEWISTON,1780,8/21/2024 7:15:00 PM,8/21/2024 7:15:00 PM,,Repairs in Progress,Investigating,-7815931.39299902,5478855.604524436
ALBANY,2,8/21/2024 4:45:00 PM,8/21/2024 4:45:00 PM,,Assessing,Investigating,-7879601.199188642,5520534.637349465
