BgName,NumOut,EtrMin,EtrMax,Desc,Status,Cause,x,y
CAMDEN,2,6/25/2024 8:30:00 AM,6/25/2024 8:30:00 AM,,Assessing,Investigating,-7689763.607642237,5497179.322767862
CAMDEN,29,6/25/2024 8:30:00 AM,6/25/2024 8:30:00 AM,,Assessing,Investigating,-7689813.489883797,5497249.234158773
WINTHROP,67,6/25/2024 8:00:00 AM,6/25/2024 8:00:00 AM,,Crew Assigned,Investigating,-7786444.919345041,5511690.520496788
BRUNSWICK,131,6/25/2024 8:30:00 AM,6/25/2024 8:30:00 AM,,Assessing,Investigating,-7786504.11901716,5452070.349158123
AUBURN,22,6/25/2024 8:15:00 AM,6/25/2024 8:15:00 AM,,Crew Assigned,Investigating,-7822145.614418995,5481038.321292288
"PARIS,NORWAY",19,6/25/2024 8:00:00 AM,6/25/2024 8:00:00 AM,,Crew Assigned,Investigating,-7850508.829921785,5497345.095383003
"SCARBOROUGH,SOUTH PORTLAND",146,6/25/2024 8:00:00 AM,6/25/2024 8:00:00 AM,,Crew Assigned,Investigating,-7827136.5903552035,5405936.781476335
RANGELEY,2,6/25/2024 7:45:00 AM,6/25/2024 7:45:00 AM,,Crew Assigned,Investigating,-7866100.538335281,5619580.163907911
