BgName,NumOut,EtrMin,EtrMax,Desc,Status,Cause,x,y
UPTON,192,9/27/2024 6:15:00 AM,9/27/2024 6:15:00 AM,,Assessing,Equipment Interruption,-7907386.32143472,5574086.293924706
NORTHPORT,31,9/27/2024 6:45:00 AM,9/27/2024 6:45:00 AM,,Assessing,Investigating,-7677365.989309324,5523687.462957883
