BgName,NumOut,EtrMin,EtrMax,Desc,Status,Cause,x,y
SANFORD,9,6/12/2023 12:45:00 PM,6/12/2023 12:45:00 PM,,Assessing,Investigating,-7867755.046503686,5376138.780299225
ALFRED,31,6/12/2023 11:30:00 AM,6/12/2023 11:30:00 AM,,Assessing,Investigating,-7872400.253062256,5386228.370984784
PORTLAND,53,6/12/2023 12:00:00 PM,6/12/2023 12:00:00 PM,,Assessing,Investigating,-7822067.033950705,5411723.911433575
