BgName,NumOut,EtrMin,EtrMax,Desc,Status,Cause,x,y
AUGUSTA,160,8/26/2024 11:30:00 AM,8/26/2024 11:30:00 AM,,Repairs in Progress,Investigating,-7765272.219391948,5517948.768443146
RAYMOND,23,8/26/2024 12:15:00 PM,8/26/2024 12:15:00 PM,,Crew Assigned,Investigating,-7847544.892789989,5451676.606591507
WELLS,2,8/26/2024 12:15:00 PM,8/26/2024 12:15:00 PM,,Assessing,Investigating,-7865607.760386301,5363141.402887719
