BgName,NumOut,EtrMin,EtrMax,Desc,Status,Cause,x,y
POLAND,23,7/1/2024 1:00:00 AM,7/1/2024 1:00:00 AM,,Investigating,Investigating,-7829886.476063351,5472073.80160586
BUCKSPORT,304,7/1/2024 6:00:00 AM,7/1/2024 6:00:00 AM,,Repairs in Progress,Investigating,-7659757.995529542,5556791.827000221
MOOSEHEAD JUNCTION TP,17,7/1/2024 7:30:00 AM,7/1/2024 7:30:00 AM,,Assessing,Investigating,-7751466.186884891,5696887.607390557
