BgName,NumOut,EtrMin,EtrMax,Desc,Status,Cause,x,y
NEWRY,986,7/25/2023 2:30:00 PM,7/25/2023 2:30:00 PM,,Assessing,Investigating,-7886004.886309344,5538339.1785008805
CORNISH,30,7/25/2023 2:45:00 PM,7/25/2023 2:45:00 PM,,Assessing,Investigating,-7882835.086020399,5426221.010188
EMBDEN,16,7/25/2023 2:30:00 PM,7/25/2023 2:30:00 PM,,Assessing,Investigating,-7779954.291697229,5614908.752625793
BELGRADE,10,7/25/2023 3:30:00 PM,7/25/2023 3:30:00 PM,,Assessing,Investigating,-7771493.186663686,5539871.748210526
