BgName,NumOut,EtrMin,EtrMax,Desc,Status,Cause,x,y
NOBLEBORO,11,7/28/2023 8:15:00 AM,7/28/2023 8:15:00 AM,,Assessing,Investigating,-7733806.529669566,5478153.794748582
WILLIMANTIC,141,7/28/2023 7:15:00 AM,7/28/2023 7:15:00 AM,,Assessing,Investigating,-7718654.388437318,5668814.977739843
"SKOWHEGAN,MADISON,NORRIDGEWOCK",69,7/28/2023 8:30:00 AM,7/28/2023 8:30:00 AM,,Assessing,Investigating,-7762780.521817064,5586592.0119924685
