BgName,NumOut,EtrMin,EtrMax,Desc,Status,Cause,x,y
"ROCKLAND,ROCKPORT",55,7/24/2023 3:00:00 PM,7/24/2023 3:00:00 PM,,Assessing,Investigating,-7693078.212234923,5485493.344155755
CANAAN,9,7/24/2023 4:45:00 PM,7/24/2023 4:45:00 PM,,Assessing,Investigating,-7736689.604278385,5580232.82844614
