BgName,NumOut,EtrMin,EtrMax,Desc,Status,Cause,x,y
HARPSWELL,47,7/15/2021 1:45:00 AM,7/15/2021 1:45:00 AM,,Assessing,Investigating,-7782656.627975327,5442776.212812399
WALES,18,7/15/2021 1:45:00 AM,7/15/2021 1:45:00 AM,,Assessing,Investigating,-7800330.545254332,5492254.737109101
ELIOT,3,7/15/2021 2:00:00 AM,7/15/2021 2:00:00 AM,,Assessing,Equipment Interruption,-7882603.619401004,5337119.476979557
