BgName,NumOut,EtrMin,EtrMax,Desc,Status,Cause,x,y
BOOTHBAY HARBOR,43,6/18/2024 2:15:00 PM,6/18/2024 2:15:00 PM,,Repairs in Progress,Weather,-7749973.748748649,5442807.179750625
BOOTHBAY HARBOR,54,6/18/2024 2:15:00 PM,6/18/2024 2:15:00 PM,,Repairs in Progress,Weather,-7749182.890508418,5442752.763849845
BOOTHBAY HARBOR,26,6/18/2024 2:15:00 PM,6/18/2024 2:15:00 PM,,Repairs in Progress,Weather,-7748923.983670586,5442332.992613457
WEST GARDINER,15,6/18/2024 3:00:00 PM,6/18/2024 3:00:00 PM,,Crew Assigned,Investigating,-7773734.10369786,5496017.38351979
SANFORD,4,6/18/2024 2:15:00 PM,6/18/2024 2:15:00 PM,,Repairs in Progress,Equipment Interruption,-7876868.86232586,5375227.17509783
