BgName,NumOut,EtrMin,EtrMax,Desc,Status,Cause,x,y
WATERBORO; LYMAN,50,8/23/2022 9:15:00 AM,8/23/2022 9:15:00 AM,,Investigating,Investigating,-7871399.8902884675,5395156.097106893
WASHINGTON,12,8/23/2022 9:00:00 AM,8/23/2022 9:00:00 AM,,Investigating,Investigating,-7721460.1735230135,5510346.42777469
EDGECOMB,3,8/23/2022 8:15:00 AM,8/23/2022 8:15:00 AM,,Crew Assigned,Investigating,-7747233.01828951,5456069.14801544
MONMOUTH,7,8/23/2022 8:00:00 AM,8/23/2022 8:00:00 AM,,Assessing,Investigating,-7798158.624058774,5508756.698702884
BRIDGTON,27,8/23/2022 9:15:00 AM,8/23/2022 9:15:00 AM,,Assessing,Investigating,-7873888.995361131,5482581.058133409
POLAND,5,8/23/2022 8:00:00 AM,8/23/2022 8:00:00 AM,,Assessing,Investigating,-7828653.307270756,5477549.180542005
KENNEBUNK,4,8/23/2022 8:30:00 AM,8/23/2022 8:30:00 AM,,Crew Assigned,Investigating,-7846478.006745557,5366980.071030694
NO BERWICK,23,8/23/2022 6:30:00 AM,8/23/2022 6:30:00 AM,,Crew Assigned,Investigating,-7878902.379983132,5371688.360437786
