BgName,NumOut,EtrMin,EtrMax,Desc,Status,Cause,x,y
MEXICO,12,9/27/2024 12:15:00 PM,9/27/2024 12:15:00 PM,,Investigating,Investigating,-7853195.55572446,5552057.624950735
CHINA,38,9/27/2024 11:30:00 AM,9/27/2024 11:30:00 AM,,Repairs in Progress,Investigating,-7737030.353235824,5529182.286832984
DAYTON,12,9/27/2024 11:30:00 AM,9/27/2024 11:30:00 AM,,Crew Assigned,Investigating,-7853965.467015262,5391703.233567035
GORHAM,47,9/27/2024 11:00:00 AM,9/27/2024 11:00:00 AM,,Repairs in Progress,Investigating,-7843100.718180191,5419423.570003798
HOLLIS,9,9/27/2024 11:30:00 AM,9/27/2024 11:30:00 AM,,Crew Assigned,Investigating,-7861471.239384775,5409067.877904704
PITTSTON,2,9/27/2024 11:30:00 AM,9/27/2024 11:30:00 AM,,Crew Assigned,Investigating,-7764270.477574367,5498503.864082945
GORHAM,9594,9/27/2024 10:30:00 AM,9/27/2024 10:30:00 AM,,Assessing,Investigating,-7841428.3765477985,5417687.523764017
