BgName,NumOut,EtrMin,EtrMax,Desc,Status,Cause,x,y
FREEPORT,1,1/28/2024 1:30:00 PM,1/28/2024 1:30:00 PM,,Crew Assigned,Investigating,-7805661.791512161,5439751.048614583
RICHMOND,12,1/28/2024 1:45:00 PM,1/28/2024 1:45:00 PM,,Assessing,Investigating,-7780538.251521374,5481578.442563937
SEARSPORT,15,1/28/2024 1:15:00 PM,1/28/2024 1:15:00 PM,,Assessing,Investigating,-7676056.1040351065,5551589.889510252
