BgName,NumOut,EtrMin,EtrMax,Desc,Status,Cause,x,y
WAYNE,9,5/18/2021 5:45:00 PM,5/18/2021 5:45:00 PM,,Assessing,Investigating,-7796498.382972549,5514994.388893205
POLAND,56,5/18/2021 6:30:00 PM,5/18/2021 6:30:00 PM,,Assessing,Vehicle Accident,-7832629.906645196,5475086.490961685
BERWICK,1,5/18/2021 6:45:00 PM,5/18/2021 6:45:00 PM,,Assessing,Investigating,-7884625.470798278,5362114.339804388
