BgName,NumOut,EtrMin,EtrMax,Desc,Status,Cause,x,y
BREMEN,36,8/15/2021 2:00:00 AM,8/15/2021 2:00:00 AM,,Assessing,Tree,-7728772.77354232,5465618.153914273
NAPLES,54,8/15/2021 1:45:00 AM,8/15/2021 1:45:00 AM,,Assessing,Investigating,-7864872.12776937,5455695.80992007
WINSLOW,2,8/16/2021 12:00:00 AM,8/16/2021 12:00:00 AM,,Assessing,Investigating,-7746704.239638903,5551135.117792812
