BgName,NumOut,EtrMin,EtrMax,Desc,Status,Cause,x,y
WEST GARDINER,1,6/24/2022 7:30:00 AM,6/24/2022 7:30:00 AM,,Assessing,Investigating,-7777426.248334417,5500644.060078135
NEWPORT,33,6/24/2022 7:45:00 AM,6/24/2022 7:45:00 AM,,Assessing,Investigating,-7711768.020070563,5595795.914413729
