BgName,NumOut,EtrMin,EtrMax,Desc,Status,Cause,x,y
PORTLAND,98,4/10/2024 5:15:00 PM,4/10/2024 5:15:00 PM,,Investigating,Investigating,-7822227.843972323,5411671.052411838
PORTLAND,54,4/10/2024 5:15:00 PM,4/10/2024 5:15:00 PM,,Investigating,Investigating,-7822005.3609097265,5411306.386213848
PORTLAND,29,4/10/2024 5:15:00 PM,4/10/2024 5:15:00 PM,,Investigating,Investigating,-7822744.551409592,5410791.990024868
PORTLAND,13,4/10/2024 5:15:00 PM,4/10/2024 5:15:00 PM,,Investigating,Investigating,-7822081.29141147,5411557.7239307985
PORTLAND,177,4/10/2024 5:15:00 PM,4/10/2024 5:15:00 PM,,Investigating,Investigating,-7822157.2069965135,5411443.050056601
PORTLAND,38,4/10/2024 5:15:00 PM,4/10/2024 5:15:00 PM,,Investigating,Investigating,-7822157.284883701,5411445.265317042
PORTLAND,74,4/10/2024 5:15:00 PM,4/10/2024 5:15:00 PM,,Investigating,Investigating,-7822084.030377654,5411388.4476725105
PORTLAND,267,4/10/2024 5:15:00 PM,4/10/2024 5:15:00 PM,,Investigating,Investigating,-7822265.568503716,5411714.9365319675
PORTLAND,70,4/10/2024 5:15:00 PM,4/10/2024 5:15:00 PM,,Investigating,Investigating,-7822509.778288675,5411763.119257904
PORTLAND,60,4/10/2024 5:15:00 PM,4/10/2024 5:15:00 PM,,Investigating,Investigating,-7822602.894929743,5411808.46701565
PORTLAND,20,4/10/2024 5:15:00 PM,4/10/2024 5:15:00 PM,,Investigating,Investigating,-7822607.710120195,5411795.826632516
PORTLAND,74,4/10/2024 5:15:00 PM,4/10/2024 5:15:00 PM,,Investigating,Investigating,-7822782.8872253,5411974.455906154
PORTLAND,109,4/10/2024 5:15:00 PM,4/10/2024 5:15:00 PM,,Investigating,Investigating,-7822874.833356024,5412016.772382764
PORTLAND,684,4/10/2024 3:30:00 PM,4/10/2024 3:30:00 PM,,Investigating,Investigating,-7822304.1946444325,5411568.344339542
BOWDOIN,2,4/10/2024 5:45:00 PM,4/10/2024 5:45:00 PM,,Assessing,Investigating,-7792234.768493979,5471672.411829664
NEW GLOUCESTER,133,4/10/2024 6:30:00 PM,4/10/2024 6:30:00 PM,,Assessing,Investigating,-7827750.172240289,5469478.794118576
BIDDEFORD,14,Assessing,Assessing,,Assessing,Investigating,-7844303.614283488,5386002.679469196
PORTLAND,74,4/10/2024 3:30:00 PM,4/10/2024 3:30:00 PM,,Assessing,Investigating,-7822919.385030177,5411393.796310749
SEBAGO,16,4/10/2024 6:00:00 PM,4/10/2024 6:00:00 PM,,Assessing,Investigating,-7875772.387557805,5449316.1430768855
LEBANON,28,Assessing,Assessing,,Assessing,Investigating,-7899484.9307833295,5365108.108302967
