BgName,NumOut,EtrMin,EtrMax,Desc,Status,Cause,x,y
ALNA,19,11/2/2021 3:30:00 PM,11/2/2021 3:30:00 PM,,Assessing,Investigating,-7750004.651042772,5474425.833126397
LEWISTON,11,11/2/2021 2:30:00 PM,11/2/2021 2:30:00 PM,,Assessing,Investigating,-7809743.910612525,5480411.862473722
DIXFIELD,2,11/2/2021 4:00:00 PM,11/2/2021 4:00:00 PM,,Assessing,Investigating,-7842292.572086766,5552014.2980270265
"INDUSTRY,FARMINGTON",38,11/2/2021 2:45:00 PM,11/2/2021 2:45:00 PM,,Assessing,Investigating,-7804642.583641901,5580908.15777998
