BgName,NumOut,EtrMin,EtrMax,Desc,Status,Cause,x,y
LIMINGTON,9,7/21/2024 8:00:00 PM,7/21/2024 8:00:00 PM,,Investigating,Investigating,-7869447.245766058,5431906.604693461
FRYEBURG,28,7/21/2024 7:15:00 PM,7/21/2024 7:15:00 PM,,Assessing,Investigating,-7896302.139551449,5468376.802391156
LIMINGTON,38,7/21/2024 7:45:00 PM,7/21/2024 7:45:00 PM,,Assessing,Investigating,-7870400.120078042,5431830.110182403
LIMINGTON,50,7/21/2024 7:45:00 PM,7/21/2024 7:45:00 PM,,Assessing,Investigating,-7869431.740708647,5429713.368235167
