BgName,NumOut,EtrMin,EtrMax,Desc,Status,Cause,x,y
PORTLAND,1,4/13/2023 12:00:00 PM,4/13/2023 12:00:00 PM,,Investigating,Investigating,-7820998.440094425,5412772.813084142
GEORGETOWN,2,4/13/2023 11:45:00 AM,4/13/2023 11:45:00 AM,,Assessing,Investigating,-7767197.94638105,5436911.941877644
SACO,20,4/13/2023 11:45:00 AM,4/13/2023 11:45:00 AM,,Assessing,Investigating,-7839822.481600323,5387028.308158946
"WINDHAM,SO PORTLAND",254,4/13/2023 10:15:00 AM,4/13/2023 10:15:00 AM,,Assessing,System Upgrade,-7839688.998370163,5426372.624781791
PORTLAND,3620,4/13/2023 12:00:00 PM,4/13/2023 12:00:00 PM,,Assessing,Investigating,-7820778.733439928,5412399.548211473
WATERBORO,62,4/13/2023 12:00:00 PM,4/13/2023 12:00:00 PM,,Assessing,Investigating,-7868842.381940557,5407662.285695604
BIDDEFORD,2,4/13/2023 11:00:00 AM,4/13/2023 11:00:00 AM,,Assessing,Investigating,-7845254.627812388,5383741.634184852
AUGUSTA,4,4/13/2023 11:00:00 AM,4/13/2023 11:00:00 AM,,Assessing,Investigating,-7764879.428575325,5512738.348046247
