BgName,NumOut,EtrMin,EtrMax,Desc,Status,Cause,x,y
READFIELD,8,5/15/2024 5:45:00 PM,5/15/2024 5:45:00 PM,,Investigating,Investigating,-7789245.512118112,5520529.09957959
"JAY,DIXFIELD,WILTON,CARTHAGE",1060,5/15/2024 5:15:00 PM,5/15/2024 5:15:00 PM,,Repairs in Progress,Tree,-7816717.1193943145,5544430.093607273
PITTSFIELD,202,5/15/2024 4:45:00 PM,5/15/2024 4:45:00 PM,,Assessing,Investigating,-7726090.430245723,5585171.580222535
PITTSFIELD,17,5/15/2024 4:45:00 PM,5/15/2024 4:45:00 PM,,Repairs in Progress,Investigating,-7729065.52156427,5584025.383468306
