BgName,NumOut,EtrMin,EtrMax,Desc,Status,Cause,x,y
NEWRY,177,5/23/2024 3:00:00 PM,5/23/2024 3:00:00 PM,,Assessing,Investigating,-7880298.6380488975,5541452.325547326
FREEPORT,59,5/23/2024 1:45:00 PM,5/23/2024 1:45:00 PM,,Repairs in Progress,Investigating,-7810596.773765252,5439510.435083673
