BgName,NumOut,EtrMin,EtrMax,Desc,Status,Cause,x,y
TURNER,3,Assessing,Assessing,,Assessing,Investigating,-7827965.274940802,5499637.18106376
STONEHAM,83,7/18/2024 10:00:00 AM,7/18/2024 10:00:00 AM,,Crew Assigned,Investigating,-7886590.493577752,5505793.524312341
HOLLIS,7,7/18/2024 9:15:00 AM,7/18/2024 9:15:00 AM,,Crew Assigned,Investigating,-7865214.134634997,5411045.385858757
NEW SHARON,5,7/18/2024 9:45:00 AM,7/18/2024 9:45:00 AM,,Repairs in Progress,Investigating,-7792716.047169899,5571654.372646378
BIG MOOSE TWP,13,7/18/2024 8:45:00 AM,7/18/2024 8:45:00 AM,,Crew Assigned,Investigating,-7750900.416723489,5700314.836253343
"WINSLOW,CHINA",29,7/18/2024 9:45:00 AM,7/18/2024 9:45:00 AM,,Crew Assigned,Investigating,-7743899.52274902,5540868.925307351
AUGUSTA,11,7/18/2024 10:15:00 AM,7/18/2024 10:15:00 AM,,Crew Assigned,Investigating,-7768699.969146982,5514105.160749172
