BgName,NumOut,EtrMin,EtrMax,Desc,Status,Cause,x,y
GREENWOOD,20,9/26/2022 5:45:00 AM,9/26/2022 5:45:00 AM,,Assessing,Investigating,-7865754.869069715,5522053.736111414
BRUNSWICK,3,9/26/2022 5:15:00 AM,9/26/2022 5:15:00 AM,,Assessing,Investigating,-7794386.039972855,5451623.899846659
