BgName,NumOut,EtrMin,EtrMax,Desc,Status,Cause,x,y
POLAND,47,7/5/2024 3:15:00 PM,7/5/2024 3:15:00 PM,,Assessing,Investigating,-7842451.681004058,5472637.3944653
WATERFORD,83,7/5/2024 2:30:00 PM,7/5/2024 2:30:00 PM,,Assessing,Investigating,-7874687.901911183,5501554.273696422
WATERFORD,237,7/5/2024 2:30:00 PM,7/5/2024 2:30:00 PM,,Crew Assigned,Investigating,-7873730.331742336,5503550.134822698
WINDHAM,16,7/5/2024 3:00:00 PM,7/5/2024 3:00:00 PM,,Crew Assigned,Investigating,-7837939.568039466,5442983.535726422
SCARBOROUGH,6,7/5/2024 2:30:00 PM,7/5/2024 2:30:00 PM,,Crew Assigned,Investigating,-7827198.083194448,5405435.30419646
PEAKS ISLAND,15,7/5/2024 1:30:00 PM,7/5/2024 1:30:00 PM,,Repairs in Progress,Investigating,-7813834.812845317,5413911.320552433
