BgName,NumOut,EtrMin,EtrMax,Desc,Status,Cause,x,y
LITCHFIELD,1,7/14/2021 11:45:00 AM,7/14/2021 11:45:00 AM,,Assessing,Investigating,-7781189.515089883,5493759.57895603
WESTPORT,2,7/14/2021 12:00:00 PM,7/14/2021 12:00:00 PM,,Assessing,Investigating,-7756789.284520607,5458313.0363739235
"WESTBROOK,WINDHAM,FALMOUTH",284,7/14/2021 11:45:00 AM,7/14/2021 11:45:00 AM,,Assessing,Investigating,-7832080.2444161,5426317.057636532
WINDHAM,2239,7/14/2021 11:45:00 AM,7/14/2021 11:45:00 AM,,Assessing,Investigating,-7838295.578882092,5430080.952328092
WARREN,2,7/14/2021 11:00:00 AM,7/14/2021 11:00:00 AM,,Assessing,Investigating,-7699742.398075519,5491075.483505827
WESTBROOK,21,7/14/2021 12:30:00 PM,7/14/2021 12:30:00 PM,,Assessing,Investigating,-7831034.342162335,5416220.06456259
