BgName,NumOut,EtrMin,EtrMax,Desc,Status,Cause,x,y
BRIDGTON,1,5/24/2023 8:45:00 PM,5/24/2023 8:45:00 PM,,Assessing,Investigating,-7870388.353605858,5476772.896126583
PERU,379,5/24/2023 8:00:00 PM,5/24/2023 8:00:00 PM,,Assessing,Investigating,-7835031.925227338,5541476.9493206125
