BgName,NumOut,EtrMin,EtrMax,Desc,Status,Cause,x,y
STANDISH,5,Assessing,Assessing,,Investigating,Investigating,-7855424.929736596,5438016.20129734
WATERFORD,3,Assessing,Assessing,,Assessing,Investigating,-7868697.722198657,5494627.393054885
SEBAGO,29,Assessing,Assessing,,Assessing,Investigating,-7862046.527401108,5441371.309916392
"STOCKTON SPRINGS,SEARSPORT,PROSPECT",116,7/23/2022 1:00:00 PM,7/23/2022 1:00:00 PM,,Assessing,Investigating,-7665822.069063815,5547763.827184956
STOCKTON SPRINGS,1,7/23/2022 1:00:00 PM,7/23/2022 1:00:00 PM,,Assessing,Investigating,-7666362.057663599,5547646.510415438
OWLS HEAD,2,7/23/2022 12:15:00 PM,7/23/2022 12:15:00 PM,,Repairs in Progress,Investigating,-7690394.076732003,5472961.271983724
PARSONSFIELD,2,7/23/2022 12:30:00 PM,7/23/2022 12:30:00 PM,,Crew Assigned,Investigating,-7894731.132159462,5427625.901391973
