BgName,NumOut,EtrMin,EtrMax,Desc,Status,Cause,x,y
OWLS HEAD,45,6/19/2024 7:00:00 AM,6/19/2024 7:00:00 AM,,Crew Assigned,Investigating,-7692978.380977058,5477479.899728711
EMBDEN,217,6/19/2024 6:00:00 AM,6/19/2024 6:00:00 AM,,Repairs in Progress,Investigating,-7783309.405538708,5608912.196465507
