BgName,NumOut,EtrMin,EtrMax,Desc,Status,Cause,x,y
ROCKLAND,37,6/3/2024 11:15:00 AM,6/3/2024 11:15:00 AM,,Crew Assigned,Investigating,-7695766.689298077,5480376.474877625
WINSLOW,2068,6/3/2024 11:00:00 AM,6/3/2024 11:00:00 AM,,Assessing,Investigating,-7748208.433134894,5553976.78313281
SACO,20,6/3/2024 11:15:00 AM,6/3/2024 11:15:00 AM,,Assessing,System Upgrade,-7841803.901736104,5388613.579829459
