BgName,NumOut,EtrMin,EtrMax,Desc,Status,Cause,x,y
NORWAY,160,6/16/2023 6:00:00 PM,6/16/2023 6:00:00 PM,,Assessing,Investigating,-7856881.325224255,5503570.274404696
WALES,4,6/16/2023 6:30:00 PM,6/16/2023 6:30:00 PM,,Assessing,Investigating,-7793139.729168202,5492193.353607442
WALES,53,6/16/2023 6:15:00 PM,6/16/2023 6:15:00 PM,,Crew Assigned,Investigating,-7798233.798113698,5491961.4032701105
ACTON,148,6/16/2023 5:45:00 PM,6/16/2023 5:45:00 PM,,Assessing,Investigating,-7889165.925690735,5391472.619063117
STANDISH,19,6/16/2023 6:30:00 PM,6/16/2023 6:30:00 PM,,Assessing,Investigating,-7846872.433994111,5436040.494891438
SWANVILLE,29,6/16/2023 5:30:00 PM,6/16/2023 5:30:00 PM,,Assessing,Investigating,-7679740.5120107215,5554032.083432915
FRYEBURG,2,6/16/2023 6:15:00 PM,6/16/2023 6:15:00 PM,,Assessing,Equipment Interruption,-7896181.335615344,5467893.539394225
OXFORD,2,6/16/2023 5:30:00 PM,6/16/2023 5:30:00 PM,,Crew Assigned,Investigating,-7846834.919297617,5489441.478474905
