BgName,NumOut,EtrMin,EtrMax,Desc,Status,Cause,x,y
MECHANIC FALLS,26,8/25/2023 11:45:00 PM,8/25/2023 11:45:00 PM,,Assessing,Investigating,-7836552.093106134,5483085.577786855
FALMOUTH,689,8/25/2023 11:30:00 PM,8/25/2023 11:30:00 PM,,Assessing,Investigating,-7817646.470172468,5421958.59448381
