BgName,NumOut,EtrMin,EtrMax,Desc,Status,Cause,x,y
LOVELL,13,4/28/2021 12:00:00 PM,4/28/2021 12:00:00 PM,,Assessing,Tree,-7891746.166787231,5493374.101710672
WELLS,21,4/28/2021 12:00:00 PM,4/28/2021 12:00:00 PM,,Assessing,Investigating,-7859778.248035691,5353295.61253054
BELFAST,18,4/28/2021 1:15:00 PM,4/28/2021 1:15:00 PM,,Assessing,Investigating,-7682847.416690066,5532351.745143409
ROCKPORT,1,4/28/2021 1:15:00 PM,4/28/2021 1:15:00 PM,,Assessing,Investigating,-7690341.867885885,5483744.596198807
