BgName,NumOut,EtrMin,EtrMax,Desc,Status,Cause,x,y
FRYEBURG,469,6/30/2024 5:30:00 PM,6/30/2024 5:30:00 PM,,Assessing,Investigating,-7897920.680455663,5475060.66664199
FRYEBURG,780,6/30/2024 5:30:00 PM,6/30/2024 5:30:00 PM,,Assessing,Investigating,-7897919.990283037,5475061.735629907
PORTLAND,5,6/30/2024 5:30:00 PM,6/30/2024 5:30:00 PM,,Repairs in Progress,Equipment Interruption,-7819327.450175237,5414118.641991662
STETSON,1,6/30/2024 5:30:00 PM,6/30/2024 5:30:00 PM,,Assessing,Investigating,-7696324.589148924,5602657.083431886
ELLIOTSVILLE,48,6/30/2024 4:15:00 PM,6/30/2024 4:15:00 PM,,Crew Assigned,Investigating,-7729019.190398027,5678823.274547369
HARFORD'S POINT,3,6/30/2024 5:15:00 PM,6/30/2024 5:15:00 PM,,Crew Assigned,Investigating,-7750085.268591508,5700755.214218549
"KINGFIELD,FREEMAN,SALEM,STRONG",392,6/30/2024 4:30:00 PM,6/30/2024 4:30:00 PM,,Crew Assigned,Investigating,-7810613.549645307,5614023.604765808
STETSONTOWN,6,6/30/2024 4:45:00 PM,6/30/2024 4:45:00 PM,,Crew Assigned,Investigating,-7877807.931283197,5642791.8696757415
