BgName,NumOut,EtrMin,EtrMax,Desc,Status,Cause,x,y
"CLINTON,PITTSFIELD",117,6/13/2024 1:45:00 PM,6/13/2024 1:45:00 PM,,Crew Assigned,Investigating,-7736272.757331706,5571129.193940322
KITTERY,4,6/13/2024 2:15:00 PM,6/13/2024 2:15:00 PM,,Crew Assigned,Investigating,-7875116.660092102,5325032.138882138
KITTERY,8,6/13/2024 2:15:00 PM,6/13/2024 2:15:00 PM,,Assessing,Investigating,-7875118.363298791,5325080.45715791
