BgName,NumOut,EtrMin,EtrMax,Desc,Status,Cause,x,y
BRUNSWICK,10,7/29/2022 1:00:00 PM,7/29/2022 1:00:00 PM,,Assessing,Tree,-7779367.237208707,5449888.312090671
"JEFFERSON,WHITEFIELD",67,7/29/2022 11:45:00 AM,7/29/2022 11:45:00 AM,,Assessing,Investigating,-7740749.370455369,5498590.683644261
LIBERTY,2,7/29/2022 11:00:00 AM,7/29/2022 11:00:00 AM,,Assessing,Investigating,-7721026.094785901,5515635.311047663
JEFFERSON,1,7/29/2022 11:30:00 AM,7/29/2022 11:30:00 AM,,Assessing,Investigating,-7731140.383304906,5497758.290003602
GREENE,43,7/29/2022 10:30:00 AM,7/29/2022 10:30:00 AM,,Repairs in Progress,Investigating,-7813588.685513725,5497034.37703059
NEW GLOUCESTER,5,7/29/2022 11:00:00 AM,7/29/2022 11:00:00 AM,,Assessing,Investigating,-7820730.9329288015,5462197.879190643
GREENVILLE,53,7/29/2022 12:15:00 PM,7/29/2022 12:15:00 PM,,Assessing,Investigating,-7745337.158335582,5700133.9775566645
NEW PORTLAND,27,7/29/2022 12:00:00 PM,7/29/2022 12:00:00 PM,,Assessing,Investigating,-7803102.4674315965,5603207.157807406
