BgName,NumOut,EtrMin,EtrMax,Desc,Status,Cause,x,y
MADISON,45,7/11/2024 1:15:00 PM,7/11/2024 1:15:00 PM,,Investigating,Investigating,-7765432.861625735,5587589.166220446
JAY,85,7/11/2024 12:15:00 PM,7/11/2024 12:15:00 PM,,Assessing,Investigating,-7809512.399543365,5546298.904764973
PORTLAND,11,7/11/2024 12:45:00 PM,7/11/2024 12:45:00 PM,,Crew Assigned,Investigating,-7821410.082014249,5416925.801939426
WATERBORO,79,7/11/2024 12:45:00 PM,7/11/2024 12:45:00 PM,,Crew Assigned,Investigating,-7872821.029607996,5409801.064428694
"SKOWHEGAN,MADISON,NORRIDGEWOCK",29,7/11/2024 1:15:00 PM,7/11/2024 1:15:00 PM,,Assessing,Investigating,-7762779.063484511,5586590.42804297
