BgName,NumOut,EtrMin,EtrMax,Desc,Status,Cause,x,y
BRIDGTON,2,7/11/2023 4:30:00 AM,7/11/2023 4:30:00 AM,,Assessing,Tree,-7868460.812085444,5475890.86056546
SACO,55,7/11/2023 5:00:00 AM,7/11/2023 5:00:00 AM,,Assessing,Investigating,-7836191.18418026,5385507.8498857
TROY,91,7/11/2023 5:15:00 AM,7/11/2023 5:15:00 AM,,Assessing,Investigating,-7704065.02301439,5570047.7613103185
