BgName,NumOut,EtrMin,EtrMax,Desc,Status,Cause,x,y
HARPSWELL,50,9/2/2021 2:45:00 PM,9/2/2021 2:45:00 PM,,Assessing,Investigating,-7782775.294618799,5440150.51597808
"WINDSOR,CHINA",42,9/2/2021 2:30:00 PM,9/2/2021 2:30:00 PM,,Assessing,Investigating,-7748575.575939393,5518092.723438981
"BRIDGTON,NAPLES",40,9/2/2021 3:15:00 PM,9/2/2021 3:15:00 PM,,Assessing,Investigating,-7865280.4476703005,5466305.447749857
WEST PARIS,117,9/2/2021 2:00:00 PM,9/2/2021 2:00:00 PM,,Assessing,Investigating,-7849199.601382766,5521317.821521635
KITTERY,4,9/2/2021 2:15:00 PM,9/2/2021 2:15:00 PM,,Assessing,Investigating,-7869212.452422497,5323276.938750442
