BgName,NumOut,EtrMin,EtrMax,Desc,Status,Cause,x,y
"CAMDEN,HOPE,LINCOLNVILLE",561,9/11/2023 8:00:00 PM,9/11/2023 8:00:00 PM,,Assessing,Investigating,-7694254.258180334,5500517.530063667
BROWNFIELD,45,9/11/2023 7:30:00 PM,9/11/2023 7:30:00 PM,,Assessing,Investigating,-7893955.936553043,5455812.833917526
"GUILFORD,WILLIMANTIC",10,9/11/2023 7:30:00 PM,9/11/2023 7:30:00 PM,,Assessing,Investigating,-7727580.441665334,5659511.6850882685
WINSLOW,3,9/11/2023 8:00:00 PM,9/11/2023 8:00:00 PM,,Assessing,Investigating,-7748607.391055387,5551190.635136157
