BgName,NumOut,EtrMin,EtrMax,Desc,Status,Cause,x,y
NORWAY,5,7/21/2024 1:30:00 PM,7/21/2024 1:30:00 PM,,Assessing,Investigating,-7858087.0823303545,5491982.991690873
YORK,69,7/21/2024 2:15:00 PM,7/21/2024 2:15:00 PM,,Assessing,Investigating,-7863502.196675801,5333395.070698789
HOLLIS,2,7/21/2024 2:45:00 PM,7/21/2024 2:45:00 PM,,Assessing,Investigating,-7859478.876498931,5409615.851090493
