BgName,NumOut,EtrMin,EtrMax,Desc,Status,Cause,x,y
OWLS HEAD,5,2/3/2022 9:00:00 PM,2/3/2022 9:00:00 PM,,Assessing,Investigating,-7691411.158321958,5471777.7928699525
ST GEORGE,4,2/3/2022 9:30:00 PM,2/3/2022 9:30:00 PM,,Assessing,Investigating,-7699381.734123887,5466730.726004144
LOVELL,29,2/3/2022 8:15:00 PM,2/3/2022 8:15:00 PM,,Assessing,Investigating,-7890821.836529385,5499259.284409751
"KENNEBUNKPORT,BIDDEFORD",1745,2/3/2022 10:15:00 PM,2/3/2022 10:15:00 PM,,Assessing,Investigating,-7844979.434942869,5386415.387559033
"YORK,KITTERY",666,2/3/2022 10:00:00 PM,2/3/2022 10:00:00 PM,,Crew Assigned,Investigating,-7869795.688636586,5333220.116814417
ISLESBORO,5,2/3/2022 11:30:00 PM,2/3/2022 11:30:00 PM,,Assessing,Investigating,-7670251.549523987,5515074.923796615
