BgName,NumOut,EtrMin,EtrMax,Desc,Status,Cause,x,y
"GORHAM,BUXTON",203,9/5/2023 8:00:00 PM,9/5/2023 8:00:00 PM,,Assessing,Investigating,-7843642.855185042,5415365.853754306
RANGELEY,5,9/5/2023 7:45:00 PM,9/5/2023 7:45:00 PM,,Assessing,Investigating,-7869522.388185567,5615596.729595923
