BgName,NumOut,EtrMin,EtrMax,Desc,Status,Cause,x,y
FREEPORT,107,7/5/2024 7:30:00 PM,7/5/2024 7:30:00 PM,,Assessing,Investigating,-7799533.9875337165,5442726.258354543
"NAPLES,HARRISON",785,7/5/2024 8:15:00 PM,7/5/2024 8:15:00 PM,,Assessing,Investigating,-7858479.795259782,5460918.17029468
ALFRED,11,7/5/2024 7:30:00 PM,7/5/2024 7:30:00 PM,,Repairs in Progress,Investigating,-7872338.693348148,5387657.197505057
ELIOT,20,7/5/2024 8:15:00 PM,7/5/2024 8:15:00 PM,,Crew Assigned,Investigating,-7878674.152690056,5326942.546068228
MONROE,1,7/5/2024 8:30:00 PM,7/5/2024 8:30:00 PM,,Assessing,Investigating,-7682762.21280707,5562109.883191514
ATHENS,43,7/5/2024 8:15:00 PM,7/5/2024 8:15:00 PM,,Crew Assigned,Investigating,-7752879.5548045905,5614426.880663349
SKOWHEGAN,1,7/5/2024 8:00:00 PM,7/5/2024 8:00:00 PM,,Assessing,Investigating,-7762158.334898927,5582189.795308233
