BgName,NumOut,EtrMin,EtrMax,Desc,Status,Cause,x,y
HARRISON,23,6/8/2021 12:00:00 PM,6/8/2021 12:00:00 PM,,Assessing,Investigating,-7863564.301800475,5470153.72736221
PORTLAND,26,6/8/2021 12:00:00 PM,6/8/2021 12:00:00 PM,,Assessing,Investigating,-7828041.328380169,5419629.629314735
ELIOT,13,6/8/2021 1:00:00 PM,6/8/2021 1:00:00 PM,,Assessing,Investigating,-7879392.297029428,5328316.748161015
"PHILLIPS,MADRID",133,6/8/2021 1:00:00 PM,6/8/2021 1:00:00 PM,,Assessing,Investigating,-7833542.169894406,5599450.294448806
