BgName,NumOut,EtrMin,EtrMax,Desc,Status,Cause,x,y
"AUGUSTA,SIDNEY",194,5/2/2021 8:30:00 PM,5/2/2021 8:30:00 PM,,Assessing,Investigating,-7768117.868404015,5519201.294358173
WATERFORD,3,5/2/2021 8:15:00 PM,5/2/2021 8:15:00 PM,,Assessing,Equipment Interruption,-7872893.420647423,5504766.262266342
STONEHAM,40,5/2/2021 10:15:00 PM,5/2/2021 10:15:00 PM,,Assessing,Tree,-7892555.03649071,5504687.123646596
ELIOT,16,5/2/2021 8:45:00 PM,5/2/2021 8:45:00 PM,,Assessing,Investigating,-7883566.688926201,5338229.125727222
BUCKSPORT,1,5/2/2021 8:30:00 PM,5/2/2021 8:30:00 PM,,Assessing,Investigating,-7649420.967761142,5561840.582953205
EMBDEN,21,5/2/2021 9:15:00 PM,5/2/2021 9:15:00 PM,,Assessing,Investigating,-7781450.926631654,5604909.830786348
