BgName,NumOut,EtrMin,EtrMax,Desc,Status,Cause,x,y
NORTH YARMOUTH,11,5/30/2024 1:00:00 PM,5/30/2024 1:00:00 PM,,Crew Assigned,Investigating,-7820864.727807848,5440389.973289618
NORTH YARMOUTH,25,5/30/2024 12:45:00 PM,5/30/2024 12:45:00 PM,,Assessing,Investigating,-7820996.619155946,5439856.357584872
STOCKTON SPRINGS,13,5/30/2024 2:00:00 PM,5/30/2024 2:00:00 PM,,Assessing,System Upgrade,-7662308.736902045,5538009.871688282
