BgName,NumOut,EtrMin,EtrMax,Desc,Status,Cause,x,y
READFIELD,33,1/29/2023 6:45:00 PM,1/29/2023 6:45:00 PM,,Assessing,Investigating,-7785990.646801619,5522283.773210003
BIDDEFORD,5,1/29/2023 6:15:00 PM,1/29/2023 6:15:00 PM,,Assessing,Investigating,-7839151.08038837,5384993.717142306
