BgName,NumOut,EtrMin,EtrMax,Desc,Status,Cause,x,y
BRIDGTON,63,7/13/2023 6:15:00 PM,7/13/2023 6:15:00 PM,,Assessing,Investigating,-7874543.832229836,5469749.454973427
"SANFORD,ALFRED",101,7/13/2023 4:45:00 PM,7/13/2023 4:45:00 PM,,Assessing,Investigating,-7879442.63568192,5382876.198508558
GREENVILLE,220,7/13/2023 5:15:00 PM,7/13/2023 5:15:00 PM,,Assessing,Investigating,-7742840.807651693,5695753.606150329
