BgName,NumOut,EtrMin,EtrMax,Desc,Status,Cause,x,y
WARREN,6,10/2/2024 9:15:00 PM,10/2/2024 9:15:00 PM,,Assessing,Investigating,-7705463.307148275,5476186.577651641
CANAAN,2,10/2/2024 8:00:00 PM,10/2/2024 8:00:00 PM,,Repairs in Progress,Investigating,-7739690.143184684,5587535.48811459
