BgName,NumOut,EtrMin,EtrMax,Desc,Status,Cause,x,y
FRYEBURG,16,3/2/2024 10:30:00 PM,3/2/2024 10:30:00 PM,,Assessing,Investigating,-7901375.547667811,5468209.1226137355
"STOCKTON SPRINGS,SEARSPORT",5,3/2/2024 10:30:00 PM,3/2/2024 10:30:00 PM,,Assessing,Investigating,-7668001.504371183,5542784.730405831
