BgName,NumOut,EtrMin,EtrMax,Desc,Status,Cause,x,y
NEWCASTLE,4,3/6/2021 2:15:00 PM,3/6/2021 2:15:00 PM,,Assessing,Investigating,-7743144.821185016,5480833.237790784
NEW GLOUCESTER,3,3/6/2021 1:30:00 PM,3/6/2021 1:30:00 PM,,Assessing,Investigating,-7826256.398308663,5455823.840779968
AUBURN,76,3/6/2021 2:15:00 PM,3/6/2021 2:15:00 PM,,Assessing,Investigating,-7823029.168329032,5472129.438314388
HARTLAND,2,3/6/2021 1:00:00 PM,3/6/2021 1:00:00 PM,,Assessing,Investigating,-7739705.81703105,5607688.039835115
LEEDS,3,3/6/2021 1:45:00 PM,3/6/2021 1:45:00 PM,,Assessing,Investigating,-7805242.606848488,5516686.968390454
