BgName,NumOut,EtrMin,EtrMax,Desc,Status,Cause,x,y
UNION,32,8/29/2022 6:30:00 PM,8/29/2022 6:30:00 PM,,Assessing,Investigating,-7704175.151399561,5496759.073415811
WATERBORO,1,8/29/2022 6:30:00 PM,8/29/2022 6:30:00 PM,,Crew Assigned,Investigating,-7870123.736075086,5408869.851994441
