BgName,NumOut,EtrMin,EtrMax,Desc,Status,Cause,x,y
PHIPPSBURG,199,5/22/2021 9:00:00 AM,5/22/2021 9:00:00 AM,,Assessing,Investigating,-7776247.219049249,5428929.674688833
"NEWRY,RIILEY TWP",35,5/22/2021 5:30:00 AM,5/22/2021 5:30:00 AM,,Assessing,Investigating,-7888896.410076722,5543005.895959308
