BgName,NumOut,EtrMin,EtrMax,Desc,Status,Cause,x,y
DRESDEN,1,10/4/2021 7:30:00 PM,10/4/2021 7:30:00 PM,,Assessing,Equipment Interruption,-7765831.098839417,5471019.835091932
ORLAND,2,10/4/2021 7:30:00 PM,10/4/2021 7:30:00 PM,,Assessing,Investigating,-7646779.667911357,5550670.137493983
