BgName,NumOut,EtrMin,EtrMax,Desc,Status,Cause,x,y
DENMARK,3,12/8/2021 1:15:00 PM,12/8/2021 1:15:00 PM,,Assessing,Investigating,-7881155.08571437,5469306.991493253
BELFAST,6,12/8/2021 1:30:00 PM,12/8/2021 1:30:00 PM,,Assessing,Investigating,-7686413.503208631,5526574.5850084545
