BgName,NumOut,EtrMin,EtrMax,Desc,Status,Cause,x,y
FARMINGTON,10,8/26/2024 2:00:00 PM,8/26/2024 2:00:00 PM,,Crew Assigned,Investigating,-7802443.956950403,5571015.786211707
MORRILL,28,8/26/2024 2:15:00 PM,8/26/2024 2:15:00 PM,,Crew Assigned,Investigating,-7698786.297251561,5534862.738685936
