BgName,NumOut,EtrMin,EtrMax,Desc,Status,Cause,x,y
BOOTHBAY,21,5/16/2021 7:15:00 PM,5/16/2021 7:15:00 PM,,Assessing,Investigating,-7747958.4874287555,5449450.99052628
SEARSMONT,27,5/16/2021 7:30:00 PM,5/16/2021 7:30:00 PM,,Assessing,Investigating,-7699529.633192111,5518896.929735447
RANGELEY PLT,1,5/16/2021 8:15:00 PM,5/16/2021 8:15:00 PM,,Assessing,Investigating,-7874904.952692518,5597413.285719747
