BgName,NumOut,EtrMin,EtrMax,Desc,Status,Cause,x,y
WESTBROOK,29,7/31/2021 1:00:00 AM,7/31/2021 1:00:00 AM,,Investigating,Investigating,-7835796.543292544,5413087.7441009665
BRISTOL,127,7/30/2021 11:30:00 PM,7/30/2021 11:30:00 PM,,Assessing,Investigating,-7734753.724924032,5447134.68193519
"BREMEN,BRISTOL,DAMARISCOTTA,SO BRISTOL",1353,7/31/2021 1:00:00 AM,7/31/2021 1:00:00 AM,,Assessing,Investigating,-7738838.092741761,5457069.026798418
SUMNER,2,7/31/2021 1:30:00 AM,7/31/2021 1:30:00 AM,,Assessing,Investigating,-7841566.07880102,5523589.424825165
CARTHAGE,6,7/31/2021 1:15:00 AM,7/31/2021 1:15:00 AM,,Assessing,Investigating,-7831237.733952869,5556851.411778575
HIRAM,123,8/1/2021 12:00:00 AM,8/1/2021 12:00:00 AM,,Crew Assigned,Investigating,-7885164.012278052,5436532.175913664
BURNHAM,1,7/31/2021 1:30:00 AM,7/31/2021 1:30:00 AM,,Assessing,Investigating,-7720207.217479229,5570374.771477627
EMBDEN,11,7/30/2021 11:45:00 PM,7/30/2021 11:45:00 PM,,Assessing,Investigating,-7785335.208759918,5608916.897142441
