BgName,NumOut,EtrMin,EtrMax,Desc,Status,Cause,x,y
AUGUSTA,12,10/1/2022 12:00:00 PM,10/1/2022 12:00:00 PM,,Investigating,Investigating,-7768164.737972987,5512005.67963513
LEEDS,3,10/1/2022 1:00:00 PM,10/1/2022 1:00:00 PM,,Assessing,Equipment Interruption,-7805688.608432842,5500888.177247374
AUGUSTA,3,10/1/2022 1:00:00 PM,10/1/2022 1:00:00 PM,,Assessing,Investigating,-7767978.006533176,5511943.456426998
