BgName,NumOut,EtrMin,EtrMax,Desc,Status,Cause,x,y
"SABATTUS,LISBON",102,1/11/2022 7:45:00 PM,1/11/2022 7:45:00 PM,,Assessing,Investigating,-7801582.644639117,5476295.543034727
NAPLES,7,1/11/2022 8:15:00 PM,1/11/2022 8:15:00 PM,,Assessing,Investigating,-7859602.174026529,5463088.269201578
WATERVILLE,44,1/11/2022 8:00:00 PM,1/11/2022 8:00:00 PM,,Assessing,Investigating,-7750953.048543111,5553705.598883328
