BgName,NumOut,EtrMin,EtrMax,Desc,Status,Cause,x,y
TOPSHAM,9,7/11/2021 12:00:00 AM,7/11/2021 12:00:00 AM,,Investigating,Investigating,-7792078.4639160605,5457396.0208632685
"SIDNEY,OAKLAND",16,7/10/2021 10:45:00 PM,7/10/2021 10:45:00 PM,,Assessing,Investigating,-7764927.908146635,5544777.162995508
