BgName,NumOut,EtrMin,EtrMax,Desc,Status,Cause,x,y
GLENBURN,16,8/5/2023 8:45:00 AM,8/5/2023 8:45:00 AM,,Assessing,Investigating,-7670904.193437753,5599807.453864429
HALLOWELL,12,8/5/2023 10:15:00 AM,8/5/2023 10:15:00 AM,,Assessing,Investigating,-7768659.114911986,5510693.325558374
BROWNFIELD,9,8/5/2023 10:15:00 AM,8/5/2023 10:15:00 AM,,Crew Assigned,Investigating,-7892387.021903817,5456344.670448078
GORHAM,2,8/5/2023 10:30:00 AM,8/5/2023 10:30:00 AM,,Assessing,Investigating,-7839071.408998829,5409450.498958355
"ANSON,STARKS,INDUSTRY,NEW SHARON,SKOWHEGAN",409,8/5/2023 9:00:00 AM,8/5/2023 9:00:00 AM,,Assessing,Investigating,-7779929.690156598,5589298.729512481
