BgName,NumOut,EtrMin,EtrMax,Desc,Status,Cause,x,y
MERCER,30,7/29/2023 1:00:00 PM,7/29/2023 1:00:00 PM,,Assessing,Investigating,-7779933.541768354,5567540.86627889
RANGELEY,15,7/29/2023 1:15:00 PM,7/29/2023 1:15:00 PM,,Assessing,Investigating,-7865572.8171684975,5619507.022381212
