BgName,NumOut,EtrMin,EtrMax,Desc,Status,Cause,x,y
HARRISON,15,8/29/2024 1:15:00 PM,8/29/2024 1:15:00 PM,,Crew Assigned,Investigating,-7865307.476027671,5477227.15528737
TURNER,124,8/29/2024 1:45:00 PM,8/29/2024 1:45:00 PM,,Crew Assigned,Investigating,-7817142.048188363,5511609.735547292
CANTON,33,8/29/2024 1:30:00 PM,8/29/2024 1:30:00 PM,,Assessing,Investigating,-7827998.592839117,5533698.051394021
STANDISH,73,8/29/2024 1:30:00 PM,8/29/2024 1:30:00 PM,,Crew Assigned,Investigating,-7845029.873807548,5439491.9326424925
PROSPECT,1,8/29/2024 1:45:00 PM,8/29/2024 1:45:00 PM,,Repairs in Progress,Investigating,-7670432.777703075,5552172.899722106
BELFAST,13,8/29/2024 1:00:00 PM,8/29/2024 1:00:00 PM,,Repairs in Progress,Investigating,-7681116.732645228,5535180.548340959
