BgName,NumOut,EtrMin,EtrMax,Desc,Status,Cause,x,y
RICHMOND,187,8/7/2022 3:45:00 PM,8/7/2022 3:45:00 PM,,Assessing,Investigating,-7768628.323942489,5479771.202503617
SACO,19,8/7/2022 3:45:00 PM,8/7/2022 3:45:00 PM,,Crew Assigned,Investigating,-7837692.906309634,5385638.74638936
PORTLAND,33,8/7/2022 3:00:00 PM,8/7/2022 3:00:00 PM,,Assessing,Investigating,-7820329.036118316,5412379.08439495
