BgName,NumOut,EtrMin,EtrMax,Desc,Status,Cause,x,y
BRUNSWICK,24,5/1/2021 6:00:00 PM,5/1/2021 6:00:00 PM,,Crew Assigned,Investigating,-7781293.198059616,5446939.806069327
"JEFFERSON,WALDOBORO",81,5/1/2021 5:30:00 PM,5/1/2021 5:30:00 PM,,Assessing,Investigating,-7729433.510415887,5498184.595554123
PITTSTON,6,5/1/2021 6:30:00 PM,5/1/2021 6:30:00 PM,,Assessing,Investigating,-7763624.902373802,5487022.607137711
"NAPLES,BRIDGTON",278,5/1/2021 5:00:00 PM,5/1/2021 5:00:00 PM,,Assessing,Investigating,-7860600.131007103,5460867.900748807
