BgName,NumOut,EtrMin,EtrMax,Desc,Status,Cause,x,y
YARMOUTH,2,2/9/2023 12:45:00 PM,2/9/2023 12:45:00 PM,,Assessing,Investigating,-7808357.047864515,5430052.356004153
DRESDEN,3,2/9/2023 12:30:00 PM,2/9/2023 12:30:00 PM,,Assessing,Investigating,-7766595.073384222,5480180.039945664
BOOTHBAY HBR,1,2/9/2023 12:30:00 PM,2/9/2023 12:30:00 PM,,Assessing,Investigating,-7751863.007412644,5444845.869259791
