BgName,NumOut,EtrMin,EtrMax,Desc,Status,Cause,x,y
CUMBERLAND,10,8/18/2024 6:00:00 PM,8/18/2024 6:00:00 PM,,Repairs in Progress,Investigating,-7815416.58488798,5430009.130064297
CUMBERLAND,13,8/18/2024 5:30:00 PM,8/18/2024 5:30:00 PM,,Assessing,Investigating,-7815032.799853041,5430375.184241917
