BgName,NumOut,EtrMin,EtrMax,Desc,Status,Cause,x,y
"MONMOUTH,WINTHROP",44,8/13/2021 3:15:00 AM,8/13/2021 3:15:00 AM,,Assessing,Investigating,-7794745.757765293,5507447.663304116
STONEHAM,42,8/13/2021 2:45:00 AM,8/13/2021 2:45:00 AM,,Assessing,Investigating,-7892544.438826972,5504578.736696102
RANGELEY,4,8/13/2021 4:15:00 AM,8/13/2021 4:15:00 AM,,Assessing,Investigating,-7878162.8957544435,5617272.723859244
