BgName,NumOut,EtrMin,EtrMax,Desc,Status,Cause,x,y
"SABATTUS,LEWISTON",9,1/25/2024 7:00:00 PM,1/25/2024 7:00:00 PM,,Assessing,Equipment Interruption,-7805008.513088089,5484299.624334045
MONMOUTH,17,1/25/2024 6:15:00 PM,1/25/2024 6:15:00 PM,,Assessing,Investigating,-7787267.770800646,5499722.799819879
PORTER,10,1/25/2024 7:30:00 PM,1/25/2024 7:30:00 PM,,Assessing,Investigating,-7896873.720617971,5436958.409025099
