BgName,NumOut,EtrMin,EtrMax,Desc,Status,Cause,x,y
AUBURN,12,1/4/2024 6:00:00 PM,1/4/2024 6:00:00 PM,,Assessing,Investigating,-7822930.761866178,5492634.502127862
WATERFORD,34,1/4/2024 6:30:00 PM,1/4/2024 6:30:00 PM,,Assessing,Investigating,-7875210.6583200805,5490363.131720339
HARPSWELL,1,1/4/2024 6:00:00 PM,1/4/2024 6:00:00 PM,,Repairs in Progress,Investigating,-7780911.394442808,5436868.035835218
