BgName,NumOut,EtrMin,EtrMax,Desc,Status,Cause,x,y
WOOLWICH,3,6/14/2021 12:00:00 PM,6/14/2021 12:00:00 PM,,Assessing,Investigating,-7768422.2714734115,5456947.441333405
LEWISTON,88,6/14/2021 12:00:00 PM,6/14/2021 12:00:00 PM,,Assessing,Investigating,-7813034.147426266,5482468.358928009
O O BEACH,55,6/14/2021 1:00:00 PM,6/14/2021 1:00:00 PM,,Crew Assigned,Investigating,-7836941.622271441,5393890.335128845
ROCKWOOD,2,6/14/2021 1:30:00 PM,6/14/2021 1:30:00 PM,,Assessing,Investigating,-7770085.852298365,5726662.156609532
