BgName,NumOut,EtrMin,EtrMax,Desc,Status,Cause,x,y
POLAND,20,8/25/2022 11:45:00 AM,8/25/2022 11:45:00 AM,,Investigating,Investigating,-7836214.883310668,5467804.613882798
"OGUNQUIT,YORK",119,8/25/2022 10:00:00 AM,8/25/2022 10:00:00 AM,,Assessing,Investigating,-7858147.729222591,5347698.948092773
