BgName,NumOut,EtrMin,EtrMax,Desc,Status,Cause,x,y
BOOTHBAY,5,6/22/2023 11:45:00 AM,6/22/2023 11:45:00 AM,,Assessing,Investigating,-7756517.575951649,5450516.044332097
FREEPORT,17,6/22/2023 12:30:00 PM,6/22/2023 12:30:00 PM,,Assessing,Investigating,-7800091.419861189,5449284.3972110925
ST GEORGE,17,6/22/2023 11:15:00 AM,6/22/2023 11:15:00 AM,,Assessing,Investigating,-7701297.420072376,5466319.686272189
AUBURN,75,6/22/2023 2:30:00 PM,6/22/2023 2:30:00 PM,,Assessing,System Upgrade,-7823027.142260918,5472130.057803364
NEWPORT,11,6/22/2023 12:15:00 PM,6/22/2023 12:15:00 PM,,Assessing,Investigating,-7710634.676328887,5599898.292867537
