BgName,NumOut,EtrMin,EtrMax,Desc,Status,Cause,x,y
HARPSWELL,50,2/14/2022 12:00:00 PM,2/14/2022 12:00:00 PM,,Assessing,Investigating,-7782775.294618799,5440150.51597808
BRIDGTON,52,2/14/2022 12:00:00 PM,2/14/2022 12:00:00 PM,,Assessing,Investigating,-7871831.521785981,5473418.099417793
