BgName,NumOut,EtrMin,EtrMax,Desc,Status,Cause,x,y
PHIPPSBURG,3,8/24/2023 8:15:00 AM,8/24/2023 8:15:00 AM,,Assessing,Investigating,-7772986.604396559,5438787.5986516345
ELIOT,19,8/24/2023 8:00:00 AM,8/24/2023 8:00:00 AM,,Assessing,Equipment Interruption,-7876209.505797541,5336549.654589026
