BgName,NumOut,EtrMin,EtrMax,Desc,Status,Cause,x,y
WATERBORO,3,9/20/2024 4:15:00 PM,9/20/2024 4:15:00 PM,,Investigating,Investigating,-7879791.408621956,5401235.996410754
TOPSHAM,273,9/20/2024 3:45:00 PM,9/20/2024 3:45:00 PM,,Repairs in Progress,Investigating,-7787798.842618377,5454103.9674535105
KITTERY,36,9/20/2024 3:30:00 PM,9/20/2024 3:30:00 PM,,Assessing,Investigating,-7871397.843296927,5326708.821431307
STETSON,30,9/20/2024 4:00:00 PM,9/20/2024 4:00:00 PM,,Crew Assigned,Investigating,-7688753.338678799,5604046.292753055
