BgName,NumOut,EtrMin,EtrMax,Desc,Status,Cause,x,y
NEWCASTLE,6,8/22/2024 7:30:00 AM,8/22/2024 7:30:00 AM,,Assessing,Investigating,-7740231.4008050915,5474712.425209647
DENMARK,69,8/22/2024 6:30:00 AM,8/22/2024 6:30:00 AM,,Crew Assigned,Investigating,-7873461.361538892,5454727.118440876
YORK,5,8/22/2024 6:45:00 AM,8/22/2024 6:45:00 AM,,Crew Assigned,Investigating,-7865442.918451085,5332866.756148908
BUXTON,156,8/22/2024 7:15:00 AM,8/22/2024 7:15:00 AM,,Crew Assigned,Investigating,-7852049.302430955,5404402.853393921
BUXTON,18,8/22/2024 7:15:00 AM,8/22/2024 7:15:00 AM,,Crew Assigned,Investigating,-7852517.54561406,5403882.382352647
