BgName,NumOut,EtrMin,EtrMax,Desc,Status,Cause,x,y
AUBURN,17,5/24/2024 12:30:00 AM,5/24/2024 12:30:00 AM,,Assessing,Investigating,-7821065.269808132,5482256.2670253115
SACO,68,5/24/2024 2:15:00 AM,5/24/2024 2:15:00 AM,,Crew Assigned,Investigating,-7849554.498979149,5391475.044644715
GRAY,2,5/24/2024 1:30:00 AM,5/24/2024 1:30:00 AM,,Repairs in Progress,Investigating,-7833731.413045995,5457291.020403855
