BgName,NumOut,EtrMin,EtrMax,Desc,Status,Cause,x,y
LIVERMR FL,15,6/15/2021 11:45:00 AM,6/15/2021 11:45:00 AM,,Assessing,Investigating,-7813195.516173358,5539278.137293633
WEST GARDINER,6,6/15/2021 12:15:00 PM,6/15/2021 12:15:00 PM,,Assessing,Investigating,-7783304.006494649,5499768.560823353
YORK,84,6/15/2021 12:00:00 PM,6/15/2021 12:00:00 PM,,Assessing,Investigating,-7865787.452245531,5334413.004770843
LEBANON,33,6/15/2021 12:15:00 PM,6/15/2021 12:15:00 PM,,Crew Assigned,Investigating,-7887502.122316651,5376143.132901154
PORTER,2,6/15/2021 11:45:00 AM,6/15/2021 11:45:00 AM,,Crew Assigned,Investigating,-7891284.35790712,5439339.978715509
SANFORD,1,6/15/2021 1:30:00 PM,6/15/2021 1:30:00 PM,,Assessing,Investigating,-7883839.410529218,5381795.023475949
