BgName,NumOut,EtrMin,EtrMax,Desc,Status,Cause,x,y
BOWDOINHAM,3,10/3/2023 12:15:00 PM,10/3/2023 12:15:00 PM,,Assessing,Investigating,-7783129.435267808,5464247.929139068
POLAND,2,10/3/2023 1:00:00 PM,10/3/2023 1:00:00 PM,,Assessing,Investigating,-7829891.269028923,5471878.947445799
