BgName,NumOut,EtrMin,EtrMax,Desc,Status,Cause,x,y
ROME,6,1/24/2022 11:15:00 AM,1/24/2022 11:15:00 AM,,Investigating,Investigating,-7783310.313455086,5547100.99208571
"BRIDGTON,DENMARK,BRIDGETON",1100,1/24/2022 10:15:00 AM,1/24/2022 10:15:00 AM,,Assessing,Investigating,-7869028.26322865,5473074.690672745
