BgName,NumOut,EtrMin,EtrMax,Desc,Status,Cause,x,y
WATERFORD,3,Assessing,Assessing,,Assessing,Investigating,-7868697.722198657,5494627.393054885
SEBAGO,29,Assessing,Assessing,,Assessing,Investigating,-7862046.527401108,5441371.309916392
NORRIDGEWOCK,4,7/23/2022 10:45:00 AM,7/23/2022 10:45:00 AM,,Assessing,Investigating,-7770178.971041787,5576287.031666765
WELD,11,7/23/2022 10:30:00 AM,7/23/2022 10:30:00 AM,,Assessing,Investigating,-7844482.404533396,5575064.679940201
OWLS HEAD,2,7/23/2022 12:15:00 PM,7/23/2022 12:15:00 PM,,Assessing,Investigating,-7690394.076732003,5472961.271983724
