BgName,NumOut,EtrMin,EtrMax,Desc,Status,Cause,x,y
CAMDEN,33,1/18/2022 4:00:00 PM,1/18/2022 4:00:00 PM,,Assessing,Investigating,-7692309.740455607,5499265.761405035
WINDHAM,25,1/18/2022 4:30:00 PM,1/18/2022 4:30:00 PM,,Assessing,Investigating,-7840390.478154104,5427063.2811490735
WINDHAM,12,1/18/2022 4:30:00 PM,1/18/2022 4:30:00 PM,,Assessing,Investigating,-7840389.164583603,5427064.9301280575
