BgName,NumOut,EtrMin,EtrMax,Desc,Status,Cause,x,y
LEBANON,32,7/26/2023 7:00:00 PM,7/26/2023 7:00:00 PM,,Investigating,Investigating,-7887453.135577579,5376206.310433367
SANFORD,499,7/26/2023 7:15:00 PM,7/26/2023 7:15:00 PM,,Assessing,Investigating,-7871418.71566287,5374312.196530804
"SANFORD,LEBANON",45,7/26/2023 6:45:00 PM,7/26/2023 6:45:00 PM,,Assessing,Investigating,-7885189.738177364,5377281.9113295935
BREMEN,1,7/26/2023 8:30:00 PM,7/26/2023 8:30:00 PM,,Assessing,Investigating,-7735037.912462792,5464055.691907026
