BgName,NumOut,EtrMin,EtrMax,Desc,Status,Cause,x,y
RANGELEY,4,9/29/2021 1:15:00 AM,9/29/2021 1:15:00 AM,,Assessing,Investigating,-7868230.870573353,5614871.154573151
ROCKPORT,1,9/29/2021 9:30:00 AM,9/29/2021 9:30:00 AM,,Assessing,Investigating,-7692110.578700463,5487620.524897433
