BgName,NumOut,EtrMin,EtrMax,Desc,Status,Cause,x,y
PHIPPSBURG,6,7/3/2021 3:30:00 AM,7/3/2021 3:30:00 AM,,Assessing,Investigating,-7772352.973867662,5436392.426743959
BRISTOL,19,7/3/2021 4:15:00 AM,7/3/2021 4:15:00 AM,,Assessing,Investigating,-7738610.24397243,5455672.0806777775
DAMARISCOTTA,1,7/3/2021 3:30:00 AM,7/3/2021 3:30:00 AM,,Assessing,Investigating,-7740147.34350566,5466671.695275803
