BgName,NumOut,EtrMin,EtrMax,Desc,Status,Cause,x,y
WEST BATH,64,8/13/2022 8:15:00 AM,8/13/2022 8:15:00 AM,,Assessing,Investigating,-7779886.397992421,5445291.48026069
GORHAM,11,8/13/2022 8:15:00 AM,8/13/2022 8:15:00 AM,,Assessing,Investigating,-7849284.1039806865,5424169.428163472
WINSLOW,10,8/13/2022 8:30:00 AM,8/13/2022 8:30:00 AM,,Assessing,Investigating,-7749150.463207101,5552864.533805719
GEORGETOWN,2,8/13/2022 7:45:00 AM,8/13/2022 7:45:00 AM,,Assessing,Investigating,-7767196.087299873,5437385.18632634
