BgName,NumOut,EtrMin,EtrMax,Desc,Status,Cause,x,y
LEWISTON,30,10/3/2021 2:30:00 PM,10/3/2021 2:30:00 PM,,Crew Assigned,Investigating,-7813872.550191055,5477596.395982667
LINCOLNVILLE,42,10/3/2021 1:30:00 PM,10/3/2021 1:30:00 PM,,Repairs in Progress,Investigating,-7681806.857818047,5511013.015806763
