BgName,NumOut,EtrMin,EtrMax,Desc,Status,Cause,x,y
BRIDGTON,51,2/22/2022 9:45:00 PM,2/22/2022 9:45:00 PM,,Assessing,Investigating,-7873426.25133415,5478978.813403169
SABATTUS,10,2/22/2022 9:30:00 PM,2/22/2022 9:30:00 PM,,Assessing,Investigating,-7801622.664039542,5480024.49758291
