BgName,NumOut,EtrMin,EtrMax,Desc,Status,Cause,x,y
SOUTHPORT,7,7/6/2022 9:15:00 AM,7/6/2022 9:15:00 AM,,Assessing,Investigating,-7755136.713320574,5440088.87792847
NEW GLOUCESTER,12,7/6/2022 9:00:00 AM,7/6/2022 9:00:00 AM,,Assessing,Investigating,-7828794.0150886085,5455132.368593144
ALBANY,4,7/6/2022 8:30:00 AM,7/6/2022 8:30:00 AM,,Assessing,Investigating,-7873920.6991524985,5509822.057123438
WATERFORD,92,7/6/2022 9:45:00 AM,7/6/2022 9:45:00 AM,,Assessing,Tree,-7868531.08805712,5497526.912922904
GREENE,32,7/6/2022 8:45:00 AM,7/6/2022 8:45:00 AM,,Assessing,Investigating,-7807611.229545017,5494946.754855123
BERWICK,4,7/6/2022 8:45:00 AM,7/6/2022 8:45:00 AM,,Crew Assigned,Investigating,-7884295.787027953,5355808.617322044
YORK,20,7/6/2022 8:30:00 AM,7/6/2022 8:30:00 AM,,Crew Assigned,Investigating,-7861910.105381064,5339994.805304719
