BgName,NumOut,EtrMin,EtrMax,Desc,Status,Cause,x,y
NOBLEBORO,7,6/24/2024 3:15:00 PM,6/24/2024 3:15:00 PM,,Repairs in Progress,Investigating,-7736450.946408617,5484880.2433292065
FREEPORT,8,Assessing,Assessing,,Crew Assigned,Investigating,-7798137.250732021,5446353.581768806
POLAND,6,6/24/2024 4:15:00 PM,6/24/2024 4:15:00 PM,,Crew Assigned,Investigating,-7842633.7774551455,5473072.33656744
PARIS,4,6/24/2024 4:00:00 PM,6/24/2024 4:00:00 PM,,Assessing,Investigating,-7849506.742917783,5497055.868633129
NEW SHARON,2,6/24/2024 4:30:00 PM,6/24/2024 4:30:00 PM,,Assessing,Investigating,-7794639.870628065,5564950.1655098675
MECHANIC FALLS,4,6/24/2024 4:15:00 PM,6/24/2024 4:15:00 PM,,Crew Assigned,Investigating,-7837339.121859381,5480698.08369625
