BgName,NumOut,EtrMin,EtrMax,Desc,Status,Cause,x,y
"DAMARISCOTTA,NOBLEBORO,BREMEN",734,1/31/2022 3:00:00 PM,1/31/2022 3:00:00 PM,,Assessing,Investigating,-7737862.522121988,5471164.24590077
BELGRADE,7,1/31/2022 5:00:00 PM,1/31/2022 5:00:00 PM,,Assessing,Investigating,-7775568.203613422,5546124.543212209
YORK,1,1/31/2022 3:15:00 PM,1/31/2022 3:15:00 PM,,Crew Assigned,Investigating,-7856643.290752364,5345723.683169832
BOOTHBAY,4,1/31/2022 2:00:00 PM,1/31/2022 2:00:00 PM,,Assessing,Investigating,-7746196.222029615,5438336.068676746
 ,6,1/31/2022 3:30:00 PM,1/31/2022 3:30:00 PM,,Assessing,Investigating,-7840342.031920111,5381320.721652004
HIRAM,1,1/31/2022 2:30:00 PM,1/31/2022 2:30:00 PM,,Assessing,Investigating,-7886596.003946432,5447606.027342931
