BgName,NumOut,EtrMin,EtrMax,Desc,Status,Cause,x,y
BOOTHBAY,21,7/2/2021 8:30:00 PM,7/2/2021 8:30:00 PM,,Assessing,Investigating,-7754542.556681426,5446841.0723744435
LIMERICK,47,7/2/2021 9:00:00 PM,7/2/2021 9:00:00 PM,,Assessing,Investigating,-7878008.818369798,5420962.550645217
AUBURN,2,7/2/2021 8:45:00 PM,7/2/2021 8:45:00 PM,,Assessing,Investigating,-7822332.297204337,5482792.770062031
KITTERY,1,7/2/2021 7:30:00 PM,7/2/2021 7:30:00 PM,,Crew Assigned,Investigating,-7871754.177000992,5327174.233771606
LEBANON,1,7/2/2021 7:15:00 PM,7/2/2021 7:15:00 PM,,Assessing,Investigating,-7890439.209190449,5373280.98646531
PHIPPSBURG,2,7/2/2021 8:45:00 PM,7/2/2021 8:45:00 PM,,Assessing,Investigating,-7774335.763236261,5440248.792097325
ELIOT,3,7/2/2021 7:30:00 PM,7/2/2021 7:30:00 PM,,Crew Assigned,Investigating,-7880304.627053396,5330899.984956202
