BgName,NumOut,EtrMin,EtrMax,Desc,Status,Cause,x,y
HARTFORD,36,11/3/2024 2:00:00 PM,11/3/2024 2:00:00 PM,,Crew Assigned,Investigating,-7825118.212146047,5518297.414342846
DIXMONT,21,11/3/2024 1:00:00 PM,11/3/2024 1:00:00 PM,,Repairs in Progress,Investigating,-7693538.551770149,5571278.939970332
