BgName,NumOut,EtrMin,EtrMax,Desc,Status,Cause,x,y
WEST BATH,4,11/8/2024 6:30:00 PM,11/8/2024 6:30:00 PM,,Assessing,Investigating,-7776908.545883256,5443723.112956646
NEWFIELD,30,11/8/2024 6:45:00 PM,11/8/2024 6:45:00 PM,,Crew Assigned,Investigating,-7895346.194601978,5405780.489711839
BURNHAM,20,11/8/2024 7:15:00 PM,11/8/2024 7:15:00 PM,,Assessing,Investigating,-7719808.738194554,5571803.673254644
ROCKWOOD,20,11/8/2024 6:15:00 PM,11/8/2024 6:15:00 PM,,Crew Assigned,Investigating,-7765898.168822098,5729353.079345937
