BgName,NumOut,EtrMin,EtrMax,Desc,Status,Cause,x,y
THOMASTON,176,1/1/2024 12:45:00 PM,1/1/2024 12:45:00 PM,,Assessing,Investigating,-7702073.973699055,5477520.575554054
RAYMOND,3,1/1/2024 1:15:00 PM,1/1/2024 1:15:00 PM,,Crew Assigned,Investigating,-7849622.559771001,5447503.934960817
BERWICK,2,1/1/2024 12:30:00 PM,1/1/2024 12:30:00 PM,,Assessing,Investigating,-7888749.73547925,5360057.601117313
