BgName,NumOut,EtrMin,EtrMax,Desc,Status,Cause,x,y
HOPE,17,6/13/2024 9:30:00 AM,6/13/2024 9:30:00 AM,,Assessing,Investigating,-7696760.16005647,5505373.096501692
WINDHAM,22,6/13/2024 8:30:00 AM,6/13/2024 8:30:00 AM,,Assessing,Investigating,-7836566.419844452,5432843.3965032995
LEBANON,18,6/13/2024 9:15:00 AM,6/13/2024 9:15:00 AM,,Assessing,Investigating,-7899469.424024018,5373527.589345188
