BgName,NumOut,EtrMin,EtrMax,Desc,Status,Cause,x,y
DRESDEN; ALNA,40,3/31/2024 8:30:00 PM,3/31/2024 8:30:00 PM,,Investigating,Investigating,-7759122.978215249,5482089.579615837
"WATERBORO,LYMAN,ALFRED",277,3/31/2024 8:00:00 PM,3/31/2024 8:00:00 PM,,Assessing,Investigating,-7871971.572768524,5393780.527922846
LYMAN,21,3/31/2024 8:00:00 PM,3/31/2024 8:00:00 PM,,Assessing,Investigating,-7871325.107071079,5390567.778687494
PROSPECT,24,3/31/2024 8:00:00 PM,3/31/2024 8:00:00 PM,,Crew Assigned,Investigating,-7670357.425548778,5551044.53157343
YORK,7,3/31/2024 7:00:00 PM,3/31/2024 7:00:00 PM,,Crew Assigned,Investigating,-7858724.3641467495,5337147.406519447
