BgName,NumOut,EtrMin,EtrMax,Desc,Status,Cause,x,y
ROCKPORT,17,10/6/2022 6:30:00 PM,10/6/2022 6:30:00 PM,,Assessing,Investigating,-7688966.827272379,5494655.228617064
HARPSWELL,61,10/6/2022 4:45:00 PM,10/6/2022 4:45:00 PM,,Assessing,Investigating,-7786531.436898644,5436840.637136749
LEBANON,333,10/6/2022 7:45:00 PM,10/6/2022 7:45:00 PM,,Assessing,Vehicle Accident,-7895735.400905854,5365509.064878331
