BgName,NumOut,EtrMin,EtrMax,Desc,Status,Cause,x,y
EDGECOMB,49,3/31/2021 3:00:00 PM,3/31/2021 3:00:00 PM,,Assessing,Investigating,-7753417.317011994,5463493.702674689
"BELGRADE,ROME",16,3/31/2021 2:15:00 PM,3/31/2021 2:15:00 PM,,Assessing,Investigating,-7781011.5152247865,5544619.4861969445
ACTON,1,3/31/2021 3:15:00 PM,3/31/2021 3:15:00 PM,,Crew Assigned,Investigating,-7897457.391018113,5388597.741898897
LIVERMORE,1,3/31/2021 2:15:00 PM,3/31/2021 2:15:00 PM,,Assessing,Investigating,-7812452.781405803,5533232.9789638445
