BgName,NumOut,EtrMin,EtrMax,Desc,Status,Cause,x,y
FREEPORT,1,8/4/2022 5:15:00 PM,8/4/2022 5:15:00 PM,,Assessing,Investigating,-7801903.64548919,5438532.861052689
WALDOBORO,48,8/4/2022 6:00:00 PM,8/4/2022 6:00:00 PM,,Assessing,Investigating,-7722181.12350321,5480804.576131359
NEWPORT,1,8/4/2022 5:30:00 PM,8/4/2022 5:30:00 PM,,Assessing,Investigating,-7699819.075012873,5598473.808413159
AUBURN,1,8/4/2022 6:00:00 PM,8/4/2022 6:00:00 PM,,Assessing,Investigating,-7817240.465763658,5473485.4754892215
