BgName,NumOut,EtrMin,EtrMax,Desc,Status,Cause,x,y
AUBURN,77,8/20/2022 5:45:00 AM,8/20/2022 5:45:00 AM,,Assessing,Investigating,-7823027.142260918,5472130.057803364
HEBRON,49,8/20/2022 6:30:00 AM,8/20/2022 6:30:00 AM,,Assessing,Investigating,-7837631.73623171,5496102.580205592
