BgName,NumOut,EtrMin,EtrMax,Desc,Status,Cause,x,y
BRIDGTON,26,2/20/2024 2:00:00 PM,2/20/2024 2:00:00 PM,,Crew Assigned,Investigating,-7875309.565643632,5471471.842736093
SUMNER,26,2/20/2024 2:00:00 PM,2/20/2024 2:00:00 PM,,Repairs in Progress,Investigating,-7843112.941063313,5521466.2048161365
BRIDGTON,16,2/20/2024 3:15:00 PM,2/20/2024 3:15:00 PM,,Crew Assigned,Investigating,-7879495.390038721,5475941.863275138
RANGELEY,8,2/20/2024 2:00:00 PM,2/20/2024 2:00:00 PM,,Assessing,Investigating,-7862730.162608617,5614311.8907825
