BgName,NumOut,EtrMin,EtrMax,Desc,Status,Cause,x,y
LISBON,30,5/26/2023 6:00:00 PM,5/26/2023 6:00:00 PM,,Assessing,Vehicle Accident,-7800622.714428276,5466229.4575141845
AUBURN,1,5/26/2023 10:00:00 PM,5/26/2023 10:00:00 PM,,Assessing,Vehicle Accident,-7820975.590815399,5478220.864732591
