BgName,NumOut,EtrMin,EtrMax,Desc,Status,Cause,x,y
NEW GLOUCESTER,6,11/9/2021 6:00:00 PM,11/9/2021 6:00:00 PM,,Assessing,Vehicle Accident,-7823528.480793192,5460012.431709263
SCARBOROUGH,12,11/9/2021 6:00:00 PM,11/9/2021 6:00:00 PM,,Assessing,Investigating,-7825054.671013804,5401743.665791719
