BgName,NumOut,EtrMin,EtrMax,Desc,Status,Cause,x,y
HARTFORD,9,4/20/2023 3:45:00 PM,4/20/2023 3:45:00 PM,,Crew Assigned,Equipment Interruption,-7834010.880600887,5520750.4683604175
PORTLAND,44,4/20/2023 2:45:00 PM,4/20/2023 2:45:00 PM,,Assessing,System Upgrade,-7819580.779869637,5413747.045733773
