BgName,NumOut,EtrMin,EtrMax,Desc,Status,Cause,x,y
WATERFORD,10,4/25/2023 12:15:00 PM,4/25/2023 12:15:00 PM,,Assessing,Investigating,-7871878.621012038,5492164.11313792
SCARBOROUGH,143,4/25/2023 1:00:00 PM,4/25/2023 1:00:00 PM,,Assessing,Vehicle Accident,-7839315.899998596,5404286.141793322
SEBAGO,2,4/25/2023 1:00:00 PM,4/25/2023 1:00:00 PM,,Crew Assigned,Investigating,-7875956.743738588,5448676.196885809
