BgName,NumOut,EtrMin,EtrMax,Desc,Status,Cause,x,y
ALBANY,4,7/6/2022 6:30:00 AM,7/6/2022 6:30:00 AM,,Assessing,Investigating,-7873920.6991524985,5509822.057123438
WATERFORD,92,7/6/2022 6:45:00 AM,7/6/2022 6:45:00 AM,,Assessing,Tree,-7868531.08805712,5497526.912922904
RAYMOND,18,7/6/2022 7:15:00 AM,7/6/2022 7:15:00 AM,,Assessing,Investigating,-7850379.487727379,5444247.164194594
BIDDEFORD,134,7/6/2022 6:00:00 AM,7/6/2022 6:00:00 AM,,Assessing,Investigating,-7840169.542323586,5381604.894976771
"GORHAM,STANDISH",29,7/6/2022 5:00:00 AM,7/6/2022 5:00:00 AM,,Assessing,Tree,-7842658.334445899,5434769.5397675885
