BgName,NumOut,EtrMin,EtrMax,Desc,Status,Cause,x,y
BREMEN,1,6/25/2022 11:15:00 PM,6/25/2022 11:15:00 PM,,Assessing,Investigating,-7727327.256632872,5470939.671455697
TROY,2,6/25/2022 11:00:00 PM,6/25/2022 11:00:00 PM,,Assessing,Equipment Interruption,-7709326.972897173,5573592.403419459
