BgName,NumOut,EtrMin,EtrMax,Desc,Status,Cause,x,y
"BRUNSWICK,HARPSWELL,RIPLEY",48,5/1/2021 10:45:00 AM,5/1/2021 10:45:00 AM,,Assessing,Equipment Interruption,-7786497.284065654,5445810.277720116
"HARPSWELL,RIPLEY,BRUNSWICK",1727,5/1/2021 10:45:00 AM,5/1/2021 10:45:00 AM,,Assessing,Investigating,-7786368.698918737,5443109.305594332
POLAND,159,5/1/2021 10:00:00 AM,5/1/2021 10:00:00 AM,,Assessing,Vehicle Accident,-7825891.570896167,5475909.932313755
FALMOUTH,16,5/1/2021 11:00:00 AM,5/1/2021 11:00:00 AM,,Assessing,Investigating,-7817695.628904077,5421718.876195773
