BgName,NumOut,EtrMin,EtrMax,Desc,Status,Cause,x,y
ALFRED,23,8/21/2021 2:30:00 PM,8/21/2021 2:30:00 PM,,Crew Assigned,Investigating,-7869503.831211636,5384636.266608435
LEWISTON,1,8/21/2021 3:00:00 PM,8/21/2021 3:00:00 PM,,Assessing,Investigating,-7815816.878703967,5480870.6888318565
