BgName,NumOut,EtrMin,EtrMax,Desc,Status,Cause,x,y
HARPSWELL,2,3/26/2023 7:00:00 AM,3/26/2023 7:00:00 AM,,Assessing,Investigating,-7787048.170765502,5441186.696461244
HARPSWELL,10,3/26/2023 8:00:00 AM,3/26/2023 8:00:00 AM,,Assessing,Investigating,-7791984.277377278,5432321.797775334
JEFFERSON,45,3/26/2023 6:30:00 AM,3/26/2023 6:30:00 AM,,Assessing,Investigating,-7736294.0972210225,5487085.445295725
WEST BATH,239,3/26/2023 8:30:00 AM,3/26/2023 8:30:00 AM,,Assessing,Vehicle Accident,-7775664.617445589,5446915.744261264
LOVELL,4,3/26/2023 10:00:00 AM,3/26/2023 10:00:00 AM,,Assessing,Investigating,-7894453.523585635,5494544.56973199
PORTLAND,173,3/26/2023 7:30:00 AM,3/26/2023 7:30:00 AM,,Assessing,Investigating,-7828023.038605361,5419226.80019438
YORK,235,3/26/2023 6:00:00 AM,3/26/2023 6:00:00 AM,,Assessing,Investigating,-7864474.3386573205,5343378.246811027
"MONTVILLE,KNOX",43,3/26/2023 6:00:00 AM,3/26/2023 6:00:00 AM,,Assessing,Tree,-7711644.344119332,5543145.533885884
