BgName,NumOut,EtrMin,EtrMax,Desc,Status,Cause,x,y
CAMDEN,129,2/16/2023 1:15:00 PM,2/16/2023 1:15:00 PM,,Assessing,Investigating,-7690105.725832493,5499445.411570082
CAMDEN,40,2/16/2023 1:15:00 PM,2/16/2023 1:15:00 PM,,Assessing,Investigating,-7690018.807530264,5499288.345715475
WOOLWICH,12,2/16/2023 2:15:00 PM,2/16/2023 2:15:00 PM,,Assessing,Investigating,-7766309.79492421,5466350.299330036
HEBRON,4,2/16/2023 1:00:00 PM,2/16/2023 1:00:00 PM,,Assessing,Investigating,-7837589.023015643,5496038.7174564265
WATERBORO,15,2/16/2023 2:00:00 PM,2/16/2023 2:00:00 PM,,Crew Assigned,Investigating,-7880773.716283622,5403002.273980927
ROME,19,2/16/2023 12:15:00 PM,2/16/2023 12:15:00 PM,,Assessing,Investigating,-7781428.6070455955,5554388.567357222
