BgName,NumOut,EtrMin,EtrMax,Desc,Status,Cause,x,y
WHITEFIELD,1,2/14/2024 8:30:00 PM,2/14/2024 8:30:00 PM,,Assessing,Investigating,-7748498.910214593,5503920.904973447
FRIENDSHIP,3,2/14/2024 8:15:00 PM,2/14/2024 8:15:00 PM,,Assessing,Investigating,-7721104.018418888,5464806.916176441
MOUNT VERNON,15,2/14/2024 9:15:00 PM,2/14/2024 9:15:00 PM,,Assessing,Investigating,-7783415.203576186,5545246.6345461225
ALBANY,27,2/14/2024 8:30:00 PM,2/14/2024 8:30:00 PM,,Assessing,Investigating,-7873554.702931559,5508393.879562366
RAYMOND,5,2/14/2024 9:00:00 PM,2/14/2024 9:00:00 PM,,Assessing,Investigating,-7844736.4690504065,5457586.324443445
WEST PARIS,44,2/14/2024 8:00:00 PM,2/14/2024 8:00:00 PM,,Assessing,Investigating,-7856297.18740085,5515832.586823075
YORK,3,2/14/2024 9:30:00 PM,2/14/2024 9:30:00 PM,,Assessing,Investigating,-7864923.891316987,5345195.280287074
YORK,68,2/14/2024 9:00:00 PM,2/14/2024 9:00:00 PM,,Crew Assigned,Investigating,-7862250.308827829,5336694.0870454395
