BgName,NumOut,EtrMin,EtrMax,Desc,Status,Cause,x,y
WARREN,6,5/29/2021 9:15:00 AM,5/29/2021 9:15:00 AM,,Assessing,Investigating,-7705463.307148275,5476186.577651641
CANAAN,1,5/29/2021 9:45:00 AM,5/29/2021 9:45:00 AM,,Assessing,Investigating,-7742066.780953832,5586232.3472033115
