BgName,NumOut,EtrMin,EtrMax,Desc,Status,Cause,x,y
SANFORD; LEBANON,45,6/13/2023 1:15:00 PM,6/13/2023 1:15:00 PM,,Investigating,Investigating,-7885189.736875909,5377281.91339733
PITTSTON,1,6/13/2023 12:15:00 PM,6/13/2023 12:15:00 PM,,Assessing,Investigating,-7761875.338493596,5491988.004691592
