BgName,NumOut,EtrMin,EtrMax,Desc,Status,Cause,x,y
PHIPPSBURG,12,9/8/2024 5:00:00 PM,9/8/2024 5:00:00 PM,,Repairs in Progress,Tree,-7770371.653944066,5443304.625313848
AUGUSTA,129,9/8/2024 5:15:00 PM,9/8/2024 5:15:00 PM,,Repairs in Progress,Investigating,-7765145.081365035,5512569.978158032
NOBLEBORO,60,9/8/2024 6:15:00 PM,9/8/2024 6:15:00 PM,,Assessing,Investigating,-7736996.924012894,5482344.932609935
WINTHROP,23,9/8/2024 5:15:00 PM,9/8/2024 5:15:00 PM,,Repairs Complete,Investigating,-7791855.903767169,5510211.354206531
KENNEBUNKPORT,7,9/8/2024 5:45:00 PM,9/8/2024 5:45:00 PM,,Crew Assigned,Investigating,-7837021.605309864,5373675.33972532
KENNEBUNKPORT,22,9/8/2024 5:45:00 PM,9/8/2024 5:45:00 PM,,Crew Assigned,Investigating,-7836964.565155261,5373828.348064823
