BgName,NumOut,EtrMin,EtrMax,Desc,Status,Cause,x,y
PARIS,18,8/24/2022 8:15:00 AM,8/24/2022 8:15:00 AM,,Repairs in Progress,Investigating,-7847912.636767482,5504027.3569787275
CASCO,17,8/24/2022 8:00:00 AM,8/24/2022 8:00:00 AM,,Assessing,Tree,-7850029.187577686,5452213.705245806
FALMOUTH,3,8/24/2022 9:00:00 AM,8/24/2022 9:00:00 AM,,Assessing,Investigating,-7818363.334278661,5423179.307559765
NORRIDGEWOCK,3,8/24/2022 8:30:00 AM,8/24/2022 8:30:00 AM,,Assessing,Investigating,-7771602.647101105,5575458.203438612
