BgName,NumOut,EtrMin,EtrMax,Desc,Status,Cause,x,y
BREMEN,49,5/26/2024 10:30:00 AM,5/26/2024 10:30:00 AM,,Investigating,Investigating,-7728549.898040406,5465994.859182702
BREMEN,5,5/26/2024 10:45:00 AM,5/26/2024 10:45:00 AM,,Repairs in Progress,Investigating,-7727861.100353663,5463075.072254339
"WATERFORD,BRIDGTON",54,5/26/2024 11:45:00 AM,5/26/2024 11:45:00 AM,,Assessing,Investigating,-7871222.993758528,5488058.009038658
WATERFORD,11,5/26/2024 12:15:00 PM,5/26/2024 12:15:00 PM,,Crew Assigned,Investigating,-7871164.729133159,5487735.304135501
SOUTH PORTLAND,27,5/26/2024 11:45:00 AM,5/26/2024 11:45:00 AM,,Crew Assigned,Investigating,-7822285.264652921,5409416.982916433
SOUTH PORTLAND,4,5/26/2024 11:45:00 AM,5/26/2024 11:45:00 AM,,Crew Assigned,Investigating,-7822208.855014799,5409528.49875435
CARRABASSETT VALLEY,34,5/26/2024 11:30:00 AM,5/26/2024 11:30:00 AM,,Crew Assigned,Investigating,-7819752.445744037,5633954.393509236
