BgName,NumOut,EtrMin,EtrMax,Desc,Status,Cause,x,y
KENNEBUNK,1,4/4/2021 9:45:00 AM,4/4/2021 9:45:00 AM,,Crew Assigned,Investigating,-7845922.266512332,5367686.062737595
KENNEBUNK,14,4/4/2021 9:45:00 AM,4/4/2021 9:45:00 AM,,Assessing,Investigating,-7845922.266512332,5367686.062737595
ARUNDEL,2,4/4/2021 10:30:00 AM,4/4/2021 10:30:00 AM,,Crew Assigned,Investigating,-7849307.403163372,5370654.761140858
SCARBOROUGH,22,4/4/2021 10:45:00 AM,4/4/2021 10:45:00 AM,,Assessing,Investigating,-7825178.380302351,5400819.902934192
BENTON,7,4/4/2021 10:00:00 AM,4/4/2021 10:00:00 AM,,Assessing,Investigating,-7737028.115731014,5561857.848934024
