BgName,NumOut,EtrMin,EtrMax,Desc,Status,Cause,x,y
BATH,37,8/21/2024 5:45:00 PM,8/21/2024 5:45:00 PM,,Repairs in Progress,Equipment Interruption,-7773259.537536383,5454264.929099085
"PARIS,WEST PARIS,SUMNER,BUCKFIELD",791,8/21/2024 4:15:00 PM,8/21/2024 4:15:00 PM,,Repairs in Progress,Investigating,-7848829.063277332,5502719.713546639
ALBANY,2,8/21/2024 4:45:00 PM,8/21/2024 4:45:00 PM,,Crew Assigned,Investigating,-7879601.199188642,5520534.637349465
DOVER-FOXCROFT,34,8/21/2024 4:45:00 PM,8/21/2024 4:45:00 PM,,Repairs in Progress,Investigating,-7703864.503138874,5662355.385769382
