BgName,NumOut,EtrMin,EtrMax,Desc,Status,Cause,x,y
NORWAY,16,9/1/2024 6:15:00 PM,9/1/2024 6:15:00 PM,,Repairs in Progress,Investigating,-7860992.721399354,5501288.35742678
DAVIS,5,9/1/2024 6:15:00 PM,9/1/2024 6:15:00 PM,,Crew Assigned,Investigating,-7867588.033938524,5633034.271803803
