BgName,NumOut,EtrMin,EtrMax,Desc,Status,Cause,x,y
AUBURN,1,6/28/2023 8:30:00 PM,6/28/2023 8:30:00 PM,,Assessing,Investigating,-7819882.400023649,5470196.35257629
"BUXTON,PORTLAND",123,6/28/2023 8:45:00 PM,6/28/2023 8:45:00 PM,,Assessing,Investigating,-7857920.782162692,5410965.942704573
"SANFORD,WELLS",29,6/28/2023 8:00:00 PM,6/28/2023 8:00:00 PM,,Crew Assigned,Investigating,-7871470.85773423,5365310.666433629
DAYTON,1,6/28/2023 9:15:00 PM,6/28/2023 9:15:00 PM,,Assessing,Investigating,-7859194.399536168,5400080.482741563
ELIOT,3,6/28/2023 9:00:00 PM,6/28/2023 9:00:00 PM,,Assessing,Investigating,-7878872.546285274,5328694.486299186
