BgName,NumOut,EtrMin,EtrMax,Desc,Status,Cause,x,y
"DAMARISCOTTA,NOBLEBORO,BREMEN",740,9/23/2022 3:00:00 PM,9/23/2022 3:00:00 PM,,Assessing,Vehicle Accident,-7737862.522121988,5471164.24590077
ST GEORGE,19,9/23/2022 1:30:00 PM,9/23/2022 1:30:00 PM,,Assessing,Investigating,-7703036.185964578,5464829.121533134
"WALDOBORO,WARREN,UNION",178,9/23/2022 12:30:00 PM,9/23/2022 12:30:00 PM,,Assessing,Investigating,-7722326.028119241,5486791.423856684
BRIDGTON,19,9/23/2022 12:45:00 PM,9/23/2022 12:45:00 PM,,Crew Assigned,Investigating,-7873370.213101162,5478713.645119015
"ALBANY,BETHEL,ALBANY TWP",319,9/23/2022 1:15:00 PM,9/23/2022 1:15:00 PM,,Assessing,Investigating,-7873051.95071671,5505258.515521149
KENNEBUNKPORT,6,9/23/2022 1:15:00 PM,9/23/2022 1:15:00 PM,,Assessing,Tree,-7844709.819116668,5371697.96535479
MORRILL,31,9/23/2022 12:30:00 PM,9/23/2022 12:30:00 PM,,Assessing,Investigating,-7694997.338034213,5531697.940697793
BALDWIN,1,9/23/2022 12:30:00 PM,9/23/2022 12:30:00 PM,,Crew Assigned,Investigating,-7870494.240743085,5440775.053218625
NOBLEBORO,3,9/23/2022 1:45:00 PM,9/23/2022 1:45:00 PM,,Assessing,Investigating,-7730716.300557984,5478907.166042628
