BgName,NumOut,EtrMin,EtrMax,Desc,Status,Cause,x,y
SQUIRREL ISLAND,27,8/22/2021 12:00:00 PM,8/22/2021 12:00:00 PM,,Assessing,Tree,-7751255.726281052,5435496.549673413
SOUTHPORT,15,8/22/2021 12:00:00 PM,8/22/2021 12:00:00 PM,,Assessing,Investigating,-7754682.518664339,5441231.13237602
GEORGETOWN,1,8/22/2021 2:30:00 PM,8/22/2021 2:30:00 PM,,Assessing,Investigating,-7761833.549111736,5441936.023795557
