BgName,NumOut,EtrMin,EtrMax,Desc,Status,Cause,x,y
CHESTERVILLE,6,2/11/2023 1:00:00 AM,2/11/2023 1:00:00 AM,,Assessing,Investigating,-7797289.330212414,5558643.482386677
"NEW PORTLAND,NEW VINEYARD,FREEMAN",61,2/11/2023 2:00:00 AM,2/11/2023 2:00:00 AM,,Assessing,Investigating,-7803800.062066241,5603383.2176267635
NEW PORTLAND,3,2/11/2023 1:30:00 AM,2/11/2023 1:30:00 AM,,Assessing,Investigating,-7805702.634634721,5607680.447652901
SKOWHEGAN,1,2/11/2023 1:00:00 AM,2/11/2023 1:00:00 AM,,Assessing,Investigating,-7761844.859172987,5580549.941106239
WILTON,50,2/11/2023 1:00:00 AM,2/11/2023 1:00:00 AM,,Assessing,Tree,-7818464.657306512,5561795.619600903
