BgName,NumOut,EtrMin,EtrMax,Desc,Status,Cause,x,y
PARSONSFIELD,1,5/25/2021 8:15:00 PM,5/25/2021 8:15:00 PM,,Assessing,Investigating,-7886922.370403128,5424043.839463545
DAYTON,3,5/25/2021 8:00:00 PM,5/25/2021 8:00:00 PM,,Assessing,Investigating,-7855033.922616764,5400822.899520232
