BgName,NumOut,EtrMin,EtrMax,Desc,Status,Cause,x,y
LIMINGTON,31,7/26/2022 12:30:00 PM,7/26/2022 12:30:00 PM,,Investigating,Investigating,-7868035.676760191,5430355.8198938165
LIMINGTON,27,7/26/2022 12:30:00 PM,7/26/2022 12:30:00 PM,,Investigating,Investigating,-7868117.637212265,5430600.116233605
PORTLAND,14,7/26/2022 11:00:00 AM,7/26/2022 11:00:00 AM,,Assessing,Investigating,-7821138.07280874,5413025.271322849
BATH,18,7/26/2022 12:00:00 PM,7/26/2022 12:00:00 PM,,Assessing,Tree,-7772306.687251292,5454078.402930831
