BgName,NumOut,EtrMin,EtrMax,Desc,Status,Cause,x,y
PHIPPSBURG,5,10/9/2023 11:00:00 PM,10/9/2023 11:00:00 PM,,Assessing,Investigating,-7768741.068256103,5427000.836785607
PHIPPSBURG,73,10/9/2023 11:00:00 PM,10/9/2023 11:00:00 PM,,Assessing,Investigating,-7768482.595504212,5427147.856217
PHIPPSBURG,2,10/9/2023 11:00:00 PM,10/9/2023 11:00:00 PM,,Assessing,Investigating,-7768763.766365904,5426829.255382123
PHIPPSBURG,7,10/9/2023 11:00:00 PM,10/9/2023 11:00:00 PM,,Assessing,Investigating,-7768797.807774162,5426679.035645878
PHIPPSBURG,7,10/9/2023 11:00:00 PM,10/9/2023 11:00:00 PM,,Assessing,Investigating,-7768539.824870637,5427079.323850517
PHIPPSBURG,6,10/9/2023 11:00:00 PM,10/9/2023 11:00:00 PM,,Assessing,Investigating,-7768752.667741351,5426989.509945231
PHIPPSBURG,2,10/9/2023 11:00:00 PM,10/9/2023 11:00:00 PM,,Assessing,Investigating,-7768775.978036472,5426916.247682233
