BgName,NumOut,EtrMin,EtrMax,Desc,Status,Cause,x,y
WALES,46,8/12/2021 5:15:00 PM,8/12/2021 5:15:00 PM,,Investigating,Investigating,-7801234.464863114,5489842.420764631
UNION,7,8/12/2021 4:30:00 PM,8/12/2021 4:30:00 PM,,Assessing,Investigating,-7704953.8757563,5497156.200128518
FRYEBURG,115,8/12/2021 3:30:00 PM,8/12/2021 3:30:00 PM,,Assessing,Vehicle Accident,-7900483.956460281,5477271.905331265
CORNISH,8,8/12/2021 2:30:00 PM,8/12/2021 2:30:00 PM,,Assessing,Investigating,-7879521.394249591,5434223.386834078
LEBANON,32,8/12/2021 5:00:00 PM,8/12/2021 5:00:00 PM,,Assessing,Investigating,-7887220.907005204,5372230.496050252
LOVELL,3,8/12/2021 5:00:00 PM,8/12/2021 5:00:00 PM,,Assessing,Tree,-7892944.409781522,5496880.069887947
ACTON,1,8/12/2021 5:00:00 PM,8/12/2021 5:00:00 PM,,Crew Assigned,Investigating,-7897592.443805341,5392483.546171957
