BgName,NumOut,EtrMin,EtrMax,Desc,Status,Cause,x,y
ST GEORGE,10,3/12/2023 10:30:00 AM,3/12/2023 10:30:00 AM,,Assessing,Investigating,-7704681.131828292,5460101.315735713
ST GEORGE,6,3/12/2023 10:30:00 AM,3/12/2023 10:30:00 AM,,Assessing,Investigating,-7705452.052749338,5456607.508178572
WATERBORO,18,3/12/2023 9:45:00 AM,3/12/2023 9:45:00 AM,,Assessing,Investigating,-7872941.0431592865,5407604.555002952
FAIRFIELD,12,3/12/2023 10:00:00 AM,3/12/2023 10:00:00 AM,,Assessing,Investigating,-7747494.318606764,5559746.729506968
