BgName,NumOut,EtrMin,EtrMax,Desc,Status,Cause,x,y
RAYMOND,26,7/14/2024 3:15:00 AM,7/14/2024 3:15:00 AM,,Assessing,Investigating,-7847387.498191825,5449397.7402602
BURNHAM,3,7/14/2024 3:30:00 AM,7/14/2024 3:30:00 AM,,Repairs in Progress,Investigating,-7716740.149608833,5571780.1883432185
