BgName,NumOut,EtrMin,EtrMax,Desc,Status,Cause,x,y
 ,12,5/19/2021 9:30:00 PM,5/19/2021 9:30:00 PM,,Assessing,Investigating,-7868063.056410822,5334145.069259795
CUMBERLAND,3,5/19/2021 9:15:00 PM,5/19/2021 9:15:00 PM,,Assessing,Investigating,-7823695.259596673,5438105.552135667
BOWDOIN,2,5/19/2021 8:00:00 PM,5/19/2021 8:00:00 PM,,Crew Assigned,Equipment Interruption,-7795129.219938801,5472048.196485338
RAYMOND,2,5/19/2021 9:30:00 PM,5/19/2021 9:30:00 PM,,Assessing,Investigating,-7849482.586675646,5450875.97730046
