BgName,NumOut,EtrMin,EtrMax,Desc,Status,Cause,x,y
LISBON,138,8/14/2024 4:00:00 AM,8/14/2024 4:00:00 AM,,Repairs in Progress,Equipment Interruption,-7804603.799924784,5469969.07687444
LEEDS,117,8/14/2024 3:30:00 AM,8/14/2024 3:30:00 AM,,Assessing,Investigating,-7810990.577615931,5517093.194987224
PORTLAND,14,8/14/2024 4:15:00 AM,8/14/2024 4:15:00 AM,,Assessing,Investigating,-7824162.300533906,5420815.306343426
PORTLAND,26,8/14/2024 4:15:00 AM,8/14/2024 4:15:00 AM,,Assessing,Investigating,-7824766.542763544,5420807.744709876
