BgName,NumOut,EtrMin,EtrMax,Desc,Status,Cause,x,y
SACO,19,11/2/2022 11:00:00 AM,11/2/2022 11:00:00 AM,,Investigating,Investigating,-7838309.745541208,5394242.635813106
AUBURN,77,11/2/2022 11:45:00 AM,11/2/2022 11:45:00 AM,,Crew Assigned,Investigating,-7823027.142260918,5472130.057803364
OXFORD,3,11/2/2022 11:45:00 AM,11/2/2022 11:45:00 AM,,Assessing,Investigating,-7848774.2607276505,5487290.466937308
