BgName,NumOut,EtrMin,EtrMax,Desc,Status,Cause,x,y
JEFFERSON,10,8/2/2023 3:30:00 PM,8/2/2023 3:30:00 PM,,Assessing,Investigating,-7741632.757378468,5495125.109125695
"ALFRED,SANFORD",52,8/2/2023 4:45:00 PM,8/2/2023 4:45:00 PM,,Crew Assigned,Investigating,-7872409.770817074,5382124.912899835
