BgName,NumOut,EtrMin,EtrMax,Desc,Status,Cause,x,y
"CHINA,ALBION",1267,6/7/2022 1:15:00 PM,6/7/2022 1:15:00 PM,,Assessing,Investigating,-7744607.681710079,5526868.050967229
NORWAY,22,6/7/2022 12:15:00 PM,6/7/2022 12:15:00 PM,,Repairs in Progress,Investigating,-7858325.194689448,5504223.216595315
SABATTUS,108,6/7/2022 1:00:00 PM,6/7/2022 1:00:00 PM,,Assessing,Investigating,-7797797.047285264,5484371.422365156
PORTLAND,21,6/7/2022 12:00:00 PM,6/7/2022 12:00:00 PM,,Assessing,Investigating,-7825422.626427994,5413744.275795336
WESTBROOK,40,6/7/2022 12:45:00 PM,6/7/2022 12:45:00 PM,,Assessing,Investigating,-7832363.174046673,5415675.085625466
"EMBDEN,NEW PORTLAND",14,6/7/2022 1:15:00 PM,6/7/2022 1:15:00 PM,,Assessing,Investigating,-7791600.180593341,5605733.361171073
