BgName,NumOut,EtrMin,EtrMax,Desc,Status,Cause,x,y
BREMEN,36,8/15/2021 12:00:00 AM,8/15/2021 12:00:00 AM,,Assessing,Investigating,-7728772.77354232,5465618.153914273
CANTON,11,8/14/2021 11:30:00 PM,8/14/2021 11:30:00 PM,,Assessing,Investigating,-7822833.691298821,5532869.1227368405
"SEBAGO,NAPLES",83,8/16/2021 12:00:00 AM,8/16/2021 12:00:00 AM,,Assessing,Investigating,-7863735.989899754,5452958.444783001
WINSLOW,2,8/16/2021 12:00:00 AM,8/16/2021 12:00:00 AM,,Assessing,Investigating,-7746704.239638903,5551135.117792812
