BgName,NumOut,EtrMin,EtrMax,Desc,Status,Cause,x,y
OWLS HEAD,45,1/24/2024 9:00:00 AM,1/24/2024 9:00:00 AM,,Assessing,Investigating,-7692978.380977058,5477479.899728711
WOODSTOCK,50,1/24/2024 9:00:00 AM,1/24/2024 9:00:00 AM,,Assessing,Investigating,-7853615.634388945,5521395.142509618
