BgName,NumOut,EtrMin,EtrMax,Desc,Status,Cause,x,y
BRUNSWICK,17,3/19/2022 5:30:00 PM,3/19/2022 5:30:00 PM,,Investigating,Investigating,-7794522.556298467,5451213.2190594375
AUGUSTA,56,3/19/2022 4:30:00 PM,3/19/2022 4:30:00 PM,,Assessing,Investigating,-7767545.563727431,5517752.458625214
CUMBERLAND,1,3/19/2022 5:00:00 PM,3/19/2022 5:00:00 PM,,Assessing,Investigating,-7820179.723267411,5432935.05629967
DETROIT,45,3/19/2022 3:45:00 PM,3/19/2022 3:45:00 PM,,Assessing,Investigating,-7717849.103246584,5586682.65565973
