BgName,NumOut,EtrMin,EtrMax,Desc,Status,Cause,x,y
ALBANY,12,8/19/2023 1:15:00 PM,8/19/2023 1:15:00 PM,,Crew Assigned,Investigating,-7880741.633968509,5503668.222060657
CAPE ELIZABETH,60,8/19/2023 12:30:00 PM,8/19/2023 12:30:00 PM,,Assessing,Investigating,-7818868.101349075,5404491.648528407
