BgName,NumOut,EtrMin,EtrMax,Desc,Status,Cause,x,y
YARMOUTH,2,11/6/2023 3:15:00 AM,11/6/2023 3:15:00 AM,,Assessing,Investigating,-7808357.047864515,5430052.356004153
CAMDEN,7,11/6/2023 6:00:00 AM,11/6/2023 6:00:00 AM,,Assessing,Investigating,-7688197.943531883,5497937.273821937
CAMDEN,6,11/6/2023 6:00:00 AM,11/6/2023 6:00:00 AM,,Assessing,Investigating,-7688240.801510007,5497966.128969044
