BgName,NumOut,EtrMin,EtrMax,Desc,Status,Cause,x,y
GREENWOOD,9,5/31/2024 3:00:00 AM,5/31/2024 3:00:00 AM,,Repairs in Progress,Investigating,-7871311.203306259,5524933.518444852
"SANFORD,NORTH BERWICK",719,5/31/2024 4:00:00 AM,5/31/2024 4:00:00 AM,,Assessing,Investigating,-7874696.718481052,5372903.7938663885
HOLLIS,2,5/31/2024 4:45:00 AM,5/31/2024 4:45:00 AM,,Assessing,Investigating,-7864351.7314024605,5402546.696592182
