BgName,NumOut,EtrMin,EtrMax,Desc,Status,Cause,x,y
"GREENE,LEEDS",229,8/19/2024 6:00:00 PM,8/19/2024 6:00:00 PM,,Assessing,Investigating,-7808294.664428274,5497767.421505436
PARIS,1,8/19/2024 5:15:00 PM,8/19/2024 5:15:00 PM,,Assessing,Investigating,-7839434.744641329,5502251.338332063
