BgName,NumOut,EtrMin,EtrMax,Desc,Status,Cause,x,y
SO THOMASTON,2,5/29/2021 11:30:00 AM,5/29/2021 11:30:00 AM,,Assessing,Equipment Interruption,-7694389.533616813,5473223.083402487
LEWISTON,111,5/29/2021 11:45:00 AM,5/29/2021 11:45:00 AM,,Assessing,Investigating,-7815435.62059784,5483330.234882151
SABATTUS,127,5/29/2021 11:00:00 AM,5/29/2021 11:00:00 AM,,Assessing,Investigating,-7799403.231656742,5482015.808908235
PORTLAND,13,5/29/2021 12:00:00 PM,5/29/2021 12:00:00 PM,,Assessing,Vehicle Accident,-7825351.248322518,5412844.132559065
