BgName,NumOut,EtrMin,EtrMax,Desc,Status,Cause,x,y
"SO BERWICK,SOUTH BERWICK",4,8/12/2023 10:30:00 AM,8/12/2023 10:30:00 AM,,Assessing,Investigating,-7876332.814437576,5351173.537424433
NEW PORTLAND,49,8/12/2023 11:15:00 AM,8/12/2023 11:15:00 AM,,Assessing,Investigating,-7795308.7672361955,5606372.54673627
FARMINGTON,10,8/12/2023 10:00:00 AM,8/12/2023 10:00:00 AM,,Assessing,Investigating,-7802443.956950403,5571015.786211707
