BgName,NumOut,EtrMin,EtrMax,Desc,Status,Cause,x,y
FRYEBURG,780,6/28/2024 11:30:00 AM,6/28/2024 11:30:00 AM,,Repairs in Progress,Vehicle Accident,-7897919.990283037,5475061.735629907
HARRISON,42,6/28/2024 10:15:00 AM,6/28/2024 10:15:00 AM,,Assessing,Investigating,-7863657.231332083,5473294.113322585
BIDDEFORD,2,6/28/2024 10:30:00 AM,6/28/2024 10:30:00 AM,,Assessing,Investigating,-7848535.413646067,5384754.678915101
ELIOT,13,6/28/2024 9:30:00 AM,6/28/2024 9:30:00 AM,,Assessing,Investigating,-7878304.349407237,5326870.328774341
BOWER BANK,34,6/28/2024 9:30:00 AM,6/28/2024 9:30:00 AM,,Crew Assigned,Investigating,-7709662.512122489,5663532.3814383615
