BgName,NumOut,EtrMin,EtrMax,Desc,Status,Cause,x,y
"AUGUSTA,SIDNEY",194,6/4/2022 9:00:00 AM,6/4/2022 9:00:00 AM,,Assessing,Investigating,-7768117.868404015,5519201.294358173
SACO,70,6/4/2022 8:00:00 AM,6/4/2022 8:00:00 AM,,Assessing,Investigating,-7849554.498979149,5391475.044644715
SKOWHEGAN,4,6/4/2022 8:15:00 AM,6/4/2022 8:15:00 AM,,Assessing,Investigating,-7763537.928509371,5583456.642829892
