BgName,NumOut,EtrMin,EtrMax,Desc,Status,Cause,x,y
WISCASSET,13,3/22/2022 2:15:00 PM,3/22/2022 2:15:00 PM,,Assessing,Investigating,-7760384.5924515985,5468847.380945888
AUBURN,7,3/22/2022 1:30:00 PM,3/22/2022 1:30:00 PM,,Assessing,Investigating,-7822310.100055346,5486510.270382987
NAPLES,12,3/22/2022 1:15:00 PM,3/22/2022 1:15:00 PM,,Assessing,Investigating,-7857448.9433544045,5465428.48772566
"STANDISH,BUXTON",44,3/22/2022 1:30:00 PM,3/22/2022 1:30:00 PM,,Assessing,Investigating,-7855780.609308373,5421234.052569177
"SO BERWICK,ELIOT,YORK,SOUTH BERWICK",1793,3/22/2022 2:30:00 PM,3/22/2022 2:30:00 PM,,Assessing,Investigating,-7882594.34652031,5346591.333448154
"YORK,OGUNQUIT",664,3/22/2022 2:15:00 PM,3/22/2022 2:15:00 PM,,Assessing,Investigating,-7861562.788571128,5342192.900001914
