BgName,NumOut,EtrMin,EtrMax,Desc,Status,Cause,x,y
"HARPSWELL,RIPLEY",84,11/2/2021 10:15:00 AM,11/2/2021 10:15:00 AM,,Assessing,Investigating,-7788346.92417796,5438121.012268805
NORTHPORT,17,11/2/2021 10:00:00 AM,11/2/2021 10:00:00 AM,,Assessing,Investigating,-7676076.163791357,5519173.695123222
MONTVILLE,4,11/2/2021 9:45:00 AM,11/2/2021 9:45:00 AM,,Assessing,Investigating,-7709953.523500312,5538766.120562871
ST ALBANS,7,11/2/2021 10:15:00 AM,11/2/2021 10:15:00 AM,,Assessing,Investigating,-7733396.105813328,5606550.475618745
