BgName,NumOut,EtrMin,EtrMax,Desc,Status,Cause,x,y
NOBLEBORO,6,6/15/2023 1:00:00 PM,6/15/2023 1:00:00 PM,,Assessing,Tree,-7734148.736859453,5488385.767455878
PORTLAND,1,6/15/2023 12:15:00 PM,6/15/2023 12:15:00 PM,,Assessing,Investigating,-7825192.40660435,5415433.329439886
SANFORD,2,6/15/2023 12:00:00 PM,6/15/2023 12:00:00 PM,,Assessing,Investigating,-7874292.784590115,5376026.562328387
WELLS,10,6/15/2023 12:00:00 PM,6/15/2023 12:00:00 PM,,Assessing,Investigating,-7855651.478650781,5356778.1042884225
SANFORD,6,6/15/2023 12:45:00 PM,6/15/2023 12:45:00 PM,,Assessing,Investigating,-7872324.199522775,5378051.35330358
SANFORD,2,6/15/2023 1:45:00 PM,6/15/2023 1:45:00 PM,,Assessing,System Upgrade,-7874149.883717212,5376422.1359260725
BATH,11,6/15/2023 12:45:00 PM,6/15/2023 12:45:00 PM,,Assessing,System Upgrade,-7772856.850441198,5453696.490627452
