BgName,NumOut,EtrMin,EtrMax,Desc,Status,Cause,x,y
LIMERICK,48,7/4/2024 9:30:00 PM,7/4/2024 9:30:00 PM,,Investigating,Investigating,-7880849.575005011,5420131.642649742
LIMERICK,16,7/4/2024 9:30:00 PM,7/4/2024 9:30:00 PM,,Investigating,Investigating,-7880850.216823503,5420127.671482371
LIMERICK,37,7/4/2024 9:30:00 PM,7/4/2024 9:30:00 PM,,Investigating,Investigating,-7880400.466442492,5420013.407014357
BOWDOINHAM,64,7/4/2024 9:30:00 PM,7/4/2024 9:30:00 PM,,Assessing,Investigating,-7782730.733433993,5467942.903292718
DENMARK,2,7/4/2024 8:00:00 PM,7/4/2024 8:00:00 PM,,Crew Assigned,Investigating,-7879137.586889662,5458748.784857343
LIMERICK,156,7/4/2024 9:30:00 PM,7/4/2024 9:30:00 PM,,Crew Assigned,Investigating,-7879821.255534606,5419572.547623563
ACTON,7,7/4/2024 9:15:00 PM,7/4/2024 9:15:00 PM,,Crew Assigned,Investigating,-7896933.276588955,5400620.30178146
NOBLEBORO,1,7/4/2024 9:00:00 PM,7/4/2024 9:00:00 PM,,Crew Assigned,Investigating,-7737402.739209886,5475101.331877039
YORK,1,7/4/2024 9:15:00 PM,7/4/2024 9:15:00 PM,,Crew Assigned,Investigating,-7859573.642786729,5345952.2632597415
