BgName,NumOut,EtrMin,EtrMax,Desc,Status,Cause,x,y
HERMON,69,7/7/2024 8:15:00 PM,7/7/2024 8:15:00 PM,,Crew Assigned,Investigating,-7677212.691297153,5595343.723821568
"AUGUSTA,SIDNEY",647,7/7/2024 7:15:00 PM,7/7/2024 7:15:00 PM,,Repairs in Progress,Investigating,-7767619.079125543,5517387.9123271275
UNION,20,7/7/2024 7:15:00 PM,7/7/2024 7:15:00 PM,,Repairs in Progress,Investigating,-7710374.422483118,5495797.415954841
POLAND,23,7/7/2024 7:45:00 PM,7/7/2024 7:45:00 PM,,Crew Assigned,Investigating,-7829886.471157859,5472073.795477854
MECHANIC FALLS,40,7/7/2024 8:00:00 PM,7/7/2024 8:00:00 PM,,Crew Assigned,Investigating,-7836356.727400545,5482912.2331842035
SMITHFIELD,1,7/7/2024 7:30:00 PM,7/7/2024 7:30:00 PM,,Crew Assigned,Investigating,-7768947.343274319,5557742.791326286
WELD,36,7/7/2024 7:00:00 PM,7/7/2024 7:00:00 PM,,Crew Assigned,Investigating,-7840147.400937012,5574976.188449724
THOMASTON,3,7/7/2024 8:00:00 PM,7/7/2024 8:00:00 PM,,Assessing,Investigating,-7702119.603580228,5478622.116548693
CASCO,7,7/7/2024 8:00:00 PM,7/7/2024 8:00:00 PM,,Crew Assigned,Investigating,-7855025.863094391,5455722.213646933
