BgName,NumOut,EtrMin,EtrMax,Desc,Status,Cause,x,y
BYRON,40,9/20/2023 4:30:00 PM,9/20/2023 4:30:00 PM,,Assessing,Investigating,-7862777.985444741,5577585.9853530675
WATERBORO,3,9/20/2023 4:45:00 PM,9/20/2023 4:45:00 PM,,Crew Assigned,Investigating,-7871409.04203355,5402030.12627591
