BgName,NumOut,EtrMin,EtrMax,Desc,Status,Cause,x,y
READFIELD,24,8/7/2021 2:30:00 AM,8/7/2021 2:30:00 AM,,Assessing,Investigating,-7784944.777885177,5523548.839504707
NORWAY,4,8/7/2021 3:00:00 AM,8/7/2021 3:00:00 AM,,Assessing,Investigating,-7856933.500733051,5498378.947849046
