BgName,NumOut,EtrMin,EtrMax,Desc,Status,Cause,x,y
NEWRY,3,9/26/2024 2:45:00 PM,9/26/2024 2:45:00 PM,,Assessing,Investigating,-7881389.123812454,5542349.203914539
LOVELL,32,9/26/2024 12:45:00 PM,9/26/2024 12:45:00 PM,,Assessing,Investigating,-7893020.78608232,5496977.402525896
"LIMINGTON,YORK,HOLLIS",151,9/26/2024 12:15:00 PM,9/26/2024 12:15:00 PM,,Crew Assigned,Investigating,-7864534.751787868,5418503.5042260755
LIMERICK,158,9/26/2024 11:30:00 AM,9/26/2024 11:30:00 AM,,Crew Assigned,Investigating,-7879821.255534606,5419572.547623563
LIMERICK,106,9/26/2024 11:30:00 AM,9/26/2024 11:30:00 AM,,Assessing,Investigating,-7880280.993896837,5419996.611592089
