BgName,NumOut,EtrMin,EtrMax,Desc,Status,Cause,x,y
FREEPORT,86,8/27/2023 8:45:00 AM,8/27/2023 8:45:00 AM,,Assessing,Tree,-7803802.143796668,5443631.608156631
WALDOBORO,78,8/27/2023 4:30:00 AM,8/27/2023 4:30:00 AM,,Assessing,Tree,-7725832.814653395,5484376.44668088
LOVELL,570,8/27/2023 6:30:00 AM,8/27/2023 6:30:00 AM,,Assessing,Investigating,-7891833.975586338,5490006.8138322495
TURNER,17,8/27/2023 6:30:00 AM,8/27/2023 6:30:00 AM,,Assessing,Vehicle Accident,-7818517.24467637,5498439.394444321
