BgName,NumOut,EtrMin,EtrMax,Desc,Status,Cause,x,y
ROCKPORT,13,4/19/2024 9:30:00 AM,4/19/2024 9:30:00 AM,,Assessing,Investigating,-7692660.0406053,5494155.520057174
RAYMOND,54,4/19/2024 9:00:00 AM,4/19/2024 9:00:00 AM,,Assessing,Investigating,-7848665.167601422,5441610.274129237
NEW PORTLAND,3,4/19/2024 8:45:00 AM,4/19/2024 8:45:00 AM,,Assessing,Investigating,-7796411.965631129,5606940.042277215
