BgName,NumOut,EtrMin,EtrMax,Desc,Status,Cause,x,y
WATERFORD,29,8/27/2022 5:15:00 PM,8/27/2022 5:15:00 PM,,Assessing,Tree,-7871913.875878723,5493716.595648226
MAGALLOWAY PLT,2,8/27/2022 4:00:00 PM,8/27/2022 4:00:00 PM,,Assessing,Investigating,-7908870.655498715,5601908.339772056
