BgName,NumOut,EtrMin,EtrMax,Desc,Status,Cause,x,y
JEFFERSON,6,4/18/2021 9:15:00 AM,4/18/2021 9:15:00 AM,,Assessing,Investigating,-7733592.28412861,5492322.717470882
WINTHROP,83,4/18/2021 9:00:00 AM,4/18/2021 9:00:00 AM,,Assessing,Investigating,-7790143.765483714,5515587.774476952
LEWISTON,81,4/18/2021 9:00:00 AM,4/18/2021 9:00:00 AM,,Assessing,Investigating,-7815841.246482911,5481631.259663844
