BgName,NumOut,EtrMin,EtrMax,Desc,Status,Cause,x,y
SANGERVILLE,1,2/6/2022 6:45:00 PM,2/6/2022 6:45:00 PM,,Assessing,Investigating,-7722327.430689373,5646772.570862526
WALDOBORO,3,2/6/2022 6:45:00 PM,2/6/2022 6:45:00 PM,,Crew Assigned,Investigating,-7721065.323701403,5489749.068770456
