BgName,NumOut,EtrMin,EtrMax,Desc,Status,Cause,x,y
VASSALBORO,46,7/11/2023 5:30:00 PM,7/11/2023 5:30:00 PM,,Assessing,Investigating,-7755856.983840133,5527969.197097084
TURNER,9,7/11/2023 5:45:00 PM,7/11/2023 5:45:00 PM,,Assessing,Investigating,-7818557.597950555,5495243.24289272
