BgName,NumOut,EtrMin,EtrMax,Desc,Status,Cause,x,y
LISBON,8,8/4/2024 11:30:00 PM,8/4/2024 11:30:00 PM,,Assessing,Investigating,-7805616.250730731,5471106.7662543645
CHESTERVILLE,17,8/4/2024 9:45:00 PM,8/4/2024 9:45:00 PM,,Repairs in Progress,Investigating,-7796846.278630495,5542991.802748156
YARMOUTH,4,8/4/2024 10:00:00 PM,8/4/2024 10:00:00 PM,,Repairs in Progress,Investigating,-7812534.211664343,5431386.568401413
