BgName,NumOut,EtrMin,EtrMax,Desc,Status,Cause,x,y
"BOOTHBAY HBR,BOOTHBAY HARBOR",1571,7/5/2023 10:00:00 PM,7/5/2023 10:00:00 PM,,Assessing,Vehicle Accident,-7750634.496734657,5443743.492187967
BRUNSWICK,88,7/5/2023 5:45:00 PM,7/5/2023 5:45:00 PM,,Assessing,Investigating,-7791194.499045969,5450676.433383635
UNION,14,7/5/2023 5:30:00 PM,7/5/2023 5:30:00 PM,,Assessing,Investigating,-7711074.276947564,5495310.810661155
"GORHAM,BUXTON",245,7/5/2023 5:30:00 PM,7/5/2023 5:30:00 PM,,Assessing,Investigating,-7843712.318547027,5415346.645452756
NORTHPORT,93,7/5/2023 5:30:00 PM,7/5/2023 5:30:00 PM,,Assessing,Investigating,-7677263.753559707,5524054.955526268
