BgName,NumOut,EtrMin,EtrMax,Desc,Status,Cause,x,y
YORK,65,5/18/2023 3:00:00 PM,5/18/2023 3:00:00 PM,,Assessing,Investigating,-7874247.421908059,5339539.744339357
BELFAST,2,5/18/2023 2:45:00 PM,5/18/2023 2:45:00 PM,,Crew Assigned,Investigating,-7686411.644227566,5530582.768703848
