BgName,NumOut,EtrMin,EtrMax,Desc,Status,Cause,x,y
"FREEPORT,YARMOUTH",821,3/17/2022 2:45:00 PM,3/17/2022 2:45:00 PM,,Assessing,Investigating,-7804619.74087016,5443168.94159076
CAPE ELIZABETH,3,3/17/2022 1:30:00 PM,3/17/2022 1:30:00 PM,,Assessing,Investigating,-7819395.110118353,5400340.692173358
