BgName,NumOut,EtrMin,EtrMax,Desc,Status,Cause,x,y
HARTFORD,4,2/28/2021 11:30:00 AM,2/28/2021 11:30:00 AM,,Investigating,Investigating,-7833968.141555913,5517666.353423793
NEWCASTLE,4,2/28/2021 10:45:00 AM,2/28/2021 10:45:00 AM,,Assessing,Investigating,-7741536.332433865,5470235.571780123
AUGUSTA,1,2/28/2021 11:30:00 AM,2/28/2021 11:30:00 AM,,Assessing,Investigating,-7772719.526711726,5515320.1424665265
SACO,1,2/28/2021 10:15:00 AM,2/28/2021 10:15:00 AM,,Crew Assigned,Investigating,-7841234.023876265,5388645.99237476
WELLS,15,2/28/2021 11:30:00 AM,2/28/2021 11:30:00 AM,,Assessing,Investigating,-7866150.509676585,5362453.738171546
BELFAST,2,2/28/2021 10:30:00 AM,2/28/2021 10:30:00 AM,,Assessing,Investigating,-7684934.523638816,5533794.950951361
FAIRFIELD,1,2/28/2021 10:15:00 AM,2/28/2021 10:15:00 AM,,Assessing,Investigating,-7751214.092773686,5558319.81805552
BUCKSPORT,1,2/28/2021 10:15:00 AM,2/28/2021 10:15:00 AM,,Assessing,Investigating,-7657279.099685784,5554234.646045231
FRYEBURG,1,2/28/2021 10:00:00 AM,2/28/2021 10:00:00 AM,,Assessing,Investigating,-7902572.321217107,5465286.503790593
