BgName,NumOut,EtrMin,EtrMax,Desc,Status,Cause,x,y
NOBLEBORO,18,7/14/2023 10:00:00 AM,7/14/2023 10:00:00 AM,,Assessing,Investigating,-7738614.084471743,5478363.575786052
RICHMOND,7,7/14/2023 10:00:00 AM,7/14/2023 10:00:00 AM,,Assessing,Investigating,-7778864.173344975,5486871.741713693
