BgName,NumOut,EtrMin,EtrMax,Desc,Status,Cause,x,y
ARROWSIC,16,1/9/2024 12:30:00 PM,1/9/2024 12:30:00 PM,,Assessing,Investigating,-7769736.442645551,5447855.502121476
SEARSPORT,6,1/9/2024 10:45:00 AM,1/9/2024 10:45:00 AM,,Crew Assigned,Investigating,-7673844.8202744275,5536623.329195081
