BgName,NumOut,EtrMin,EtrMax,Desc,Status,Cause,x,y
READFIELD,49,4/20/2023 6:15:00 PM,4/20/2023 6:15:00 PM,,Assessing,Investigating,-7786861.866503904,5524350.287248269
"LIVERMR FL,FAYETTE,CHESTERVILLE,LIVERMORE FALLS",633,4/20/2023 7:00:00 PM,4/20/2023 7:00:00 PM,,Assessing,Tree,-7808059.524296502,5538131.026441064
STETSON,11,4/20/2023 7:15:00 PM,4/20/2023 7:15:00 PM,,Assessing,Investigating,-7695739.104317582,5601472.101285985
