BgName,NumOut,EtrMin,EtrMax,Desc,Status,Cause,x,y
STOW,3,6/27/2023 11:00:00 AM,6/27/2023 11:00:00 AM,,Assessing,Investigating,-7901487.123172985,5488261.858032932
TURNER,13,6/27/2023 11:45:00 AM,6/27/2023 11:45:00 AM,,Assessing,Investigating,-7817866.8048299905,5515684.077221425
