BgName,NumOut,EtrMin,EtrMax,Desc,Status,Cause,x,y
APPLETON,11,2/28/2022 2:15:00 PM,2/28/2022 2:15:00 PM,,Assessing,Investigating,-7708971.685564488,5510255.7682272885
SANFORD,1,2/28/2022 11:45:00 AM,2/28/2022 11:45:00 AM,,Assessing,Investigating,-7885097.721467634,5382832.717113243
