BgName,NumOut,EtrMin,EtrMax,Desc,Status,Cause,x,y
DENMARK,1,7/27/2021 8:30:00 PM,7/27/2021 8:30:00 PM,,Assessing,Investigating,-7880767.938815936,5461210.373501653
WILTON,4,7/27/2021 7:30:00 PM,7/27/2021 7:30:00 PM,,Assessing,Investigating,-7825729.289327199,5554829.593537623
