BgName,NumOut,EtrMin,EtrMax,Desc,Status,Cause,x,y
"DURHAM,BRUNSWICK",151,2/16/2023 10:30:00 PM,2/16/2023 10:30:00 PM,,Assessing,Equipment Interruption,-7799037.402422739,5459739.675861633
BELGRADE,1,2/16/2023 10:45:00 PM,2/16/2023 10:45:00 PM,,Assessing,Investigating,-7781732.865453048,5542371.6608898025
