BgName,NumOut,EtrMin,EtrMax,Desc,Status,Cause,x,y
BOOTHBAY HBR,9,9/28/2023 11:45:00 AM,9/28/2023 11:45:00 AM,,Assessing,Investigating,-7749424.687592436,5440138.740773711
ST GEORGE,56,Assessing,Assessing,,Assessing,Fire/Emergency,-7709814.474339271,5454075.589985603
ST GEORGE,19,Assessing,Assessing,,Assessing,Fire/Emergency,-7709813.594854716,5454077.506519028
"LIVERMORE,JAY,CANTON",85,9/28/2023 11:15:00 AM,9/28/2023 11:15:00 AM,,Assessing,Investigating,-7813839.109855681,5538861.170828702
GREENVILLE,12,9/28/2023 10:45:00 AM,9/28/2023 10:45:00 AM,,Assessing,Investigating,-7741292.275620152,5704940.396134164
STANDISH,8,9/28/2023 10:30:00 AM,9/28/2023 10:30:00 AM,,Assessing,Investigating,-7843604.160567666,5438962.504372289
