BgName,NumOut,EtrMin,EtrMax,Desc,Status,Cause,x,y
"CHINA,ALBION",168,11/8/2024 9:45:00 AM,11/8/2024 9:45:00 AM,,Repairs in Progress,Vehicle Accident,-7737581.128711161,5539969.025536419
POLAND,15,11/8/2024 10:45:00 AM,11/8/2024 10:45:00 AM,,Crew Assigned,Investigating,-7844680.742466299,5472345.059634907
PARIS,75,11/8/2024 3:00:00 PM,11/8/2024 3:00:00 PM,,Repairs in Progress,System Upgrade,-7850380.645523493,5502350.6858251095
WATERVILLE,4,11/8/2024 11:00:00 AM,11/8/2024 11:00:00 AM,,Assessing,Investigating,-7752893.402907089,5551514.467540465
WATERBORO,1,11/8/2024 10:45:00 AM,11/8/2024 10:45:00 AM,,Crew Assigned,Investigating,-7875616.473517073,5397874.036764998
