BgName,NumOut,EtrMin,EtrMax,Desc,Status,Cause,x,y
PHIPPSBURG,9,8/5/2023 11:15:00 AM,8/5/2023 11:15:00 AM,,Assessing,Investigating,-7774440.75977649,5426166.753809165
BROWNFIELD,9,8/5/2023 10:45:00 AM,8/5/2023 10:45:00 AM,,Crew Assigned,Investigating,-7892387.021903817,5456344.670448078
DENMARK,69,8/5/2023 12:00:00 PM,8/5/2023 12:00:00 PM,,Assessing,Investigating,-7873461.361538892,5454727.118440876
LEBANON,1,8/5/2023 11:15:00 AM,8/5/2023 11:15:00 AM,,Crew Assigned,Investigating,-7888020.0028671855,5374228.011144928
