BgName,NumOut,EtrMin,EtrMax,Desc,Status,Cause,x,y
HARPSWELL,33,6/22/2024 1:15:00 PM,6/22/2024 1:15:00 PM,,Crew Assigned,Investigating,-7780532.585378306,5433841.803802851
"DURHAM,FREEPORT,BRUNSWICK",1792,6/22/2024 3:00:00 PM,6/22/2024 3:00:00 PM,,Assessing,Investigating,-7798391.226149291,5463371.01086246
BOWDOINHAM,92,6/22/2024 3:00:00 PM,6/22/2024 3:00:00 PM,,Repairs in Progress,Tree,-7772287.573654243,5473118.196948553
"SANFORD,WELLS,KENNEBUNK,KENNEBUNKPORT",1409,6/22/2024 2:00:00 PM,6/22/2024 2:00:00 PM,,Assessing,Investigating,-7871417.880828299,5374311.24650314
"SANFORD,ALFRED,LYMAN",635,6/22/2024 2:00:00 PM,6/22/2024 2:00:00 PM,,Assessing,Investigating,-7867667.916764763,5373237.948366327
BIDDEFORD,15,6/22/2024 2:00:00 PM,6/22/2024 2:00:00 PM,,Crew Assigned,Investigating,-7844235.575816628,5384716.695919048
