BgName,NumOut,EtrMin,EtrMax,Desc,Status,Cause,x,y
"BRUNSWICK,FREEPORT",141,3/30/2023 5:45:00 AM,3/30/2023 5:45:00 AM,,Assessing,Vehicle Accident,-7793980.057788925,5447236.245190484
HOLLIS,5,3/30/2023 5:00:00 AM,3/30/2023 5:00:00 AM,,Assessing,Investigating,-7866142.105067896,5411788.360518282
