BgName,NumOut,EtrMin,EtrMax,Desc,Status,Cause,x,y
PHIPPSBURG,7,9/2/2023 2:45:00 PM,9/2/2023 2:45:00 PM,,Assessing,Investigating,-7775763.480219268,5438510.857863833
ALFRED,1,9/2/2023 2:30:00 PM,9/2/2023 2:30:00 PM,,Assessing,Investigating,-7872938.493905478,5386138.216494395
