BgName,NumOut,EtrMin,EtrMax,Desc,Status,Cause,x,y
GRAY,3,2/17/2024 1:30:00 PM,2/17/2024 1:30:00 PM,,Assessing,Investigating,-7832222.388241513,5442899.370929159
HOLLIS,4,2/17/2024 1:00:00 PM,2/17/2024 1:00:00 PM,,Crew Assigned,Investigating,-7862958.979862135,5402769.502438899
