BgName,NumOut,EtrMin,EtrMax,Desc,Status,Cause,x,y
GREENWOOD,38,5/20/2022 8:45:00 AM,5/20/2022 8:45:00 AM,,Assessing,Investigating,-7876065.413891313,5523688.163822307
ORLAND,10,5/20/2022 8:00:00 AM,5/20/2022 8:00:00 AM,,Assessing,Investigating,-7647040.790029126,5551811.47242988
"CARMEL,NEWBURGH",70,5/20/2022 9:00:00 AM,5/20/2022 9:00:00 AM,,Assessing,Investigating,-7688790.797712976,5582786.06128494
