BgName,NumOut,EtrMin,EtrMax,Desc,Status,Cause,x,y
BRIGHTON PLT,6,2/13/2024 12:30:00 PM,2/13/2024 12:30:00 PM,,Assessing,Investigating,-7757630.3923135875,5624272.215278092
ARUNDEL,11,2/13/2024 1:00:00 PM,2/13/2024 1:00:00 PM,,Assessing,Investigating,-7850485.6754010515,5377243.591147043
