BgName,NumOut,EtrMin,EtrMax,Desc,Status,Cause,x,y
ARUNDEL,1,7/18/2024 12:15:00 PM,7/18/2024 12:15:00 PM,,Assessing,Investigating,-7847920.974501307,5376804.514083015
"ALFRED,LYMAN",35,7/18/2024 12:30:00 PM,7/18/2024 12:30:00 PM,,Crew Assigned,Investigating,-7869484.483852892,5384772.075027223
RANGELEY,2,7/18/2024 1:15:00 PM,7/18/2024 1:15:00 PM,,Assessing,Investigating,-7866988.467142876,5615747.701076142
