BgName,NumOut,EtrMin,EtrMax,Desc,Status,Cause,x,y
"GREENWOOD,MILTON,RUMFORD,BETHEL,WOODSTOCK",212,7/6/2023 4:00:00 PM,7/6/2023 4:00:00 PM,,Assessing,Vehicle Accident,-7869852.316830018,5527375.504290988
GRAY,70,7/6/2023 1:30:00 PM,7/6/2023 1:30:00 PM,,Assessing,Tree,-7838910.574549863,5447953.999585847
ORLAND,3,7/6/2023 2:45:00 PM,7/6/2023 2:45:00 PM,,Assessing,Investigating,-7647886.027845534,5552803.1315374775
