BgName,NumOut,EtrMin,EtrMax,Desc,Status,Cause,x,y
BRISTOL,50,9/17/2024 3:15:00 PM,9/17/2024 3:15:00 PM,,Assessing,Investigating,-7739848.250280466,5447326.133227578
WISCASSET,17,9/17/2024 3:15:00 PM,9/17/2024 3:15:00 PM,,Assessing,Investigating,-7758328.34324709,5465405.940366513
SACO,37,9/17/2024 1:45:00 PM,9/17/2024 1:45:00 PM,,Repairs in Progress,Investigating,-7846215.025646716,5394985.423487636
WATERBORO,72,9/17/2024 1:00:00 PM,9/17/2024 1:00:00 PM,,Crew Assigned,Investigating,-7873897.544731877,5394395.164480011
PLYMOUTH,2,9/17/2024 2:45:00 PM,9/17/2024 2:45:00 PM,,Crew Assigned,Investigating,-7705751.324073912,5579825.887253024
