BgName,NumOut,EtrMin,EtrMax,Desc,Status,Cause,x,y
WOODSTOCK,11,9/5/2021 10:15:00 PM,9/5/2021 10:15:00 PM,,Assessing,Investigating,-7862047.718534544,5525084.250360413
SACO,14,9/5/2021 11:00:00 PM,9/5/2021 11:00:00 PM,,Crew Assigned,Investigating,-7837989.739805133,5395889.436065851
