BgName,NumOut,EtrMin,EtrMax,Desc,Status,Cause,x,y
GARDINER,26,7/6/2021 3:15:00 PM,7/6/2021 3:15:00 PM,,Assessing,Investigating,-7768496.4882567,5498796.196303767
WOOLWICH,117,7/6/2021 5:00:00 PM,7/6/2021 5:00:00 PM,,Assessing,Vehicle Accident,-7759524.248624497,5466344.66578149
NEWCASTLE,3,7/6/2021 3:30:00 PM,7/6/2021 3:30:00 PM,,Assessing,Investigating,-7744543.962478464,5478750.421153042
"WINTHROP,READFIELD",613,7/6/2021 3:30:00 PM,7/6/2021 3:30:00 PM,,Assessing,Investigating,-7787132.896012681,5513326.282215279
LYMAN,2,7/6/2021 4:15:00 PM,7/6/2021 4:15:00 PM,,Assessing,Investigating,-7863741.310956506,5391115.148654361
SACO,2,7/6/2021 4:00:00 PM,7/6/2021 4:00:00 PM,,Assessing,Investigating,-7840224.523072752,5387871.650304187
FRYEBURG,1,7/6/2021 3:30:00 PM,7/6/2021 3:30:00 PM,,Assessing,Investigating,-7902333.518585282,5479585.722824226
WOOLWICH,5,7/6/2021 5:00:00 PM,7/6/2021 5:00:00 PM,,Assessing,Vehicle Accident,-7760755.152681801,5464624.276496855
