BgName,NumOut,EtrMin,EtrMax,Desc,Status,Cause,x,y
GRAY,105,7/22/2021 5:00:00 PM,7/22/2021 5:00:00 PM,,Assessing,Investigating,-7837198.514253708,5446190.179487194
CASCO,7,7/22/2021 5:45:00 PM,7/22/2021 5:45:00 PM,,Assessing,Investigating,-7850448.750765111,5454448.738709199
"MONMOUTH,WALES",103,7/22/2021 6:00:00 PM,7/22/2021 6:00:00 PM,,Assessing,Investigating,-7794941.368345013,5493874.652554409
"NORRIDGEWOCK,SMITHFIELD,FAIRFIELD,SKOWHEGAN",1410,7/22/2021 5:00:00 PM,7/22/2021 5:00:00 PM,,Assessing,Vehicle Accident,-7766291.950447897,5579319.336349827
UNITY,3,7/22/2021 5:45:00 PM,7/22/2021 5:45:00 PM,,Assessing,Investigating,-7713177.413841328,5552597.741662816
