BgName,NumOut,EtrMin,EtrMax,Desc,Status,Cause,x,y
WILTON,9,11/1/2024 3:00:00 PM,11/1/2024 3:00:00 PM,,Investigating,Investigating,-7814363.775501912,5563523.100369288
HIRAM,4,11/1/2024 3:15:00 PM,11/1/2024 3:15:00 PM,,Crew Assigned,Investigating,-7882343.877628488,5448914.840998769
NAPLES,45,11/1/2024 3:30:00 PM,11/1/2024 3:30:00 PM,,Crew Assigned,Investigating,-7855595.284543293,5459129.840155813
"NORTH YARMOUTH,CUMBERLAND",198,11/1/2024 3:00:00 PM,11/1/2024 3:00:00 PM,,Crew Assigned,Investigating,-7823165.523574324,5442773.464961019
LEBANON,23,11/1/2024 2:15:00 PM,11/1/2024 2:15:00 PM,,Assessing,Investigating,-7896242.895329458,5374810.106955015
WILTON,37,11/1/2024 3:00:00 PM,11/1/2024 3:00:00 PM,,Assessing,Investigating,-7814932.590071432,5563484.128037796
BIDDEFORD,9,11/1/2024 2:00:00 PM,11/1/2024 2:00:00 PM,,Crew Assigned,Investigating,-7834189.559526171,5377489.456244444
