BgName,NumOut,EtrMin,EtrMax,Desc,Status,Cause,x,y
PARSONSFIELD,33,4/23/2021 5:15:00 PM,4/23/2021 5:15:00 PM,,Assessing,Investigating,-7902346.409416152,5432998.435367004
BUXTON,161,4/23/2021 4:00:00 PM,4/23/2021 4:00:00 PM,,Assessing,Investigating,-7859281.85213653,5413891.284349939
KITTERY,7,4/23/2021 4:00:00 PM,4/23/2021 4:00:00 PM,,Assessing,Investigating,-7872192.252512365,5327452.367137767
SEBAGO,78,4/23/2021 5:15:00 PM,4/23/2021 5:15:00 PM,,Assessing,Investigating,-7872025.217622205,5444941.184565965
SACO,8,4/23/2021 6:00:00 PM,4/23/2021 6:00:00 PM,,Assessing,Investigating,-7835254.798026235,5383007.272484275
WOOLWICH,1,4/23/2021 5:00:00 PM,4/23/2021 5:00:00 PM,,Assessing,Investigating,-7767770.841018074,5456202.91957157
