BgName,NumOut,EtrMin,EtrMax,Desc,Status,Cause,x,y
AUGUSTA,14,3/7/2021 9:30:00 AM,3/7/2021 9:30:00 AM,,Assessing,Investigating,-7762484.601243548,5522313.670804354
UNION,1,3/7/2021 9:15:00 AM,3/7/2021 9:15:00 AM,,Assessing,Investigating,-7702972.6448323345,5495665.316865554
