BgName,NumOut,EtrMin,EtrMax,Desc,Status,Cause,x,y
WINTHROP,107,7/23/2024 9:30:00 AM,7/23/2024 9:30:00 AM,,Crew Assigned,Investigating,-7789355.879470792,5513357.877293905
WEST BATH,41,7/23/2024 9:15:00 AM,7/23/2024 9:15:00 AM,,Crew Assigned,Investigating,-7777735.850123607,5448155.9866528
POLAND,41,7/23/2024 8:00:00 AM,7/23/2024 8:00:00 AM,,Crew Assigned,Investigating,-7834332.137537644,5473812.031585717
OXFORD,3,7/23/2024 9:15:00 AM,7/23/2024 9:15:00 AM,,Crew Assigned,Investigating,-7851260.726245413,5493924.094462606
"FRYE ISLAND,RAYMOND,CASCO",2289,7/23/2024 8:15:00 AM,7/23/2024 8:15:00 AM,,Repairs in Progress,Investigating,-7844895.811729384,5450537.149186887
