BgName,NumOut,EtrMin,EtrMax,Desc,Status,Cause,x,y
CAMDEN,8,6/16/2022 11:30:00 AM,6/16/2022 11:30:00 AM,,Investigating,Investigating,-7691450.989611803,5503746.341987532
READFIELD,16,6/16/2022 11:30:00 AM,6/16/2022 11:30:00 AM,,Assessing,Investigating,-7788479.472261257,5520672.156352674
CUMBERLAND,71,6/16/2022 10:45:00 AM,6/16/2022 10:45:00 AM,,Crew Assigned,Investigating,-7825685.407202581,5437958.897862554
