BgName,NumOut,EtrMin,EtrMax,Desc,Status,Cause,x,y
BRIDGTON,74,11/7/2021 9:15:00 AM,11/7/2021 9:15:00 AM,,Assessing,Investigating,-7871096.690666297,5463761.819965821
CORINNA,5,11/7/2021 10:00:00 AM,11/7/2021 10:00:00 AM,,Assessing,Investigating,-7710098.149804785,5608883.269994465
HARTLAND,2,11/7/2021 10:00:00 AM,11/7/2021 10:00:00 AM,,Assessing,Investigating,-7733806.86364344,5601795.488478167
