BgName,NumOut,EtrMin,EtrMax,Desc,Status,Cause,x,y
BREMEN,41,4/14/2023 5:15:00 PM,4/14/2023 5:15:00 PM,,Investigating,Investigating,-7728772.77404288,5465618.159481259
PARSONSFIELD,3,4/14/2023 7:30:00 PM,4/14/2023 7:30:00 PM,,Crew Assigned,Investigating,-7890116.2601594515,5420548.375163768
CHINA,2,4/14/2023 6:45:00 PM,4/14/2023 6:45:00 PM,,Assessing,Investigating,-7744595.99312509,5524748.195088776
