BgName,NumOut,EtrMin,EtrMax,Desc,Status,Cause,x,y
HARPSWELL,44,4/22/2021 11:45:00 AM,4/22/2021 11:45:00 AM,,Assessing,Tree,-7780724.177359339,5437521.386616433
EDGECOMB,13,4/22/2021 12:00:00 PM,4/22/2021 12:00:00 PM,,Assessing,Investigating,-7753333.682686068,5463770.035746801
NORWAY,36,4/22/2021 12:00:00 PM,4/22/2021 12:00:00 PM,,Assessing,Investigating,-7864593.650923543,5499471.739734584
WELLS,2608,4/22/2021 12:15:00 PM,4/22/2021 12:15:00 PM,,Assessing,Tree,-7858611.697720324,5361147.295415449
"RANGELEY,DALLAS PLT",91,4/22/2021 11:00:00 AM,4/22/2021 11:00:00 AM,,Assessing,Investigating,-7864122.613612503,5616734.379863014
DALLAS PLT,3,4/22/2021 11:00:00 AM,4/22/2021 11:00:00 AM,,Assessing,Investigating,-7861282.5417438615,5620126.752609967
RANGELEY PLT,7,4/22/2021 11:30:00 AM,4/22/2021 11:30:00 AM,,Assessing,Investigating,-7865485.80986664,5611140.9356966615
