BgName,NumOut,EtrMin,EtrMax,Desc,Status,Cause,x,y
BOWDOINHAM,14,5/17/2023 4:45:00 PM,5/17/2023 4:45:00 PM,,Investigating,Investigating,-7776404.080250292,5467003.518630824
"FREEPORT,BRUNSWICK",915,5/17/2023 4:00:00 PM,5/17/2023 4:00:00 PM,,Assessing,Investigating,-7802760.471678407,5443423.035671827
AUBURN,22,5/17/2023 4:15:00 PM,5/17/2023 4:15:00 PM,,Assessing,Tree,-7821458.717460058,5479027.183151806
MINOT,19,5/17/2023 3:30:00 PM,5/17/2023 3:30:00 PM,,Crew Assigned,Investigating,-7827962.3806006815,5487658.90339243
"ELIOT,KITTERY,SHAPLEIGH",3083,5/17/2023 4:00:00 PM,5/17/2023 4:00:00 PM,,Assessing,Investigating,-7877960.828546737,5329641.407333967
NEW PORTLAND,26,5/17/2023 3:30:00 PM,5/17/2023 3:30:00 PM,,Assessing,Tree,-7797611.800507482,5609461.2682792125
PHILLIPS,24,5/17/2023 4:30:00 PM,5/17/2023 4:30:00 PM,,Assessing,Investigating,-7831149.524405136,5595483.7457910525
VASSALBORO,39,5/17/2023 3:15:00 PM,5/17/2023 3:15:00 PM,,Assessing,Investigating,-7753404.236969309,5539140.415116624
BRIDGTON,2,5/17/2023 3:30:00 PM,5/17/2023 3:30:00 PM,,Crew Assigned,Investigating,-7868917.667320103,5461400.555781356
