BgName,NumOut,EtrMin,EtrMax,Desc,Status,Cause,x,y
CORINNA,7,6/16/2022 7:00:00 PM,6/16/2022 7:00:00 PM,,Assessing,Investigating,-7709603.356900128,5608750.554924444
NEW SHARON,4,6/16/2022 7:00:00 PM,6/16/2022 7:00:00 PM,,Assessing,Investigating,-7792651.437341285,5571927.596481726
LEXINGTON,33,6/16/2022 7:00:00 PM,6/16/2022 7:00:00 PM,,Assessing,Investigating,-7797067.069698957,5617042.578794354
FREEDOM,17,6/16/2022 7:00:00 PM,6/16/2022 7:00:00 PM,,Assessing,Investigating,-7719543.8645771025,5538633.725674254
"WINSLOW,CHINA,ALBION",192,6/16/2022 6:45:00 PM,6/16/2022 6:45:00 PM,,Assessing,Investigating,-7743194.124578572,5543564.834880981
