BgName,NumOut,EtrMin,EtrMax,Desc,Status,Cause,x,y
DURHAM,20,3/30/2023 2:00:00 PM,3/30/2023 2:00:00 PM,,Investigating,Investigating,-7808902.911140801,5465224.646224585
"MECHANIC FALLS,POLAND",1082,3/30/2023 1:30:00 PM,3/30/2023 1:30:00 PM,,Assessing,Investigating,-7833300.9071085155,5480688.64369408
"POLAND,OXFORD",17,3/30/2023 12:30:00 PM,3/30/2023 12:30:00 PM,,Assessing,Investigating,-7845507.957606908,5475634.937566393
STANDISH,51,3/30/2023 2:15:00 PM,3/30/2023 2:15:00 PM,,Assessing,Investigating,-7859750.885704447,5419555.85575572
