BgName,NumOut,EtrMin,EtrMax,Desc,Status,Cause,x,y
RAYMOND,1,6/28/2022 4:00:00 AM,6/28/2022 4:00:00 AM,,Assessing,Investigating,-7844120.3824613895,5458795.996448453
"FRYEBURG,DENMARK",18,6/28/2022 5:00:00 AM,6/28/2022 5:00:00 AM,,Crew Assigned,Investigating,-7887979.070644883,5473369.403075402
FAIRFIELD,1,6/28/2022 5:00:00 AM,6/28/2022 5:00:00 AM,,Assessing,Investigating,-7746710.774053972,5561864.792945264
