BgName,NumOut,EtrMin,EtrMax,Desc,Status,Cause,x,y
UNITY,1,4/3/2021 5:15:00 PM,4/3/2021 5:15:00 PM,,Assessing,Investigating,-7721874.56081619,5556705.498609735
DAVIS,1,4/4/2021 10:00:00 AM,4/4/2021 10:00:00 AM,,Assessing,Investigating,-7878988.352026056,5632653.664605257
