BgName,NumOut,EtrMin,EtrMax,Desc,Status,Cause,x,y
POLAND,8,7/14/2024 12:30:00 PM,7/14/2024 12:30:00 PM,,Investigating,Investigating,-7836653.203095495,5465049.964384926
ROCKLAND,20,7/14/2024 10:15:00 AM,7/14/2024 10:15:00 AM,,Assessing,Investigating,-7695701.756608033,5488988.2425362645
FRYEBURG,29,7/14/2024 11:45:00 AM,7/14/2024 11:45:00 AM,,Crew Assigned,Investigating,-7900287.021097511,5470108.671442775
MECHANIC FALLS,21,7/14/2024 11:45:00 AM,7/14/2024 11:45:00 AM,,Crew Assigned,Investigating,-7836161.873768202,5481449.121903279
BRIDGTON,6,7/14/2024 1:00:00 PM,7/14/2024 1:00:00 PM,,Repairs in Progress,Investigating,-7883514.346430467,5476910.5334816715
ROCKLAND,8,7/14/2024 11:45:00 AM,7/14/2024 11:45:00 AM,,Crew Assigned,Investigating,-7696612.205325938,5484512.570049474
