BgName,NumOut,EtrMin,EtrMax,Desc,Status,Cause,x,y
GREENE,29,6/18/2022 1:00:00 PM,6/18/2022 1:00:00 PM,,Assessing,Investigating,-7804238.393764405,5485563.135390895
"GORHAM,STANDISH",314,6/18/2022 12:30:00 PM,6/18/2022 12:30:00 PM,,Assessing,Vehicle Accident,-7846125.491315927,5422808.88689709
RANGELEY PLT,7,6/18/2022 12:30:00 PM,6/18/2022 12:30:00 PM,,Assessing,Investigating,-7865485.80986664,5611140.9356966615
SO BERWICK,1,6/18/2022 11:00:00 AM,6/18/2022 11:00:00 AM,,Crew Assigned,Equipment Interruption,-7881838.153186325,5342763.067515702
