BgName,NumOut,EtrMin,EtrMax,Desc,Status,Cause,x,y
SACO,9,4/24/2023 7:30:00 AM,4/24/2023 7:30:00 AM,,Investigating,Investigating,-7842928.681290454,5401068.718100434
AUGUSTA,98,4/24/2023 7:30:00 AM,4/24/2023 7:30:00 AM,,Assessing,Investigating,-7767274.411681484,5516398.933992792
SACO,141,4/24/2023 7:30:00 AM,4/24/2023 7:30:00 AM,,Assessing,Investigating,-7844951.19312707,5400496.507863664
