BgName,NumOut,EtrMin,EtrMax,Desc,Status,Cause,x,y
WATERFORD,4,7/19/2021 11:45:00 AM,7/19/2021 11:45:00 AM,,Assessing,Investigating,-7866285.551351376,5498236.964939411
FRYE ISLND,135,7/19/2021 11:15:00 AM,7/19/2021 11:15:00 AM,,Assessing,Investigating,-7850513.338368846,5441876.36496787
OAKLAND,19,7/19/2021 12:15:00 PM,7/19/2021 12:15:00 PM,,Assessing,Investigating,-7762693.247316082,5548531.45944627
PENOBSCOT,4,7/19/2021 11:15:00 AM,7/19/2021 11:15:00 AM,,Assessing,Investigating,-7650871.449628703,5530129.2791143935
