BgName,NumOut,EtrMin,EtrMax,Desc,Status,Cause,x,y
PITTSTON,32,6/10/2022 4:45:00 PM,6/10/2022 4:45:00 PM,,Assessing,Investigating,-7758875.300447994,5495409.011567419
MONMOUTH,17,6/10/2022 4:45:00 PM,6/10/2022 4:45:00 PM,,Assessing,Investigating,-7790389.848365541,5500405.650752891
YARMOUTH,91,6/10/2022 5:15:00 PM,6/10/2022 5:15:00 PM,,Crew Assigned,Investigating,-7810868.103910579,5434788.310422092
