BgName,NumOut,EtrMin,EtrMax,Desc,Status,Cause,x,y
ST GEORGE,110,3/6/2023 2:45:00 AM,3/6/2023 2:45:00 AM,,Assessing,Investigating,-7704799.698259581,5458242.044938388
"PARIS,OXFORD,HEBRON",206,3/6/2023 2:45:00 AM,3/6/2023 2:45:00 AM,,Assessing,Investigating,-7847911.156210044,5499586.496723649
"SANDBAR TRACT,SANDBAR TRACT TWP,SAPLING",45,3/6/2023 3:00:00 AM,3/6/2023 3:00:00 AM,,Assessing,Investigating,-7762337.581559766,5719397.004840019
MADISON,29,3/6/2023 1:30:00 AM,3/6/2023 1:30:00 AM,,Assessing,Investigating,-7768336.21043086,5594769.076076525
