BgName,NumOut,EtrMin,EtrMax,Desc,Status,Cause,x,y
NOBLEBORO,21,5/26/2023 11:45:00 AM,5/26/2023 11:45:00 AM,,Assessing,Investigating,-7733586.528885805,5481656.342947072
TURNER,20,5/26/2023 12:15:00 PM,5/26/2023 12:15:00 PM,,Assessing,Investigating,-7822616.384530919,5508736.641095146
KENNEBUNKPORT,3,5/26/2023 1:30:00 PM,5/26/2023 1:30:00 PM,,Assessing,Tree,-7842583.093616225,5367438.389935037
BELMONT,3,5/26/2023 11:30:00 AM,5/26/2023 11:30:00 AM,,Assessing,Investigating,-7698814.427742736,5527588.287517663
