BgName,NumOut,EtrMin,EtrMax,Desc,Status,Cause,x,y
HIRAM,9,8/31/2021 3:00:00 PM,8/31/2021 3:00:00 PM,,Assessing,Investigating,-7891433.626208155,5442848.767464226
WINSLOW,1,8/31/2021 4:15:00 PM,8/31/2021 4:15:00 PM,,Assessing,Investigating,-7746984.742452738,5546805.193709699
