BgName,NumOut,EtrMin,EtrMax,Desc,Status,Cause,x,y
BRUNSWICK,80,7/29/2022 12:30:00 AM,7/29/2022 12:30:00 AM,,Assessing,Investigating,-7792589.454653674,5449263.789534015
SHAPLEIGH,19,Assessing,Assessing,,Assessing,Investigating,-7885261.01607066,5405590.852035496
WATERBORO,18,Assessing,Assessing,,Assessing,Investigating,-7872184.9388249265,5403767.276109486
WATERBORO,3,Assessing,Assessing,,Assessing,Investigating,-7879791.410824415,5401235.991988163
BUXTON,4,7/30/2022 12:00:00 AM,7/30/2022 12:00:00 AM,,Assessing,Investigating,-7856965.382623798,5409704.758004048
BALDWIN,46,7/28/2022 11:30:00 PM,7/28/2022 11:30:00 PM,,Assessing,Investigating,-7867590.3938804,5437509.661115368
FALMOUTH,2,7/29/2022 1:00:00 AM,7/29/2022 1:00:00 AM,,Assessing,Equipment Interruption,-7817957.830830654,5421758.859630589
