BgName,NumOut,EtrMin,EtrMax,Desc,Status,Cause,x,y
STANDISH,38,Assessing,Assessing,,Investigating,Investigating,-7863522.746480641,5430195.1681222245
NEW GLOUCESTER,17,7/13/2022 4:30:00 PM,7/13/2022 4:30:00 PM,,Assessing,Investigating,-7833061.002543116,5461980.964787466
STANDISH,55,7/13/2022 5:00:00 PM,7/13/2022 5:00:00 PM,,Assessing,Investigating,-7853450.213705836,5435235.902903432
STANDISH,3,7/13/2022 5:15:00 PM,7/13/2022 5:15:00 PM,,Assessing,Investigating,-7856811.416663886,5435779.262023068
