BgName,NumOut,EtrMin,EtrMax,Desc,Status,Cause,x,y
BRUNSWICK,26,8/1/2024 1:30:00 AM,8/1/2024 1:30:00 AM,,Repairs in Progress,Investigating,-7791467.710397239,5451890.342114504
"WATERFORD,ALBANY",26,8/1/2024 1:15:00 AM,8/1/2024 1:15:00 AM,,Crew Assigned,Investigating,-7877533.261499256,5503103.3782775905
FARMINGTON,48,8/1/2024 2:15:00 AM,8/1/2024 2:15:00 AM,,Assessing,Investigating,-7806454.37518396,5567038.866244496
