BgName,NumOut,EtrMin,EtrMax,Desc,Status,Cause,x,y
POLAND,9,5/22/2023 11:00:00 AM,5/22/2023 11:00:00 AM,,Assessing,Tree,-7843579.514377052,5471579.854142743
LEEDS,6,5/22/2023 1:00:00 AM,5/22/2023 1:00:00 AM,,Assessing,Equipment Interruption,-7811518.143008332,5519780.226692652
NO YARMOUTH,8,5/22/2023 3:00:00 AM,5/22/2023 3:00:00 AM,,Assessing,Equipment Interruption,-7815691.04313512,5445440.567581969
