BgName,NumOut,EtrMin,EtrMax,Desc,Status,Cause,x,y
OWLS HEAD,1,10/2/2021 6:45:00 PM,10/2/2021 6:45:00 PM,,Assessing,Investigating,-7692935.255799817,5478701.417461148
SACO,70,10/2/2021 6:00:00 PM,10/2/2021 6:00:00 PM,,Repairs in Progress,Vehicle Accident,-7849554.498979149,5391475.044644715
PALMYRA,2,10/2/2021 6:00:00 PM,10/2/2021 6:00:00 PM,,Assessing,Investigating,-7722991.317889627,5591489.342806388
