BgName,NumOut,EtrMin,EtrMax,Desc,Status,Cause,x,y
SOUTHPORT,7,7/6/2022 11:15:00 AM,7/6/2022 11:15:00 AM,,Assessing,Tree,-7755136.713320574,5440088.87792847
GEORGETOWN,14,7/6/2022 10:45:00 AM,7/6/2022 10:45:00 AM,,Assessing,Investigating,-7763677.011007729,5444956.331937378
LIVERMORE,115,7/6/2022 11:30:00 AM,7/6/2022 11:30:00 AM,,Assessing,Investigating,-7819313.412760803,5525668.058189807
BERWICK,4,7/6/2022 11:45:00 AM,7/6/2022 11:45:00 AM,,Crew Assigned,Tree,-7884295.787027953,5355808.617322044
"KENNEBUNKPORT,BIDDEFORD",1745,7/6/2022 12:00:00 PM,7/6/2022 12:00:00 PM,,Assessing,Investigating,-7844979.434942869,5386415.387559033
BINGHAM,16,7/6/2022 11:00:00 AM,7/6/2022 11:00:00 AM,,Assessing,Investigating,-7777599.4057785785,5618943.662553699
