BgName,NumOut,EtrMin,EtrMax,Desc,Status,Cause,x,y
BETHEL,5,8/2/2021 12:15:00 AM,8/2/2021 12:15:00 AM,,Assessing,Investigating,-7886648.92519005,5529583.927498433
BIDDEFORD,1,Assessing,Assessing,,Assessing,Investigating,-7852066.144985654,5388100.44108899
"NEW SHARON,VIENNA,CHESTERVILLE",367,8/1/2021 11:30:00 PM,8/1/2021 11:30:00 PM,,Assessing,Investigating,-7796670.004196962,5558180.1813939065
FARMINGTON,17,8/1/2021 11:30:00 PM,8/1/2021 11:30:00 PM,,Assessing,Investigating,-7808305.462416273,5568836.423677785
