BgName,NumOut,EtrMin,EtrMax,Desc,Status,Cause,x,y
LEWISTON,870,9/27/2022 3:30:00 PM,9/27/2022 3:30:00 PM,,Assessing,Investigating,-7814004.174340036,5486240.479030842
CLINTON,49,9/27/2022 3:15:00 PM,9/27/2022 3:15:00 PM,,Assessing,Investigating,-7746053.610580708,5574727.210892076
FARMINGTON,8,9/27/2022 3:30:00 PM,9/27/2022 3:30:00 PM,,Assessing,Investigating,-7803639.706353199,5574591.456271619
