BgName,NumOut,EtrMin,EtrMax,Desc,Status,Cause,x,y
WINDHAM,24,5/15/2021 3:45:00 AM,5/15/2021 3:45:00 AM,,Investigating,Investigating,-7836788.8432402555,5428119.717988754
AUBURN,947,5/15/2021 3:30:00 AM,5/15/2021 3:30:00 AM,,Assessing,Investigating,-7817577.552321157,5480772.3027185695
MONMOUTH,6,5/15/2021 3:30:00 AM,5/15/2021 3:30:00 AM,,Assessing,Investigating,-7800148.493353114,5501968.668355619
