BgName,NumOut,EtrMin,EtrMax,Desc,Status,Cause,x,y
ELIOT,39,9/30/2024 9:00:00 AM,9/30/2024 9:00:00 AM,,Investigating,Investigating,-7882612.800779261,5330755.037310736
YARMOUTH,8,9/30/2024 9:00:00 AM,9/30/2024 9:00:00 AM,,Crew Assigned,Investigating,-7808055.171723935,5428616.653558419
"WINDSOR,CHINA,WHITEFIELD,SOMERVILLE PLT,PALERMO,WASHINGTON,AUGUSTA",1362,9/30/2024 9:30:00 AM,9/30/2024 9:30:00 AM,,Assessing,Investigating,-7743070.148090901,5511424.169232278
DENMARK,91,9/30/2024 8:30:00 AM,9/30/2024 8:30:00 AM,,Assessing,Investigating,-7881237.495469426,5461027.403174345
CASCO,104,9/30/2024 8:30:00 AM,9/30/2024 8:30:00 AM,,Repairs in Progress,Investigating,-7850423.091640551,5465919.389960911
NAPLES,26,9/30/2024 9:00:00 AM,9/30/2024 9:00:00 AM,,Repairs in Progress,Investigating,-7862461.0922930995,5467456.520915782
SACO,23,Assessing,Assessing,,Crew Assigned,Equipment Interruption,-7837034.084179561,5397373.564685357
MONROE,5,9/30/2024 9:00:00 AM,9/30/2024 9:00:00 AM,,Crew Assigned,Investigating,-7691017.065047278,5559501.015148341
