BgName,NumOut,EtrMin,EtrMax,Desc,Status,Cause,x,y
WINTHROP,23,8/5/2024 10:45:00 PM,8/5/2024 10:45:00 PM,,Assessing,Investigating,-7796448.611955505,5511753.823796457
CAPE ELIZABETH,41,8/5/2024 10:45:00 PM,8/5/2024 10:45:00 PM,,Assessing,Investigating,-7815951.742279378,5399893.973512564
CAPE ELIZABETH,1,8/5/2024 11:00:00 PM,8/5/2024 11:00:00 PM,,Assessing,Investigating,-7816686.328424818,5400489.178007122
CAPE ELIZABETH,6,8/5/2024 10:45:00 PM,8/5/2024 10:45:00 PM,,Assessing,Investigating,-7819721.966423421,5402777.556487226
"EUSTIS,COBURN GORE,ALDER STREAM TWP,COPLIN PLT",941,8/5/2024 10:00:00 PM,8/5/2024 10:00:00 PM,,Repairs in Progress,Investigating,-7841311.724860007,5643525.25125837
BIDDEFORD,4,8/5/2024 11:30:00 PM,8/5/2024 11:30:00 PM,,Crew Assigned,Investigating,-7840209.305737436,5381635.964291658
