BgName,NumOut,EtrMin,EtrMax,Desc,Status,Cause,x,y
BOOTHBAY,277,11/4/2024 6:00:00 AM,11/4/2024 6:00:00 AM,,Crew Assigned,Investigating,-7751734.990001295,5446350.585775651
"STONEHAM,LOVELL",28,11/4/2024 5:15:00 AM,11/4/2024 5:15:00 AM,,Assessing,Investigating,-7883516.4614982195,5504517.565619978
LOVELL,16,11/4/2024 5:15:00 AM,11/4/2024 5:15:00 AM,,Repairs in Progress,Investigating,-7886653.233312858,5503194.763587782
