BgName,NumOut,EtrMin,EtrMax,Desc,Status,Cause,x,y
BERWICK,10,6/18/2024 11:00:00 PM,6/18/2024 11:00:00 PM,,Repairs in Progress,Investigating,-7878248.544935936,5353099.354835742
LEWISTON,8,6/18/2024 10:30:00 PM,6/18/2024 10:30:00 PM,,Repairs in Progress,Investigating,-7813348.914397716,5481960.819193769
