BgName,NumOut,EtrMin,EtrMax,Desc,Status,Cause,x,y
HARPSWELL,12,5/28/2024 12:15:00 AM,5/28/2024 12:15:00 AM,,Assessing,Investigating,-7779994.55597178,5442772.029325958
JEFFERSON,19,5/28/2024 12:45:00 AM,5/28/2024 12:45:00 AM,,Repairs in Progress,Investigating,-7738196.213378564,5494120.871034967
WATERFORD,11,5/27/2024 11:30:00 PM,5/27/2024 11:30:00 PM,,Crew Assigned,Investigating,-7873799.461130454,5489924.916740355
STETSON,26,5/28/2024 12:15:00 AM,5/28/2024 12:15:00 AM,,Assessing,Investigating,-7692032.499192975,5601576.528996963
