BgName,NumOut,EtrMin,EtrMax,Desc,Status,Cause,x,y
ISLESBORO,15,4/3/2021 7:00:00 PM,4/3/2021 7:00:00 PM,,Assessing,Investigating,-7671169.133829956,5508215.779147495
SKOWHEGAN,3,4/3/2021 6:45:00 PM,4/3/2021 6:45:00 PM,,Assessing,Investigating,-7760702.999497995,5584877.432699808
PORTLAND,1,4/3/2021 6:15:00 PM,4/3/2021 6:15:00 PM,,Assessing,Investigating,-7827590.729349123,5416794.000329419
