BgName,NumOut,EtrMin,EtrMax,Desc,Status,Cause,x,y
"BETHEL,MILTON,RUMFORD",46,7/26/2023 12:00:00 AM,7/26/2023 12:00:00 AM,,Assessing,Investigating,-7865063.552763459,5531736.52038702
NORWAY,33,7/24/2023 10:00:00 PM,7/24/2023 10:00:00 PM,,Assessing,Investigating,-7854948.596296708,5496271.500928454
LIMINGTON,334,7/24/2023 10:00:00 PM,7/24/2023 10:00:00 PM,,Assessing,Investigating,-7871275.057842582,5423481.422262382
"FREEMAN,AVON",9,7/26/2023 12:00:00 AM,7/26/2023 12:00:00 AM,,Assessing,Investigating,-7819347.131407736,5596861.946614435
