BgName,NumOut,EtrMin,EtrMax,Desc,Status,Cause,x,y
BRISTOL,1,3/6/2024 10:30:00 AM,3/6/2024 10:30:00 AM,,Crew Assigned,Investigating,-7734324.131908542,5449669.67955283
CANAAN,2,3/6/2024 10:45:00 AM,3/6/2024 10:45:00 AM,,Repairs in Progress,Investigating,-7741725.408598518,5577284.109808783
OLD ORCHARD BEACH,14,3/6/2024 11:00:00 AM,3/6/2024 11:00:00 AM,,Crew Assigned,Investigating,-7833863.148519598,5391365.2812590245
