BgName,NumOut,EtrMin,EtrMax,Desc,Status,Cause,x,y
LIMINGTON,5,7/21/2024 7:45:00 PM,7/21/2024 7:45:00 PM,,Assessing,Investigating,-7869999.325401356,5430470.041588735
LIMINGTON,38,7/21/2024 7:45:00 PM,7/21/2024 7:45:00 PM,,Assessing,Investigating,-7870400.120078042,5431830.110182403
LIMINGTON,9,7/21/2024 8:00:00 PM,7/21/2024 8:00:00 PM,,Assessing,Investigating,-7869447.247467959,5431906.603168133
LIMINGTON,50,7/21/2024 7:45:00 PM,7/21/2024 7:45:00 PM,,Assessing,Investigating,-7869431.740708647,5429713.368235167
