BgName,NumOut,EtrMin,EtrMax,Desc,Status,Cause,x,y
SIDNEY,2,7/12/2021 9:00:00 AM,7/12/2021 9:00:00 AM,,Assessing,Investigating,-7767271.806865479,5532288.002509563
WEST GARDINER,2,7/12/2021 9:00:00 AM,7/12/2021 9:00:00 AM,,Assessing,Investigating,-7773990.0828582505,5500915.5657886965
GORHAM,1,7/12/2021 8:30:00 AM,7/12/2021 8:30:00 AM,,Assessing,Investigating,-7841290.017559382,5410749.861776495
