BgName,NumOut,EtrMin,EtrMax,Desc,Status,Cause,x,y
FREEPORT,3,5/1/2021 5:00:00 PM,5/1/2021 5:00:00 PM,,Crew Assigned,Investigating,-7801903.767926254,5443487.8609082475
"NAPLES,BRIDGTON",3,5/1/2021 3:30:00 PM,5/1/2021 3:30:00 PM,,Assessing,Investigating,-7860454.54733089,5460954.147986242
"NAPLES,BRIDGTON",278,5/1/2021 3:00:00 PM,5/1/2021 3:00:00 PM,,Assessing,Investigating,-7860600.131007103,5460867.900748807
SO BERWICK,2,5/1/2021 5:15:00 PM,5/1/2021 5:15:00 PM,,Crew Assigned,Investigating,-7880891.581329734,5344824.617223347
