BgName,NumOut,EtrMin,EtrMax,Desc,Status,Cause,x,y
"POLAND,OXFORD",349,8/20/2022 5:15:00 PM,8/20/2022 5:15:00 PM,,Assessing,Investigating,-7841461.605446476,5471156.735808123
LYMAN,787,8/20/2022 5:15:00 PM,8/20/2022 5:15:00 PM,,Assessing,Investigating,-7857989.098941118,5389313.699224164
RANGELEY,11,8/20/2022 3:45:00 PM,8/20/2022 3:45:00 PM,,Assessing,Investigating,-7870151.076081337,5614991.106965319
CASCO,1,8/20/2022 4:45:00 PM,8/20/2022 4:45:00 PM,,Repairs in Progress,Investigating,-7851641.483390728,5467027.927765296
