BgName,NumOut,EtrMin,EtrMax,Desc,Status,Cause,x,y
LIBERTY,50,7/13/2024 2:00:00 AM,7/13/2024 2:00:00 AM,,Crew Assigned,Investigating,-7716198.201815805,5525618.786827911
"FAYETTE,CHESTERVILLE,LIVERMORE FALLS",628,7/13/2024 2:00:00 AM,7/13/2024 2:00:00 AM,,Assessing,Investigating,-7808044.418285808,5537761.234337888
MERCER,8,7/13/2024 12:15:00 AM,7/13/2024 12:15:00 AM,,Repairs in Progress,Investigating,-7780121.393362142,5575722.942820667
