BgName,NumOut,EtrMin,EtrMax,Desc,Status,Cause,x,y
GREENWOOD,27,7/31/2024 7:30:00 PM,7/31/2024 7:30:00 PM,,Repairs in Progress,Vehicle Accident,-7859969.561705158,5515486.260028381
GORHAM,17,7/31/2024 9:00:00 PM,7/31/2024 9:00:00 PM,,Crew Assigned,Investigating,-7843023.028308892,5419438.675499921
"STANDISH,BALDWIN",24,7/31/2024 6:15:00 PM,7/31/2024 6:15:00 PM,,Repairs in Progress,Investigating,-7865590.038246942,5434135.970765736
STANDISH,46,7/31/2024 7:30:00 PM,7/31/2024 7:30:00 PM,,Assessing,Investigating,-7856488.768169328,5428155.973414426
TAUNTON-RAYNHAM,3,7/31/2024 7:30:00 PM,7/31/2024 7:30:00 PM,,Assessing,Investigating,-7771288.971050913,5725900.546919548
