BgName,NumOut,EtrMin,EtrMax,Desc,Status,Cause,x,y
BRUNSWICK,51,10/6/2023 1:00:00 PM,10/6/2023 1:00:00 PM,,Assessing,Equipment Interruption,-7788825.642487632,5449100.721771676
POLAND,64,10/6/2023 1:00:00 PM,10/6/2023 1:00:00 PM,,Assessing,Investigating,-7828908.562821091,5476218.865857706
"ROCKWOOD,TOMHEGAN",259,10/6/2023 12:45:00 PM,10/6/2023 12:45:00 PM,,Assessing,Investigating,-7767673.703575852,5729344.204373442
