BgName,NumOut,EtrMin,EtrMax,Desc,Status,Cause,x,y
BOOTHBAY,11,4/12/2024 10:15:00 PM,4/12/2024 10:15:00 PM,,Crew Assigned,Investigating,-7747588.238847436,5444395.848586673
WAYNE,7,4/12/2024 10:45:00 PM,4/12/2024 10:45:00 PM,,Assessing,Investigating,-7800000.1156490715,5522237.229594642
POLAND,24,Assessing,Assessing,,Crew Assigned,Investigating,-7832769.345442418,5467798.620424549
WATERBORO,3,4/12/2024 9:45:00 PM,4/12/2024 9:45:00 PM,,Assessing,Investigating,-7873751.170670843,5392734.944087522
GRAY,2,4/12/2024 10:45:00 PM,4/12/2024 10:45:00 PM,,Assessing,Investigating,-7833731.413045995,5457291.020403855
