BgName,NumOut,EtrMin,EtrMax,Desc,Status,Cause,x,y
WISCASSET,29,8/12/2023 9:45:00 AM,8/12/2023 9:45:00 AM,,Assessing,Investigating,-7760232.87510894,5470053.675524614
YARMOUTH,71,8/12/2023 9:45:00 AM,8/12/2023 9:45:00 AM,,Assessing,Investigating,-7812014.906218683,5433025.329210792
YORK,14,8/12/2023 9:00:00 AM,8/12/2023 9:00:00 AM,,Assessing,Investigating,-7876184.447845976,5339683.551493119
FARMINGTON,10,8/12/2023 10:00:00 AM,8/12/2023 10:00:00 AM,,Assessing,Investigating,-7802443.956950403,5571015.786211707
