BgName,NumOut,EtrMin,EtrMax,Desc,Status,Cause,x,y
NEW GLOUCESTER,1,9/19/2022 7:00:00 AM,9/19/2022 7:00:00 AM,,Assessing,Investigating,-7824785.478161108,5458039.434167848
LEEDS,26,9/19/2022 6:00:00 AM,9/19/2022 6:00:00 AM,,Assessing,Tree,-7812611.83466078,5518520.30573801
