BgName,NumOut,EtrMin,EtrMax,Desc,Status,Cause,x,y
DAYTON,120,8/18/2023 12:45:00 PM,8/18/2023 12:45:00 PM,,Assessing,Investigating,-7853375.440399543,5395120.846164534
"YORK,OGUNQUIT",716,8/18/2023 2:30:00 PM,8/18/2023 2:30:00 PM,,Assessing,Investigating,-7858796.7886236105,5348772.632771281
