BgName,NumOut,EtrMin,EtrMax,Desc,Status,Cause,x,y
HARPSWELL,1,10/8/2022 12:30:00 PM,10/8/2022 12:30:00 PM,,Assessing,Investigating,-7782484.439015352,5433727.171672805
O O BEACH,121,10/8/2022 1:45:00 PM,10/8/2022 1:45:00 PM,,Assessing,Investigating,-7834928.476019293,5390674.876985734
