BgName,NumOut,EtrMin,EtrMax,Desc,Status,Cause,x,y
PARIS,9,1/3/2023 10:00:00 PM,1/3/2023 10:00:00 PM,,Assessing,Fire/Emergency,-7852366.485006599,5503677.950067488
ELIOT,2,1/3/2023 9:30:00 PM,1/3/2023 9:30:00 PM,,Crew Assigned,Investigating,-7878831.714375269,5338533.568896427
SACO,2,1/3/2023 10:30:00 PM,1/3/2023 10:30:00 PM,,Assessing,Investigating,-7843212.961633107,5393126.225749536
