BgName,NumOut,EtrMin,EtrMax,Desc,Status,Cause,x,y
UNION,69,10/5/2024 8:00:00 PM,10/5/2024 8:00:00 PM,,Repairs in Progress,Investigating,-7714035.130527424,5498952.011235056
ACTON,1,10/5/2024 9:00:00 PM,10/5/2024 9:00:00 PM,,Crew Assigned,Investigating,-7894711.729138405,5400173.339120078
KENNEBUNKPORT,5,10/5/2024 8:15:00 PM,10/5/2024 8:15:00 PM,,Repairs in Progress,Investigating,-7838594.471783033,5372796.824143958
