BgName,NumOut,EtrMin,EtrMax,Desc,Status,Cause,x,y
GRAY,9,8/6/2022 11:45:00 PM,8/6/2022 11:45:00 PM,,Assessing,Investigating,-7836813.460098034,5449285.200491031
STANDISH,16,8/7/2022 12:30:00 AM,8/7/2022 12:30:00 AM,,Assessing,Investigating,-7865180.772186818,5422153.435619492
