BgName,NumOut,EtrMin,EtrMax,Desc,Status,Cause,x,y
"HARPSWELL,BAILEY ISLAND,ORRS ISLAND",1240,3/30/2023 11:15:00 AM,3/30/2023 11:15:00 AM,,Assessing,Investigating,-7785389.298912093,5433770.630858892
"POLAND,OXFORD",17,3/30/2023 12:00:00 PM,3/30/2023 12:00:00 PM,,Assessing,Investigating,-7845507.957606908,5475634.937566393
SEBAGO,62,3/30/2023 12:30:00 PM,3/30/2023 12:30:00 PM,,Assessing,Investigating,-7863084.013933741,5442769.250655707
