BgName,NumOut,EtrMin,EtrMax,Desc,Status,Cause,x,y
DRESDEN,1,4/13/2024 4:15:00 PM,4/13/2024 4:15:00 PM,,Assessing,Investigating,-7765850.535197791,5471384.768852469
SOUTH BERWICK,2,4/13/2024 3:30:00 PM,4/13/2024 3:30:00 PM,,Crew Assigned,Investigating,-7881355.995125962,5345308.593205025
ACTON,3,4/13/2024 4:15:00 PM,4/13/2024 4:15:00 PM,,Crew Assigned,Investigating,-7898061.922571642,5401906.85142872
