BgName,NumOut,EtrMin,EtrMax,Desc,Status,Cause,x,y
BRIDGTON,12,6/27/2023 4:30:00 PM,6/27/2023 4:30:00 PM,,Assessing,Investigating,-7869542.392279502,5481337.118767765
WATERFORD,16,6/27/2023 4:15:00 PM,6/27/2023 4:15:00 PM,,Assessing,Investigating,-7870428.729205037,5494659.202938888
NAPLES,11,6/27/2023 5:00:00 PM,6/27/2023 5:00:00 PM,,Assessing,Investigating,-7858024.721118994,5456966.025353102
"WINDHAM,FALMOUTH",44,6/27/2023 6:45:00 PM,6/27/2023 6:45:00 PM,,Assessing,Investigating,-7833249.421872463,5428188.047122618
WELLS,98,6/27/2023 4:30:00 PM,6/27/2023 4:30:00 PM,,Assessing,Investigating,-7870269.408750938,5362244.845575961
MONTVILLE,4,6/27/2023 4:30:00 PM,6/27/2023 4:30:00 PM,,Assessing,Investigating,-7707395.913638762,5531286.527300879
 ,1,6/27/2023 4:30:00 PM,6/27/2023 4:30:00 PM,,Assessing,Investigating,-7783832.996782175,5570222.770447724
