BgName,NumOut,EtrMin,EtrMax,Desc,Status,Cause,x,y
TOPSHAM,10,6/15/2022 7:00:00 PM,6/15/2022 7:00:00 PM,,Assessing,Investigating,-7787691.2969244495,5461238.494514097
PORTLAND,9,6/15/2022 6:00:00 PM,6/15/2022 6:00:00 PM,,Assessing,Investigating,-7823577.249788511,5420261.032042106
