BgName,NumOut,EtrMin,EtrMax,Desc,Status,Cause,x,y
KENNEBUNK,37,9/8/2021 11:15:00 AM,9/8/2021 11:15:00 AM,,Crew Assigned,Investigating,-7848659.2342592385,5364581.679996072
"CARRABASSETT VAL,CARRABASSETT VALLEY",184,9/8/2021 11:00:00 AM,9/8/2021 11:00:00 AM,,Assessing,Investigating,-7830167.263495802,5631378.733773229
YORK,1,9/8/2021 10:00:00 AM,9/8/2021 10:00:00 AM,,Crew Assigned,Investigating,-7860343.094262779,5341842.039238079
