BgName,NumOut,EtrMin,EtrMax,Desc,Status,Cause,x,y
BRIDGTON,4,6/25/2023 11:15:00 AM,6/25/2023 11:15:00 AM,,Assessing,Investigating,-7876851.351723303,5478787.367650543
MEXICO,2,6/25/2023 10:00:00 AM,6/25/2023 10:00:00 AM,,Assessing,Investigating,-7849808.084860343,5549322.255533569
ISLESBORO,42,6/25/2023 10:00:00 AM,6/25/2023 10:00:00 AM,,Assessing,Tree,-7670333.58085541,5513327.277757213
PARKMAN,6,6/25/2023 10:00:00 AM,6/25/2023 10:00:00 AM,,Assessing,Investigating,-7732132.128631737,5632815.829726501
"PARKMAN,WELLINGTON",37,6/25/2023 10:00:00 AM,6/25/2023 10:00:00 AM,,Assessing,Investigating,-7734745.810063605,5637659.824639641
UNITY,3,6/25/2023 10:00:00 AM,6/25/2023 10:00:00 AM,,Assessing,Investigating,-7713177.413841328,5552597.741662816
"WINSLOW,BENTON",50,6/25/2023 11:15:00 AM,6/25/2023 11:15:00 AM,,Assessing,Investigating,-7740708.082034321,5551456.370534015
