BgName,NumOut,EtrMin,EtrMax,Desc,Status,Cause,x,y
"BRUNSWICK,FREEPORT",192,6/2/2023 2:00:00 PM,6/2/2023 2:00:00 PM,,Assessing,Investigating,-7794168.1431444,5451608.494139849
WINDHAM,64,6/2/2023 4:00:00 PM,6/2/2023 4:00:00 PM,,Assessing,System Upgrade,-7838788.9580040695,5441322.829443553
WINDHAM,2,6/2/2023 2:30:00 PM,6/2/2023 2:30:00 PM,,Assessing,Investigating,-7835623.733037047,5421168.875340233
SO PORTLAND,7,6/2/2023 2:30:00 PM,6/2/2023 2:30:00 PM,,Assessing,Investigating,-7820602.748530516,5409405.016142106
