BgName,NumOut,EtrMin,EtrMax,Desc,Status,Cause,x,y
BOOTHBAY,21,6/4/2024 10:15:00 PM,6/4/2024 10:15:00 PM,,Crew Assigned,Investigating,-7747249.3711960595,5447604.127575709
"VASSALBORO,WINDSOR",211,6/4/2024 9:15:00 PM,6/4/2024 9:15:00 PM,,Repairs in Progress,Investigating,-7749966.835809841,5524677.138303548
VASSALBORO,12,6/4/2024 10:30:00 PM,6/4/2024 10:30:00 PM,,Assessing,Investigating,-7749959.666784349,5524685.175309449
SACO,20,6/4/2024 10:30:00 PM,6/4/2024 10:30:00 PM,,Crew Assigned,Investigating,-7842898.5508604115,5389434.535074107
