BgName,NumOut,EtrMin,EtrMax,Desc,Status,Cause,x,y
PARSONSFIELD,35,5/24/2024 5:30:00 PM,5/24/2024 5:30:00 PM,,Repairs in Progress,Investigating,-7902346.409416152,5432998.435367004
"WISCASSET,PITTSTON,ALNA,DRESDEN",709,5/24/2024 6:15:00 PM,5/24/2024 6:15:00 PM,,Crew Assigned,Investigating,-7755858.776046452,5469978.134354337
CHINA,2,5/24/2024 6:15:00 PM,5/24/2024 6:15:00 PM,,Assessing,Investigating,-7739696.232401368,5535148.56567831
LIMINGTON,28,5/24/2024 5:30:00 PM,5/24/2024 5:30:00 PM,,Repairs in Progress,Investigating,-7865272.655246932,5424378.751773514
"NORTH BERWICK,SANFORD",32,5/24/2024 5:45:00 PM,5/24/2024 5:45:00 PM,,Crew Assigned,Investigating,-7874802.327306712,5366606.563869568
YORK,42,5/24/2024 7:45:00 PM,5/24/2024 7:45:00 PM,,Repairs in Progress,Tree,-7858680.526572002,5341510.47658436
"THORNDIKE,FREEDOM,UNITY,MONTVILLE,KNOX",851,5/24/2024 7:00:00 PM,5/24/2024 7:00:00 PM,,Crew Assigned,Investigating,-7711880.252411041,5555219.802671929
