BgName,NumOut,EtrMin,EtrMax,Desc,Status,Cause,x,y
VERONA,18,7/20/2022 4:00:00 PM,7/20/2022 4:00:00 PM,,Assessing,Investigating,-7658429.731280661,5551303.342485703
INDUSTRY,5,7/20/2022 3:45:00 PM,7/20/2022 3:45:00 PM,,Assessing,Investigating,-7802522.659855759,5577541.915214367
