BgName,NumOut,EtrMin,EtrMax,Desc,Status,Cause,x,y
YARMOUTH,90,7/3/2023 10:15:00 AM,7/3/2023 10:15:00 AM,,Assessing,Investigating,-7807488.900601721,5428057.995688117
NORWAY,25,7/3/2023 12:00:00 PM,7/3/2023 12:00:00 PM,,Crew Assigned,Investigating,-7858325.194689448,5504223.216595315
NEWFIELD,49,7/3/2023 10:30:00 AM,7/3/2023 10:30:00 AM,,Assessing,Tree,-7899487.7137988275,5414202.852180643
