BgName,NumOut,EtrMin,EtrMax,Desc,Status,Cause,x,y
WESTPORT,2,6/18/2021 8:15:00 AM,6/18/2021 8:15:00 AM,,Assessing,Investigating,-7754572.379166731,5463070.786718534
BROWNFIELD,1,6/18/2021 8:30:00 AM,6/18/2021 8:30:00 AM,,Assessing,Investigating,-7887414.714266167,5458625.491512103
LEWISTON,27,6/18/2021 8:45:00 AM,6/18/2021 8:45:00 AM,,Assessing,Investigating,-7813084.8089401955,5479395.302807108
