BgName,NumOut,EtrMin,EtrMax,Desc,Status,Cause,x,y
WATERBORO,24,12/8/2022 4:00:00 PM,12/8/2022 4:00:00 PM,,Assessing,Investigating,-7873124.753717315,5395712.257257378
BRISTOL,2,12/8/2022 4:00:00 PM,12/8/2022 4:00:00 PM,,Assessing,Tree,-7739314.606883934,5448645.272011188
