BgName,NumOut,EtrMin,EtrMax,Desc,Status,Cause,x,y
WEST GARDINER,10,3/25/2022 8:00:00 AM,3/25/2022 8:00:00 AM,,Assessing,Investigating,-7780730.032714218,5503475.96398232
MONMOUTH,73,3/25/2022 5:45:00 AM,3/25/2022 5:45:00 AM,,Assessing,Investigating,-7797867.724005565,5503818.416719399
CUMBERLAND,29,3/25/2022 5:00:00 AM,3/25/2022 5:00:00 AM,,Assessing,Investigating,-7823685.563642363,5438365.601141406
"CORINNA,EXETER",245,3/25/2022 5:45:00 AM,3/25/2022 5:45:00 AM,,Assessing,Vehicle Accident,-7709876.913437827,5609224.986409573
OAKLAND,112,3/25/2022 5:30:00 AM,3/25/2022 5:30:00 AM,,Assessing,Investigating,-7766001.284056264,5558550.523354078
