BgName,NumOut,EtrMin,EtrMax,Desc,Status,Cause,x,y
JEFFERSON,1,7/26/2023 2:15:00 PM,7/26/2023 2:15:00 PM,,Assessing,Investigating,-7740940.673012401,5498762.16649839
CAPE ELIZABETH,3,7/26/2023 1:00:00 PM,7/26/2023 1:00:00 PM,,Assessing,System Upgrade,-7815834.378093968,5406577.6128555965
WELLS,9,7/26/2023 1:15:00 PM,7/26/2023 1:15:00 PM,,Assessing,Investigating,-7856929.025623314,5360818.502479466
GARLAND,2,7/26/2023 1:15:00 PM,7/26/2023 1:15:00 PM,,Assessing,Investigating,-7706523.046392095,5634424.587436705
