BgName,NumOut,EtrMin,EtrMax,Desc,Status,Cause,x,y
BRIDGTON,63,7/26/2021 5:00:00 AM,7/26/2021 5:00:00 AM,,Assessing,Investigating,-7874722.388718048,5483930.144452791
NEWFIELD,226,7/26/2021 6:00:00 AM,7/26/2021 6:00:00 AM,,Assessing,Investigating,-7896785.332970859,5404576.785848639
