BgName,NumOut,EtrMin,EtrMax,Desc,Status,Cause,x,y
BETHEL,18,8/17/2021 8:00:00 PM,8/17/2021 8:00:00 PM,,Assessing,Investigating,-7870218.880786517,5529919.553363005
ELIOT,72,8/17/2021 8:45:00 PM,8/17/2021 8:45:00 PM,,Crew Assigned,Investigating,-7883967.984563691,5332939.446948054
