BgName,NumOut,EtrMin,EtrMax,Desc,Status,Cause,x,y
EDGECOMB,4,9/24/2024 12:15:00 PM,9/24/2024 12:15:00 PM,,Crew Assigned,Investigating,-7755273.970275294,5456543.842725311
FREEPORT,44,9/24/2024 2:15:00 PM,9/24/2024 2:15:00 PM,,Assessing,Investigating,-7804160.559131048,5443092.061810497
HARRISON,26,9/24/2024 1:45:00 PM,9/24/2024 1:45:00 PM,,Crew Assigned,Investigating,-7866216.80038689,5477672.077401768
MONMOUTH,6,9/24/2024 1:30:00 PM,9/24/2024 1:30:00 PM,,Crew Assigned,Investigating,-7789667.651990047,5501899.963889742
SCARBOROUGH,2,9/24/2024 2:15:00 PM,9/24/2024 2:15:00 PM,,Assessing,Investigating,-7837084.356057302,5404166.511000387
WILTON,27,9/24/2024 1:45:00 PM,9/24/2024 1:45:00 PM,,Assessing,Investigating,-7820246.069740135,5560613.952076481
