BgName,NumOut,EtrMin,EtrMax,Desc,Status,Cause,x,y
"LISBON,LEWISTON",1464,4/9/2023 2:00:00 AM,4/9/2023 2:00:00 AM,,Assessing,Investigating,-7802437.155336212,5469418.5072416
LISBON,178,4/9/2023 2:00:00 AM,4/9/2023 2:00:00 AM,,Assessing,Investigating,-7802742.048253977,5468461.479362689
