BgName,NumOut,EtrMin,EtrMax,Desc,Status,Cause,x,y
LEEDS; GREENE,92,9/1/2024 3:30:00 PM,9/1/2024 3:30:00 PM,,Investigating,Investigating,-7803197.840498664,5499091.997425077
APPLETON,1,9/1/2024 3:30:00 PM,9/1/2024 3:30:00 PM,,Crew Assigned,Investigating,-7713403.926715166,5507585.762695267
PERU,20,9/1/2024 2:15:00 PM,9/1/2024 2:15:00 PM,,Crew Assigned,Investigating,-7837087.239284977,5537390.630631693
