BgName,NumOut,EtrMin,EtrMax,Desc,Status,Cause,x,y
SANFORD,203,1/1/2022 12:15:00 PM,1/1/2022 12:15:00 PM,,Assessing,Investigating,-7874459.71926809,5376112.2506839745
CHESTERVILLE,75,1/1/2022 11:15:00 AM,1/1/2022 11:15:00 AM,,Assessing,Investigating,-7805545.440360811,5552333.628998544
NORWAY,14,1/1/2022 11:30:00 AM,1/1/2022 11:30:00 AM,,Assessing,Investigating,-7851905.121424984,5496098.745034859
