BgName,NumOut,EtrMin,EtrMax,Desc,Status,Cause,x,y
"APPLETON,LIBERTY",17,6/20/2023 4:00:00 PM,6/20/2023 4:00:00 PM,,Assessing,Investigating,-7717554.396031378,5513604.527677883
YARMOUTH,91,6/20/2023 4:30:00 PM,6/20/2023 4:30:00 PM,,Assessing,Investigating,-7810868.103910579,5434788.310422092
