BgName,NumOut,EtrMin,EtrMax,Desc,Status,Cause,x,y
SANFORD,20,5/20/2023 5:30:00 PM,5/20/2023 5:30:00 PM,,Assessing,Investigating,-7871165.975928909,5373287.850461647
GORHAM,83,5/20/2023 7:00:00 PM,5/20/2023 7:00:00 PM,,Assessing,Investigating,-7846523.992825482,5429760.292499438
