BgName,NumOut,EtrMin,EtrMax,Desc,Status,Cause,x,y
OTISFIELD; CASCO,125,1/27/2022 7:45:00 AM,1/27/2022 7:45:00 AM,,Investigating,Investigating,-7849329.765597392,5471399.215655639
WHITEFIELD,58,1/27/2022 8:15:00 AM,1/27/2022 8:15:00 AM,,Investigating,Investigating,-7752668.946335215,5505350.1000409275
"WASHINGTON,APPLETON,SEARSMONT,MONTVILLE,LIBERTY,UNION",2192,1/27/2022 7:45:00 AM,1/27/2022 7:45:00 AM,,Assessing,Investigating,-7723528.323149653,5502377.426188338
"PITTSTON,WHITEFIELD",56,1/27/2022 7:45:00 AM,1/27/2022 7:45:00 AM,,Assessing,Investigating,-7758140.2913290495,5500129.43790149
"WHITEFIELD,PITTSTON",126,1/27/2022 7:45:00 AM,1/27/2022 7:45:00 AM,,Assessing,Investigating,-7755036.347664463,5494235.312554896
CASCO,64,1/27/2022 7:45:00 AM,1/27/2022 7:45:00 AM,,Assessing,Investigating,-7849178.250280893,5470451.783292074
OTISFIELD,36,1/27/2022 7:45:00 AM,1/27/2022 7:45:00 AM,,Assessing,Investigating,-7849960.058189576,5472849.434461922
"OTISFIELD,CASCO",218,1/27/2022 7:45:00 AM,1/27/2022 7:45:00 AM,,Assessing,Investigating,-7849705.2367251795,5472470.658983479
"DOVER-FOXCROFT,DOVER FOXCROFT,GARLAND",150,1/27/2022 8:00:00 AM,1/27/2022 8:00:00 AM,,Assessing,Investigating,-7704825.513258633,5648599.503131633
