BgName,NumOut,EtrMin,EtrMax,Desc,Status,Cause,x,y
NEWCASTLE,4,6/11/2024 8:00:00 AM,6/11/2024 8:00:00 AM,,Crew Assigned,Investigating,-7748182.684910591,5467008.905510953
NEWCASTLE,3,6/11/2024 8:00:00 AM,6/11/2024 8:00:00 AM,,Crew Assigned,Investigating,-7748242.775179702,5466976.324678154
TOPSHAM,21,6/11/2024 9:00:00 AM,6/11/2024 9:00:00 AM,,Crew Assigned,Investigating,-7786450.752475047,5453644.730525363
BERWICK,6,6/11/2024 8:15:00 AM,6/11/2024 8:15:00 AM,,Crew Assigned,Investigating,-7883157.411653527,5348490.363264801
KENNEBUNKPORT,79,6/11/2024 8:30:00 AM,6/11/2024 8:30:00 AM,,Crew Assigned,Investigating,-7844624.303484684,5366468.341748796
