BgName,NumOut,EtrMin,EtrMax,Desc,Status,Cause,x,y
AUGUSTA,1,6/6/2021 9:45:00 AM,6/6/2021 9:45:00 AM,,Assessing,Investigating,-7760314.5501414975,5517099.606820235
FREEPORT,1,6/6/2021 9:00:00 AM,6/6/2021 9:00:00 AM,,Assessing,Investigating,-7808548.7178328475,5436955.061186094
WATERFORD,157,6/6/2021 8:45:00 AM,6/6/2021 8:45:00 AM,,Assessing,Investigating,-7870518.93138346,5491128.5415751
GREENWOOD,2,6/6/2021 8:45:00 AM,6/6/2021 8:45:00 AM,,Assessing,Investigating,-7864022.2590688355,5509460.035284858
SO BERWICK,14,6/6/2021 8:30:00 AM,6/6/2021 8:30:00 AM,,Assessing,Investigating,-7879765.206189174,5346805.466551778
SHAPLEIGH,41,6/6/2021 9:15:00 AM,6/6/2021 9:15:00 AM,,Assessing,Investigating,-7888110.0046212375,5392906.538521583
SACO,33,6/6/2021 8:45:00 AM,6/6/2021 8:45:00 AM,,Assessing,Investigating,-7842494.783856307,5398686.011546006
GORHAM,24,6/6/2021 9:00:00 AM,6/6/2021 9:00:00 AM,,Assessing,Investigating,-7847462.627696877,5422191.156692603
THORNDIKE,1,6/6/2021 8:15:00 AM,6/6/2021 8:15:00 AM,,Assessing,Investigating,-7706768.016027685,5552656.36148491
