BgName,NumOut,EtrMin,EtrMax,Desc,Status,Cause,x,y
 ,1,6/26/2024 9:30:00 PM,6/26/2024 9:30:00 PM,,Crew Assigned,Investigating,-7798006.383530425,5445993.609589742
FREEPORT,4,6/26/2024 11:15:00 PM,6/26/2024 11:15:00 PM,,Crew Assigned,Investigating,-7802425.722837902,5453732.532907948
