BgName,NumOut,EtrMin,EtrMax,Desc,Status,Cause,x,y
SCARBOROUGH,1,8/16/2021 6:45:00 AM,8/16/2021 6:45:00 AM,,Assessing,Investigating,-7836255.281935621,5403939.920735225
"PARKMAN,WELLINGTON",60,8/16/2021 7:45:00 AM,8/16/2021 7:45:00 AM,,Assessing,Investigating,-7731649.336061061,5639043.977326788
SIDNEY,26,8/16/2021 6:45:00 AM,8/16/2021 6:45:00 AM,,Assessing,Investigating,-7764607.564031762,5541094.585063386
STOCKTON SPRINGS,2,8/16/2021 8:15:00 AM,8/16/2021 8:15:00 AM,,Assessing,Investigating,-7666138.439029767,5547703.786703081
HARTLAND,2,8/16/2021 7:15:00 AM,8/16/2021 7:15:00 AM,,Assessing,Investigating,-7732632.409580089,5603861.405518927
