BgName,NumOut,EtrMin,EtrMax,Desc,Status,Cause,x,y
SABATTUS,3,6/29/2023 3:45:00 PM,6/29/2023 3:45:00 PM,,Assessing,Investigating,-7803783.4643856725,5476644.077012048
NORTHPORT,133,6/29/2023 4:30:00 PM,6/29/2023 4:30:00 PM,,Assessing,Vehicle Accident,-7679510.281074628,5524899.0484715905
PITTSFIELD,64,6/29/2023 3:45:00 PM,6/29/2023 3:45:00 PM,,Assessing,Investigating,-7725063.474602078,5587788.864392597
