BgName,NumOut,EtrMin,EtrMax,Desc,Status,Cause,x,y
EDGECOMB,17,3/6/2023 12:00:00 PM,3/6/2023 12:00:00 PM,,Investigating,Investigating,-7751922.159631643,5465637.36618394
NEW GLOUCESTER,81,3/6/2023 10:45:00 AM,3/6/2023 10:45:00 AM,,Assessing,Investigating,-7821548.708101674,5458118.588320034
MONMOUTH,20,3/6/2023 11:45:00 AM,3/6/2023 11:45:00 AM,,Assessing,Investigating,-7790291.998525813,5500846.822571975
NAPLES,9,3/6/2023 12:00:00 PM,3/6/2023 12:00:00 PM,,Assessing,Investigating,-7856593.263848858,5455107.7442929875
SANFORD,73,3/6/2023 11:45:00 AM,3/6/2023 11:45:00 AM,,Assessing,Investigating,-7877047.006852895,5376693.744206418
"SANFORD,LEBANON,NO BERWICK",443,3/6/2023 11:45:00 AM,3/6/2023 11:45:00 AM,,Assessing,Investigating,-7876886.517590357,5375969.840854592
"ROCKWOOD,TOMHEGAN",258,3/6/2023 11:00:00 AM,3/6/2023 11:00:00 AM,,Assessing,Investigating,-7767673.703575852,5729344.204373442
"PROSPECT,STOCKTON SPRINGS",60,3/6/2023 12:30:00 PM,3/6/2023 12:30:00 PM,,Assessing,Tree,-7659669.485345253,5552087.052566937
