BgName,NumOut,EtrMin,EtrMax,Desc,Status,Cause,x,y
BOOTHBAY HARBOR,4,6/30/2024 1:30:00 PM,6/30/2024 1:30:00 PM,,Assessing,Investigating,-7749201.9817804815,5442581.598991597
CAMDEN,54,6/30/2024 11:30:00 AM,6/30/2024 11:30:00 AM,,Repairs in Progress,Investigating,-7688371.746598799,5497994.067849443
WALDOBORO,3,6/30/2024 11:30:00 AM,6/30/2024 11:30:00 AM,,Crew Assigned,Investigating,-7721761.794177584,5485685.721049332
WESTPORT,7,6/30/2024 1:00:00 PM,6/30/2024 1:00:00 PM,,Crew Assigned,Tree,-7760283.313973618,5444374.23294719
FAIRFIELD,4,6/30/2024 1:00:00 PM,6/30/2024 1:00:00 PM,,Crew Assigned,Investigating,-7747380.360834723,5556147.595674757
