BgName,NumOut,EtrMin,EtrMax,Desc,Status,Cause,x,y
PHIPPSBURG,21,7/3/2021 9:30:00 PM,7/3/2021 9:30:00 PM,,Assessing,Investigating,-7776148.879461258,5436992.549837866
"CHESTERVILLE,VIENNA",109,7/3/2021 10:30:00 PM,7/3/2021 10:30:00 PM,,Assessing,Investigating,-7801958.381364231,5551129.509827498
