BgName,NumOut,EtrMin,EtrMax,Desc,Status,Cause,x,y
BRISTOL,9,1/13/2023 1:00:00 PM,1/13/2023 1:00:00 PM,,Assessing,Investigating,-7738952.729473874,5444056.502567012
BROWNFIELD,13,1/13/2023 11:45:00 AM,1/13/2023 11:45:00 AM,,Assessing,Investigating,-7897681.566174957,5454186.998258722
"MINOT,AUBURN",30,1/13/2023 1:00:00 PM,1/13/2023 1:00:00 PM,,Assessing,Investigating,-7826345.787777281,5493979.326799346
"WATERFORD,ALBANY",39,1/13/2023 2:00:00 PM,1/13/2023 2:00:00 PM,,Assessing,Equipment Interruption,-7878124.011825148,5502178.187866436
ACTON,234,1/13/2023 1:00:00 PM,1/13/2023 1:00:00 PM,,Assessing,Investigating,-7894230.294587992,5399071.96758291
ISLESBORO,91,1/13/2023 12:30:00 PM,1/13/2023 12:30:00 PM,,Assessing,Investigating,-7671366.057980171,5505724.029400912
"ORLAND,ELLSWORTH",32,1/13/2023 12:30:00 PM,1/13/2023 12:30:00 PM,,Assessing,Investigating,-7643789.7600061195,5563930.523586594
MADISON,1,1/13/2023 12:30:00 PM,1/13/2023 12:30:00 PM,,Assessing,Investigating,-7777149.819781584,5598076.205698052
PORTLAND,11,1/13/2023 12:30:00 PM,1/13/2023 12:30:00 PM,,Assessing,Equipment Interruption,-7824220.2089605145,5417819.830887076
