BgName,NumOut,EtrMin,EtrMax,Desc,Status,Cause,x,y
CASTINE,3,5/2/2022 12:00:00 PM,5/2/2022 12:00:00 PM,,Assessing,Investigating,-7660006.827989438,5530719.784749948
HARTLAND,4,5/2/2022 12:00:00 PM,5/2/2022 12:00:00 PM,,Assessing,Investigating,-7739139.278709715,5606693.720274179
BERWICK,5,5/2/2022 12:15:00 PM,5/2/2022 12:15:00 PM,,Crew Assigned,Investigating,-7888777.565333875,5355686.918575426
