BgName,NumOut,EtrMin,EtrMax,Desc,Status,Cause,x,y
"SANFORD,LEBANON,NORTH BERWICK",1907,7/15/2024 2:00:00 AM,7/15/2024 2:00:00 AM,,Repairs in Progress,Investigating,-7878209.794656253,5378515.170790604
SANFORD,24,7/15/2024 2:00:00 AM,7/15/2024 2:00:00 AM,,Assessing,Investigating,-7882220.802850252,5373965.101699055
GREENVILLE,55,7/15/2024 2:00:00 AM,7/15/2024 2:00:00 AM,,Repairs in Progress,Investigating,-7740429.872387615,5693790.211903629
