BgName,NumOut,EtrMin,EtrMax,Desc,Status,Cause,x,y
WATERFORD,10,11/8/2023 4:15:00 PM,11/8/2023 4:15:00 PM,,Assessing,Investigating,-7873419.6167068975,5496353.2839097
SOUTH PORTLAND,25,11/8/2023 6:15:00 PM,11/8/2023 6:15:00 PM,,Assessing,Investigating,-7822949.786363492,5407357.427772022
SANFORD,53,11/8/2023 5:45:00 PM,11/8/2023 5:45:00 PM,,Assessing,Investigating,-7869401.350487776,5372642.224084285
