BgName,NumOut,EtrMin,EtrMax,Desc,Status,Cause,x,y
BOOTHBAY,50,1/14/2024 2:15:00 PM,1/14/2024 2:15:00 PM,,Assessing,Investigating,-7746050.449141578,5440451.721336676
DAMARISCOTTA,34,1/14/2024 12:30:00 PM,1/14/2024 12:30:00 PM,,Assessing,Equipment Interruption,-7740126.02584123,5470325.297981883
