BgName,NumOut,EtrMin,EtrMax,Desc,Status,Cause,x,y
STANDISH,6,8/9/2024 3:00:00 AM,8/9/2024 3:00:00 AM,,Assessing,Investigating,-7851736.761751775,5427285.7237027865
JAY,3,8/9/2024 4:00:00 AM,8/9/2024 4:00:00 AM,,Crew Assigned,Investigating,-7818598.396523245,5554704.8251124965
