BgName,NumOut,EtrMin,EtrMax,Desc,Status,Cause,x,y
HARPSWELL,24,12/6/2021 2:30:00 PM,12/6/2021 2:30:00 PM,,Assessing,Investigating,-7792306.55846053,5431607.372997772
READFIELD,2,12/6/2021 2:45:00 PM,12/6/2021 2:45:00 PM,,Assessing,Investigating,-7779545.170299051,5524507.068397259
ETNA,2,12/6/2021 2:45:00 PM,12/6/2021 2:45:00 PM,,Assessing,Investigating,-7694869.47649735,5581859.380636103
CARATUNK,3,12/6/2021 3:15:00 PM,12/6/2021 3:15:00 PM,,Assessing,Investigating,-7790972.706055886,5655283.581227896
PARSONSFIELD,1,12/6/2021 2:45:00 PM,12/6/2021 2:45:00 PM,,Crew Assigned,Investigating,-7899783.434048089,5426897.246496491
