BgName,NumOut,EtrMin,EtrMax,Desc,Status,Cause,x,y
RANGELEY PLT,3,4/17/2021 10:45:00 AM,4/17/2021 10:45:00 AM,,Investigating,Investigating,-7879482.989957232,5606189.611715182
LIVERMORE,7,4/17/2021 9:45:00 AM,4/17/2021 9:45:00 AM,,Assessing,Investigating,-7815687.347297745,5527003.98290273
JAY,11,4/17/2021 10:30:00 AM,4/17/2021 10:30:00 AM,,Assessing,Investigating,-7811745.635478799,5552694.733370351
NEW SHARON,34,4/17/2021 9:15:00 AM,4/17/2021 9:15:00 AM,,Assessing,Investigating,-7788955.774966739,5561010.383561952
NEW SHARON,35,4/17/2021 10:30:00 AM,4/17/2021 10:30:00 AM,,Assessing,Investigating,-7793712.601580347,5564342.509171047
YORK,1,4/17/2021 10:00:00 AM,4/17/2021 10:00:00 AM,,Repairs in Progress,Tree,-7865224.576424241,5329184.548700512
