BgName,NumOut,EtrMin,EtrMax,Desc,Status,Cause,x,y
LIVERMR FL,23,9/14/2021 1:30:00 PM,9/14/2021 1:30:00 PM,,Assessing,Investigating,-7813170.513783995,5539685.793140605
BIDDEFORD,3,9/14/2021 1:45:00 PM,9/14/2021 1:45:00 PM,,Assessing,Investigating,-7835023.620830836,5379319.793308115
NEWPORT,9,9/14/2021 2:15:00 PM,9/14/2021 2:15:00 PM,,Assessing,Investigating,-7713580.924758753,5601881.069384858
