BgName,NumOut,EtrMin,EtrMax,Desc,Status,Cause,x,y
DRESDEN,80,1/3/2022 12:30:00 PM,1/3/2022 12:30:00 PM,,Assessing,Equipment Interruption,-7762466.879104189,5480200.298516471
WELLS,6,1/3/2022 12:00:00 PM,1/3/2022 12:00:00 PM,,Assessing,Investigating,-7857673.196498549,5358539.534377971
