BgName,NumOut,EtrMin,EtrMax,Desc,Status,Cause,x,y
TOPSHAM,23,2/24/2023 6:45:00 PM,2/24/2023 6:45:00 PM,,Assessing,Vehicle Accident,-7792370.85654015,5458929.158229072
 ,2,2/24/2023 4:00:00 PM,2/24/2023 4:00:00 PM,,Crew Assigned,Investigating,-7882222.383619869,5473722.890874622
PORTLAND,14,2/24/2023 4:45:00 PM,2/24/2023 4:45:00 PM,,Assessing,Investigating,-7828019.810291368,5414326.229525115
