BgName,NumOut,EtrMin,EtrMax,Desc,Status,Cause,x,y
EMBDEN,3,5/23/2024 3:30:00 PM,5/23/2024 3:30:00 PM,,Investigating,Investigating,-7781211.678000544,5603814.1934178155
EMBDEN,3,5/23/2024 3:30:00 PM,5/23/2024 3:30:00 PM,,Investigating,Investigating,-7784977.614144306,5603008.492750308
EMBDEN,31,5/23/2024 3:30:00 PM,5/23/2024 3:30:00 PM,,Investigating,Investigating,-7784841.061377898,5607571.553756208
NEWRY,177,5/23/2024 3:00:00 PM,5/23/2024 3:00:00 PM,,Crew Assigned,Investigating,-7880298.6380488975,5541452.325547326
WILTON,2,5/23/2024 3:30:00 PM,5/23/2024 3:30:00 PM,,Assessing,Investigating,-7822604.484409114,5555027.032410542
FARMINGTON,16,5/23/2024 3:30:00 PM,5/23/2024 3:30:00 PM,,Assessing,Investigating,-7814087.140818329,5573481.172957551
"EMBDEN,ANSON,SOLON",896,5/23/2024 3:30:00 PM,5/23/2024 3:30:00 PM,,Assessing,Investigating,-7777949.23840489,5611588.932151336
