BgName,NumOut,EtrMin,EtrMax,Desc,Status,Cause,x,y
NEWCASTLE,3,6/3/2021 1:00:00 PM,6/3/2021 1:00:00 PM,,Assessing,Investigating,-7749181.988798984,5465954.257526638
FALMOUTH,25,6/3/2021 2:00:00 PM,6/3/2021 2:00:00 PM,,Assessing,Investigating,-7815109.877438908,5425195.031270339
BALDWIN,1,6/3/2021 1:00:00 PM,6/3/2021 1:00:00 PM,,Crew Assigned,Investigating,-7877381.744580962,5439271.216715419
