BgName,NumOut,EtrMin,EtrMax,Desc,Status,Cause,x,y
FREEPORT,3,6/12/2023 11:15:00 AM,6/12/2023 11:15:00 AM,,Assessing,Investigating,-7808400.262141499,5444319.591588454
WESTPORT,27,6/12/2023 11:30:00 AM,6/12/2023 11:30:00 AM,,Assessing,Investigating,-7759525.128008941,5452600.6711803675
OTISFIELD,10,6/12/2023 11:30:00 AM,6/12/2023 11:30:00 AM,,Assessing,Investigating,-7850178.812077481,5480264.655332285
