BgName,NumOut,EtrMin,EtrMax,Desc,Status,Cause,x,y
FRYEBURG,25,4/17/2024 2:30:00 PM,4/17/2024 2:30:00 PM,,Crew Assigned,Investigating,-7889387.206607571,5475891.1395055745
BENTON,27,4/17/2024 3:30:00 PM,4/17/2024 3:30:00 PM,,Assessing,Investigating,-7742575.121424556,5555148.257604399
