BgName,NumOut,EtrMin,EtrMax,Desc,Status,Cause,x,y
HARPSWELL,7,8/26/2021 5:00:00 AM,8/26/2021 5:00:00 AM,,Assessing,Investigating,-7785529.127245391,5435256.926426153
BROWNFIELD,2,8/26/2021 6:00:00 AM,8/26/2021 6:00:00 AM,,Assessing,Investigating,-7891310.417780305,5456925.595119355
BUCKFIELD,2,8/26/2021 5:00:00 AM,8/26/2021 5:00:00 AM,,Assessing,Investigating,-7829000.969167008,5507551.0005281605
