BgName,NumOut,EtrMin,EtrMax,Desc,Status,Cause,x,y
BOOTHBAY,26,6/25/2021 3:00:00 PM,6/25/2021 3:00:00 PM,,Assessing,Investigating,-7751987.6852854965,5451854.477149023
WATERBORO,61,6/25/2021 3:00:00 PM,6/25/2021 3:00:00 PM,,Crew Assigned,Investigating,-7880533.132557921,5401923.342271443
DOVER-FOXCROFT,47,6/25/2021 4:00:00 PM,6/25/2021 4:00:00 PM,,Assessing,Investigating,-7706043.994108554,5650440.610153662
