BgName,NumOut,EtrMin,EtrMax,Desc,Status,Cause,x,y
PORTLAND,15,8/31/2021 1:15:00 PM,8/31/2021 1:15:00 PM,,Assessing,Investigating,-7823495.763967768,5420206.333321026
NEW PORTLAND,1,8/31/2021 1:30:00 PM,8/31/2021 1:30:00 PM,,Assessing,Investigating,-7796627.502417598,5613133.117302585
SANFORD,1,8/31/2021 2:15:00 PM,8/31/2021 2:15:00 PM,,Assessing,Investigating,-7876365.4756006915,5375940.890200919
WELLS,1,8/31/2021 1:30:00 PM,8/31/2021 1:30:00 PM,,Crew Assigned,Investigating,-7860300.648145722,5357355.283968889
ETNA,4,8/31/2021 1:45:00 PM,8/31/2021 1:45:00 PM,,Assessing,Investigating,-7691881.79488438,5588170.424416287
SANFORD,1,8/31/2021 1:00:00 PM,8/31/2021 1:00:00 PM,,Assessing,Investigating,-7876261.536544279,5376052.938430745
NORRIDGEWOCK,1,8/31/2021 12:45:00 PM,8/31/2021 12:45:00 PM,,Assessing,Investigating,-7769485.027594529,5575595.067511893
