BgName,NumOut,EtrMin,EtrMax,Desc,Status,Cause,x,y
SOUTHPORT,3,6/18/2021 2:30:00 PM,6/18/2021 2:30:00 PM,,Assessing,Investigating,-7755487.458768761,5441605.180566988
PLYMOUTH,1,6/18/2021 4:00:00 PM,6/18/2021 4:00:00 PM,,Assessing,Investigating,-7705199.646889139,5584093.456634433
