BgName,NumOut,EtrMin,EtrMax,Desc,Status,Cause,x,y
ROCKPORT,27,9/15/2024 8:30:00 AM,9/15/2024 8:30:00 AM,,Repairs in Progress,Investigating,-7694456.837361183,5492502.898705505
PARIS,1,9/15/2024 9:15:00 AM,9/15/2024 9:15:00 AM,,Crew Assigned,Investigating,-7847739.690760018,5503745.549155921
WATERBORO,72,9/15/2024 8:45:00 AM,9/15/2024 8:45:00 AM,,Crew Assigned,Investigating,-7873010.2282097135,5396036.022785792
