BgName,NumOut,EtrMin,EtrMax,Desc,Status,Cause,x,y
"PARIS,NORWAY",21,9/21/2023 12:00:00 AM,9/21/2023 12:00:00 AM,,Crew Assigned,Investigating,-7851145.3435782455,5497630.200359375
FALMOUTH,1,9/21/2023 12:15:00 AM,9/21/2023 12:15:00 AM,,Assessing,Investigating,-7822183.329439742,5428945.319883361
