BgName,NumOut,EtrMin,EtrMax,Desc,Status,Cause,x,y
WISCASSET,52,5/4/2021 1:45:00 PM,5/4/2021 1:45:00 PM,,Investigating,Investigating,-7759645.180303605,5462215.04295032
"ALBANY,MASON,BETHEL,GILEAD,GREENWOOD,STRONG",1921,5/4/2021 3:00:00 PM,5/4/2021 3:00:00 PM,,Assessing,Equipment Interruption,-7880002.951237069,5529500.677499753
MSHE JT TP,6,5/4/2021 3:15:00 PM,5/4/2021 3:15:00 PM,,Assessing,Investigating,-7750602.982155106,5694973.75521721
STRONG,46,5/4/2021 2:00:00 PM,5/4/2021 2:00:00 PM,,Assessing,Investigating,-7812707.6362075135,5580402.941092904
