BgName,NumOut,EtrMin,EtrMax,Desc,Status,Cause,x,y
ALFRED,20,7/19/2023 2:15:00 PM,7/19/2023 2:15:00 PM,,Investigating,Investigating,-7869662.470002632,5378881.7085468285
ALFRED,30,7/19/2023 2:15:00 PM,7/19/2023 2:15:00 PM,,Investigating,Investigating,-7873816.634755772,5390578.425829684
SANFORD,37,7/19/2023 2:15:00 PM,7/19/2023 2:15:00 PM,,Investigating,Investigating,-7872727.1229825625,5377205.740081581
SANFORD,8,7/19/2023 2:15:00 PM,7/19/2023 2:15:00 PM,,Investigating,Investigating,-7869389.554082084,5377534.7408019295
SANFORD,23,7/19/2023 2:15:00 PM,7/19/2023 2:15:00 PM,,Investigating,Investigating,-7876940.551579659,5377855.235927294
SANFORD,39,7/19/2023 2:15:00 PM,7/19/2023 2:15:00 PM,,Investigating,Investigating,-7876140.9213194335,5377298.627203925
SACO,17,7/19/2023 1:30:00 PM,7/19/2023 1:30:00 PM,,Assessing,Investigating,-7835226.656422616,5383554.349450768
"LYMAN,ALFRED,WATERBORO,SHAPLEIGH,SANFORD,WELLS",2046,7/19/2023 2:15:00 PM,7/19/2023 2:15:00 PM,,Assessing,Investigating,-7874709.286450484,5374709.4898404125
