BgName,NumOut,EtrMin,EtrMax,Desc,Status,Cause,x,y
PHIPPSBURG,22,7/2/2024 11:15:00 AM,7/2/2024 11:15:00 AM,,Assessing,Investigating,-7776148.879461258,5436992.549837866
NEWCASTLE,22,7/2/2024 10:15:00 AM,7/2/2024 10:15:00 AM,,Crew Assigned,Investigating,-7741432.05950369,5475483.267908745
ARROWSIC,7,7/2/2024 10:45:00 AM,7/2/2024 10:45:00 AM,,Crew Assigned,Investigating,-7767443.138665886,5443512.963668475
SANFORD,8,7/2/2024 10:15:00 AM,7/2/2024 10:15:00 AM,,Crew Assigned,Investigating,-7869389.550578157,5377534.736666345
ELIOT,7,7/2/2024 11:00:00 AM,7/2/2024 11:00:00 AM,,Crew Assigned,Investigating,-7882476.637248586,5338917.338590454
PITTSFIELD,53,7/2/2024 10:15:00 AM,7/2/2024 10:15:00 AM,,Assessing,Investigating,-7723862.114618415,5588158.833239955
