BgName,NumOut,EtrMin,EtrMax,Desc,Status,Cause,x,y
SACO,1,9/28/2022 3:15:00 AM,9/28/2022 3:15:00 AM,,Assessing,Investigating,-7841772.776792741,5400839.618948597
"SACO,SCARBOROUGH,DAYTON,BIDDEFORD",1850,9/28/2022 3:15:00 AM,9/28/2022 3:15:00 AM,,Assessing,Investigating,-7848380.423439538,5392847.2262827195
SACO,63,9/28/2022 3:15:00 AM,9/28/2022 3:15:00 AM,,Assessing,Investigating,-7844754.380301476,5390604.496173874
