BgName,NumOut,EtrMin,EtrMax,Desc,Status,Cause,x,y
"MOUNT VERNON,MT VERNON",11,2/8/2022 6:45:00 AM,2/8/2022 6:45:00 AM,,Assessing,Investigating,-7793778.502654466,5538191.331359317
LOVELL,41,2/8/2022 7:15:00 AM,2/8/2022 7:15:00 AM,,Assessing,Investigating,-7888470.991534418,5495294.912391737
