BgName,NumOut,EtrMin,EtrMax,Desc,Status,Cause,x,y
JAY,61,2/12/2022 9:30:00 AM,2/12/2022 9:30:00 AM,,Assessing,Investigating,-7815447.542844412,5543068.355833699
OGUNQUIT,7,2/12/2022 9:30:00 AM,2/12/2022 9:30:00 AM,,Crew Assigned,Investigating,-7858103.435136794,5347856.006421768
