BgName,NumOut,EtrMin,EtrMax,Desc,Status,Cause,x,y
LISBON,2,6/9/2022 10:15:00 AM,6/9/2022 10:15:00 AM,,Assessing,Investigating,-7799888.217282472,5470178.221738585
LEWISTON,65,6/9/2022 10:00:00 AM,6/9/2022 10:00:00 AM,,Assessing,Investigating,-7811457.562890848,5480463.494779745
FALMOUTH,3,6/9/2022 10:00:00 AM,6/9/2022 10:00:00 AM,,Crew Assigned,Tree,-7814993.637612179,5425382.406278741
OGUNQUIT,24,6/9/2022 10:15:00 AM,6/9/2022 10:15:00 AM,,Assessing,Investigating,-7861806.40008634,5352422.81215799
OGUNQUIT,19,6/9/2022 10:15:00 AM,6/9/2022 10:15:00 AM,,Crew Assigned,Investigating,-7861487.80372802,5352101.955469236
