BgName,NumOut,EtrMin,EtrMax,Desc,Status,Cause,x,y
"HALLOWELL,FARMINGDALE,WATERVILLE",191,3/28/2024 11:00:00 AM,3/28/2024 11:00:00 AM,,Assessing,Investigating,-7768758.8793951,5507020.75448009
"BUCKFIELD,SUMNER",8,3/28/2024 10:30:00 AM,3/28/2024 10:30:00 AM,,Assessing,Investigating,-7837408.362572115,5513609.708124534
BIDDEFORD,13,3/28/2024 11:15:00 AM,3/28/2024 11:15:00 AM,,Crew Assigned,Investigating,-7840928.35168613,5385894.1163067855
