BgName,NumOut,EtrMin,EtrMax,Desc,Status,Cause,x,y
WASHINGTON,12,5/10/2021 8:15:00 PM,5/10/2021 8:15:00 PM,,Assessing,Investigating,-7721460.17392346,5510346.431830523
WASHINGTON,17,5/10/2021 8:30:00 PM,5/10/2021 8:30:00 PM,,Assessing,Vehicle Accident,-7718229.225981694,5509403.714098222
SKOWHEGAN,3,5/10/2021 9:00:00 PM,5/10/2021 9:00:00 PM,,Assessing,Investigating,-7760522.305717146,5584378.328577923
