BgName,NumOut,EtrMin,EtrMax,Desc,Status,Cause,x,y
BOWDOIN,20,12/1/2023 2:30:00 PM,12/1/2023 2:30:00 PM,,Assessing,Investigating,-7786796.789151915,5481327.305873663
WARREN,10,12/1/2023 2:00:00 PM,12/1/2023 2:00:00 PM,,Assessing,Investigating,-7709578.543822688,5483330.095298863
"WOODSTOCK,GREENWOOD",722,12/1/2023 2:15:00 PM,12/1/2023 2:15:00 PM,,Assessing,Investigating,-7865553.191498196,5525616.637279577
