BgName,NumOut,EtrMin,EtrMax,Desc,Status,Cause,x,y
"MONTVILLE,SEARSMONT",38,7/11/2023 7:30:00 AM,7/11/2023 7:30:00 AM,,Assessing,Investigating,-7710814.05653923,5523633.732700232
JAY,14,7/11/2023 6:00:00 AM,7/11/2023 6:00:00 AM,,Assessing,Investigating,-7810159.844837445,5541408.773634977
SACO,55,7/11/2023 7:00:00 AM,7/11/2023 7:00:00 AM,,Assessing,Investigating,-7836191.18418026,5385507.8498857
WATERBORO,18,7/11/2023 6:15:00 AM,7/11/2023 6:15:00 AM,,Assessing,Investigating,-7868442.021349818,5407425.229472796
NORTHPORT,22,7/11/2023 6:00:00 AM,7/11/2023 6:00:00 AM,,Assessing,Tree,-7681733.6540688155,5517585.506060701
