BgName,NumOut,EtrMin,EtrMax,Desc,Status,Cause,x,y
BERWICK,74,3/21/2021 10:30:00 AM,3/21/2021 10:30:00 AM,,Repairs in Progress,Investigating,-7893201.346313662,5361773.898015526
YORK,70,3/21/2021 10:00:00 AM,3/21/2021 10:00:00 AM,,Assessing,Investigating,-7858798.491830294,5337470.221089754
ELIOT,1,3/21/2021 12:00:00 PM,3/21/2021 12:00:00 PM,,Assessing,Equipment Interruption,-7875670.997755195,5336562.93171136
WISCASSET,1,3/21/2021 11:00:00 AM,3/21/2021 11:00:00 AM,,Assessing,Investigating,-7759052.142617088,5462617.908365952
