BgName,NumOut,EtrMin,EtrMax,Desc,Status,Cause,x,y
TOPSHAM,52,1/8/2024 10:15:00 AM,1/8/2024 10:15:00 AM,,Assessing,Investigating,-7789873.303610388,5460193.634123497
FALMOUTH,5,1/8/2024 10:00:00 AM,1/8/2024 10:00:00 AM,,Assessing,Investigating,-7821082.925072629,5426623.589996517
