BgName,NumOut,EtrMin,EtrMax,Desc,Status,Cause,x,y
JEFFERSON,2,9/20/2022 6:00:00 AM,9/20/2022 6:00:00 AM,,Assessing,Investigating,-7737254.016319421,5499576.897394476
"PORTLAND,FALMOUTH",814,9/20/2022 10:30:00 AM,9/20/2022 10:30:00 AM,,Assessing,Investigating,-7824351.532573052,5419198.252864707
"ARUNDEL,KENNEBUNKPORT",312,9/20/2022 5:45:00 AM,9/20/2022 5:45:00 AM,,Assessing,Tree,-7845505.764651963,5370307.69585622
