BgName,NumOut,EtrMin,EtrMax,Desc,Status,Cause,x,y
SO BRISTOL,2,6/7/2021 11:30:00 AM,6/7/2021 11:30:00 AM,,Assessing,Investigating,-7743904.0868583955,5446344.223251603
FREEPORT,2,6/7/2021 11:15:00 AM,6/7/2021 11:15:00 AM,,Assessing,Investigating,-7799608.861052203,5445794.835500259
READFIELD,1,6/7/2021 11:15:00 AM,6/7/2021 11:15:00 AM,,Assessing,Investigating,-7786598.90762995,5519795.965321954
WISCASSET,17,6/7/2021 12:00:00 PM,6/7/2021 12:00:00 PM,,Assessing,Investigating,-7759671.03444648,5462960.786836055
STANDISH,14,6/7/2021 12:15:00 PM,6/7/2021 12:15:00 PM,,Assessing,Investigating,-7854870.360914728,5431448.009602667
GORHAM,1,6/7/2021 11:00:00 AM,6/7/2021 11:00:00 AM,,Assessing,Investigating,-7839379.6304427665,5410049.856877944
THORNDIKE,4,6/7/2021 11:45:00 AM,6/7/2021 11:45:00 AM,,Assessing,Investigating,-7712795.632549512,5558622.0014381725
WALDOBORO,3,6/7/2021 12:15:00 PM,6/7/2021 12:15:00 PM,,Assessing,Investigating,-7716632.993450982,5482583.724779304
