BgName,NumOut,EtrMin,EtrMax,Desc,Status,Cause,x,y
PARSONSFIELD,27,7/28/2023 1:45:00 AM,7/28/2023 1:45:00 AM,,Assessing,Investigating,-7901818.55469986,5432826.9120597355
HARPSWELL,10,7/28/2023 2:45:00 AM,7/28/2023 2:45:00 AM,,Assessing,Equipment Interruption,-7781741.88234717,5442478.852237974
BOWDOIN,1,7/28/2023 1:15:00 AM,7/28/2023 1:15:00 AM,,Assessing,Investigating,-7784167.734410131,5469597.696846021
YARMOUTH,42,7/28/2023 2:45:00 AM,7/28/2023 2:45:00 AM,,Assessing,Investigating,-7810671.970145169,5434586.816814724
