BgName,NumOut,EtrMin,EtrMax,Desc,Status,Cause,x,y
NAPLES,18,1/1/2022 2:30:00 PM,1/1/2022 2:30:00 PM,,Assessing,Investigating,-7859478.48686275,5463318.205978461
SANFORD,203,1/1/2022 1:15:00 PM,1/1/2022 1:15:00 PM,,Repairs in Progress,Investigating,-7874459.71926809,5376112.2506839745
"GORHAM,SCARBOROUGH",178,1/1/2022 2:45:00 PM,1/1/2022 2:45:00 PM,,Assessing,Vehicle Accident,-7839396.784746459,5409074.630010247
