BgName,NumOut,EtrMin,EtrMax,Desc,Status,Cause,x,y
CHELSEA,185,5/5/2021 6:00:00 PM,5/5/2021 6:00:00 PM,,Assessing,Investigating,-7765141.496852288,5509151.89028127
"CHELSEA,AUGUSTA",571,5/5/2021 6:00:00 PM,5/5/2021 6:00:00 PM,,Assessing,Investigating,-7765147.263207536,5509154.673616537
"CHELSEA,AUGUSTA",1056,5/5/2021 6:00:00 PM,5/5/2021 6:00:00 PM,,Assessing,Investigating,-7765120.813698164,5509185.974310447
