BgName,NumOut,EtrMin,EtrMax,Desc,Status,Cause,x,y
PHIPPSBURG,6,7/3/2021 2:00:00 AM,7/3/2021 2:00:00 AM,,Assessing,Investigating,-7772352.973867662,5436392.426743959
LEBANON,1,7/2/2021 11:15:00 PM,7/2/2021 11:15:00 PM,,Crew Assigned,Investigating,-7890439.209190449,5373280.98646531
SO BERWICK,1,7/3/2021 11:45:00 AM,7/3/2021 11:45:00 AM,,Crew Assigned,Investigating,-7881752.314793017,5346366.786047139
ACTON,1,7/3/2021 10:30:00 AM,7/3/2021 10:30:00 AM,,Crew Assigned,Investigating,-7894779.233307138,5383055.570695807
