BgName,NumOut,EtrMin,EtrMax,Desc,Status,Cause,x,y
PEAKS IS,10,8/27/2022 12:30:00 AM,8/27/2022 12:30:00 AM,,Assessing,Investigating,-7812994.295112889,5414479.480230689
PEAKS IS,8,8/27/2022 10:00:00 AM,8/27/2022 10:00:00 AM,,Assessing,Investigating,-7813898.465402294,5413831.252535286
PEAKS IS,8,8/27/2022 10:00:00 AM,8/27/2022 10:00:00 AM,,Assessing,Investigating,-7814404.779804906,5412427.751431916
"PEAKS IS,PEAKS ISLAND",97,8/27/2022 10:00:00 AM,8/27/2022 10:00:00 AM,,Assessing,Investigating,-7814389.239608153,5412362.113280907
PEAKS IS,1,8/27/2022 10:00:00 AM,8/27/2022 10:00:00 AM,,Assessing,Investigating,-7814494.78165907,5412283.828041976
SEBAGO,40,8/27/2022 1:30:00 AM,8/27/2022 1:30:00 AM,,Assessing,Investigating,-7862795.651921786,5447836.0715379035
