BgName,NumOut,EtrMin,EtrMax,Desc,Status,Cause,x,y
EDGECOMB,9,8/14/2022 6:15:00 PM,8/14/2022 6:15:00 PM,,Assessing,Investigating,-7747570.071509693,5464355.391211029
FARMINGTON,3,8/14/2022 6:00:00 PM,8/14/2022 6:00:00 PM,,Assessing,Investigating,-7807198.301084958,5580058.8012223495
