BgName,NumOut,EtrMin,EtrMax,Desc,Status,Cause,x,y
HARTFORD,17,9/7/2024 5:00:00 AM,9/7/2024 5:00:00 AM,,Crew Assigned,Investigating,-7825369.304335639,5521177.318851465
STANDISH,49,9/7/2024 5:00:00 AM,9/7/2024 5:00:00 AM,,Crew Assigned,Investigating,-7856245.947038922,5418181.16795158
TOMHEGAN,17,9/7/2024 5:15:00 AM,9/7/2024 5:15:00 AM,,Crew Assigned,Investigating,-7770208.236903974,5737496.335266705
