BgName,NumOut,EtrMin,EtrMax,Desc,Status,Cause,x,y
GORHAM,17,7/27/2021 9:30:00 PM,7/27/2021 9:30:00 PM,,Investigating,Investigating,-7843023.028308892,5419438.675499921
KITTERY,8,7/27/2021 9:00:00 PM,7/27/2021 9:00:00 PM,,Crew Assigned,Investigating,-7877896.652904182,5328380.575032418
KITTERY,71,7/27/2021 9:00:00 PM,7/27/2021 9:00:00 PM,,Crew Assigned,Investigating,-7876756.596547947,5330055.952808235
ELIOT,2,7/27/2021 8:45:00 PM,7/27/2021 8:45:00 PM,,Crew Assigned,Investigating,-7883138.442818529,5331141.791671603
