BgName,NumOut,EtrMin,EtrMax,Desc,Status,Cause,x,y
LEVANT,43,8/3/2022 1:15:00 PM,8/3/2022 1:15:00 PM,,Assessing,Investigating,-7682867.85497006,5600308.28910879
DOVER-FOXCROFT,7,8/3/2022 12:30:00 PM,8/3/2022 12:30:00 PM,,Assessing,Investigating,-7706304.637590505,5651622.395754477
WESTPORT,1,8/3/2022 12:15:00 PM,8/3/2022 12:15:00 PM,,Assessing,Investigating,-7757199.040429099,5457627.237041464
