BgName,NumOut,EtrMin,EtrMax,Desc,Status,Cause,x,y
RAYMOND,21,6/9/2024 12:15:00 PM,6/9/2024 12:15:00 PM,,Investigating,Investigating,-7840528.433690864,5460974.531915822
HALLOWELL,7,6/9/2024 10:30:00 AM,6/9/2024 10:30:00 AM,,Assessing,Investigating,-7769210.94787114,5507493.680543572
BREMEN,10,6/9/2024 11:45:00 AM,6/9/2024 11:45:00 AM,,Crew Assigned,Investigating,-7727467.675026729,5470344.234233426
CUMBERLAND,1,6/9/2024 11:15:00 AM,6/9/2024 11:15:00 AM,,Assessing,Investigating,-7824326.162872492,5433199.493309617
CUMBERLAND,9,6/9/2024 10:30:00 AM,6/9/2024 10:30:00 AM,,Assessing,Investigating,-7815059.694660909,5427116.048068271
GORHAM,19,6/9/2024 11:30:00 AM,6/9/2024 11:30:00 AM,,Assessing,Investigating,-7840078.16022428,5423840.685633376
SAINT ALBANS,20,6/9/2024 11:30:00 AM,6/9/2024 11:30:00 AM,,Crew Assigned,Investigating,-7726493.295540393,5607385.064173159
