BgName,NumOut,EtrMin,EtrMax,Desc,Status,Cause,x,y
YARMOUTH,111,7/19/2023 5:15:00 PM,7/19/2023 5:15:00 PM,,Assessing,Investigating,-7808151.106820172,5428432.727102677
YARMOUTH,8,7/19/2023 5:30:00 PM,7/19/2023 5:30:00 PM,,Assessing,Investigating,-7808055.171723935,5428616.653558419
SABATTUS,7,7/19/2023 6:00:00 PM,7/19/2023 6:00:00 PM,,Assessing,Investigating,-7802693.045396866,5482198.082021831
