BgName,NumOut,EtrMin,EtrMax,Desc,Status,Cause,x,y
HARPSWELL,2,Assessing,Assessing,,Investigating,Investigating,-7785981.190815947,5437850.851159069
PHIPPSBURG,22,1/11/2024 3:00:00 PM,1/11/2024 3:00:00 PM,,Assessing,Tree,-7776148.879461258,5436992.549837866
SOUTHPORT,8,1/11/2024 3:00:00 PM,1/11/2024 3:00:00 PM,,Assessing,Tree,-7754941.169515604,5434042.263216996
SOUTHPORT,2,1/11/2024 3:00:00 PM,1/11/2024 3:00:00 PM,,Assessing,Tree,-7755205.731384062,5434064.841875105
SOUTHPORT,5,1/11/2024 3:00:00 PM,1/11/2024 3:00:00 PM,,Assessing,Tree,-7755326.090021671,5441692.76013555
SOUTHPORT,17,1/11/2024 3:00:00 PM,1/11/2024 3:00:00 PM,,Assessing,Tree,-7755479.96698195,5441597.848807321
SOUTHPORT,50,Assessing,Assessing,,Assessing,Investigating,-7754222.89162673,5432855.038961824
SOUTH BRISTOL,18,1/11/2024 9:00:00 PM,1/11/2024 9:00:00 PM,,Assessing,Tree,-7742231.255477746,5443174.916096359
OWLS HEAD,18,1/11/2024 6:00:00 PM,1/11/2024 6:00:00 PM,,Assessing,Tree,-7687452.74861026,5476877.173640377
LEWISTON,7,1/11/2024 4:00:00 PM,1/11/2024 4:00:00 PM,,Assessing,Investigating,-7816541.969319468,5480769.109509859
WINDHAM,2,1/11/2024 4:00:00 PM,1/11/2024 4:00:00 PM,,Assessing,Tree,-7838409.503316818,5442835.954661112
ISLESBORO,4,1/11/2024 6:00:00 PM,1/11/2024 6:00:00 PM,,Assessing,Tree,-7670836.600269382,5518557.459989183
ISLESBORO,150,1/11/2024 10:00:00 PM,1/11/2024 10:00:00 PM,,Assessing,Tree,-7669757.435679513,5519159.794393316
ISLESBORO,49,1/11/2024 10:00:00 PM,1/11/2024 10:00:00 PM,,Assessing,Tree,-7669755.431936392,5518190.858033834
ISLESBORO,40,1/11/2024 4:00:00 PM,1/11/2024 4:00:00 PM,,Assessing,Tree,-7670378.175477653,5513363.4931169795
ISLESBORO,28,1/11/2024 10:00:00 PM,1/11/2024 10:00:00 PM,,Assessing,Tree,-7669451.618827434,5512798.703072895
ISLESBORO,2,1/11/2024 4:00:00 PM,1/11/2024 4:00:00 PM,,Assessing,Tree,-7672050.761984171,5509452.40029717
