BgName,NumOut,EtrMin,EtrMax,Desc,Status,Cause,x,y
"MT VERNON,BELGRADE",132,10/7/2023 3:30:00 AM,10/7/2023 3:30:00 AM,,Assessing,Investigating,-7781320.961139483,5532738.2322275685
PERU,21,10/7/2023 5:30:00 AM,10/7/2023 5:30:00 AM,,Assessing,Investigating,-7837087.239284977,5537390.630631693
WATERVILLE,13,10/7/2023 5:00:00 AM,10/7/2023 5:00:00 AM,,Assessing,Investigating,-7751975.217528243,5550378.386873602
OXFORD,4,10/7/2023 4:00:00 AM,10/7/2023 4:00:00 AM,,Assessing,Vehicle Accident,-7846265.197312271,5487191.903327193
