BgName,NumOut,EtrMin,EtrMax,Desc,Status,Cause,x,y
"UNION,ROCKPORT,HOPE",913,5/14/2022 4:30:00 PM,5/14/2022 4:30:00 PM,,Repairs in Progress,Investigating,-7709960.736975565,5498265.215416218
BRIDGTON,6,5/14/2022 5:15:00 PM,5/14/2022 5:15:00 PM,,Assessing,Investigating,-7872385.725799454,5475965.505491887
RANDOLPH,2,5/14/2022 5:00:00 PM,5/14/2022 5:00:00 PM,,Assessing,Investigating,-7765340.502732938,5500919.123415852
