BgName,NumOut,EtrMin,EtrMax,Desc,Status,Cause,x,y
OXFORD,2,11/3/2024 7:30:00 AM,11/3/2024 7:30:00 AM,,Assessing,Investigating,-7837896.231425529,5486801.5527061215
ACTON,199,11/3/2024 12:00:00 PM,11/3/2024 12:00:00 PM,,Repairs in Progress,Tree,-7894882.1035670675,5399868.236279255
