BgName,NumOut,EtrMin,EtrMax,Desc,Status,Cause,x,y
RICHMOND,4,9/1/2023 10:30:00 AM,9/1/2023 10:30:00 AM,,Assessing,Investigating,-7768587.369495307,5480519.173073799
SANFORD,86,9/1/2023 10:15:00 AM,9/1/2023 10:15:00 AM,,Assessing,Investigating,-7878925.400854252,5376840.548814281
YORK,10,9/1/2023 10:45:00 AM,9/1/2023 10:45:00 AM,,Crew Assigned,Investigating,-7865516.979259768,5331948.504748059
NEWPORT,40,9/1/2023 10:15:00 AM,9/1/2023 10:15:00 AM,,Assessing,Investigating,-7710622.60932026,5598840.618261904
