BgName,NumOut,EtrMin,EtrMax,Desc,Status,Cause,x,y
EDGECOMB,9,9/21/2023 7:15:00 PM,9/21/2023 7:15:00 PM,,Assessing,Investigating,-7747570.071509693,5464355.391211029
GREENE,2,9/21/2023 7:45:00 PM,9/21/2023 7:45:00 PM,,Assessing,Investigating,-7813456.148542873,5496608.885871317
