BgName,NumOut,EtrMin,EtrMax,Desc,Status,Cause,x,y
WOOLWICH,4,7/18/2023 11:00:00 AM,7/18/2023 11:00:00 AM,,Assessing,Tree,-7772244.68223869,5461650.822804129
LEWISTON,11,7/18/2023 10:30:00 AM,7/18/2023 10:30:00 AM,,Assessing,Investigating,-7813992.9644909715,5479619.247521453
"PHILLIPS,MADRID,SALEM",229,7/18/2023 10:30:00 AM,7/18/2023 10:30:00 AM,,Assessing,Investigating,-7830013.598072329,5594361.653839211
"PHILLIPS,MADRID",137,7/18/2023 10:30:00 AM,7/18/2023 10:30:00 AM,,Assessing,Investigating,-7833542.169894406,5599450.294448806
PORTLAND,18,7/18/2023 5:30:00 PM,7/18/2023 5:30:00 PM,,Assessing,System Upgrade,-7820244.7561696395,5414042.080831971
