BgName,NumOut,EtrMin,EtrMax,Desc,Status,Cause,x,y
"MOXIE GORE,EAST MOXIE,THE FORKS PLT",72,6/24/2022 5:15:00 PM,6/24/2022 5:15:00 PM,,Assessing,Investigating,-7783685.798999013,5677691.1306584105
AVON,2,6/24/2022 5:15:00 PM,6/24/2022 5:15:00 PM,,Assessing,Investigating,-7823354.232327668,5593620.910258019
ALBANY,2,6/24/2022 4:45:00 PM,6/24/2022 4:45:00 PM,,Repairs Complete,Equipment Interruption,-7880086.118039615,5519671.1155814165
