BgName,NumOut,EtrMin,EtrMax,Desc,Status,Cause,x,y
WARREN,16,4/26/2021 9:15:00 AM,4/26/2021 9:15:00 AM,,Assessing,Investigating,-7705724.830014668,5481267.01871202
HARPSWELL,7,4/26/2021 9:30:00 AM,4/26/2021 9:30:00 AM,,Crew Assigned,Investigating,-7790013.799991544,5428317.9925511945
