BgName,NumOut,EtrMin,EtrMax,Desc,Status,Cause,x,y
BERWICK,46,2/28/2023 5:30:00 PM,2/28/2023 5:30:00 PM,,Assessing,Investigating,-7888673.136529207,5360707.708847265
BERWICK,81,2/28/2023 5:30:00 PM,2/28/2023 5:30:00 PM,,Assessing,Investigating,-7888497.953117037,5363416.112677738
"LIMERICK,PARSONSFIELD,PARSONFIELD,CORNISH,NEWFIELD,WATERBORO,LIMINGTON",3652,2/28/2023 5:45:00 PM,2/28/2023 5:45:00 PM,,Assessing,Vehicle Accident,-7879273.953247392,5416169.5765740415
WELLS,19,2/28/2023 4:45:00 PM,2/28/2023 4:45:00 PM,,Assessing,Investigating,-7863727.863602631,5356713.929499221
