BgName,NumOut,EtrMin,EtrMax,Desc,Status,Cause,x,y
"SO BRISTOL,SOUTH BRISTOL",64,3/19/2023 11:45:00 PM,3/19/2023 11:45:00 PM,,Assessing,Tree,-7743679.633389993,5446472.123995831
YARMOUTH,1,3/20/2023 1:30:00 AM,3/20/2023 1:30:00 AM,,Assessing,Investigating,-7809793.481205197,5436899.569093449
