BgName,NumOut,EtrMin,EtrMax,Desc,Status,Cause,x,y
LEWISTON,25,10/1/2024 4:00:00 PM,10/1/2024 4:00:00 PM,,Crew Assigned,Investigating,-7816721.8839280605,5481057.279677651
SACO,58,10/1/2024 4:30:00 PM,10/1/2024 4:30:00 PM,,Assessing,Investigating,-7848171.365505942,5392746.843200632
