BgName,NumOut,EtrMin,EtrMax,Desc,Status,Cause,x,y
WEST BATH,7,6/13/2021 12:00:00 PM,6/13/2021 12:00:00 PM,,Assessing,Investigating,-7777179.363955335,5448004.692804742
NAPLES,46,6/13/2021 12:00:00 PM,6/13/2021 12:00:00 PM,,Assessing,Investigating,-7859741.779810688,5460651.342406954
WATERVILLE,4,6/13/2021 11:30:00 AM,6/13/2021 11:30:00 AM,,Assessing,Investigating,-7755936.3991429955,5550069.776893319
