BgName,NumOut,EtrMin,EtrMax,Desc,Status,Cause,x,y
WEST GARDINER,10,3/25/2022 8:00:00 AM,3/25/2022 8:00:00 AM,,Assessing,Investigating,-7780730.032714218,5503475.96398232
CUMBERLAND,29,3/25/2022 6:00:00 AM,3/25/2022 6:00:00 AM,,Assessing,Investigating,-7823685.563642363,5438365.601141406
