BgName,NumOut,EtrMin,EtrMax,Desc,Status,Cause,x,y
JEFFERSON,19,5/28/2024 12:45:00 AM,5/28/2024 12:45:00 AM,,Repairs in Progress,Investigating,-7738196.213378564,5494120.871034967
WATERFORD,11,5/28/2024 1:30:00 AM,5/28/2024 1:30:00 AM,,Crew Assigned,Investigating,-7873799.461130454,5489924.916740355
WINDHAM,128,5/28/2024 1:45:00 AM,5/28/2024 1:45:00 AM,,Crew Assigned,Investigating,-7834442.700008756,5429745.87906486
