BgName,NumOut,EtrMin,EtrMax,Desc,Status,Cause,x,y
BOWDOIN,1,9/1/2024 12:30:00 PM,9/1/2024 12:30:00 PM,,Crew Assigned,Investigating,-7790672.800221,5478114.076892733
OXFORD,160,9/1/2024 12:15:00 PM,9/1/2024 12:15:00 PM,,Assessing,Investigating,-7852221.26874168,5494549.227140939
