BgName,NumOut,EtrMin,EtrMax,Desc,Status,Cause,x,y
NOBLEBORO,7,8/10/2022 1:00:00 PM,8/10/2022 1:00:00 PM,,Assessing,Equipment Interruption,-7736944.548179838,5483923.414733562
PERU,11,8/10/2022 10:45:00 AM,8/10/2022 10:45:00 AM,,Assessing,Investigating,-7846175.919068168,5539886.959913613
ARUNDEL,6,8/10/2022 9:15:00 AM,8/10/2022 9:15:00 AM,,Assessing,Investigating,-7851428.095109446,5376660.576287371
