BgName,NumOut,EtrMin,EtrMax,Desc,Status,Cause,x,y
OXFORD,144,5/30/2024 2:15:00 PM,5/30/2024 2:15:00 PM,,Crew Assigned,Investigating,-7843863.434816808,5487847.2147580255
LEWISTON,23,5/30/2024 2:15:00 PM,5/30/2024 2:15:00 PM,,Crew Assigned,Investigating,-7814293.460286298,5481974.461884613
NORTH YARMOUTH,25,5/30/2024 12:45:00 PM,5/30/2024 12:45:00 PM,,Repairs Complete,Investigating,-7820996.619155946,5439856.357584872
STOCKTON SPRINGS,13,5/30/2024 2:00:00 PM,5/30/2024 2:00:00 PM,,Assessing,System Upgrade,-7662308.736902045,5538009.871688282
