BgName,NumOut,EtrMin,EtrMax,Desc,Status,Cause,x,y
PARIS,32,8/2/2022 5:45:00 PM,8/2/2022 5:45:00 PM,,Assessing,Investigating,-7842385.312306445,5497369.988662923
SO BERWICK,26,8/2/2022 6:00:00 PM,8/2/2022 6:00:00 PM,,Assessing,Investigating,-7882498.84551002,5346571.8544686865
"PITTSFIELD,DETROIT",85,8/2/2022 5:15:00 PM,8/2/2022 5:15:00 PM,,Assessing,Investigating,-7721854.222748381,5586559.455687629
LEEDS,1,8/2/2022 5:00:00 PM,8/2/2022 5:00:00 PM,,Assessing,Investigating,-7804144.718397857,5500960.509434459
