BgName,NumOut,EtrMin,EtrMax,Desc,Status,Cause,x,y
"WESTBROOK,PORTLAND",48,7/4/2023 3:30:00 PM,7/4/2023 3:30:00 PM,,Assessing,Investigating,-7832455.669392221,5411694.7257745
"SO PORTLAND,SOUTH PORTLAND,WESTBROOK",144,7/4/2023 3:30:00 PM,7/4/2023 3:30:00 PM,,Assessing,Investigating,-7832454.745457906,5411692.356456932
WESTBROOK,207,7/4/2023 4:00:00 PM,7/4/2023 4:00:00 PM,,Assessing,Equipment Interruption,-7835341.538128972,5412417.334827684
ROME,31,7/4/2023 3:15:00 PM,7/4/2023 3:15:00 PM,,Assessing,Investigating,-7774639.9548689565,5558518.771103605
