BgName,NumOut,EtrMin,EtrMax,Desc,Status,Cause,x,y
BATH,21,2/9/2024 12:00:00 PM,2/9/2024 12:00:00 PM,,Assessing,Investigating,-7771599.685986234,5454305.687773827
SOUTHPORT,17,2/9/2024 12:00:00 PM,2/9/2024 12:00:00 PM,,Assessing,Investigating,-7755479.96698195,5441597.848807321
FREEPORT,23,2/9/2024 12:30:00 PM,2/9/2024 12:30:00 PM,,Assessing,Investigating,-7804254.857895465,5438929.85304659
WHITEFIELD,8,2/9/2024 11:30:00 AM,2/9/2024 11:30:00 AM,,Assessing,Investigating,-7744760.156000123,5502209.464675065
RUMFORD,78,2/9/2024 12:00:00 PM,2/9/2024 12:00:00 PM,,Assessing,Investigating,-7853016.368229854,5548219.211159401
