BgName,NumOut,EtrMin,EtrMax,Desc,Status,Cause,x,y
FRYEBURG,461,2/8/2022 4:15:00 PM,2/8/2022 4:15:00 PM,,Assessing,Investigating,-7898025.098147893,5475111.680199269
GREENE,6,2/8/2022 4:00:00 PM,2/8/2022 4:00:00 PM,,Crew Assigned,Investigating,-7811560.199489201,5492400.553939945
