BgName,NumOut,EtrMin,EtrMax,Desc,Status,Cause,x,y
SO BERWICK,69,9/25/2023 10:00:00 AM,9/25/2023 10:00:00 AM,,Assessing,Investigating,-7879503.238024285,5346956.688853634
SO BERWICK,22,9/25/2023 10:00:00 AM,9/25/2023 10:00:00 AM,,Assessing,Investigating,-7880061.8281478705,5347434.2971728975
SKOWHEGAN,17,9/25/2023 10:15:00 AM,9/25/2023 10:15:00 AM,,Assessing,Investigating,-7753819.581133676,5583526.295135376
