BgName,NumOut,EtrMin,EtrMax,Desc,Status,Cause,x,y
NEWCASTLE,15,6/29/2024 11:15:00 AM,6/29/2024 11:15:00 AM,,Crew Assigned,Investigating,-7739922.979036896,5480427.580053477
VASSALBORO,40,6/29/2024 12:15:00 PM,6/29/2024 12:15:00 PM,,Repairs in Progress,Investigating,-7755400.1063805865,5530225.408242163
POLAND,8,6/29/2024 12:30:00 PM,6/29/2024 12:30:00 PM,,Crew Assigned,Investigating,-7837990.741626643,5464584.323120451
CORNISH,8,6/29/2024 1:00:00 PM,6/29/2024 1:00:00 PM,,Crew Assigned,Investigating,-7883662.59058501,5435204.082233018
