BgName,NumOut,EtrMin,EtrMax,Desc,Status,Cause,x,y
BRUNSWICK,9,6/12/2024 10:30:00 AM,6/12/2024 10:30:00 AM,,Crew Assigned,Investigating,-7790941.269463635,5452476.780260877
"WISCASSET,DRESDEN",131,6/12/2024 10:45:00 AM,6/12/2024 10:45:00 AM,,Crew Assigned,Investigating,-7760259.458167814,5469236.2711696625
CUSHING,1,6/12/2024 10:00:00 AM,6/12/2024 10:00:00 AM,,Crew Assigned,Investigating,-7705419.3470363505,5468691.380481027
ACTON,117,6/12/2024 10:15:00 AM,6/12/2024 10:15:00 AM,,Repairs in Progress,Investigating,-7889096.506878622,5390103.879729132
OLD ORCHARD BEACH,141,6/12/2024 10:45:00 AM,6/12/2024 10:45:00 AM,,Crew Assigned,Investigating,-7834858.745458185,5389481.331890495
WATERVILLE,35,6/12/2024 11:00:00 AM,6/12/2024 11:00:00 AM,,Crew Assigned,Investigating,-7751034.467589104,5552544.10608552
