BgName,NumOut,EtrMin,EtrMax,Desc,Status,Cause,x,y
PARSONSFIELD,27,7/28/2023 1:45:00 AM,7/28/2023 1:45:00 AM,,Assessing,Investigating,-7901818.55469986,5432826.9120597355
HARPSWELL,10,7/28/2023 12:45:00 AM,7/28/2023 12:45:00 AM,,Assessing,Investigating,-7781741.88234717,5442478.852237974
BOWDOIN,1,7/27/2023 10:45:00 PM,7/27/2023 10:45:00 PM,,Assessing,Investigating,-7784167.734410131,5469597.696846021
