BgName,NumOut,EtrMin,EtrMax,Desc,Status,Cause,x,y
WOOLWICH,3,8/26/2024 8:15:00 AM,8/26/2024 8:15:00 AM,,Investigating,Investigating,-7762884.170748691,5460555.201592716
WOOLWICH,31,8/26/2024 8:15:00 AM,8/26/2024 8:15:00 AM,,Assessing,Investigating,-7762779.553332877,5460524.852796881
