BgName,NumOut,EtrMin,EtrMax,Desc,Status,Cause,x,y
WASHINGTON,66,8/25/2023 5:30:00 PM,8/25/2023 5:30:00 PM,,Assessing,Vehicle Accident,-7721963.883510059,5507862.931646511
TOPSHAM,33,8/25/2023 5:45:00 PM,8/25/2023 5:45:00 PM,,Assessing,Investigating,-7780606.668411869,5457532.887988397
