BgName,NumOut,EtrMin,EtrMax,Desc,Status,Cause,x,y
HARPSWELL,6,5/1/2024 5:00:00 PM,5/1/2024 5:00:00 PM,,Assessing,Investigating,-7779999.899353524,5442650.925894849
 ,1,5/1/2024 4:30:00 PM,5/1/2024 4:30:00 PM,,Crew Assigned,Investigating,-7752992.477317689,5455978.10785327
GRAY,9,5/1/2024 4:45:00 PM,5/1/2024 4:45:00 PM,,Crew Assigned,Investigating,-7828033.513731922,5439718.857335743
