BgName,NumOut,EtrMin,EtrMax,Desc,Status,Cause,x,y
WINDHAM,13,2/17/2024 11:15:00 AM,2/17/2024 11:15:00 AM,,Crew Assigned,Investigating,-7834110.689633879,5432616.7489786865
SEARSPORT,4,2/17/2024 12:30:00 PM,2/17/2024 12:30:00 PM,,Assessing,Investigating,-7673683.907938268,5535111.3594571715
