BgName,NumOut,EtrMin,EtrMax,Desc,Status,Cause,x,y
TURNER,5,7/29/2022 9:00:00 AM,7/29/2022 9:00:00 AM,,Assessing,Investigating,-7817660.2626126595,5516029.150911973
CUMBERLAND,176,7/29/2022 7:30:00 AM,7/29/2022 7:30:00 AM,,Assessing,Investigating,-7819963.474083437,5435875.717632696
WATERBORO,16,7/29/2022 9:15:00 AM,7/29/2022 9:15:00 AM,,Assessing,Investigating,-7870959.355824382,5400794.2859844025
