BgName,NumOut,EtrMin,EtrMax,Desc,Status,Cause,x,y
BRUNSWICK,88,7/5/2023 3:30:00 PM,7/5/2023 3:30:00 PM,,Assessing,Investigating,-7791194.499045969,5450676.433383635
WATERFORD,7,7/5/2023 3:00:00 PM,7/5/2023 3:00:00 PM,,Assessing,Vehicle Accident,-7862538.48162796,5494454.140322184
CASCO,5,7/5/2023 1:45:00 PM,7/5/2023 1:45:00 PM,,Assessing,Investigating,-7849227.39779995,5460909.554776935
