BgName,NumOut,EtrMin,EtrMax,Desc,Status,Cause,x,y
CHELSEA,18,11/1/2021 10:30:00 AM,11/1/2021 10:30:00 AM,,Investigating,Investigating,-7763448.667985097,5508398.954981067
CHELSEA,1,11/1/2021 10:30:00 AM,11/1/2021 10:30:00 AM,,Assessing,Investigating,-7763423.202577396,5508457.642004256
DAMARISCOTTA,8,11/1/2021 9:30:00 AM,11/1/2021 9:30:00 AM,,Assessing,Investigating,-7733047.787081772,5469103.997093562
GRAY,43,11/1/2021 10:00:00 AM,11/1/2021 10:00:00 AM,,Assessing,Investigating,-7837449.072145167,5445657.015026615
SANFORD,73,11/1/2021 10:15:00 AM,11/1/2021 10:15:00 AM,,Assessing,Investigating,-7877047.006852895,5376693.744206418
CHESTERVILLE,14,11/1/2021 9:45:00 AM,11/1/2021 9:45:00 AM,,Assessing,Investigating,-7805291.164407103,5554587.590619517
WILLIMANTIC,140,11/1/2021 10:00:00 AM,11/1/2021 10:00:00 AM,,Assessing,Investigating,-7718653.019204508,5668809.802622962
