BgName,NumOut,EtrMin,EtrMax,Desc,Status,Cause,x,y
ORLAND,1,6/23/2021 6:15:00 PM,6/23/2021 6:15:00 PM,,Assessing,Investigating,-7654282.100642248,5551036.627483238
FARMINGDALE,29,6/23/2021 7:00:00 PM,6/23/2021 7:00:00 PM,,Assessing,Investigating,-7768571.717973939,5506588.238420182
WINTERPORT,3,6/23/2021 7:00:00 PM,6/23/2021 7:00:00 PM,,Assessing,Investigating,-7663842.90875784,5564676.040774073
