BgName,NumOut,EtrMin,EtrMax,Desc,Status,Cause,x,y
GREENE,3,5/27/2024 5:45:00 PM,5/27/2024 5:45:00 PM,,Crew Assigned,Investigating,-7810915.648435137,5503162.519856989
SQUIRREL ISLAND,10,5/27/2024 6:00:00 PM,5/27/2024 6:00:00 PM,,Crew Assigned,Investigating,-7751164.188207141,5435747.146491954
