BgName,NumOut,EtrMin,EtrMax,Desc,Status,Cause,x,y
JEFFERSON,14,8/29/2023 1:15:00 PM,8/29/2023 1:15:00 PM,,Assessing,System Upgrade,-7741054.474909942,5492965.047619708
ARROWSIC,8,8/29/2023 1:45:00 PM,8/29/2023 1:45:00 PM,,Assessing,Investigating,-7768126.528999271,5441022.953777695
