BgName,NumOut,EtrMin,EtrMax,Desc,Status,Cause,x,y
WISCASSET,39,1/3/2024 10:45:00 AM,1/3/2024 10:45:00 AM,,Assessing,Investigating,-7759025.492783463,5459507.7100006305
PARSONSFIELD,5,1/3/2024 11:15:00 AM,1/3/2024 11:15:00 AM,,Assessing,Investigating,-7886640.119832738,5421146.636403348
