BgName,NumOut,EtrMin,EtrMax,Desc,Status,Cause,x,y
FREEPORT,51,5/24/2021 10:15:00 AM,5/24/2021 10:15:00 AM,,Assessing,Investigating,-7803572.391496394,5442520.484836189
NOBLEBORO,3,5/24/2021 9:00:00 AM,5/24/2021 9:00:00 AM,,Assessing,Investigating,-7732904.7082096,5485325.90939896
SANFORD,16,5/24/2021 9:00:00 AM,5/24/2021 9:00:00 AM,,Crew Assigned,Investigating,-7877698.147984342,5377215.540802613
KENNEBUNKPORT,25,5/24/2021 10:15:00 AM,5/24/2021 10:15:00 AM,,Assessing,Investigating,-7837020.05797768,5373673.930076931
WINSLOW,79,5/24/2021 9:15:00 AM,5/24/2021 9:15:00 AM,,Assessing,Investigating,-7751426.167484468,5547976.650225851
DEXTER,2,5/24/2021 9:45:00 AM,5/24/2021 9:45:00 AM,,Assessing,Investigating,-7713199.844752006,5625210.342233351
