BgName,NumOut,EtrMin,EtrMax,Desc,Status,Cause,x,y
HARPSWELL,28,2/8/2022 2:45:00 AM,2/8/2022 2:45:00 AM,,Assessing,Investigating,-7781680.745706679,5438747.78816937
LOVELL,12,2/8/2022 2:45:00 AM,2/8/2022 2:45:00 AM,,Assessing,Investigating,-7891122.977947468,5496818.903787847
LOVELL,9,2/8/2022 3:15:00 AM,2/8/2022 3:15:00 AM,,Assessing,Investigating,-7888925.030316153,5503549.10918085
"WATERFORD,ALBANY",21,2/8/2022 3:45:00 AM,2/8/2022 3:45:00 AM,,Assessing,Investigating,-7877533.261499256,5503103.3782775905
CHESTERVILLE,75,2/8/2022 4:15:00 AM,2/8/2022 4:15:00 AM,,Assessing,Investigating,-7805545.440360811,5552333.628998544
