BgName,NumOut,EtrMin,EtrMax,Desc,Status,Cause,x,y
NAPLES,66,6/23/2022 1:30:00 PM,6/23/2022 1:30:00 PM,,Assessing,Investigating,-7856075.661609889,5457603.84293693
GARDINER,12,6/23/2022 1:30:00 PM,6/23/2022 1:30:00 PM,,Assessing,System Upgrade,-7768867.070811893,5501741.923487007
