BgName,NumOut,EtrMin,EtrMax,Desc,Status,Cause,x,y
AUGUSTA,1,7/31/2021 10:15:00 AM,7/31/2021 10:15:00 AM,,Assessing,Investigating,-7766302.9043103885,5512451.355865335
WALDOBORO,1,7/31/2021 9:00:00 AM,7/31/2021 9:00:00 AM,,Assessing,Investigating,-7722634.839523626,5477354.06119509
"LITCHFIELD,SABATTUS",27,7/31/2021 9:30:00 AM,7/31/2021 9:30:00 AM,,Assessing,Investigating,-7794553.419949325,5486286.9637143
SO BERWICK,68,7/31/2021 9:45:00 AM,7/31/2021 9:45:00 AM,,Crew Assigned,Investigating,-7879503.238024285,5346956.688853634
BIDDEFORD,1,7/31/2021 10:15:00 AM,7/31/2021 10:15:00 AM,,Assessing,Investigating,-7852066.144985654,5388100.44108899
ARUNDEL,35,7/31/2021 10:15:00 AM,7/31/2021 10:15:00 AM,,Assessing,Investigating,-7847493.262791874,5381266.8966951845
FARMINGTON,5,7/31/2021 10:15:00 AM,7/31/2021 10:15:00 AM,,Assessing,Investigating,-7812829.909588607,5568177.658675119
