BgName,NumOut,EtrMin,EtrMax,Desc,Status,Cause,x,y
HARPSWELL,36,9/6/2022 11:45:00 AM,9/6/2022 11:45:00 AM,,Assessing,Investigating,-7779933.708755291,5439235.555212543
PARIS,20,9/6/2022 11:15:00 AM,9/6/2022 11:15:00 AM,,Assessing,Investigating,-7848050.238708408,5504198.522261377
"WATERFORD,BRIDGTON,HARRISON",897,9/6/2022 11:30:00 AM,9/6/2022 11:30:00 AM,,Assessing,Investigating,-7869010.196002974,5483407.793458694
MEXICO,32,9/6/2022 11:30:00 AM,9/6/2022 11:30:00 AM,,Assessing,Investigating,-7851858.534172056,5551801.942860071
SACO,55,9/6/2022 11:15:00 AM,9/6/2022 11:15:00 AM,,Repairs in Progress,Investigating,-7841094.47375442,5388301.322549513
CANAAN,37,9/6/2022 12:15:00 PM,9/6/2022 12:15:00 PM,,Assessing,Investigating,-7743587.928429251,5585141.61629554
MONMOUTH,1,9/6/2022 11:15:00 AM,9/6/2022 11:15:00 AM,,Assessing,Investigating,-7797034.575522777,5496925.785668835
