BgName,NumOut,EtrMin,EtrMax,Desc,Status,Cause,x,y
LIMINGTON,80,9/27/2024 9:30:00 PM,9/27/2024 9:30:00 PM,,Crew Assigned,Investigating,-7870178.260313208,5420413.241618622
PORTER,3,9/27/2024 8:45:00 PM,9/27/2024 8:45:00 PM,,Assessing,Investigating,-7898903.331001179,5432429.812808056
