BgName,NumOut,EtrMin,EtrMax,Desc,Status,Cause,x,y
BRISTOL,13,2/21/2024 8:45:00 AM,2/21/2024 8:45:00 AM,,Investigating,Investigating,-7734051.255332032,5448611.51262788
BRISTOL,137,2/21/2024 8:30:00 AM,2/21/2024 8:30:00 AM,,Crew Assigned,Investigating,-7733205.070455425,5455560.206197297
CAMDEN,2,2/21/2024 9:15:00 AM,2/21/2024 9:15:00 AM,,Crew Assigned,Investigating,-7687138.037301126,5499557.356941847
