BgName,NumOut,EtrMin,EtrMax,Desc,Status,Cause,x,y
PENOBSCOT,1,12/9/2023 3:15:00 PM,12/9/2023 3:15:00 PM,,Crew Assigned,Investigating,-7655871.475796349,5541475.779070646
NEW PORTLAND,26,12/9/2023 3:45:00 PM,12/9/2023 3:45:00 PM,,Assessing,Investigating,-7797611.800507482,5609461.2682792125
WATERVILLE,26,12/9/2023 2:30:00 PM,12/9/2023 2:30:00 PM,,Assessing,Investigating,-7753497.010626416,5554097.869387403
