BgName,NumOut,EtrMin,EtrMax,Desc,Status,Cause,x,y
LITCHFIELD,62,4/30/2021 7:30:00 PM,4/30/2021 7:30:00 PM,,Assessing,Investigating,-7783594.706223599,5494653.614092949
CLINTON,3,4/30/2021 8:15:00 PM,4/30/2021 8:15:00 PM,,Assessing,Investigating,-7736836.6127496185,5570731.005164139
