BgName,NumOut,EtrMin,EtrMax,Desc,Status,Cause,x,y
SHAPLEIGH,14,1/31/2024 5:00:00 PM,1/31/2024 5:00:00 PM,,Assessing,Investigating,-7882556.8874861365,5392208.235308628
YORK,14,1/31/2024 4:30:00 PM,1/31/2024 4:30:00 PM,,Assessing,Investigating,-7876184.447845976,5339683.551493119
