BgName,NumOut,EtrMin,EtrMax,Desc,Status,Cause,x,y
NAPLES,36,3/4/2024 2:30:00 PM,3/4/2024 2:30:00 PM,,Assessing,Investigating,-7855983.923211718,5458899.482354487
ORLAND,10,3/4/2024 1:00:00 PM,3/4/2024 1:00:00 PM,,Assessing,Investigating,-7650010.538066042,5555587.539012003
PARSONSFIELD,1,Assessing,Assessing,,Crew Assigned,Investigating,-7893899.876095168,5418230.804747327
