BgName,NumOut,EtrMin,EtrMax,Desc,Status,Cause,x,y
SHAPLEIGH,31,2/22/2022 11:15:00 PM,2/22/2022 11:15:00 PM,,Investigating,Investigating,-7891503.210405417,5399735.626633992
BRISTOL,19,2/22/2022 10:45:00 PM,2/22/2022 10:45:00 PM,,Assessing,Investigating,-7738610.24397243,5455672.0806777775
"GILEAD,MASON",35,2/22/2022 11:00:00 PM,2/22/2022 11:00:00 PM,,Assessing,Investigating,-7890928.781150435,5527761.079214951
BRIDGTON,51,2/22/2022 9:45:00 PM,2/22/2022 9:45:00 PM,,Assessing,Investigating,-7873426.25133415,5478978.813403169
LOVELL,32,2/22/2022 10:30:00 PM,2/22/2022 10:30:00 PM,,Assessing,Investigating,-7894316.567167353,5492581.202361668
WILTON,10,2/22/2022 10:45:00 PM,2/22/2022 10:45:00 PM,,Assessing,Investigating,-7826009.9591279635,5554729.125434194
SABATTUS,10,2/22/2022 9:30:00 PM,2/22/2022 9:30:00 PM,,Assessing,Investigating,-7801622.664039542,5480024.49758291
SHAPLEIGH,135,2/22/2022 11:15:00 PM,2/22/2022 11:15:00 PM,,Crew Assigned,Investigating,-7889572.575822412,5397968.991166212
"PHILLIPS,MADRID",238,2/22/2022 11:00:00 PM,2/22/2022 11:00:00 PM,,Assessing,Investigating,-7832689.573940802,5594563.455690542
