BgName,NumOut,EtrMin,EtrMax,Desc,Status,Cause,x,y
GREENWOOD,31,8/12/2022 1:00:00 PM,8/12/2022 1:00:00 PM,,Assessing,Investigating,-7862161.253232964,5509707.420198216
NORRIDGEWOCK,12,8/12/2022 2:15:00 PM,8/12/2022 2:15:00 PM,,Assessing,Investigating,-7771359.959520208,5576061.9996293215
DETROIT,2,8/12/2022 2:15:00 PM,8/12/2022 2:15:00 PM,,Assessing,Investigating,-7717043.127883219,5587161.278902974
