BgName,NumOut,EtrMin,EtrMax,Desc,Status,Cause,x,y
LIMINGTON,21,4/13/2024 7:30:00 PM,4/13/2024 7:30:00 PM,,Assessing,Investigating,-7867912.797400717,5429913.599253115
"NORTH BERWICK,SANFORD",75,4/13/2024 7:15:00 PM,4/13/2024 7:15:00 PM,,Crew Assigned,Investigating,-7879948.170912267,5372795.062181369
PARSONSFIELD,8,4/13/2024 6:30:00 PM,4/13/2024 6:30:00 PM,,Repairs in Progress,Investigating,-7891792.631502976,5434524.305936175
