BgName,NumOut,EtrMin,EtrMax,Desc,Status,Cause,x,y
NOBLEBORO,7,8/10/2022 5:00:00 PM,8/10/2022 5:00:00 PM,,Assessing,Equipment Interruption,-7736944.548179838,5483923.414733562
WATERFORD,2,8/10/2022 3:45:00 PM,8/10/2022 3:45:00 PM,,Assessing,Investigating,-7877800.561933446,5501131.120060222
JAY,14,8/10/2022 3:30:00 PM,8/10/2022 3:30:00 PM,,Assessing,Investigating,-7817260.5255199075,5553333.454343263
GORHAM,8,8/10/2022 3:30:00 PM,8/10/2022 3:30:00 PM,,Crew Assigned,Investigating,-7838614.898850473,5411640.01619493
LEBANON,18,8/10/2022 2:45:00 PM,8/10/2022 2:45:00 PM,,Assessing,Investigating,-7890272.140862862,5379300.445125899
