BgName,NumOut,EtrMin,EtrMax,Desc,Status,Cause,x,y
WALDOBORO,66,9/26/2024 7:00:00 PM,9/26/2024 7:00:00 PM,,Assessing,Investigating,-7722907.204927889,5493953.728659511
NEWRY,3,9/26/2024 5:30:00 PM,9/26/2024 5:30:00 PM,,Assessing,Investigating,-7881389.123812454,5542349.203914539
NAPLES,16,9/26/2024 7:00:00 PM,9/26/2024 7:00:00 PM,,Assessing,Investigating,-7859224.678432418,5457863.469551236
RANGELEY PLT,319,9/26/2024 6:30:00 PM,9/26/2024 6:30:00 PM,,Crew Assigned,Investigating,-7876229.1314678425,5610120.874670468
BOOTHBAY,1,9/26/2024 6:45:00 PM,9/26/2024 6:45:00 PM,,Assessing,Investigating,-7748481.633373729,5449988.499832783
BOOTHBAY,1,9/26/2024 6:45:00 PM,9/26/2024 6:45:00 PM,,Assessing,Investigating,-7748458.445515672,5450088.595993271
