BgName,NumOut,EtrMin,EtrMax,Desc,Status,Cause,x,y
SHAPLEIGH,239,9/5/2024 8:45:00 PM,9/5/2024 8:45:00 PM,,Repairs in Progress,Investigating,-7886764.497069034,5394633.054074778
NORTH YARMOUTH,4,9/5/2024 7:30:00 PM,9/5/2024 7:30:00 PM,,Repairs in Progress,Investigating,-7822846.827003813,5442521.009735876
BELFAST,19,9/5/2024 11:00:00 PM,9/5/2024 11:00:00 PM,,Repairs in Progress,Investigating,-7681825.125267871,5531529.392070327
