BgName,NumOut,EtrMin,EtrMax,Desc,Status,Cause,x,y
"JEFFERSON,WHITEFIELD",67,7/29/2022 12:15:00 PM,7/29/2022 12:15:00 PM,,Assessing,Tree,-7740749.370455369,5498590.683644261
NEW GLOUCESTER,5,7/29/2022 1:00:00 PM,7/29/2022 1:00:00 PM,,Assessing,Investigating,-7820730.9329288015,5462197.879190643
FALMOUTH,5,7/29/2022 12:30:00 PM,7/29/2022 12:30:00 PM,,Assessing,Investigating,-7828524.555136903,5428310.501972598
TROY,26,7/29/2022 1:00:00 PM,7/29/2022 1:00:00 PM,,Assessing,Investigating,-7704592.688518867,5571615.450844573
