BgName,NumOut,EtrMin,EtrMax,Desc,Status,Cause,x,y
LEWISTON,208,7/20/2022 7:00:00 PM,7/20/2022 7:00:00 PM,,Assessing,Investigating,-7813456.62717869,5483634.921821218
CARTHAGE,13,7/20/2022 6:15:00 PM,7/20/2022 6:15:00 PM,,Assessing,Investigating,-7840771.0684125945,5564205.939816965
