BgName,NumOut,EtrMin,EtrMax,Desc,Status,Cause,x,y
BATH,12,8/12/2023 8:00:00 PM,8/12/2023 8:00:00 PM,,Assessing,Investigating,-7775465.255366185,5459501.168129503
"MADISON,SOLON,CORNVILLE",516,8/12/2023 7:45:00 PM,8/12/2023 7:45:00 PM,,Assessing,Investigating,-7766062.799220506,5592428.00982256
