BgName,NumOut,EtrMin,EtrMax,Desc,Status,Cause,x,y
BRUNSWICK,14,9/29/2021 6:15:00 PM,9/29/2021 6:15:00 PM,,Assessing,Investigating,-7787272.468459523,5449566.17397542
SANFORD,1,9/29/2021 6:00:00 PM,9/29/2021 6:00:00 PM,,Crew Assigned,Investigating,-7880746.442952009,5383472.4116294645
