BgName,NumOut,EtrMin,EtrMax,Desc,Status,Cause,x,y
PHIPPSBURG,103,7/24/2021 4:15:00 PM,7/24/2021 4:15:00 PM,,Crew Assigned,Investigating,-7771018.219753585,5443657.838295565
LEWISTON,16,7/24/2021 4:30:00 PM,7/24/2021 4:30:00 PM,,Assessing,Equipment Interruption,-7816225.855340089,5479930.367550514
