BgName,NumOut,EtrMin,EtrMax,Desc,Status,Cause,x,y
"BOOTHBAY HBR,BOOTHBAY HARBOR",184,7/21/2022 2:30:00 PM,7/21/2022 2:30:00 PM,,Assessing,Investigating,-7752225.675207515,5445720.142017337
"ALNA,PITTSTON,WHITEFIELD",83,7/21/2022 2:45:00 PM,7/21/2022 2:45:00 PM,,Assessing,Investigating,-7750702.334777153,5482354.157366828
LOVELL,18,7/21/2022 2:45:00 PM,7/21/2022 2:45:00 PM,,Assessing,Investigating,-7889344.070317887,5491981.563832
RAYMOND,74,7/21/2022 3:30:00 PM,7/21/2022 3:30:00 PM,,Assessing,Investigating,-7848789.645049903,5442081.228707551
