BgName,NumOut,EtrMin,EtrMax,Desc,Status,Cause,x,y
NORWAY,16,8/27/2022 11:15:00 AM,8/27/2022 11:15:00 AM,,Assessing,Investigating,-7853842.325462275,5500903.8833578415
PEAKS IS,8,8/27/2022 12:00:00 PM,8/27/2022 12:00:00 PM,,Assessing,Tree,-7813898.465402294,5413831.252535286
PEAKS IS,8,8/27/2022 12:00:00 PM,8/27/2022 12:00:00 PM,,Assessing,Tree,-7814404.779804906,5412427.751431916
"SEARSPORT,FRANKFORT,SWANVILLE,BELFAST",1679,8/27/2022 12:00:00 PM,8/27/2022 12:00:00 PM,,Assessing,Investigating,-7670308.400366668,5538139.808582353
