BgName,NumOut,EtrMin,EtrMax,Desc,Status,Cause,x,y
CUMBERLAND,63,4/2/2023 1:15:00 PM,4/2/2023 1:15:00 PM,,Investigating,Investigating,-7825122.186194869,5437416.341877128
"HARPSWELL,BRUNSWICK",2659,4/2/2023 12:00:00 PM,4/2/2023 12:00:00 PM,,Assessing,Tree,-7789533.968435629,5450597.374126294
ROCKPORT,8,4/2/2023 12:45:00 PM,4/2/2023 12:45:00 PM,,Assessing,Investigating,-7699985.163643728,5497894.363900453
HARRISON,15,4/2/2023 12:00:00 PM,4/2/2023 12:00:00 PM,,Assessing,Investigating,-7865308.032650788,5477226.519986057
"LITCHFIELD,MONMOUTH",40,4/2/2023 12:15:00 PM,4/2/2023 12:15:00 PM,,Assessing,Tree,-7790190.6309480835,5491959.47880568
"EMBDEN,ANSON",703,4/2/2023 1:00:00 PM,4/2/2023 1:00:00 PM,,Assessing,Tree,-7782960.441184389,5608965.899526476
SOLON,1,4/2/2023 3:00:00 PM,4/2/2023 3:00:00 PM,,Assessing,Investigating,-7771408.160779958,5618011.427627767
