BgName,NumOut,EtrMin,EtrMax,Desc,Status,Cause,x,y
WHITEFIELD,43,8/8/2023 12:15:00 PM,8/8/2023 12:15:00 PM,,Assessing,Investigating,-7750544.995841304,5492064.3018517485
PARIS,1,8/8/2023 11:45:00 AM,8/8/2023 11:45:00 AM,,Assessing,Investigating,-7844889.07688995,5494741.251024737
"YARMOUTH,NO YARMOUTH,POWNAL,NORTH YARMOUTH,FREEPORT",339,8/8/2023 11:15:00 AM,8/8/2023 11:15:00 AM,,Assessing,Investigating,-7813726.810740451,5438520.131268195
FALMOUTH,21,8/8/2023 1:00:00 PM,8/8/2023 1:00:00 PM,,Assessing,Investigating,-7822392.276148826,5425681.48066295
PORTER,6,8/8/2023 1:00:00 PM,8/8/2023 1:00:00 PM,,Crew Assigned,Investigating,-7899278.800527177,5439279.086742032
CASTINE,8,8/8/2023 1:15:00 PM,8/8/2023 1:15:00 PM,,Assessing,Investigating,-7659858.695059413,5529409.246793726
