BgName,NumOut,EtrMin,EtrMax,Desc,Status,Cause,x,y
BOOTHBAY,183,9/19/2021 7:15:00 PM,9/19/2021 7:15:00 PM,,Crew Assigned,Investigating,-7746896.009719309,5449556.348713379
RANGELEY,2,9/19/2021 11:15:00 PM,9/19/2021 11:15:00 PM,,Assessing,Investigating,-7863864.708596173,5615826.413038967
SOUTHPORT,2,9/19/2021 6:15:00 PM,9/19/2021 6:15:00 PM,,Repairs in Progress,Investigating,-7754108.444006321,5435329.71511571
