BgName,NumOut,EtrMin,EtrMax,Desc,Status,Cause,x,y
GORHAM,9,6/22/2021 9:15:00 PM,6/22/2021 9:15:00 PM,,Investigating,Investigating,-7848687.935389224,5426156.204730024
NEW GLOUCESTER,173,6/22/2021 9:00:00 PM,6/22/2021 9:00:00 PM,,Assessing,Investigating,-7833101.08861818,5463758.911104672
GORHAM,2,6/22/2021 8:00:00 PM,6/22/2021 8:00:00 PM,,Assessing,Investigating,-7843525.023476251,5418246.493426432
ALBION,44,6/22/2021 8:00:00 PM,6/22/2021 8:00:00 PM,,Assessing,Investigating,-7728068.31041863,5551138.86674041
