BgName,NumOut,EtrMin,EtrMax,Desc,Status,Cause,x,y
CHELSEA,1,5/23/2022 8:30:00 PM,5/23/2022 8:30:00 PM,,Assessing,Investigating,-7763118.365321947,5504801.697603701
LEWISTON,65,5/23/2022 9:00:00 PM,5/23/2022 9:00:00 PM,,Assessing,Investigating,-7811457.562890848,5480463.494779745
CARTHAGE,21,5/23/2022 8:45:00 PM,5/23/2022 8:45:00 PM,,Assessing,Investigating,-7840234.040927682,5564408.885889785
HIRAM,3,5/23/2022 8:45:00 PM,5/23/2022 8:45:00 PM,,Assessing,Investigating,-7891391.480627537,5442293.46013208
