BgName,NumOut,EtrMin,EtrMax,Desc,Status,Cause,x,y
KENNEBUNK,3,7/8/2021 7:30:00 PM,7/8/2021 7:30:00 PM,,Assessing,Investigating,-7846837.847075173,5366640.798246544
YORK,1,7/8/2021 6:45:00 PM,7/8/2021 6:45:00 PM,,Crew Assigned,Investigating,-7866281.499315254,5336107.855156578
DEXTER,3,7/8/2021 8:30:00 PM,7/8/2021 8:30:00 PM,,Assessing,Investigating,-7718129.060649843,5622145.227893777
ABBOT,2,7/8/2021 7:45:00 PM,7/8/2021 7:45:00 PM,,Assessing,Investigating,-7731334.357552806,5648014.5525395665
UNITY,48,7/8/2021 7:30:00 PM,7/8/2021 7:30:00 PM,,Assessing,Investigating,-7717103.485351452,5562140.944167251
