BgName,NumOut,EtrMin,EtrMax,Desc,Status,Cause,x,y
LYMAN,1,8/23/2021 5:15:00 AM,8/23/2021 5:15:00 AM,,Crew Assigned,Investigating,-7863508.875852919,5390635.426839578
WELLS,3,8/23/2021 4:45:00 AM,8/23/2021 4:45:00 AM,,Repairs in Progress,Investigating,-7863751.786083074,5365751.374079515
"NEW PORTLAND,EMBDEN",63,8/23/2021 5:15:00 AM,8/23/2021 5:15:00 AM,,Assessing,Investigating,-7794730.373342928,5609691.644769306
CONCORD,11,8/23/2021 5:30:00 AM,8/23/2021 5:30:00 AM,,Assessing,Investigating,-7782632.115434332,5629674.022132892
SO PORTLAND,4,8/23/2021 4:45:00 AM,8/23/2021 4:45:00 AM,,Assessing,Investigating,-7827187.697167622,5408209.2528903065
