BgName,NumOut,EtrMin,EtrMax,Desc,Status,Cause,x,y
"STOW,LOVELL",54,9/26/2024 5:15:00 AM,9/26/2024 5:15:00 AM,,Crew Assigned,Investigating,-7897735.010704378,5486823.563358109
SUMNER,46,9/26/2024 5:00:00 AM,9/26/2024 5:00:00 AM,,Assessing,Investigating,-7834751.010452331,5520894.996832967
