BgName,NumOut,EtrMin,EtrMax,Desc,Status,Cause,x,y
SACO,47,9/6/2022 1:00:00 PM,9/6/2022 1:00:00 PM,,Investigating,Investigating,-7841094.47835957,5388301.321445409
HARPSWELL,36,9/6/2022 11:45:00 AM,9/6/2022 11:45:00 AM,,Assessing,Investigating,-7779933.708755291,5439235.555212543
YARMOUTH,9,9/6/2022 1:00:00 PM,9/6/2022 1:00:00 PM,,Assessing,Investigating,-7808777.779960496,5427950.987412902
PARIS,20,9/6/2022 12:00:00 PM,9/6/2022 12:00:00 PM,,Assessing,Investigating,-7848050.238708408,5504198.522261377
STONEHAM,42,9/6/2022 12:45:00 PM,9/6/2022 12:45:00 PM,,Assessing,Investigating,-7892544.438826972,5504578.736696102
PHILLIPS,24,9/6/2022 12:30:00 PM,9/6/2022 12:30:00 PM,,Assessing,Investigating,-7831149.524405136,5595483.7457910525
CANAAN,2,9/6/2022 1:15:00 PM,9/6/2022 1:15:00 PM,,Assessing,Investigating,-7745284.815939961,5582116.532474723
LEBANON,6,9/6/2022 12:45:00 PM,9/6/2022 12:45:00 PM,,Assessing,Investigating,-7899244.480707249,5380247.256358795
SACO,8,9/6/2022 1:15:00 PM,9/6/2022 1:15:00 PM,,Assessing,Investigating,-7840906.644385513,5388510.556958728
