BgName,NumOut,EtrMin,EtrMax,Desc,Status,Cause,x,y
DOVER-FOXCROFT,49,9/1/2021 5:15:00 AM,9/1/2021 5:15:00 AM,,Assessing,Investigating,-7699492.252045128,5650598.263108247
GREENVILLE,37,9/1/2021 4:15:00 AM,9/1/2021 4:15:00 AM,,Assessing,Investigating,-7740429.872387615,5693790.211903629
DALLAS PLT,18,9/1/2021 5:15:00 AM,9/1/2021 5:15:00 AM,,Assessing,Investigating,-7863148.22301373,5618340.962767175
