BgName,NumOut,EtrMin,EtrMax,Desc,Status,Cause,x,y
"WHITEFIELD,SOMERVILLE PLT,JEFFERSON",73,12/9/2023 9:45:00 PM,12/9/2023 9:45:00 PM,,Assessing,Investigating,-7741692.947859766,5505031.642350553
MORRILL,28,12/9/2023 9:45:00 PM,12/9/2023 9:45:00 PM,,Assessing,Investigating,-7698786.297251561,5534862.738685936
HOLLIS,3,12/9/2023 9:15:00 PM,12/9/2023 9:15:00 PM,,Crew Assigned,Investigating,-7866490.724235785,5411482.858690202
