BgName,NumOut,EtrMin,EtrMax,Desc,Status,Cause,x,y
LISBON,5,4/25/2022 12:00:00 PM,4/25/2022 12:00:00 PM,,Assessing,Equipment Interruption,-7798077.828410658,5464646.558784902
DENMARK,13,4/25/2022 11:30:00 AM,4/25/2022 11:30:00 AM,,Assessing,Investigating,-7879560.634377646,5463552.3105723355
"RIPLEY,PARKMAN,CAMBRIDGE",86,4/25/2022 11:00:00 AM,4/25/2022 11:00:00 AM,,Assessing,Investigating,-7722685.489825,5628639.527183293
 ,6,4/25/2022 11:00:00 AM,4/25/2022 11:00:00 AM,,Assessing,Investigating,-7826222.256588107,5417307.16309587
