BgName,NumOut,EtrMin,EtrMax,Desc,Status,Cause,x,y
BRUNSWICK,14,9/29/2021 12:15:00 PM,9/29/2021 12:15:00 PM,,Assessing,Investigating,-7787272.468459523,5449566.17397542
ROCKPORT,45,9/29/2021 1:00:00 PM,9/29/2021 1:00:00 PM,,Assessing,Investigating,-7691599.165890357,5486832.513352447
POLAND,12,9/29/2021 12:15:00 PM,9/29/2021 12:15:00 PM,,Assessing,Investigating,-7832668.623587555,5466924.830035318
PORTLAND,47,9/29/2021 1:00:00 PM,9/29/2021 1:00:00 PM,,Assessing,Investigating,-7826417.421869332,5418446.95288972
CONCORD,15,9/29/2021 12:45:00 PM,9/29/2021 12:45:00 PM,,Assessing,Investigating,-7784047.95472064,5620323.526976061
ROCKPORT,1,9/29/2021 12:30:00 PM,9/29/2021 12:30:00 PM,,Assessing,Investigating,-7692110.578700463,5487620.524897433
