BgName,NumOut,EtrMin,EtrMax,Desc,Status,Cause,x,y
ACTON,9,6/17/2023 5:00:00 AM,6/17/2023 5:00:00 AM,,Investigating,Investigating,-7894641.043408015,5399828.594383516
ACTON,8,6/17/2023 5:00:00 AM,6/17/2023 5:00:00 AM,,Investigating,Investigating,-7896002.433340033,5400706.002289342
ACTON,43,6/17/2023 5:00:00 AM,6/17/2023 5:00:00 AM,,Assessing,Investigating,-7898311.667853416,5401853.137251392
