BgName,NumOut,EtrMin,EtrMax,Desc,Status,Cause,x,y
FREEPORT,1,6/15/2021 3:30:00 AM,6/15/2021 3:30:00 AM,,Assessing,Investigating,-7795735.131937693,5442946.902596158
LIMINGTON,15,6/15/2021 3:00:00 AM,6/15/2021 3:00:00 AM,,Assessing,Investigating,-7873220.889137812,5421386.124171911
