BgName,NumOut,EtrMin,EtrMax,Desc,Status,Cause,x,y
BOOTHBAY,4,10/7/2023 6:30:00 PM,10/7/2023 6:30:00 PM,,Assessing,Investigating,-7746256.067324484,5450082.771498183
HARPSWELL,1975,10/7/2023 7:30:00 PM,10/7/2023 7:30:00 PM,,Assessing,Investigating,-7782655.225405195,5441635.773076692
"WALDOBORO,WARREN,UNION",183,10/7/2023 8:15:00 PM,10/7/2023 8:15:00 PM,,Assessing,Investigating,-7722327.319364745,5486790.912043898
FRYE ISLAND,28,10/7/2023 8:15:00 PM,10/7/2023 8:15:00 PM,,Assessing,Investigating,-7851507.343425373,5442031.339794633
"GORHAM,STANDISH",30,10/7/2023 7:00:00 PM,10/7/2023 7:00:00 PM,,Assessing,Investigating,-7842658.334445899,5434769.5397675885
