BgName,NumOut,EtrMin,EtrMax,Desc,Status,Cause,x,y
LIMERICK,10,2/11/2024 12:15:00 PM,2/11/2024 12:15:00 PM,,Assessing,Investigating,-7874857.93135365,5411007.202533323
MORRILL,27,2/11/2024 12:00:00 PM,2/11/2024 12:00:00 PM,,Crew Assigned,Investigating,-7698786.297251561,5534862.738685936
