BgName,NumOut,EtrMin,EtrMax,Desc,Status,Cause,x,y
READFIELD,31,6/11/2021 4:45:00 PM,6/11/2021 4:45:00 PM,,Assessing,Investigating,-7793891.068968817,5526044.058260506
WYMAN,28,6/11/2021 5:45:00 PM,6/11/2021 5:45:00 PM,,Assessing,Investigating,-7833445.566850423,5638671.128856565
