BgName,NumOut,EtrMin,EtrMax,Desc,Status,Cause,x,y
"PITTSTON,CHELSEA",60,4/9/2021 11:00:00 PM,4/9/2021 11:00:00 PM,,Assessing,Investigating,-7758094.561235691,5500202.167963031
TURNER,22,4/10/2021 12:00:00 AM,4/10/2021 12:00:00 AM,,Assessing,Vehicle Accident,-7817911.622101478,5506702.9916721955
