BgName,NumOut,EtrMin,EtrMax,Desc,Status,Cause,x,y
WINDHAM,128,2/22/2023 3:15:00 PM,2/22/2023 3:15:00 PM,,Assessing,Investigating,-7834442.700008756,5429745.87906486
"BALDWIN,STANDISH,SEBAGO,E BALDWIN",253,2/22/2023 3:45:00 PM,2/22/2023 3:45:00 PM,,Assessing,Investigating,-7875015.081077683,5435763.235109567
"BALDWIN,STANDISH,SEBAGO,E BALDWIN",1838,2/22/2023 4:15:00 PM,2/22/2023 4:15:00 PM,,Assessing,Investigating,-7867833.192785925,5435096.620745409
MSHE JT TP,17,2/22/2023 4:45:00 PM,2/22/2023 4:45:00 PM,,Assessing,Investigating,-7751466.186884891,5696887.607390557
