BgName,NumOut,EtrMin,EtrMax,Desc,Status,Cause,x,y
BREMEN,3,5/25/2021 1:30:00 PM,5/25/2021 1:30:00 PM,,Assessing,Investigating,-7730028.780301283,5461420.819396518
BRUNSWICK,11,5/25/2021 1:30:00 PM,5/25/2021 1:30:00 PM,,Assessing,Investigating,-7781496.177989087,5450312.120534999
NEWRY,7,5/25/2021 2:00:00 PM,5/25/2021 2:00:00 PM,,Assessing,Investigating,-7885402.124637138,5540226.413754861
MECHANIC FALLS,4,5/25/2021 2:00:00 PM,5/25/2021 2:00:00 PM,,Assessing,Investigating,-7835888.150243565,5484037.356806628
"NEW VINEYARD,FARMINGTON",68,5/25/2021 1:00:00 PM,5/25/2021 1:00:00 PM,,Assessing,Investigating,-7807888.058846468,5580260.190403514
"NEW VINEYARD,FARMINGTON",177,5/25/2021 1:00:00 PM,5/25/2021 1:00:00 PM,,Assessing,Investigating,-7810188.5095266355,5575442.054921148
