BgName,NumOut,EtrMin,EtrMax,Desc,Status,Cause,x,y
MONTVILLE,4,9/21/2021 5:15:00 PM,9/21/2021 5:15:00 PM,,Assessing,Investigating,-7709953.523500312,5538766.120562871
CORNVILLE,51,9/21/2021 5:45:00 PM,9/21/2021 5:45:00 PM,,Assessing,Investigating,-7760438.493291845,5591599.602057415
