BgName,NumOut,EtrMin,EtrMax,Desc,Status,Cause,x,y
PHIPPSBURG,4,12/3/2021 12:15:00 AM,12/3/2021 12:15:00 AM,,Assessing,Investigating,-7776010.297823593,5427109.837407882
RUMFORD,102,12/3/2021 12:30:00 AM,12/3/2021 12:30:00 AM,,Assessing,Investigating,-7861404.781687526,5545300.227099946
