BgName,NumOut,EtrMin,EtrMax,Desc,Status,Cause,x,y
BATH,42,4/25/2022 1:45:00 PM,4/25/2022 1:45:00 PM,,Assessing,Investigating,-7773143.475809034,5453321.67246159
DENMARK,13,4/25/2022 3:30:00 PM,4/25/2022 3:30:00 PM,,Assessing,Investigating,-7879560.634377646,5463552.3105723355
STARKS,28,4/25/2022 3:15:00 PM,4/25/2022 3:15:00 PM,,Assessing,Investigating,-7788275.9691461,5574362.535511049
O O BEACH,8,4/25/2022 2:00:00 PM,4/25/2022 2:00:00 PM,,Crew Assigned,Investigating,-7834337.325044887,5391707.608945747
