BgName,NumOut,EtrMin,EtrMax,Desc,Status,Cause,x,y
RICHMOND,3,8/23/2024 2:15:00 PM,8/23/2024 2:15:00 PM,,Assessing,Investigating,-7774094.177689052,5479915.937271131
HARTLAND,91,8/23/2024 1:45:00 PM,8/23/2024 1:45:00 PM,,Assessing,Investigating,-7737164.74928786,5597898.631914467
