BgName,NumOut,EtrMin,EtrMax,Desc,Status,Cause,x,y
DURHAM,34,7/18/2023 4:45:00 PM,7/18/2023 4:45:00 PM,,Assessing,Investigating,-7802991.27035006,5463804.972517754
AUBURN,1132,7/18/2023 3:45:00 PM,7/18/2023 3:45:00 PM,,Assessing,Investigating,-7822104.236898197,5476025.246588119
OTISFIELD,8,7/18/2023 3:45:00 PM,7/18/2023 3:45:00 PM,,Crew Assigned,Investigating,-7852228.882965562,5473010.446281798
FALMOUTH,15,7/18/2023 3:45:00 PM,7/18/2023 3:45:00 PM,,Assessing,Investigating,-7815928.309447085,5424086.9295261195
ANSON,146,7/18/2023 4:00:00 PM,7/18/2023 4:00:00 PM,,Assessing,Investigating,-7782632.082097009,5598045.036978842
