BgName,NumOut,EtrMin,EtrMax,Desc,Status,Cause,x,y
BRUNSWICK,40,8/13/2023 4:00:00 PM,8/13/2023 4:00:00 PM,,Assessing,Investigating,-7794718.317446742,5438791.903694279
CANTON,6,8/13/2023 5:15:00 PM,8/13/2023 5:15:00 PM,,Assessing,Investigating,-7829543.729669841,5542106.315666235
YORK,65,8/13/2023 4:30:00 PM,8/13/2023 4:30:00 PM,,Assessing,Investigating,-7874247.421908059,5339539.744339357
WELLINGTON,10,8/13/2023 5:15:00 PM,8/13/2023 5:15:00 PM,,Assessing,Investigating,-7749904.619360536,5628224.77617826
"CARRABASSETT VAL,CARRABASSETT VALLEY",153,8/13/2023 4:30:00 PM,8/13/2023 4:30:00 PM,,Assessing,Investigating,-7820651.740175079,5635129.93222317
