BgName,NumOut,EtrMin,EtrMax,Desc,Status,Cause,x,y
VERONA,1,2/13/2023 2:15:00 PM,2/13/2023 2:15:00 PM,,Assessing,Investigating,-7658304.1072486155,5549707.683411847
RIPLEY,2,2/13/2023 1:30:00 PM,2/13/2023 1:30:00 PM,,Assessing,Investigating,-7729658.030659041,5619569.460940567
