BgName,NumOut,EtrMin,EtrMax,Desc,Status,Cause,x,y
LISBON,126,5/30/2023 3:30:00 PM,5/30/2023 3:30:00 PM,,Assessing,Equipment Interruption,-7804789.369563995,5470225.910141822
LISBON,11,5/30/2023 3:15:00 PM,5/30/2023 3:15:00 PM,,Assessing,Investigating,-7804603.799924784,5469969.07687444
WELLS,5,5/30/2023 2:30:00 PM,5/30/2023 2:30:00 PM,,Assessing,Investigating,-7863441.40512162,5358215.835696199
