BgName,NumOut,EtrMin,EtrMax,Desc,Status,Cause,x,y
AUGUSTA,2,2/10/2024 2:15:00 PM,2/10/2024 2:15:00 PM,,Assessing,Investigating,-7764734.501734414,5517953.297682692
AUGUSTA,7,2/10/2024 2:15:00 PM,2/10/2024 2:15:00 PM,,Assessing,Investigating,-7764717.803741548,5517867.6167995995
