BgName,NumOut,EtrMin,EtrMax,Desc,Status,Cause,x,y
LITCHFIELD,1,6/27/2021 9:15:00 PM,6/27/2021 9:15:00 PM,,Assessing,Investigating,-7780931.4653115,5486064.577653813
WEST GARDINER,53,6/27/2021 10:00:00 PM,6/27/2021 10:00:00 PM,,Assessing,Investigating,-7782343.831409684,5500106.230129851
WINDHAM,3,6/27/2021 9:45:00 PM,6/27/2021 9:45:00 PM,,Assessing,Investigating,-7840834.731981898,5434575.095047768
SACO,11,6/27/2021 10:30:00 PM,6/27/2021 10:30:00 PM,,Crew Assigned,Equipment Interruption,-7835353.427038221,5387379.191386312
