BgName,NumOut,EtrMin,EtrMax,Desc,Status,Cause,x,y
JEFFERSON,45,4/20/2021 1:15:00 PM,4/20/2021 1:15:00 PM,,Assessing,Vehicle Accident,-7736294.0972210225,5487085.445295725
ALBION,3,4/20/2021 1:30:00 PM,4/20/2021 1:30:00 PM,,Assessing,Investigating,-7723809.093162612,5547054.390572432
