BgName,NumOut,EtrMin,EtrMax,Desc,Status,Cause,x,y
"GRAY,NEW GLOUCESTER,DURHAM,POWNAL",2238,8/8/2023 10:30:00 AM,8/8/2023 10:30:00 AM,,Assessing,Investigating,-7828900.570173583,5446491.412674954
NORWAY,34,8/8/2023 11:00:00 AM,8/8/2023 11:00:00 AM,,Assessing,Investigating,-7852317.84956079,5494778.6968559595
POWNAL,68,8/8/2023 10:30:00 AM,8/8/2023 10:30:00 AM,,Assessing,Investigating,-7809936.782826732,5445337.680871638
"YARMOUTH,NO YARMOUTH,POWNAL,NORTH YARMOUTH,FREEPORT",339,8/8/2023 11:15:00 AM,8/8/2023 11:15:00 AM,,Assessing,Investigating,-7813726.810740451,5438520.131268195
SACO,2,8/8/2023 10:30:00 AM,8/8/2023 10:30:00 AM,,Crew Assigned,Investigating,-7837985.454007325,5385751.755703869
"GORHAM,STANDISH",1094,8/8/2023 10:45:00 AM,8/8/2023 10:45:00 AM,,Assessing,Investigating,-7850443.229283994,5425240.129674832
