BgName,NumOut,EtrMin,EtrMax,Desc,Status,Cause,x,y
FREEPORT,20,2/12/2023 10:30:00 AM,2/12/2023 10:30:00 AM,,Investigating,Investigating,-7802899.54156265,5448146.6154671805
PORTLAND,15,2/12/2023 9:00:00 AM,2/12/2023 9:00:00 AM,,Investigating,Investigating,-7820170.1359346965,5413457.780767427
BOOTHBAY HBR,33,2/12/2023 9:00:00 AM,2/12/2023 9:00:00 AM,,Assessing,Investigating,-7748906.461955591,5442541.000231288
FREEPORT,6,2/12/2023 10:30:00 AM,2/12/2023 10:30:00 AM,,Assessing,Investigating,-7804946.997923848,5439295.875969566
FREEPORT,19,2/12/2023 10:00:00 AM,2/12/2023 10:00:00 AM,,Assessing,Investigating,-7803524.401673339,5448211.840156115
PORTLAND,2463,2/12/2023 10:30:00 AM,2/12/2023 10:30:00 AM,,Assessing,Animal,-7819551.758881582,5413458.421507661
YORK,12,2/12/2023 9:00:00 AM,2/12/2023 9:00:00 AM,,Assessing,Investigating,-7863812.188101178,5332710.087405967
MERCER,1,2/12/2023 9:30:00 AM,2/12/2023 9:30:00 AM,,Assessing,Investigating,-7784747.931622149,5563340.063619777
