BgName,NumOut,EtrMin,EtrMax,Desc,Status,Cause,x,y
NORWAY,3,10/2/2021 8:30:00 PM,10/2/2021 8:30:00 PM,,Assessing,Investigating,-7851773.8756996365,5496542.752586988
DOVER-FOXCROFT,5,10/2/2021 9:30:00 PM,10/2/2021 9:30:00 PM,,Assessing,Investigating,-7707129.40368949,5650778.093887529
