BgName,NumOut,EtrMin,EtrMax,Desc,Status,Cause,x,y
GORHAM,26,1/26/2023 4:30:00 AM,1/26/2023 4:30:00 AM,,Investigating,Investigating,-7847462.631701357,5422191.153368133
BRUNSWICK,32,1/26/2023 4:30:00 AM,1/26/2023 4:30:00 AM,,Assessing,Investigating,-7779432.826734061,5455415.87037792
"LONG IS,LONG ISLAND,PEAKS IS,CLIFF ISLAND,GR CHEB IS,CUMBERLAND,CHEBEAGUE ISLAND",1207,1/26/2023 9:00:00 AM,1/26/2023 9:00:00 AM,,Assessing,Investigating,-7806394.630001159,5426013.031652981
WALDOBORO,3,1/26/2023 4:15:00 AM,1/26/2023 4:15:00 AM,,Assessing,Investigating,-7723097.015815037,5491123.792957827
WOOLWICH,18,1/26/2023 3:00:00 AM,1/26/2023 3:00:00 AM,,Assessing,Investigating,-7766305.564788709,5466350.361128584
"ALFRED,LYMAN",238,Assessing,Assessing,,Assessing,Investigating,-7870511.272609706,5384675.767790182
