BgName,NumOut,EtrMin,EtrMax,Desc,Status,Cause,x,y
CORNISH,30,7/25/2023 3:45:00 PM,7/25/2023 3:45:00 PM,,Assessing,Investigating,-7882835.086020399,5426221.010188
BELGRADE,10,7/25/2023 3:30:00 PM,7/25/2023 3:30:00 PM,,Assessing,Investigating,-7771493.186663686,5539871.748210526
