BgName,NumOut,EtrMin,EtrMax,Desc,Status,Cause,x,y
YORK,23,8/29/2024 9:15:00 AM,8/29/2024 9:15:00 AM,,Investigating,Investigating,-7863046.669127434,5333948.891322646
DAMARISCOTTA,30,8/29/2024 8:30:00 AM,8/29/2024 8:30:00 AM,,Crew Assigned,Investigating,-7739974.319611007,5468524.051078492
"LOVELL,STOW",32,8/29/2024 8:15:00 AM,8/29/2024 8:15:00 AM,,Crew Assigned,Investigating,-7896703.680063069,5489000.701039653
YORK,46,8/29/2024 9:15:00 AM,8/29/2024 9:15:00 AM,,Assessing,Investigating,-7863502.196675801,5333395.070698789
"WATERVILLE,OAKLAND",120,8/29/2024 9:15:00 AM,8/29/2024 9:15:00 AM,,Assessing,Investigating,-7756241.72624682,5550439.319741757
