BgName,NumOut,EtrMin,EtrMax,Desc,Status,Cause,x,y
NO BERWICK,81,12/8/2021 4:00:00 PM,12/8/2021 4:00:00 PM,,Crew Assigned,Investigating,-7881051.5362941455,5363509.643510673
BUXTON,226,12/8/2021 3:30:00 PM,12/8/2021 3:30:00 PM,,Assessing,Vehicle Accident,-7852347.649721104,5404054.029869852
