BgName,NumOut,EtrMin,EtrMax,Desc,Status,Cause,x,y
SOUTHPORT,23,5/15/2021 12:30:00 PM,5/15/2021 12:30:00 PM,,Assessing,Investigating,-7754024.019295588,5438121.104821266
BRISTOL,84,5/15/2021 12:15:00 PM,5/15/2021 12:15:00 PM,,Assessing,Vehicle Accident,-7737685.134442221,5458839.929933567
