BgName,NumOut,EtrMin,EtrMax,Desc,Status,Cause,x,y
"PARIS,BUCKFIELD",23,4/16/2021 3:30:00 PM,4/16/2021 3:30:00 PM,,Assessing,Investigating,-7841097.223332482,5504598.008207362
BERWICK,112,4/16/2021 4:15:00 PM,4/16/2021 4:15:00 PM,,Assessing,Investigating,-7888505.344691669,5353738.395996894
SHAPLEIGH,3,4/16/2021 4:00:00 PM,4/16/2021 4:00:00 PM,,Crew Assigned,Investigating,-7887370.620604735,5391177.182341822
YORK,14,4/16/2021 4:30:00 PM,4/16/2021 4:30:00 PM,,Assessing,Investigating,-7862190.441207962,5333384.071217821
ELIOT,4,4/16/2021 3:30:00 PM,4/16/2021 3:30:00 PM,,Crew Assigned,Investigating,-7880368.424272319,5329296.172640187
KITTERY,8,4/16/2021 3:30:00 PM,4/16/2021 3:30:00 PM,,Assessing,Investigating,-7874131.772041776,5330325.738391293
KITTERY,95,4/16/2021 4:15:00 PM,4/16/2021 4:15:00 PM,,Assessing,Investigating,-7868289.112873723,5324840.346903176
"CARMEL,DIXMONT,NEWBURGH,ETNA",503,4/16/2021 4:30:00 PM,4/16/2021 4:30:00 PM,,Assessing,Investigating,-7687915.225438117,5589342.24517836
ELIOT,3,4/16/2021 3:30:00 PM,4/16/2021 3:30:00 PM,,Assessing,Investigating,-7880130.0223891195,5329309.683552021
