BgName,NumOut,EtrMin,EtrMax,Desc,Status,Cause,x,y
TOMHEGAN,2,8/19/2023 6:30:00 PM,8/19/2023 6:30:00 PM,,Assessing,Investigating,-7770347.998562633,5737520.528441717
BATH,14,8/19/2023 6:00:00 PM,8/19/2023 6:00:00 PM,,Assessing,Investigating,-7772650.497435682,5451660.273770302
