BgName,NumOut,EtrMin,EtrMax,Desc,Status,Cause,x,y
OXFORD,22,8/2/2022 4:00:00 PM,8/2/2022 4:00:00 PM,,Assessing,Investigating,-7847116.301596001,5484151.548389607
SEBAGO,36,8/2/2022 3:45:00 PM,8/2/2022 3:45:00 PM,,Repairs in Progress,Investigating,-7861789.000908523,5449623.441763254
EDGECOMB,2,8/2/2022 4:00:00 PM,8/2/2022 4:00:00 PM,,Crew Assigned,Investigating,-7747653.02677543,5464059.28158982
