BgName,NumOut,EtrMin,EtrMax,Desc,Status,Cause,x,y
FREEPORT,3,9/16/2024 9:00:00 AM,9/16/2024 9:00:00 AM,,Crew Assigned,Investigating,-7809377.335543583,5441280.7700157575
AUBURN,44,9/16/2024 10:15:00 AM,9/16/2024 10:15:00 AM,,Crew Assigned,Investigating,-7822388.546874023,5472434.156038542
LIVERMORE,114,9/16/2024 9:30:00 AM,9/16/2024 9:30:00 AM,,Repairs in Progress,Investigating,-7819313.412760803,5525668.058189807
CAPE ELIZABETH,10,9/16/2024 10:30:00 AM,9/16/2024 10:30:00 AM,,Crew Assigned,Investigating,-7816855.222396162,5401773.849749036
KENNEBUNKPORT,10,9/16/2024 8:45:00 AM,9/16/2024 8:45:00 AM,,Repairs in Progress,Investigating,-7844172.201671322,5364329.191824163
NEWFIELD,6,9/16/2024 9:30:00 AM,9/16/2024 9:30:00 AM,,Repairs in Progress,Investigating,-7893750.607794133,5413540.702194698
YORK,128,9/16/2024 10:30:00 AM,9/16/2024 10:30:00 AM,,Crew Assigned,Investigating,-7861323.963714419,5337942.47435742
YORK,2,9/16/2024 9:45:00 AM,9/16/2024 9:45:00 AM,,Crew Assigned,Investigating,-7872269.975821098,5334681.87873769
