BgName,NumOut,EtrMin,EtrMax,Desc,Status,Cause,x,y
BREMEN,1,7/15/2021 6:15:00 PM,7/15/2021 6:15:00 PM,,Assessing,Investigating,-7732116.677534733,5467184.534567809
BERWICK,338,7/15/2021 7:15:00 PM,7/15/2021 7:15:00 PM,,Assessing,Investigating,-7889134.010362561,5357755.110906651
SCARBOROUGH,14,7/15/2021 7:00:00 PM,7/15/2021 7:00:00 PM,,Assessing,Investigating,-7843949.072885858,5407738.532485244
NORTHPORT,12,7/15/2021 7:15:00 PM,7/15/2021 7:15:00 PM,,Assessing,Investigating,-7677635.950221834,5519202.913225441
