BgName,NumOut,EtrMin,EtrMax,Desc,Status,Cause,x,y
LISBON,5,7/12/2021 12:30:00 PM,7/12/2021 12:30:00 PM,,Assessing,Investigating,-7798077.828410658,5464646.558784902
"LISBON,BOWDOIN",20,7/12/2021 12:30:00 PM,7/12/2021 12:30:00 PM,,Assessing,Investigating,-7796072.686018574,5471494.203764957
RUMFORD,21,7/12/2021 12:15:00 PM,7/12/2021 12:15:00 PM,,Assessing,Investigating,-7852649.3700873,5546346.430094724
BIDDEFORD,3,7/12/2021 12:45:00 PM,7/12/2021 12:45:00 PM,,Assessing,Investigating,-7840568.244257505,5385801.847828424
YORK,42,7/12/2021 1:30:00 PM,7/12/2021 1:30:00 PM,,Crew Assigned,Investigating,-7861841.376641466,5338369.096594544
TEMPLE,5,7/12/2021 1:15:00 PM,7/12/2021 1:15:00 PM,,Assessing,Investigating,-7819530.430104703,5574260.206524824
