BgName,NumOut,EtrMin,EtrMax,Desc,Status,Cause,x,y
CAMDEN,8,6/16/2022 11:30:00 AM,6/16/2022 11:30:00 AM,,Assessing,Investigating,-7691450.988510568,5503746.341708017
WINDHAM,137,6/16/2022 12:00:00 PM,6/16/2022 12:00:00 PM,,Assessing,Investigating,-7844094.723236717,5446283.007028678
