BgName,NumOut,EtrMin,EtrMax,Desc,Status,Cause,x,y
GRAY,1,3/25/2021 5:45:00 AM,3/25/2021 5:45:00 AM,,Assessing,Investigating,-7828505.330315336,5438767.2151214685
WINDHAM,1,3/25/2021 7:00:00 AM,3/25/2021 7:00:00 AM,,Assessing,Investigating,-7839257.702147984,5437986.037635965
WINDHAM,63,3/25/2021 7:00:00 AM,3/25/2021 7:00:00 AM,,Assessing,Investigating,-7839704.048818654,5434322.633072681
"WINDHAM,PORTLAND",150,3/25/2021 6:45:00 AM,3/25/2021 6:45:00 AM,,Assessing,Investigating,-7841343.573413433,5434436.316385712
WINDHAM,803,3/25/2021 7:00:00 AM,3/25/2021 7:00:00 AM,,Assessing,Investigating,-7838087.40033294,5435529.605270713
