BgName,NumOut,EtrMin,EtrMax,Desc,Status,Cause,x,y
RUMFORD,24,5/27/2022 8:15:00 AM,5/27/2022 8:15:00 AM,,Investigating,Investigating,-7853252.916437927,5548651.154836815
BROWNFIELD,30,5/27/2022 7:00:00 AM,5/27/2022 7:00:00 AM,,Assessing,Investigating,-7901113.768714738,5456899.249809452
