BgName,NumOut,EtrMin,EtrMax,Desc,Status,Cause,x,y
VASSALBORO,40,8/11/2021 10:45:00 AM,8/11/2021 10:45:00 AM,,Assessing,Investigating,-7751876.232217385,5531143.704374266
GORHAM,2,8/11/2021 11:15:00 AM,8/11/2021 11:15:00 AM,,Assessing,Investigating,-7846757.062439381,5416871.877195555
