BgName,NumOut,EtrMin,EtrMax,Desc,Status,Cause,x,y
FREEPORT,3,9/30/2023 11:00:00 AM,9/30/2023 11:00:00 AM,,Assessing,Investigating,-7799057.25064218,5438499.424313623
ROCKLAND,7,9/30/2023 11:30:00 AM,9/30/2023 11:30:00 AM,,Assessing,Investigating,-7693316.012945127,5479596.2157353265
