BgName,NumOut,EtrMin,EtrMax,Desc,Status,Cause,x,y
WALDOBORO,2,7/20/2021 4:30:00 PM,7/20/2021 4:30:00 PM,,Assessing,Investigating,-7725193.595968742,5477936.688773742
"JAY,CARTHAGE,WILTON,DIXFIELD,CANTON",1541,7/20/2021 5:15:00 PM,7/20/2021 5:15:00 PM,,Assessing,Investigating,-7820013.489874499,5544536.707462916
PORTLAND,1749,7/20/2021 5:15:00 PM,7/20/2021 5:15:00 PM,,Assessing,Investigating,-7825670.08965508,5417114.102156608
"O O BEACH,SACO,OLD ORCHARD BEACH",230,7/20/2021 6:00:00 PM,7/20/2021 6:00:00 PM,,Assessing,Investigating,-7840199.709995317,5390684.348077363
BIDDEFORD,116,7/20/2021 6:15:00 PM,7/20/2021 6:15:00 PM,,Assessing,Investigating,-7835278.74283167,5381786.880217389
FALMOUTH,28,7/20/2021 5:30:00 PM,7/20/2021 5:30:00 PM,,Assessing,Investigating,-7819131.349747144,5419065.048345927
BIDDEFORD,36,7/20/2021 6:15:00 PM,7/20/2021 6:15:00 PM,,Assessing,Investigating,-7842136.20153499,5383519.592452075
