BgName,NumOut,EtrMin,EtrMax,Desc,Status,Cause,x,y
FRYEBURG,1,11/7/2022 2:30:00 PM,11/7/2022 2:30:00 PM,,Repairs in Progress,Investigating,-7896480.6514897905,5465112.613191929
NO YARMOUTH,54,11/7/2022 3:15:00 PM,11/7/2022 3:15:00 PM,,Assessing,Investigating,-7823178.815053707,5442835.67672271
NO BERWICK,2,11/7/2022 2:45:00 PM,11/7/2022 2:45:00 PM,,Assessing,Investigating,-7883493.184640531,5366884.208645632
CHESTERVILLE,24,11/7/2022 3:30:00 PM,11/7/2022 3:30:00 PM,,Assessing,Investigating,-7806202.180860569,5556616.232456575
ROCKPORT,3,11/7/2022 3:15:00 PM,11/7/2022 3:15:00 PM,,Assessing,Investigating,-7691025.402881215,5495242.870372189
