BgName,NumOut,EtrMin,EtrMax,Desc,Status,Cause,x,y
CAMDEN,11,8/4/2023 12:15:00 AM,8/4/2023 12:15:00 AM,,Assessing,Investigating,-7693909.034113158,5502886.068316848
"STANDISH,CUMBERLAND,PORTLAND",889,8/5/2023 12:00:00 AM,8/5/2023 12:00:00 AM,,Assessing,Investigating,-7859904.295141352,5417680.010934962
KENNEBUNKPORT,3,8/3/2023 11:45:00 PM,8/3/2023 11:45:00 PM,,Crew Assigned,Investigating,-7842404.281141444,5368603.635134678
