BgName,NumOut,EtrMin,EtrMax,Desc,Status,Cause,x,y
TOPSHAM,24,4/1/2021 3:30:00 AM,4/1/2021 3:30:00 AM,,Assessing,Investigating,-7784652.330499786,5456374.879197649
GEORGETOWN,12,4/1/2021 4:00:00 AM,4/1/2021 4:00:00 AM,,Assessing,Tree,-7764556.167895446,5429418.664200428
GILEAD,18,4/1/2021 3:00:00 AM,4/1/2021 3:00:00 AM,,Assessing,Investigating,-7894445.285963883,5529514.905695759
SO BERWICK,2,4/1/2021 2:15:00 AM,4/1/2021 2:15:00 AM,,Crew Assigned,Investigating,-7870988.098500879,5348237.394644441
